"InChiKey","Name","PubChem_CID","KEGG_ID","622","628","632","634","638","640","642","644","648","650","652","653","654","655","660","661","666","667","671","672","676","686","688","690","692","696","697","698","699","700","701","703","705","706","712","748","762","767","779","784","802","803","804","807","811","814","815","816","817","823","824","825","830","1000","1001","824m","824s","ClassyFy Status","Kingdom","Superclass","Class","Subclass","Parent Level 1","Parent Level 2","Parent Level 3","Parent Level 4","Parent Level 5","Parent Level 6"
"AAWZDTNXLSGCEK-WYWMIBKRSA-N","D-(?)-Quinic acid","6508","C00296",27215.1203971857,115402.782305597,55564.71575383,205930.597645151,186418.371177204,106615.814602504,119185.788905161,348144.751025359,28438.5331295116,31822.3480701567,45186.4432893637,33758.0162583504,40639.1976873233,45686.0850749977,15066.8342690765,78320.3054161036,47066.3399854493,85884.1100660108,72532.5210448372,15034.968466536,46829.8724184176,156871.286893029,63251.4709430437,91728.20058944,299055.880899319,212953.070507097,44100.4053964275,140238.080109174,64736.6480650526,65594.6195132359,179968.463845611,275110.772890778,204003.925418309,45678.8531525771,74392.320252205,71740.9333845125,544607.769634705,130556.228383029,43552.0567173362,410493.411895595,106120.592786422,124260.817714724,90725.2161813822,332566.432687147,219510.738108612,752513.570520694,313179.091661949,123753.674583629,388490.637303869,88013.7323185913,74768.1175163195,302121.360355359,121706.325396515,48052.0097993031,42519.8091662453,64716.6905912689,351505.399740608,NA,NA,NA,NA,NA,NA,NA,NA,NA,NA,NA
"AEMOLEFTQBMNLQ-AQKNRBDQSA-N","Glucuronic acid","94715","C00191",3145607.53273136,2039809.55092326,1897071.89593661,1717618.70130082,1361170.01263286,7188808.40144035,5776522.25856633,829343.666223432,4543529.3899058,3306540.45835312,2078209.95561715,554999.760640721,3798109.09645102,2475304.99233674,606741.45554046,2092059.27584387,2779743.51038291,4183919.36225536,5111065.16232361,2432864.94413743,544442.678577941,1595927.01906403,3598996.34934899,2749631.84154901,602576.281630166,4364752.74598912,2450656.59556183,3438723.83410168,4894103.95180889,5725363.77999063,2599841.50462709,2236529.90439138,4032012.88645096,3623745.99434673,7029472.74214439,3837807.01281206,10837758.3417444,4970732.78573174,3394710.67956754,801587.884495994,173370.914320516,1795576.21134382,4157411.7828899,3271675.5714919,2578354.28903347,2106657.64952431,9166862.10557144,4622558.01379475,4023031.94469335,3877440.13096438,431192.542454463,3978346.94470269,313742.55165679,3268318.6123004,1331017.47064313,421598.889286774,3761169.01948893,"Completed","Organic compounds","Organic oxygen compounds","Organooxygen compounds","Carbohydrates and carbohydrate conjugates","Sugar acids and derivatives","Glucuronic acid derivatives",NA,NA,NA,NA
"AFENDNXGAFYKQO-VKHMYHEASA-N","2-HYDROXYBUTYRIC ACID","440864","C05984",15039.8219395525,118327.175620148,184015.717871089,50428.8388954474,9466.71425999877,20201.9498007897,12807.3207843521,117578.936645579,25833.1951464807,39100.7579815803,165200.9694248,52120.7923556006,18124.7269010256,45941.5429427845,125785.537039933,48508.2621035219,38826.9523259006,16914.2960010605,38360.6949298105,22848.2945780337,63173.7123670456,16373.3350011576,52695.7079699488,36966.3713931578,70368.146843261,18021.9397994591,55253.5375160241,20323.9374449688,14792.1212559695,24197.6169723813,19903.5219482753,88290.9377985652,14245.6457026476,13780.9058367865,16246.7283951386,78968.5489080992,56477.0154823661,54506.3960807911,133857.072465114,201873.711998576,161425.516247419,141466.172752096,71994.367366823,50183.2820760273,77180.8966583786,178061.928753461,11263.6841623983,24713.9657527444,55943.6974907146,60502.8678659133,99433.0646650382,22487.4685490201,230733.574256572,158131.618245114,48613.1894124154,103030.291022902,88932.7516073089,"Completed","Organic compounds","Organic acids and derivatives","Hydroxy acids and derivatives","Alpha hydroxy acids and derivatives","Alpha hydroxy acids and derivatives",NA,NA,NA,NA,NA
"AGPKZVBTJJNPAG-WHFBIAKZSA-N","L-Isoleucine","6306","C00407",22071794.9539289,20431697.6371923,20970130.0727638,20434812.7994201,23668226.4302276,20337864.8231735,20368826.9584229,16110678.6458181,20875439.9231716,21499353.7497395,19858275.8754318,19796427.6651328,19795014.8060053,19806669.5569062,20314338.6767643,21022252.0961136,22323368.2213245,22051392.5116918,20380349.9094193,18379905.8870355,22584534.1183384,20918345.7380386,21247559.2738656,20875545.6587776,20258300.199137,20989056.495292,19794006.4111822,22611150.983386,19850547.2670414,18915044.3632497,21122068.3496504,18212833.3778777,12774185.5904937,13730892.5983574,21061615.61907,22164487.2352091,22097345.4706295,20633928.2417652,20151226.8192042,21717805.3352625,21811466.1997635,19756156.1576193,20463151.7583845,20721750.1790198,20477874.4906827,20115203.8202884,19195159.5940259,21639130.61124,18411020.1526625,20801459.1553137,22442282.0423169,21166466.7464668,24289273.621201,20527503.5199847,20654505.9849964,22597523.4390824,20439355.9923363,"Completed","Organic compounds","Organic acids and derivatives","Carboxylic acids and derivatives","Amino acids, peptides, and analogues","Amino acids and derivatives","Alpha amino acids and derivatives","Isoleucine and derivatives",NA,NA,NA
"AHLPHDHHMVZTML-SCSAIBSYSA-N","ORNITHINE","71082","C00515",482238.243132329,245094.861978733,324056.356503593,197878.779370403,171159.562897645,240013.576891515,173033.480923524,348311.765900403,207610.022339859,68172.2120177867,254632.03351968,152612.419505171,244917.161437075,200539.716189508,307411.910499793,287558.235732989,241037.489787381,204892.013328204,188169.961220646,151625.409157801,249218.027115424,254196.202044159,222637.603583347,259518.727581342,65120.1160292834,314389.314004586,78135.3375082551,166317.63622976,259958.900905886,142620.623236385,203906.422034869,282129.673014583,16135.354823865,28479.5017053713,314422.088391117,273984.333630193,370034.993585335,203881.353961649,408248.252259741,348275.202382139,107500.376092525,400025.786240431,191163.778330958,387475.067308688,315611.178168341,287046.308721337,119726.464005968,305582.025975396,189626.173647136,161408.465197319,105025.766529076,320301.221951624,532762.994174721,218668.161913894,74252.877462531,106751.028723638,326789.701220985,"Completed","Organic compounds","Organic acids and derivatives","Carboxylic acids and derivatives","Amino acids, peptides, and analogues","Amino acids and derivatives","Alpha amino acids and derivatives","Alpha amino acids","D-alpha-amino acids",NA,NA
"AJMOLNFDYWTVQW-QWRGUYRKSA-N","L-Leucyl-L-leucine methyl ester","7016877","0",18542.3434793644,53327.8218258016,81079.549811392,166313.839340049,27865.1868852485,68508.8901628034,74447.8132276022,74131.516805744,48598.8944645562,107237.336231009,99122.0587570795,75374.0629817545,50783.0693597984,112756.597624674,45471.5749436777,97784.3480297137,57908.2429271705,34529.153890098,54187.0995494357,69628.2597491918,58628.7649096864,147457.697964068,87470.1196856405,69315.8918333241,47411.9828726363,58364.2318779914,24049.6125025409,95728.8242377545,115812.349514075,45816.0594897995,59127.0214925882,56445.2911326065,31885.5246231603,27748.0561858006,21808.5675638121,49900.5544910939,28978.3628327012,55590.3914762903,26208.9921087731,26385.09901429,102505.604695327,64160.8143678737,79726.0446808497,66799.5242491045,30927.4597924278,33320.0421357089,41068.7462643687,72303.3029280029,167000.201267331,64976.7671995238,158874.334954558,69716.6066122644,40067.139332032,81292.5721525987,37887.380265008,101431.518164424,68824.1478413773,"Completed","Organic compounds","Organic acids and derivatives","Carboxylic acids and derivatives","Amino acids, peptides, and analogues","Peptides",NA,NA,NA,NA,NA
"AJWAPHOSPGHEJW-UHFFFAOYSA-N","1-(4-Bromophenyl)-2-(9H-purin-6-ylsulfanyl)ethanol","3065082","0",3923.86749822134,13946.6598612506,5327.59201549405,9228.98549503282,20879.8418966619,22464.7349745668,15623.187468617,17404.2664132232,18789.4545712091,19514.6428576017,8338.46297507215,19614.146672735,17101.5077747745,11603.747881104,9172.70609390329,7419.54568682555,7405.93903103771,14423.5209232167,20981.3758961511,14581.9471333518,9121.73606131248,14944.0266187569,16741.2904829165,26127.9621228251,6297.09131116582,34373.9863408662,19124.0800887954,10890.8740243551,16918.6114630859,9841.68364035538,12063.8914578768,15358.5767921275,19225.6166563833,24437.2909420821,18767.9281196967,13545.0994362345,4247.96294010399,6975.61674591736,2150.91232545306,5866.41226147779,3973.05955528125,13769.7408048546,8362.84395441491,10299.7929188792,9053.20489845311,909.867233441787,12739.0525642248,14250.941700317,9957.75299131734,6308.28404483848,6859.43186010715,30989.8079031822,1745.27441217076,3391.44571960529,4340.94138524047,5355.81320702922,14091.1986593558,"Completed","Organic compounds","Organoheterocyclic compounds","Imidazopyrimidines","Purines and purine derivatives","6-thiopurines",NA,NA,NA,NA,NA
"AKCIMWNRRUVYMQ-UHFFFAOYSA-N","2-[(2-Methoxy-2-oxoethyl)amino]benzoic acid","818219","0",21251.299894599,47505.421270295,21956.0584211356,35346.2309110057,3754.96198255197,2181.84001308917,13144.5580056461,4928.78788978419,35532.1677710695,43977.1569153991,41230.168366289,17420.6245056689,2990.57385532126,52049.5405615678,98102.402931693,2974.0794947191,21398.2592750774,5457.85135167564,7571.58334559361,61551.4745602298,12198.7900205748,31483.3075827641,14542.5194755864,26206.5921553824,19150.0721958891,41506.6624551702,28189.4846444387,72435.3283407577,14165.4696383527,1424.4187813264,3206.17487003795,23511.9357694175,21205.1735470263,21321.4014833301,17391.0867302782,15574.0228410484,12492.9265804234,47767.8527431616,26008.8004963937,34278.3466950701,11268.6096233828,45691.8743007268,19622.1956823475,18610.0950393515,30290.7983444484,1275.63646462511,1861.14889302579,43534.4589013091,31109.383406291,32370.4602571203,61744.9695783888,43492.7359270598,34377.8302163827,24330.722756955,14723.7812639798,51878.2202539787,2489.1310335917,"Completed","Organic compounds","Organic acids and derivatives","Carboxylic acids and derivatives","Amino acids, peptides, and analogues","Amino acids and derivatives","Alpha amino acids and derivatives","Alpha amino acid esters",NA,NA,NA
"AOHCBEAZXHZMOR-ZDUSSCGKSA-N","Hypaphorine","442106","0",11671.5768527109,16759.2082370815,187673.851872423,26232.4641031925,21133.6446633198,7441.74894960336,1131128.85560826,16929.2300937874,10642.0526217018,57959.5204227365,32475.0472014205,35492.5485406064,9683.00619859459,13310.474026882,5362.33185565435,5404.33311655956,454126.566691716,11466.0526909369,18909.7451555263,81358.0844289614,201006.84518241,49616.08292315,6520.55500744349,29476.5669385969,105102.254943769,10189.2568475796,49727.7204597993,14600.5735157988,45385.499027747,12332.588026651,19741.8396404395,13235.214738756,13114.6329793972,49960.6722100811,11247.7006755835,34168.3599717342,1904612.549904,19784.1818345758,6049.36065053994,10017.4778169721,7189.40216470011,22249.579680275,7369.72264417656,5888.59315624465,13337.3244143882,8225.32697883024,192646.255236862,5057.58341521538,12099.3724810147,7667.84618907529,10209.7070860864,11249.0418132109,6382.8319190951,454578.756935654,34840.0388370055,8761.54680341047,11952.5660708678,"Completed","Organic compounds","Organic acids and derivatives","Carboxylic acids and derivatives","Amino acids, peptides, and analogues","Amino acids and derivatives","Alpha amino acids and derivatives","Alpha amino acids","L-alpha-amino acids",NA,NA
"AOJLDZLRTUWFFY-UHFFFAOYSA-N","4-Hydroxy-6-methylnicotinic acid","10702014","0",42393.8022956318,50668.7437407577,79733.707622178,50783.6305728774,105598.484747377,80339.2984246314,80603.5427016795,88964.6764316795,51235.7828078394,27634.4351453613,85209.2880831367,63270.0693439746,91044.6021837044,91255.5110570394,35319.3155898394,43280.1434128051,55612.3939993347,199629.038325586,130146.914933589,43013.7727057461,93512.0199845946,43007.6620385137,118733.634395824,68379.6391826639,35790.1010129066,87612.9262274061,42637.3440917183,57703.8707218591,60494.4719890544,60832.6448161173,75310.1931356907,53040.2284142243,31424.2804332622,27019.1204001131,90897.4885474885,36167.7650423346,120569.618097687,45946.3875033535,43855.6918816761,64920.5991543395,74523.7489773253,81342.5646846797,77258.9309980468,28312.7213782915,166919.124436098,109845.31630284,54910.8059731353,61931.7597851828,28619.0006868599,47100.8435621824,63119.3378796224,63193.8210737145,69077.3498782114,57534.799385796,61890.3334263328,60276.8578260475,44251.0966451594,"Completed","Organic compounds","Organoheterocyclic compounds","Pyridines and derivatives","Pyridinecarboxylic acids and derivatives","Pyridinecarboxylic acids",NA,NA,NA,NA,NA
"AOWPAWLEXIYETE-UHFFFAOYSA-N","2,3-Dihydroxy-2-methylbutanoic acid","301941","0",20954.969879228,313615.257512893,822057.792829597,34670.9822346068,30548.1648537104,152129.070862054,107449.164241647,359718.984341892,72445.0995939285,151950.943029601,1327891.85408389,121581.039233595,497533.912624239,27117.7041917986,212678.721192219,78627.968812109,127223.796094432,837675.116041919,695456.197216535,763245.346856607,1061549.69394239,1317464.75453451,76962.9214633758,735315.017071353,1927595.4068847,180441.243717279,73222.2431517711,10729.7578058324,13895.3611824834,341770.303304396,44947.7048650944,183129.617286364,3481267.28976945,8711878.03721588,42682.0830719742,585141.679590751,1991390.6292698,1393830.66496133,1071412.91769945,1207983.69046043,385184.395812548,185231.661893817,385314.61689182,108375.621812415,176535.098716675,363288.248426612,1185417.72045726,26456.4541212944,87237.4417536625,184413.559873119,379753.00832669,315405.056228441,932330.24892834,1032522.71138663,452131.285389949,359486.384539116,569864.200548792,"Completed","Organic compounds","Lipids and lipid-like molecules","Fatty Acyls","Fatty acids and conjugates","Hydroxy fatty acids",NA,NA,NA,NA,NA
"APJYDQYYACXCRM-UHFFFAOYSA-N","Tryptamine","1150","C00398",50226.9209937603,158688.361233064,241008.014429758,169284.318709091,1136271.47009143,310278.620251255,78611.8175594005,532315.804304096,110114.120943014,1323428.7429869,160314.814235564,1184475.52623297,163831.671134364,384020.665081208,25295.1768416086,29752.0709988038,96489.738348097,116537.014001451,454627.102352139,30207.3234579771,1010214.52092734,123940.254603855,586188.386447936,148263.651270895,61151.4017594016,1027169.65886308,171854.41365452,1410139.53921213,121454.223605707,42782.4095622467,9130.71164331061,239517.548332471,35831.3783569965,6652.77497159462,531206.394747935,160110.285019359,10783.2922044877,163976.953233736,210534.602715773,71879.5707622708,1208477.13094078,159030.846624714,64232.1218486391,379553.290968787,239072.591020197,398157.56745612,27511.5066747992,264945.648218078,410769.205384132,201259.253391187,310202.928098983,392958.247977004,47155.8088577475,116124.438430877,332793.042519011,256120.316694717,20473.6597472696,"Completed","Organic compounds","Organoheterocyclic compounds","Indoles and derivatives","Tryptamines and derivatives","Tryptamines and derivatives",NA,NA,NA,NA,NA
"ARILQDNHZGKJBK-UHFFFAOYSA-N","Resedine","202193","0",6099813.73934902,8398934.24853167,7900973.26530581,9755026.32035127,8244474.70340736,6817597.76746766,8399840.60346083,5857830.78772152,8106607.0210961,10024755.0488724,8830924.69950427,8461262.41541507,8245823.16914311,7515158.34764049,7266394.72937975,8009590.73139914,8003770.59627644,7944074.51565741,7605048.39372325,8321442.33401086,8830976.96479852,8782516.78462085,7764654.85072297,7695192.00986623,5877155.86048011,8022163.95911013,7513848.72352112,10756184.8042348,8369371.44607051,5455654.02810664,7766236.61285088,8968969.57282552,4867183.06747082,5445220.55349966,7703544.77033513,10080350.517125,6697696.34741914,8446721.56287654,5350617.36521011,8641024.60595594,8667307.43883271,8726427.77400805,8690014.58272859,8108590.95755928,8123397.38926775,4612493.45951715,8009523.49174946,8278834.53630945,8151727.88366292,7485815.11516508,9597962.35674284,8792584.24781297,10692658.1690435,9098398.02744288,6194631.36449171,8284709.0977397,8397227.02943809,"Completed","Organic compounds","Organoheterocyclic compounds","Azolidines","Oxazolidines","Oxazolidinones",NA,NA,NA,NA,NA
"ARPVSMCNIDAQBO-YUMQZZPRSA-N","Gln-Leu","44232492","0",22847.4736488919,66736.7294758538,53557.8170140128,52685.2435337923,47275.757041281,68718.7620985944,152605.612854157,28673.6829747949,55721.9101591366,143146.283581748,112962.689979999,170163.206842149,110291.098447873,51378.5378955143,48087.785712151,73057.6420633792,34342.3575901821,120436.960063208,105168.95083809,167144.201770101,34300.6164320898,48775.2720211247,95131.2760666004,52276.4364280564,20936.6795053725,131886.609878286,93415.9996778839,139023.884992476,163162.204958691,42359.6296000686,61973.3877725906,106558.621283433,126091.136782064,110423.108876348,50998.4307757652,76365.3858941469,12917.3286929051,54526.8839061987,12999.5029068365,26321.6147255444,57628.6184287794,46672.6577994979,40407.7246730687,36063.1133008173,40544.3222657611,14512.3172899034,253540.746264404,50462.7869068506,48214.1419021892,35907.3819061713,61060.1122364084,69928.5484570011,18469.4865544859,32195.3814225879,44200.1735734352,40894.748537774,86977.1623049492,"Completed","Organic compounds","Organic acids and derivatives","Carboxylic acids and derivatives","Amino acids, peptides, and analogues","Peptides","Dipeptides",NA,NA,NA,NA
"ASWBNKHCZGQVJV-HSZRJFAPSA-N","1-Palmitoyl-sn-glycero-3-phosphocholine","460602","0",160977.929849467,64549.808491025,254966.331738234,179331.478557886,550931.50188063,133936.547817376,254581.112546215,342657.296412564,155171.289297212,34665.7012131207,129141.973835312,170105.966888675,6390488.5368166,387407.386653974,258958.371121634,150779.920198297,91106.9117408941,647129.414000774,1078061.95893949,117823.132167647,610395.66529512,27971.3797866142,188169.500678657,189914.58473012,900397.720581547,148957.86990238,117462.03751241,110005.586342057,702062.868632211,167238.907320004,149659.948135873,105226.746963564,1226548.34216613,321865.46084513,221620.849543624,199570.970226321,109826.556690687,1345819.28889748,189028.14256528,143888.07844597,116290.771904928,197234.365741193,1744939.38352376,53847.5290487418,504963.953240151,129027.4824638,296167.704210175,174441.415783023,44036.0971411417,154940.171453941,86348.3894136584,124631.203527258,304562.363673803,82116.6973011433,335342.226451157,55995.0089272872,135832.010214506,"Completed","Organic compounds","Lipids and lipid-like molecules","Glycerophospholipids","Glycerophosphocholines","Lysophosphatidylcholines","1-acyl-sn-glycero-3-phosphocholines",NA,NA,NA,NA
"ATDWJOOPFDQZNK-UHFFFAOYSA-N","N-Acetyltyramine","121051","0",7368.68546325077,81976.3377534854,54125.2148917396,5434.87706780342,14962.298997377,6494.979283908,17714.2092537147,66170.6909286444,23740.2519901318,66274.5215687962,22286.7970990141,41467.9815079383,5886.7559552781,16322.6444046308,359720.666724487,68292.2692727336,5794.25284469616,17691.1530680103,7451.5160216657,51904.8576469683,15913.1581192954,6756.14376295704,50397.2341026748,640949.787373243,54573.1055816979,12421.0615309251,5788.6943187934,9681.1309180673,10661.2779964453,37652.9491008027,22314.5924788783,14488.8876500684,25440.5537656279,23919.6855975259,8823.5814260958,35151.6221291942,7632.59238766045,35688.4140423117,882220.942221933,19494.3415419553,17378.0417161984,30289.3989975769,55274.6703592682,6044.99186267981,18560.5593426345,14136.9473577463,24065.974352322,49794.8988828397,86810.2918297814,56064.9406963926,74307.7847195686,53127.3746994642,197307.360490983,48884.5013111983,25649.1522148879,65375.2456922694,29891.470104271,"Completed","Organic compounds","Benzenoids","Phenols","1-hydroxy-2-unsubstituted benzenoids","1-hydroxy-2-unsubstituted benzenoids",NA,NA,NA,NA,NA
"AUNGANRZJHBGPY-SCRDCRAPSA-N","(-)-Riboflavin","493570","C00255",33551.7731516355,102072.151117462,80765.7804497008,222960.288504394,106451.120962464,113134.49506795,109693.817783799,193446.838392209,123489.808646189,87315.1516892188,148575.55486674,90845.7952708659,88053.5423159002,171493.456437317,170220.730007984,119146.557022702,87769.7878145602,113012.442780762,134170.165072118,126132.681076343,75401.6676839068,137773.269487724,67229.6938178253,102948.44945412,100494.581259386,106124.277141169,84251.6147816286,115903.728173894,100555.082292738,105757.022291915,145085.727545632,173037.622137745,87720.1574257427,89396.5955506314,68262.3474974159,158236.462327336,49847.1751156433,156890.954385941,64547.4672464532,79814.7172981751,164450.268214502,117259.277713116,154709.909161444,78889.5079744641,136748.109664317,52237.7607676294,106700.445354648,111712.790275373,124344.213986042,129790.968789824,139637.876870873,161422.396063352,130532.497471537,94243.4819869384,112813.604581986,97147.5743283688,108856.468969678,"Completed","Organic compounds","Organoheterocyclic compounds","Pteridines and derivatives","Alloxazines and isoalloxazines","Flavins",NA,NA,NA,NA,NA
"AYFVYJQAPQTCCC-GBXIJSLDSA-N","L-Threonine","6288","0",1041579.47477093,539221.425598204,857663.139284006,778593.109081068,179816.206808894,740628.739808699,611895.661323443,249329.840032656,712128.813014364,537805.269519752,519317.3734318,374877.0614146,422168.617730164,414674.528229835,101638.670490753,664671.6268528,1232236.43835076,988721.720591349,739623.895172303,527256.727068275,628088.943517984,772001.734412194,573626.75875907,510284.619300323,164890.941391123,463688.327087418,492262.987552008,513835.77933305,450553.705302938,976767.543826912,581719.90423618,488340.485724791,247638.43289427,328666.487069574,938718.915160169,725646.430614195,1060797.85350644,554853.798954274,811658.888452049,463406.663437547,440345.402860622,525904.907022945,627895.992963983,726885.720527516,572306.332100048,151195.058723381,846422.82545064,535479.093797379,551720.792522445,1119856.92765474,594577.981599319,694366.644909395,502551.327003798,917407.440358318,739647.088441145,669201.359307442,602897.08534459,"Completed","Organic compounds","Organic acids and derivatives","Carboxylic acids and derivatives","Amino acids, peptides, and analogues","Amino acids and derivatives","Alpha amino acids and derivatives","Alpha amino acids","L-alpha-amino acids",NA,NA
"AYFVYJQAPQTCCC-HRFVKAFMSA-N","L-Allothreonine","99289","C05519",149086.909385782,223715.516411318,217120.664538468,271363.86899225,80868.0462766011,173600.323054988,194692.033730066,147284.165102471,210299.596773585,203948.245677334,265885.495532627,242338.25384618,200819.204955312,145730.082283035,165612.996482173,194877.330921994,186889.225530635,177981.889665802,170434.811488886,204792.207117913,236116.925208782,187337.72848682,197756.112500801,128438.585132811,139291.958044554,186016.943547301,159405.214789569,136353.664238388,146869.225867486,122743.638309612,200403.853469215,271059.688689978,119901.44912134,106636.254108024,162519.121104799,182034.739629926,124785.125504659,209148.36960006,128448.938208535,230298.840253215,236589.051012436,244099.62765987,173353.907028856,206649.974530696,172516.880101896,123569.268565559,150057.883919174,147685.134891354,214661.58142743,197192.083987764,299489.677889158,210655.979415502,338543.546989954,279385.36535788,137428.305346148,236383.39343957,229754.170185573,"Completed","Organic compounds","Organic acids and derivatives","Carboxylic acids and derivatives","Amino acids, peptides, and analogues","Amino acids and derivatives","Alpha amino acids and derivatives","Alpha amino acids","L-alpha-amino acids",NA,NA
"AZLASBBHHSLQDB-GUBZILKMSA-N","Leu-Ile","7010533","0",48355.8754686089,265058.561209071,147814.094720674,352876.023233861,151998.085617898,181180.453690745,531813.071591802,297334.043883351,248014.573784128,777332.91921898,319976.83827417,450938.333807719,216713.355926558,149343.945050799,288339.828022501,150797.447765162,167123.623371065,337711.695456234,282532.51193111,554835.363243303,158499.80832241,376726.1349781,265076.847266605,321149.115494739,153178.277880821,127622.047113764,618615.814838085,511202.735900467,677722.428725454,442970.201830103,194445.744005311,259572.563648025,2489345.34646587,931133.416661728,167169.602507105,646209.472522367,31568.8260781744,248077.53234222,90373.9439570272,102589.582512472,274919.743193897,220709.71799672,238573.326637902,126841.169508522,212717.413447092,77340.4772153435,262016.861279279,155576.691297054,420443.023272747,468200.061529959,282329.409560151,208228.195841638,92947.4022554891,201301.676283668,513192.794822329,185609.026988675,273610.105865299,"Completed","Organic compounds","Organic acids and derivatives","Carboxylic acids and derivatives","Amino acids, peptides, and analogues","Peptides","Dipeptides",NA,NA,NA,NA
"AZOCECCLWFDTAP-RKDXNWHRSA-N","(+)-Dihydrocervone","22227","C11398",99762.1454593611,128734.133356879,112519.460817194,123027.777013047,140773.49151046,166212.333897128,50980.4016585771,343623.860708478,151866.740716213,197546.214291448,187467.175477027,76239.5660187377,94618.8115475176,231698.85260864,134771.2617099,124063.039528199,106608.538089111,13514.9616279952,27315.8315215786,131188.111108674,89224.2760357965,108966.021483973,165299.00298035,154833.632675738,55329.1080291355,182456.022034501,154242.381834478,182543.493945569,196378.379019016,4896.30316774198,361001.941065602,105060.19077786,58221.4042941125,54802.8197479843,83504.5288836684,159719.688293674,87017.1051132795,132879.828135587,151423.936496171,102870.480805583,184117.92263737,220479.680248013,155627.185804092,56850.0204943749,168134.359004363,80683.683236084,5158.58102752819,130937.156003789,81605.3280034944,106312.85981058,200862.796680673,122871.994199119,177563.093363303,150997.077216503,109843.727836354,144288.283920939,158607.334183743,"Completed","Organic compounds","Lipids and lipid-like molecules","Prenol lipids","Monoterpenoids","Menthane monoterpenoids",NA,NA,NA,NA,NA
"BBIXOODYWPFNDT-CIUDSAMLSA-N","Ile-Pro","444876","0",663428.084518926,869958.069286297,776532.767674593,1527398.4880107,490421.090284057,556546.252915534,1923391.80273226,195344.421479521,785029.498362674,3616191.24814536,1550411.29710288,1876162.18480793,1873842.81651775,671254.149206479,125457.957081718,705851.67144727,1075160.75797981,3044430.12430257,2109926.54954539,3047060.11878591,1022849.97833823,1030134.53526085,1001138.86540905,537514.077684534,501124.522784834,741631.858558006,2956353.48440325,3395681.57808222,2340482.84170158,1132166.22880194,1272748.31498024,999494.667372495,1837498.79287776,1499938.59119525,917532.325561686,1046682.56661615,422391.877125355,806876.114160214,182961.394851185,271182.896082122,1346554.38514232,655924.707282181,841529.547983932,924673.707890089,426211.886677715,110545.834182411,1628125.54174859,793514.492428434,1234069.21355416,871253.722181205,1182426.62770309,246378.013416182,124513.187066581,1073476.79098907,934346.82110997,737555.897845961,936409.876459367,"Completed","Organic compounds","Organic acids and derivatives","Carboxylic acids and derivatives","Amino acids, peptides, and analogues","Peptides","Dipeptides",NA,NA,NA,NA
"BBZCPUCZKLTAJQ-UHFFFAOYSA-N","3-METHYL-2-OXINDOLE","150923","C02366",377056.324051083,304050.624740282,220923.516731825,276491.003011543,16631.235089716,38746.9766911333,68934.878390746,28922.3782333552,578869.872398726,611204.585400819,217545.21441532,160971.672545615,86400.5743538584,254043.482725523,129326.954538646,40723.8384242408,145537.226920136,40091.9527293647,62650.7217123074,535983.663909834,118975.407478206,410854.546355062,47750.8476861855,154100.049458447,230054.668507609,299975.7526602,658412.692330387,395559.728065761,153860.651951119,6741.08207760046,37441.3107387198,143222.535889184,456721.385198748,397391.349263765,157756.680705949,127495.612834858,238805.681545939,342213.025836635,299395.046190147,115157.788553486,131265.823698368,82407.3537979136,172511.095409282,135884.669807722,244394.348522606,49018.2836580126,11277.5114201474,188527.528867747,208545.374279347,436239.917852315,204151.862949098,554530.931828657,265318.100858716,93824.4738972455,349902.939475578,178927.656363119,34307.719329632,"Completed","Organic compounds","Organoheterocyclic compounds","Indoles and derivatives","Indolines","Indolines",NA,NA,NA,NA,NA
"BCVIOZZGJNOEQS-XKNYDFJKSA-N","Ile-Ile","7010567","0",77277.5167582784,746892.307298172,300118.184814283,481480.007814605,113819.771972451,205765.602896157,588382.407504893,175927.006069518,490556.252641768,2378091.34639383,1032072.26556833,1015424.60754637,238423.978609318,221464.519336874,264597.562502444,220074.182043452,248629.446719791,1425644.27387364,779835.453013024,1674531.74113062,249147.695394711,682944.973511437,545419.23837704,280127.336734022,253830.508939673,426262.237043303,1041968.11715554,885192.461893575,962257.093633114,444805.50142131,304969.708783724,490097.578458659,3692938.49538205,1672615.32803375,264821.206273968,879295.724995075,45772.8420325294,239879.32388146,108824.29332121,147708.29523229,289832.820931116,477696.388964498,310061.386814359,186671.858373214,400131.742629228,76761.7171782468,480988.168064048,290973.398707189,810888.99797872,553618.696796092,470759.134112056,406795.680585119,138481.501247382,545591.668340298,728278.848362257,273635.256232851,283491.356953252,"Completed","Organic compounds","Organic acids and derivatives","Carboxylic acids and derivatives","Amino acids, peptides, and analogues","Peptides","Dipeptides",NA,NA,NA,NA
"BCXBIONYYJCSDF-CIUDSAMLSA-N","Ile-Val","449407","0",143724.015524596,1184872.84005041,356308.311456026,687800.534109851,311418.77560261,510078.877367342,1269257.28370643,203230.054943218,858607.967717811,4189278.4844293,1320854.33508938,1560060.56913182,340568.610719897,392420.253761542,283047.231460777,542950.465008444,412229.66150699,2803232.11638311,1194902.04609266,3056810.54620205,415616.81524345,1017107.73229732,847985.736455135,364749.982310331,341250.905693372,971041.064737876,1969978.18316268,1462054.18861744,1805214.99255933,837874.832180332,583440.654316101,1525399.57499824,3422031.90640536,2162147.50543729,464612.224049838,1107359.4243711,94888.1765819893,459849.365175491,176249.988319147,393481.408012926,728243.880069071,950774.770123708,577910.542787465,401555.497361877,560244.490668828,151373.754218706,563586.545657678,562800.525212893,882224.865573441,609018.229191378,874120.316994809,700930.064425047,379835.551868239,738244.368065029,852297.421307982,534587.877882776,600741.674607735,"Completed","Organic compounds","Organic acids and derivatives","Carboxylic acids and derivatives","Amino acids, peptides, and analogues","Peptides","Dipeptides",NA,NA,NA,NA
"BDJRBEYXGGNYIS-UHFFFAOYSA-N","Azelaic acid (Not validated)","2266","0",316005.183154824,509562.88342977,566229.927697232,466035.155267107,2395634.61411346,1173760.01985774,595599.400929331,574093.196799303,858587.939188854,353528.066155076,652893.378799097,744246.610336345,820170.354835017,929740.61286264,908474.376529408,680166.043078476,482278.254459511,296094.039371885,530757.167839613,363867.423819443,628743.233331714,420607.822766828,927711.589578145,2007863.46397951,152606.041018375,2247262.21332222,311831.331602282,1330558.87907692,1247582.82924451,212255.900727801,3003622.29172757,985428.983419018,230292.314504107,229989.972310494,710662.32594095,529713.561808822,204531.597632356,412065.778758444,824656.455386578,806007.969310518,1356038.2462835,964868.383812234,584930.491473905,201016.276807253,621994.388223437,859914.350822957,312158.640040067,559684.488946988,145017.192038132,219290.08971549,647650.896281481,273828.926384744,710153.468359796,580430.642518595,285458.081481698,613499.556374009,1075051.53024895,"Completed","Organic compounds","Lipids and lipid-like molecules","Fatty Acyls","Fatty acids and conjugates","Medium-chain fatty acids",NA,NA,NA,NA,NA
"BECPPKYKPSRKCP-ZDLURKLDSA-N","Thr-Glu","7020163","0",103549.151868635,173055.050013548,150993.771562039,173100.242206246,55518.0041744777,147117.65231139,112912.325719157,134706.525042482,219662.953150044,422775.484585158,173572.190341502,187484.40236826,67646.7824629715,76613.3344124434,92151.5480403862,103707.691876206,180932.687892261,162474.000219247,192922.502935252,229996.929915209,146516.738251932,198151.293004184,164154.921734085,187631.779455251,63341.7785186442,141957.726831604,264383.515937024,199809.284463683,155710.326813588,145154.092153985,133159.658874952,185843.692109732,340581.515831738,174326.032026448,165394.041477875,190399.759107216,68160.8543873417,160140.834527604,117350.641795053,90471.3538542277,160118.543815725,128745.555444079,141602.831180857,98483.9017242968,149384.038539939,54604.8093064465,73094.7054422684,104577.508025219,109539.120005594,118769.828263915,121240.04023959,146603.578633647,95122.4726484223,153073.00509068,177096.181541323,105851.02339239,137964.568844312,"Completed","Organic compounds","Organic acids and derivatives","Carboxylic acids and derivatives","Amino acids, peptides, and analogues","Peptides","Dipeptides",NA,NA,NA,NA
"BHQCQFFYRZLCQQ-OELDTZBJSA-N","Cholic Acid","221493","C00695",8803.41035839433,31494.273652963,18506.8682313029,50778.2714022536,7926.55167844775,13178.1178389163,78909.792181309,18705.1381848663,34465.7386043751,20153.4114510341,17067.8491160926,16972.5145552402,821801.223453363,16622.0999392608,40182.1008578012,35824.3991636444,25482.1411594063,28887.3767677827,136816.107693379,37269.4175264015,21198.9507156536,52705.8296968775,59959.5683386915,58841.5816256852,114114.568479889,11839.3932429085,34996.9534127884,29170.0113189536,1096475.32989074,48877.0630663342,13255.7839585409,32731.2915031863,110704.010275737,688906.130664998,136864.922257918,117249.845912028,137038.407811911,84546.1934690162,18342.0145835739,14645.3923182394,18994.561257804,29844.9332045399,105311.761110133,44526.3480041674,54152.7798757632,15523.8377692223,2331060.40913481,18590.369595302,335586.223986528,57289.7362491116,28854.6871255277,45170.7809175791,11758.9112004212,23116.2766665987,195557.802996616,20671.5833783117,23656.5012170434,"Completed","Organic compounds","Lipids and lipid-like molecules","Steroids and steroid derivatives","Bile acids, alcohols and derivatives","Hydroxy bile acids, alcohols and derivatives","Trihydroxy bile acids, alcohols and derivatives",NA,NA,NA,NA
"BITYXLXUCSKTJS-ZETCQYMHSA-N","2-ISOPROPYLMALIC ACID","5280523","C02504",20250.649262984,54805.2047524878,562466.992560075,60657.0515713314,30653.4164529055,24996.1109088085,28522.8317508139,3395195.37281461,55273.9482161758,88748.6511710381,218983.611242372,39789.71906312,47743.3314307004,159155.360788554,931421.457604353,139501.060872986,37631.2741011522,15045.5142497424,27001.895610565,34295.2651851673,30559.3477668274,195950.573370514,83125.8913872691,837381.357593551,355255.072681912,107284.591491946,141972.701892325,40507.1408436377,40163.6540689142,45896.4425854603,52443.0727882477,165765.861127357,287084.210887233,40127.8658723558,31889.6779842616,420656.384163699,136009.708573766,242078.291351675,263713.017038847,95085.8918280312,331197.816922483,60040.3204496587,208632.816362364,85696.0653914105,124649.103894661,17982.5691416284,20698.0221245936,38818.0620497397,89665.1115587389,75717.4105502053,48882.3714363697,86262.753659131,597723.007176424,54859.7607917671,97536.2989759118,48587.5098337616,50061.990572171,"Completed","Organic compounds","Lipids and lipid-like molecules","Fatty Acyls","Fatty acids and conjugates","Hydroxy fatty acids",NA,NA,NA,NA,NA
"BJEPYKJPYRNKOW-UHFFFAOYSA-N","MALIC ACID","525","C00711",2679725.21291336,1758076.4026524,560269.57637116,3710995.05209632,1824638.75881248,4164140.39354789,4241854.39930913,988427.200511116,4073065.22304996,1268601.06326249,1249604.50890659,1320285.82390373,1205849.74858661,1864581.01629253,384162.772875138,2851765.4827156,2628703.38546684,1625821.91213043,2490800.2437498,4033868.17332929,985287.559666835,3437570.62042885,2271836.2153933,3497014.85926939,773946.695503568,2947323.95391479,1736925.31782396,1982360.36458818,3242936.85435528,1014840.48943835,640287.945664242,3199352.51691634,634850.953387577,1046414.50832179,3640562.74568731,2594630.84817927,3038879.42585784,2854215.54295384,524191.829843337,1527946.46613195,1890218.52059267,1896771.38491651,2165808.80994886,3808332.46473473,1413012.29405803,1008402.34031491,2698788.95748136,2674806.36545049,2186787.23430857,1424459.42699961,1435654.11390773,5077256.89133188,1117342.43709359,1228025.77136961,1814607.19582038,1381138.1635934,2819783.38751655,"Completed","Organic compounds","Organic acids and derivatives","Hydroxy acids and derivatives","Beta hydroxy acids and derivatives","Beta hydroxy acids and derivatives",NA,NA,NA,NA,NA
"BKAWJIRCKVUVED-UHFFFAOYSA-N","4-Methyl-5-thiazoleethanol","1136","C04294",180889.550129474,265297.716721057,348530.36671551,398579.937286605,412926.850724756,421674.882052849,287571.296407066,458989.52988915,374422.69724809,300559.330290593,476693.715842775,293621.905296545,316755.768284548,63307.4959201531,320873.944704187,426802.095673289,236872.941983422,189819.656983571,153355.223660304,283860.734746457,271066.939939738,423736.857308544,296049.989335006,304652.768541667,148698.396079339,320131.252030608,10573.7079556626,369414.851948636,368234.97519067,177389.716201678,584480.787163494,488849.157318968,131561.320802586,133439.208556913,171339.512900303,335031.997876728,138298.940097458,216732.945170908,37090.6189610377,311501.471412765,418925.149002533,415362.731572067,17951.6640655655,149410.775859843,313458.950761715,211802.169704879,91430.1570600273,225401.552291392,205502.810099417,217640.010400058,48883.4851245065,308329.447643732,508405.033163424,348667.397845637,235722.644923303,35328.5218419044,328580.392329338,"Completed","Organic compounds","Organoheterocyclic compounds","Azoles","Thiazoles","4,5-disubstituted thiazoles",NA,NA,NA,NA,NA
"BNUHAJGCKIQFGE-UHFFFAOYSA-N","4-Nitroanisole","7485","C07555",33433.7099223393,44313.2019627348,89058.5721005968,35612.7471021855,76774.47882036,73351.253626465,51781.6859783888,147017.573818591,42750.0778413359,27162.5408012775,86455.0613822416,39758.6130098965,57035.6638146698,102113.410201911,36779.6430091727,36387.2288107383,56616.8216817056,143812.134556466,101350.321564821,33299.5458728314,83115.1172607443,50414.6061739498,96715.8337359094,48402.075720517,46645.2315752351,54749.6473929853,46704.1193231162,44321.6869485489,37202.2934010452,58552.4394776104,80131.5981693518,42243.7504155319,44893.5438903999,30545.2085005822,69228.8055666195,33100.7289215261,112231.536206455,35845.4748415154,70923.1697052469,49011.6867689439,75685.079622823,72823.3787334605,80606.5602366741,22561.4226980763,190625.856015461,126656.433279565,23004.4579478414,41694.7505565206,20760.7516014722,43744.2850209782,53047.8978335095,50917.1578843342,56847.6963374936,53743.3696869862,71602.3935611319,55974.6237555715,34513.0802338449,"Completed","Organic compounds","Benzenoids","Benzene and substituted derivatives","Nitrobenzenes","Nitrophenyl ethers",NA,NA,NA,NA,NA
"BOLQJTPHPSDZHR-UHFFFAOYSA-N","dihydroferulic acid","14340","CSID13701",211969.011478159,621433.164534416,792387.932894766,360829.298580861,86479.7541161209,80552.6993028088,100100.470267366,1659303.56848577,599599.772287022,318969.868293479,523027.475155192,957603.843992528,40007.7461694585,390410.298655039,332666.965691709,114661.289848127,394537.484354962,42938.552818329,104026.661552318,178381.886856391,1037633.58749373,402975.076440472,903747.122632704,44778.0941928772,1079521.4947961,85655.3057896254,431934.519383777,344834.324881119,148501.700186672,157868.145047988,90297.2535809235,406098.357665517,69558.4053777034,151254.423476926,236147.483780047,337510.39053624,240772.647373757,725366.580502036,634887.416078949,316081.443003461,926556.981273762,414684.022840204,209567.769751877,453317.560129459,408720.131938868,81220.2943706254,128773.251417156,108152.217677959,330906.581535277,1041129.31778592,1111438.14971751,452485.444682447,301040.9131909,366117.187240508,755319.682491627,901005.912452309,519310.29983838,"Completed","Organic compounds","Phenylpropanoids and polyketides","Phenylpropanoic acids",NA,"Phenylpropanoic acids",NA,NA,NA,NA,NA
"BOWVQLFMWHZBEF-KTKRTIGZSA-N","N-Oleoylethanolamine","5283454","0",65057.9725261165,464809.345248003,65492.7253228706,45120.8199543767,75281.0039856517,59791.8394868533,434598.851194152,58435.4422917512,143212.104546062,121239.296999567,63704.3952802206,93526.2581764028,416594.536551632,60232.2822719559,161458.021954267,104480.852325674,300213.154096162,73270.3271360504,374913.708593414,268858.897370893,233623.786971087,588730.213730686,319705.462318107,189335.405440288,510689.804935747,82836.4637385659,100465.401146978,91086.4894825535,137714.359461361,80200.898814634,57939.1425020993,211934.493524333,110826.673363918,401916.777052573,216064.513053351,103190.446969873,735055.617498234,190015.259566835,37384.861575037,37748.1257041679,37208.2613811035,105888.840419895,543773.497351815,546151.557230009,259583.606450087,159427.053444574,1956254.42209541,81713.572923237,756489.795599604,111283.7324454,94969.7141461887,133992.176730333,59422.64039598,315572.266880397,132602.851516668,86006.0587271497,44955.57907092,"Completed","Organic compounds","Organic nitrogen compounds","Organonitrogen compounds","Amines","Alkanolamines","1,2-aminoalcohols","N-acylethanolamines",NA,NA,NA
"BPAQTDYDNBMYAM-SOFGYWHQSA-N","3-(2-Nitro-1-propenyl)indole","5291187","0",88738.633071809,171013.549130995,106755.606028661,250700.842133408,83083.5777377747,98214.1617558823,181744.463380022,118720.617953194,264024.525746199,198925.426780945,167472.734651055,136343.558918998,166640.337644788,95444.730138154,148529.931119817,176266.949926735,134090.667902998,122843.846811533,119123.834643755,207268.370892387,130274.961230684,154018.329844436,103844.339962632,141240.321515922,131414.245337921,106373.426654982,227613.637524048,262055.801181308,180151.981384869,96067.3177787907,146084.491472959,175998.871079067,172890.756831714,107514.860797702,102963.401911793,200169.885205706,91222.6647806745,173566.793426974,222337.743936427,182509.29130381,135778.508616103,178653.066589403,123860.355204598,145424.427435356,150264.386022672,50049.4077241371,244561.5335505,162363.635315237,198488.658876204,130707.798436872,193352.228838742,236789.20206233,199389.530941414,195906.692811248,189298.656661118,139248.050214231,163621.086470277,"Completed","Organic compounds","Organoheterocyclic compounds","Indoles and derivatives","Indoles","Indoles",NA,NA,NA,NA,NA
"BPDCZYLPNNLOBD-UHFFFAOYSA-N","N-Isobutyl-3-methylbutanamide","233652","0",209806.058235261,175159.232784324,181500.108234639,144697.043179522,171101.017765769,156787.445963229,166751.182644953,212981.827394077,141744.041261567,158752.043196546,132405.081421919,147809.743152951,166955.715661679,164944.373166028,160267.317831039,174860.849562715,186514.370514252,194520.951315105,196375.204180905,148947.300849758,213892.101463415,179900.588278889,167386.875387325,140287.219079034,214253.243373815,171098.637274084,177456.814791476,157228.083851926,143266.827265997,229278.285765437,145684.591912313,121946.887299594,205785.099376367,189339.741625624,166079.812055033,168526.342468805,220069.505427651,138565.97695327,218798.807769872,166473.222190165,162280.296219669,123048.013346645,157732.195656734,163626.690838954,206189.871061482,231488.012257001,151139.760708047,330625.387006609,218364.390083677,180570.00287576,167604.884114664,168243.534142999,168911.281326789,155268.647986434,218978.355887936,180465.848164803,161113.753284869,"Completed","Organic compounds","Lipids and lipid-like molecules","Fatty Acyls","Fatty amides","N-acyl amines",NA,NA,NA,NA,NA
"BQBCIBCLXBKYHW-CSMHCCOUSA-N","Thr-Leu","7021827","0",52993.7071063985,425649.558833859,152523.949611131,254486.299175495,135189.893050797,146207.718058555,426568.817152463,130331.693717269,198276.664702292,1074295.49965698,622326.654434077,890542.039843107,172544.214120983,181863.147319164,245982.402324188,188914.063173199,114406.208140267,456826.080153372,363488.201138025,781891.742165494,152068.093724777,213047.541047303,321509.084654171,200552.207433967,110271.257459583,359912.763247614,618544.646656259,543856.83346427,573384.44834616,201743.581678473,250251.432201109,449087.244121044,1223339.61334538,712403.95424155,164509.450593852,418023.906967932,21153.9777449376,178437.504490652,82176.6122242924,103552.925511143,234737.81648654,324093.611645876,211305.352854449,99047.6645033072,214473.304333525,53297.931803325,321186.914740889,164345.772334325,267672.99814102,213241.651432503,316794.344613944,240339.36865765,76967.6023631177,171401.548394312,270252.825030828,171771.572428054,226342.80764531,"Completed","Organic compounds","Organic acids and derivatives","Carboxylic acids and derivatives","Amino acids, peptides, and analogues","Peptides","Dipeptides",NA,NA,NA,NA
"BRARRAHGNDUELT-UHFFFAOYSA-N","3-Hydroxypicolinic acid","13401","C18620",88629.8739693104,103473.746427605,44413.8415272255,192844.68326967,56460.8120921661,313599.949132596,537992.102815814,86682.4022447153,853070.306249771,478544.821307363,54721.2914580389,128245.674646043,707779.284672626,131880.97577118,139968.993171775,186700.943902969,223702.954511753,161187.329151733,134912.62559468,190810.690771186,269313.348216161,68240.3383539439,198804.753751851,110810.228055713,147296.180144441,254809.308040442,270408.214817788,366473.39772427,593903.668427174,285069.550019366,71930.0492814933,68052.4634863886,219289.391584535,306146.928413309,360322.777286375,341970.289893477,356792.09669273,419790.664547839,33200.0565498893,24591.4286207767,209149.75358644,55956.3551926969,325765.846462548,32962.3178509728,154581.340486274,15068.1303209186,985010.977545236,336225.098033945,67379.3596444127,230059.082874642,182086.736650117,176080.081144752,21335.5793964911,90784.0752023705,115434.445109601,141276.621261123,103977.094632521,"Completed","Organic compounds","Organoheterocyclic compounds","Pyridines and derivatives","Pyridinecarboxylic acids and derivatives","Pyridinecarboxylic acids",NA,NA,NA,NA,NA
"BRMWTNUJHUMWMS-LURJTMIESA-N","L-Histidine","92105","0",91501.5551810696,97743.5947613359,114629.435323664,246610.148610426,67338.7872315133,96765.0338351448,434089.699616369,31702.0429374397,274756.861155497,241306.656108727,96859.345274102,264369.669216354,359631.714472272,46386.0396327336,14300.054141007,117133.392223048,199328.856223339,369578.908597629,298355.421617423,315607.732976006,235977.867485376,344033.638647635,176716.128162555,117659.017848027,76348.4850687969,109334.983777396,155306.487135101,154721.069342881,229128.583157374,243148.824505037,201028.51199844,112199.97932255,114590.954228441,161644.318036407,357503.638113615,200030.47276908,613966.6374724,114290.846230871,57972.7680869379,76822.3871640888,69998.4431567813,65216.3586946372,76309.9348303518,235980.859073316,62671.6090449941,22438.1850787833,443134.573616651,96821.9963618209,195860.742879527,180430.377817772,123938.237620724,358380.182738742,30740.2649486473,139077.147336252,41945.2728064341,124127.329488444,148682.852095876,"Completed","Organic compounds","Organic acids and derivatives","Carboxylic acids and derivatives","Amino acids, peptides, and analogues","Amino acids and derivatives","Alpha amino acids and derivatives","Histidine and derivatives",NA,NA,NA
"BSWHERGFUNMWGS-UHFFFAOYSA-N","Asp-Ile","21845165","0",22715.6219757927,30952.3164040281,58722.3779691948,88331.5624341298,21306.984171422,33496.3324626561,119207.039606974,19005.9078384747,58241.6140969404,252176.882117673,123955.918381695,194926.862983279,117253.942359792,88730.6218353972,30085.0547918651,22332.0676928247,53793.9805522383,123890.693727461,134161.138402195,215455.219324991,46564.4495756263,62624.2134035109,55242.6356673125,42633.4856905113,38587.1770525469,47873.1208117541,340555.448899617,116249.334584241,144386.092764516,51568.1411042578,77395.3395992206,31386.0877150456,415697.181158838,252738.953873362,42449.7303311605,112188.753938408,29503.2691698259,50663.0654733654,17801.678146957,33644.2476907058,59109.8179501677,24080.0229092704,80516.4080475589,38086.7221961803,81463.9691763655,6937.11915432473,300441.533988633,54693.2126049713,94319.5325188486,37632.4239487537,70028.5937985371,39951.979996683,30218.7356448094,81111.2646199188,42841.5446436572,42672.2799524875,61848.7706857646,"Completed","Organic compounds","Organic acids and derivatives","Carboxylic acids and derivatives","Amino acids, peptides, and analogues","Peptides","Dipeptides",NA,NA,NA,NA
"BTCSSZJGUNDROE-UHFFFAOYSA-N",".gamma.-Aminobutyric acid","119","C00334",71148.4952026383,949112.75773305,388644.232857361,408826.821674173,118856.949201275,1354609.36578799,914890.009554869,70254.3225437735,496029.147568257,21000.9039113455,159471.416048279,514702.539051381,173788.605667629,1016781.33503742,23783.8985313582,958230.132975742,70817.8839791799,40623.2584498841,58820.037887558,277984.745280259,753494.039397217,1473171.05149622,42919.7375753676,67995.1131754639,602821.780923477,16248.3813700329,217937.90456848,21076.8017457237,747437.402737969,112917.165551579,59273.7826613966,21138.3807757186,10593.7345596687,32848.5533334479,1487528.88114221,398908.624008498,448240.990640583,19638.9919097305,61495.3688594242,58173.5760144379,435256.562812132,90491.9209609176,184091.645437259,622122.228880887,174354.440331884,181267.910328375,134012.05007359,17926.5746163851,611396.343720598,92296.8770675525,114360.752563815,1515937.01017143,27147.9886323164,91384.2014715667,206332.544432115,116949.730133006,30431.6939149075,"Completed","Organic compounds","Organic acids and derivatives","Carboxylic acids and derivatives","Amino acids, peptides, and analogues","Amino acids and derivatives","Gamma amino acids and derivatives",NA,NA,NA,NA
"BUCOQPHDYUOJSI-UHFFFAOYSA-N","Prohexadione","184900","0",7843.44035853876,52501.3635512093,34251.7614821375,200466.981888004,152259.038779279,131467.205375537,99699.1195059018,183224.581111995,14473.6178374539,9680.42088902818,27087.5280805369,27870.293542961,73741.1272567804,46146.7607632399,8517.58338139032,35939.4027361845,37646.2334355101,62584.5762669684,110430.318196747,6904.69967326686,30002.3703609724,50863.4253869818,40623.8377741971,6912.60547091141,71335.392858686,149713.594345685,13661.0897124961,39354.0922436079,64581.4584794986,38148.3045074514,229171.058020465,58873.9985199876,58456.4519377906,13294.3178361296,31908.8634790322,28567.7843955401,91594.6478671973,61833.2326908386,39929.9830472426,108578.833130558,101851.74554307,69188.3164656485,31201.5749341211,80000.0968187645,87678.8945020789,104177.845724292,5373.27236129139,74054.0212688439,102217.516934318,89443.4710725206,59280.1036295624,119380.081389328,37046.688126904,35906.2347355101,19345.8130188053,51329.0005926935,209746.538900145,"Completed","Organic compounds","Organic oxygen compounds","Organooxygen compounds","Carbonyl compounds","1,3-dicarbonyl compounds","Beta-diketones",NA,NA,NA,NA
"BUKYPLDYWBEYRI-UHFFFAOYSA-N","N,N-Dibutyl-N'-(3-chloro-2-methylphenyl)urea","17381642","0",187317.579646266,230514.090441551,143674.327825403,99423.0446593916,106532.624969585,83670.1469860153,169316.438524588,268208.604335742,117953.166399556,106384.75066697,166857.053974337,163308.306036209,191636.298183501,147810.510207833,141946.711207742,179739.355673339,148719.156347201,281375.65666609,188761.208100621,171883.769012626,270497.010478786,124534.478921162,104326.856986919,102030.151319703,233036.261526819,182735.83610386,156028.912516485,139717.359061014,168241.5457371,131408.232263275,96356.0946298278,63553.188895487,114296.777737051,150262.455507039,157094.622678972,149535.008870322,120527.832279999,122129.381687768,111265.169550977,211216.17588182,150735.4241714,85668.5223085694,134707.5016095,277544.96258087,213088.528552364,207372.121678991,130376.795987453,1574371.66821554,922017.009758449,137927.327045232,181679.099549292,179544.866679339,228736.824734273,188951.076557531,283776.966808291,136212.698145762,185750.15285217,"Completed","Organic compounds","Benzenoids","Benzene and substituted derivatives","N-phenylureas","N-phenylureas",NA,NA,NA,NA,NA
"BXJHWYVXLGLDMZ-UHFFFAOYSA-N","O6-MeG","65275","0",92370.3606686393,78997.5015578271,73536.9320921451,100463.981874184,70674.3056676777,105074.508513303,129689.633998217,156483.615098522,87360.0774939347,156281.887888547,48609.2545241883,159105.423288619,105676.865899756,136699.133791299,173309.899446568,51278.8443695753,117079.335833313,150357.446931353,134668.888585379,183447.436797687,148135.58044421,110323.620848469,82944.3730050165,205970.07718523,119285.959629028,116020.304176338,200202.375021152,82101.7606706207,139521.0412231,128986.783051029,106953.432986935,70703.1008313378,119735.223441095,171922.399581361,128858.949473425,163411.087749222,17247.4632744141,137387.107815061,36978.2717811471,32949.8302710131,146569.918166166,58685.9159486524,90622.2058681839,71223.2434747269,223859.27374356,35564.4042150492,152311.408282653,157225.903280276,158460.867457061,133181.622925052,107008.467578794,71736.3357931372,78656.9676218815,59430.7007121005,133552.687698958,75797.1647319241,137434.399960777,"Completed","Organic compounds","Organoheterocyclic compounds","Imidazopyrimidines","Purines and purine derivatives","Purinones","Hypoxanthines",NA,NA,NA,NA
"BYRVXROVZBYNOZ-UHFFFAOYSA-N","2-(3-Hydroxyphenyl)propanoic acid","12446853","0",12359.967887502,56019.7612950416,56137.9922409341,12649.2476955673,40957.6962557948,187368.423923376,12405.9700228882,37361.5107019318,19202.7075984925,47899.0844438045,376382.098258834,63530.9728616433,11471.9775760066,47660.7743929899,48800.2193105248,16871.8288286624,30813.023205603,6686.42826015088,14975.099190288,402376.820911969,86254.8998360072,22519.2622681221,50512.3711003592,71329.9747520984,208582.406497828,20612.8289365493,7048.9199204301,83858.0800021636,62442.1995090138,95084.6658139669,1152779.74572535,49268.9519079582,1032340.49874459,1127367.21534017,7722.72592441881,45867.0707003809,108979.367217805,40788.3335543095,73701.0695997454,117078.179269101,86777.2250856427,75480.1215899024,44323.4425051933,364514.312479863,28409.7872239607,45216.1059915126,25906.750118671,12004.3226557964,582970.184913032,102968.667038286,72660.0288917411,36734.7886820868,181277.09713804,51534.6072141709,229236.918659524,57940.831246588,101613.95394614,"Completed","Organic compounds","Phenylpropanoids and polyketides","Phenylpropanoic acids",NA,"Phenylpropanoic acids",NA,NA,NA,NA,NA
"BYXCFUMGEBZDDI-UHFFFAOYSA-N","1,3,7-TRIMETHYLURIC ACID","79437","C16361",1367.12639941678,13361.7811983405,5122.41937800415,46016.3925250282,21235.6219502791,284010.81357566,37746.205639665,145177.507816776,1339.54721442263,2157.7386747974,3318.4307027138,39431.2183036567,60028.0442936698,36312.4843796727,1422.89095930418,182389.338276142,7380.29445785276,61228.5187442728,41853.0806264613,1825.00419204846,27102.5862243987,8772.41723849426,9496.74367582789,2750.91157381803,12823.0042520138,130597.215647632,2720.65387290659,64958.9534535278,34349.9378860401,23995.667239679,162267.732274228,8886.98115480072,14802.9557586083,3221.62254980385,28736.48549079,5038.38002700439,55308.9242192197,19651.727008813,11886.8269497716,9681.12504046047,114759.068119755,7783.80227684999,5233.52170050482,24448.7023316264,77827.0747904931,70107.9387599065,3055.82396254606,117401.165561191,15472.7115681157,32129.8017789903,119162.850695952,26979.5442910973,8633.21312642599,4359.46165689822,8662.31970446586,139638.177372256,83933.6737436298,"Completed","Organic compounds","Organoheterocyclic compounds","Imidazopyrimidines","Purines and purine derivatives","Xanthines",NA,NA,NA,NA,NA
"CAHKINHBCWCHCF-JTQLQIEISA-N","N-Aceyl-L-tyrosine","68310","0",170614.511555278,36707.9804223873,41452.6314021087,152043.640365225,396751.091625047,125395.091882111,120425.744772048,56606.7822813995,215292.896024897,65064.1896332934,111024.545966362,92727.042798091,213969.597667239,135967.450129543,173409.895071589,91602.727958036,212464.220313448,79898.1247411366,47655.6823100482,28259.5741149098,104410.831305453,115379.857312694,119294.012319938,130509.900125552,27184.8089831129,353915.187222621,32727.3494533284,288069.975240766,130448.633208935,54282.7418188083,102858.549317453,240353.784681704,7330.36553757001,7110.01091868967,151627.479406005,69547.4568273015,29076.1434895024,188732.87204398,48007.6578869564,119020.776614409,272687.570924827,105793.224470294,289599.779894154,120311.5021348,102363.628106824,56120.1944243336,38062.2924058848,376911.681121227,29072.3470556884,50884.1085353035,395572.204642695,91112.8022688732,136062.990556849,314639.832330799,41609.6117790175,329500.465448143,126347.502455984,"Completed","Organic compounds","Organic acids and derivatives","Carboxylic acids and derivatives","Amino acids, peptides, and analogues","Amino acids and derivatives","Alpha amino acids and derivatives","Tyrosine and derivatives",NA,NA,NA
"CBQJSKKFNMDLON-SNVBAGLBSA-N","N-Acetyl-D-phenylalanine","101184","C05620",369101.223107042,129025.892268217,142726.017681105,317496.293234012,796179.428153564,263655.558546294,291574.275714162,180247.940959759,414959.187419683,194625.314330028,301202.619990183,340302.255951181,355920.872218924,514517.691509466,331145.262860231,244232.919435295,288805.977637286,119181.766323192,107454.95371049,120026.538089786,275642.537441045,231859.106629267,261327.258497,445603.23189664,83450.9485787567,911550.629329921,59642.7214301516,843054.201534714,351691.031667492,129619.4164376,283141.872521719,474299.019381961,18556.6338859957,23742.4734865986,303017.961523667,162486.907658766,41270.8060466026,473205.352217626,161573.086159716,434287.332858706,685823.493581851,316383.093984606,516667.068542069,352272.929825139,243520.953450861,110390.715974961,70791.4114979505,647302.63168329,123476.439323248,154134.175447624,732636.806123112,258513.492614104,495724.891040615,505012.031186235,110019.594363638,596524.429896602,235180.155513187,"Completed","Organic compounds","Organic acids and derivatives","Carboxylic acids and derivatives","Amino acids, peptides, and analogues","Amino acids and derivatives","Alpha amino acids and derivatives","Phenylalanine and derivatives",NA,NA,NA
"CFFZDZCDUFSOFZ-UHFFFAOYSA-N","3,4-Dihydroxyphenylacetic acid","547","C01161",43556.2176216281,33327.2987892545,27330.2022115223,38967.2189240812,70356.9880196996,51758.298050809,42087.974579975,38577.4764572816,41095.3561619794,28494.8164785824,31434.8500497493,24026.3150493094,41110.0488191416,34565.1525640108,35321.2918272829,47777.426597923,41505.7416998455,67465.2626399761,71563.9964633843,24855.8853150158,33686.737601668,33688.0182320512,46684.7049407306,57983.3813997551,111959.725506537,51660.4739566261,40278.0673935811,31195.3998767308,35138.6545771785,76170.053849076,45220.9096782463,33910.3751158307,154481.290634671,22374.416757479,39034.581948531,27355.6892678314,34560.5224910471,29552.2247343472,32688.7741118718,36667.9731511527,36013.1752182464,36304.0673853303,28911.1239032124,21726.8575100499,39911.5662313463,50603.7175497609,18040.423185221,36526.3487475062,18270.6142410687,50951.379212261,32309.2891221714,37848.3745487961,35348.7209861224,34684.3500271139,39900.4175903317,35601.5979766633,49410.1274713844,"Completed","Organic compounds","Benzenoids","Phenols","Benzenediols","Catechols",NA,NA,NA,NA,NA
"CKLJMWTZIZZHCS-REOHCLBHSA-N","ASPARTIC ACID","5960","C00049",1777426.08393619,427651.663708117,730749.934657254,720552.844440004,174541.247053948,883490.67363071,1049238.60121433,673758.371878061,710081.504848863,501799.544534614,414446.97322719,631675.439246241,118343.017802843,75780.7249527388,668634.247914027,694142.597422624,1103888.81765228,1778036.56728126,921343.191327599,522590.251833126,1059240.80921478,616939.67674246,725082.73139076,1024183.52363603,159406.73975906,596756.926913691,464406.83980234,678546.777786025,302241.539992075,834986.750156848,449914.421378726,394236.767837841,223559.292637104,223897.372665905,1176744.57887092,513211.594902194,813602.500519286,411456.997660619,1023840.14372529,813720.428353422,309605.315693296,531787.131404672,376745.5658262,836197.139995579,620795.986643106,471568.957555494,1381398.35816381,886652.545256574,464809.231764298,586323.640567634,526936.06422505,803943.206155938,537724.286579872,803999.384804916,430121.806487932,665702.147971565,786382.446719461,"Completed","Organic compounds","Organic acids and derivatives","Carboxylic acids and derivatives","Amino acids, peptides, and analogues","Amino acids and derivatives","Alpha amino acids and derivatives","Aspartic acid and derivatives",NA,NA,NA
"COLNVLDHVKWLRT-QMMMGPOBSA-N","PHENYLALANINE","6140","C00079",11595983.020266,14553323.6204971,13875728.5722277,16365369.4667482,14552803.3505576,12140738.0353416,14575671.2125583,11011846.9146514,13964683.880028,17085589.5881608,15271051.6895471,14624742.3620893,14329401.1382824,13188657.7404511,12701899.7248726,13930824.4535916,14033222.1067395,13959793.193699,13146349.5528949,14425416.1014822,15683550.5161002,15460309.7098209,13616323.9208391,13546078.1516908,11178351.3160957,14081638.2491501,13051892.892288,18349213.6838402,14762750.9264983,10536027.7151754,13572804.8277298,15329810.3251075,9169281.36175384,10188292.6511901,13394849.4158745,17376697.3529376,12314057.8808918,14642745.436569,9951381.50303873,15127482.8625699,15103089.1065242,15005211.1804798,14900087.7367167,14127174.1712217,14139226.0905968,9415629.67512487,13997339.4784127,14398329.6205524,13664380.2182209,13184614.1396661,16404126.1295171,15162315.189942,18452505.5445702,15806630.1290697,11445783.4177042,14556919.6378281,14433144.0093426,"Completed","Organic compounds","Organic acids and derivatives","Carboxylic acids and derivatives","Amino acids, peptides, and analogues","Amino acids and derivatives","Alpha amino acids and derivatives","Phenylalanine and derivatives",NA,NA,NA
"CQRYARSYNCAZFO-UHFFFAOYSA-N","Salicylic alcohol","5146","C02323",8513.40387155137,9424.42781653717,1503.44991505204,2276.65329487312,8147.36322783483,18153.7919470185,6711.4053849919,1791.48619883203,1373.17147648506,10123.7298830117,30249.4032350592,25929.944418966,13674.1495361903,2087.9423060444,666.980137173836,24620.6283252481,31072.6745091006,9633.89213179501,3951.01057198583,1309.11107688233,33804.9174834605,9798.71399683178,38046.336771544,1230.73094437592,23667.5507452037,5132.03105151711,2118.70275036218,10653.0820150897,8175.93740602191,2335.88524158913,43185.9626170568,75545.0712390679,6813.08909621518,19528.2545718184,3163.34952011485,7122.43721999257,6538.1576213911,4097.56508151789,4041.28609053703,29584.0582791213,13148.2133808204,17980.0734818631,680.705195052243,5987.6328202455,1651.87673832836,11170.9307545027,27308.8340544274,1645.36227501429,2490.38271943106,139405.687091208,6357.61679752356,43814.9115079583,4569.88241618857,41676.6643694897,1037.87213385256,10652.6498061352,14459.3095868588,"Completed","Organic compounds","Benzenoids","Benzene and substituted derivatives","Benzyl alcohols","Benzyl alcohols",NA,NA,NA,NA,NA
"CQSLTKIXAJTQGA-FLIBITNWSA-N","12,13-Dihydroxy-9Z-octadecenoic acid","10236635","C14829",65019.4736469981,267609.231891336,160746.032673477,122250.882408836,96915.1521293196,150356.181988053,91246.1325376942,95635.1799039579,162748.783249045,1291539.80192619,125041.371848731,71487.088842663,160271.503863691,139667.730143884,146240.115498226,454770.249866771,90508.0579952095,88777.0969602351,125558.721965311,1078975.15738418,79206.856297665,267566.798374264,131184.948206688,125811.306505283,204684.378272914,222282.571817465,328470.463671067,288930.07262132,277889.922181711,45515.1693509997,337315.279404509,172852.309624822,381195.608243808,793026.473805557,103770.378451425,236195.402409168,31459.0499932469,138236.331903778,45298.6504251906,113877.089005513,50045.4357747805,203231.778475334,76251.2467120396,44757.3088846007,114595.300225021,64535.7447816976,111524.93098373,91335.5174783115,42672.8740537673,313985.881833978,65839.1890594957,477539.426401711,83913.8926291286,102521.168478952,78184.5080338959,63677.1608883511,205846.295790992,"Completed","Organic compounds","Lipids and lipid-like molecules","Fatty Acyls","Fatty acids and conjugates","Long-chain fatty acids",NA,NA,NA,NA,NA
"CUOKHACJLGPRHD-UHFFFAOYSA-N","D-(+)-Ribonic acid .gamma.-lactone","219575","0",275438.033514329,1004682.99715372,1098158.95592772,208566.444499308,2165452.33150756,723599.452435412,177962.517991378,725972.271539228,485785.983820155,296607.191327591,886305.395476321,873255.6693489,114005.590709995,1207186.59085611,599158.632469835,833433.151761501,170703.101405636,15287.8675053481,175073.636805309,80837.6089974837,964970.468322019,254039.562556571,256115.268906191,953717.339676374,287525.868738173,292974.839459977,113870.980276044,283127.783766564,155939.995955029,41445.4704767031,2708871.05234744,1094244.96669285,36157.7286023197,104252.827777109,278976.27945909,313139.559738952,214237.66080543,104386.446062402,673854.581814752,986578.764894142,250155.267816921,365758.291381011,459601.652570317,237244.382656895,385408.824398268,1652596.15161086,318300.707932207,160278.867068117,319611.456755915,413727.927929611,370410.096048665,368208.956691738,1046324.03348008,243763.739365659,76179.6086977672,510323.666850296,686288.045917507,"Completed","Organic compounds","Organic oxygen compounds","Organooxygen compounds","Carbohydrates and carbohydrate conjugates","Monosaccharides","Pentoses",NA,NA,NA,NA
"CUYKNJBYIJFRCU-UHFFFAOYSA-O","3-Aminopyridine","444228","0",160175.869867835,3758.02028309492,2528.93686236358,2648.88901000073,52400.1889161629,659390.725623203,73316.0826924689,149168.076841892,129032.075656363,6894.02520599439,126443.943034187,159823.790809315,67301.6688044882,38810.5498163499,5089.63563162845,404448.605398741,14251.3477265012,11566.8187042348,6115.56887302061,119630.40793009,239802.064850978,9737.15078176137,4729.0714644428,5049.30111227917,75530.9743773305,2958.17134284569,49678.5306870668,3572.30409734001,2874.49647245929,56483.982592701,29774.7877309209,54460.1214597564,7121.33741853283,218075.412775257,12209.9059039986,624828.728553955,7529.12527313108,14184.7817141281,82842.6705050726,657494.490285622,14523.1038139051,28376.7994297577,10125.9288919808,8420.97918776741,6286.13741421954,10325.6658231327,195007.134354412,411897.11497484,5838.98537480677,39324.7218435246,51962.1329729493,20809.8402796727,5788.07033068393,4301.0657752466,441796.576492736,60164.7958017349,758403.845643935,"Completed","Organic compounds","Organoheterocyclic compounds","Pyridines and derivatives","Aminopyridines and derivatives","Aminopyridines and derivatives",NA,NA,NA,NA,NA
"CVNYHSDFZXHMMJ-VPUMZWJWSA-N","12-Ketodeoxycholic acid","3080612","0",42628.5255517701,120296.186865454,568751.160933224,273574.379565452,531188.017113415,285806.963939523,230792.805230519,532829.846984809,329171.474551689,109456.910835599,248344.500033468,67593.1906792756,93041.9214630638,213100.160719438,241084.278544547,387494.579472179,57099.1046601005,20786.9089209974,32160.8966028979,66047.7916898868,68463.0796507887,24647.6777825973,189963.007353835,134507.920032883,320389.776547412,76762.9652057003,93598.7181917071,388513.498084386,96039.2213439274,346031.474948035,345758.478995281,316917.408234051,130073.314368385,153788.873175908,92585.407177473,435926.777690837,21593.0820846476,116151.939876213,97340.806576674,151636.266445803,587269.676722914,222272.331561149,259846.617477179,56572.685578894,344402.023810999,64253.0325055121,146959.403603393,215910.106130005,77675.3154993521,95665.3172686001,71888.1859595477,69100.3230896679,117850.645537996,48125.4386743809,217786.591543781,49566.5450267393,134025.77967336,"Completed","Organic compounds","Lipids and lipid-like molecules","Steroids and steroid derivatives","Bile acids, alcohols and derivatives","Hydroxy bile acids, alcohols and derivatives","Monohydroxy bile acids, alcohols and derivatives",NA,NA,NA,NA
"CVSVTCORWBXHQV-UHFFFAOYSA-N","CREATINE","586","C00300",70437.5492349195,161389.468447062,11226.0932540307,5751.38968433385,12498.8116835538,22284.4292291534,11911.3445014195,53531.5298031446,10490.1840060644,134282.735646547,8652.4220033599,212640.248138176,5314.57012463344,22494.3951601476,20194.0921318722,14937.3819834277,8449.09492718712,11654.1492490931,85519.7991868729,28919.8205456473,399366.549911081,11992.1277197147,14844.7323509515,32588.428546677,24481.1029503577,16644.1457900508,20855.417047658,13037.5607410765,24398.6383388585,19194.4462569422,23583.2393609262,13727.3807649804,8393.8236604149,44808.9411735816,30476.920301125,13067.8040545475,36224.846231996,9429.1268173096,101151.248427965,40666.7050184995,8057.93893535938,33050.6735454465,10587.1930052209,33580.2571433161,12997.4358228284,58088.0379168072,2336529.02328832,23241.0446333485,403036.598750006,5758.45757391314,9359.97806477836,25354.4643773648,11779.1068400956,11706.9146101156,9795.11114460384,8517.94400140778,10082.3496299841,"Completed","Organic compounds","Organic acids and derivatives","Carboxylic acids and derivatives","Amino acids, peptides, and analogues","Amino acids and derivatives","Alpha amino acids and derivatives",NA,NA,NA,NA
"CXMXRPHRNRROMY-UHFFFAOYSA-N","Sebacic acid","5192","C08277",275880.381218433,345898.070860156,350487.45109698,652779.710663546,1266062.59221652,1258813.76067153,485626.727746594,687915.294450526,520648.920310821,535441.268904568,689407.738556543,405407.346702758,679910.251015185,476519.1852024,480057.718582466,701210.219365247,412152.100561376,548432.809462909,547861.596808243,368112.560989149,362924.945693748,316993.33666545,673783.219265638,920665.376425745,119572.790993648,924382.723738011,394300.700403294,651093.932961243,558026.389999764,369007.936919721,1073169.33333332,516681.256853488,260019.380381315,260564.098169952,466941.085960585,322588.642819899,184216.795585666,378717.452659291,317917.770683153,362662.262548391,648754.987221678,432120.572816525,599048.657202339,141488.029659415,578431.052696506,723776.604980359,216252.780292468,387814.085120602,144870.610045544,281131.738800291,521326.904205568,383048.383297808,434379.004915735,503311.035087864,336745.233127858,467962.79669993,468827.611063349,"Completed","Organic compounds","Lipids and lipid-like molecules","Fatty Acyls","Fatty acids and conjugates","Medium-chain fatty acids",NA,NA,NA,NA,NA
"DCZFGQYXRKMVFG-UHFFFAOYSA-N","1,4-Cyclohexanedione",NA,NA,37504.3247411187,32902.2052961035,38645.5581077395,30091.548411692,42664.4778683837,34056.8280691614,33037.9362041056,45835.9280751361,33162.6683837827,36234.3771612932,29314.8341936625,31390.9296483431,33433.6741106136,31545.7400040877,37007.5837460493,34074.5637383367,37708.3575169131,33204.6406264149,37607.3635678555,28383.0059627434,39430.6303867355,38478.495903741,36291.9565625272,32539.3455560133,39973.7786978472,33503.9017362857,36079.1284129027,35459.4252730154,27877.0489763063,39476.5256995893,34528.2736414513,27212.4297822924,37539.4905195229,35769.9750807645,33173.2213610815,34550.6239672722,39272.0789342939,29839.7255603373,45463.1587957447,30177.6864603038,33560.5896019099,29718.4124427512,30397.0424833263,31044.2339325739,42296.3128231887,45484.6713025198,29671.5583644746,35344.5137613091,25730.8357741912,34476.025846693,32275.8183485717,32804.9586603904,32714.9167085656,30987.1055852781,35288.1422304075,35462.0447166423,31752.5457023352,NA,NA,NA,NA,NA,NA,NA,NA,NA,NA,NA
"DDRJAANPRJIHGJ-UHFFFAOYSA-N","CREATININE","588","C00791",491327.82849217,321387.398975594,8923.64483936683,7909.43025158684,16957.4252561955,23153.5458623311,40667.8056093206,105272.11303253,16189.9443954184,1443823.60338839,15892.9954412042,1371160.20379505,11023.8133104045,10491.1418881519,182296.384936032,6391.71938326071,10013.657480321,18015.8435553037,527222.966876359,75066.2766826721,1633028.58539183,8454.2413499399,7703.07576507635,70269.8866882245,8437.84722140096,14221.6459019025,22968.4840933358,19560.4925399672,162434.354360081,20229.9772541103,55151.6652690282,4867.64203985314,7296.73417079225,67755.1828829158,5830.6447211362,12857.4026183114,13766.1734087247,12239.7846077104,68232.1872535807,69378.1944865609,7178.44271018075,102435.809499129,6861.19427644894,8350.05419298867,9605.75602577911,25132.0545141107,288802.797892079,20952.698784977,31312.6816589809,13009.287634981,12175.7467824461,16966.4721296623,13487.6579565501,13659.6574620881,16712.1113980751,8374.22854081205,9407.75542989993,"Completed","Organic compounds","Organic acids and derivatives","Carboxylic acids and derivatives","Amino acids, peptides, and analogues","Amino acids and derivatives","Alpha amino acids and derivatives",NA,NA,NA,NA
"DKEXFJVMVGETOO-LURJTMIESA-N","Gly-Leu","92843","C02155",156678.888347919,614244.895442756,419685.303230873,340970.409625973,261452.227462451,421286.616890261,834197.144876435,246326.244900939,392128.515418111,2145007.49153105,905157.706345641,798678.413000749,535398.33659443,301904.024001385,203920.571006117,544282.560090147,142763.761559487,350112.632826102,562323.172873024,1176827.08289452,236376.425005896,383787.628759933,500331.714673694,354353.312469742,85367.3664106579,461390.401956176,1376569.51037271,1363304.16239614,909313.389532096,113825.046186832,400516.154549387,786292.246128163,736313.273217046,508684.931172323,286546.843442403,395755.727238761,94568.9426798438,453345.03917126,154320.888777636,196756.821121642,564595.478610235,507763.144283862,432397.032179746,232998.610090995,322896.564021351,89998.5193170064,924961.157301937,455104.413842453,287117.349069718,188459.988406631,530973.265151411,575121.385864464,158551.927955804,202499.693999605,90825.5524323401,350838.997813159,469860.344864307,"Completed","Organic compounds","Organic acids and derivatives","Carboxylic acids and derivatives","Amino acids, peptides, and analogues","Peptides",NA,NA,NA,NA,NA
"DRCKHKZYDLJYFQ-UHFFFAOYSA-N","Ile-Thr","18218220","0",26423.0640348891,153415.36792848,140315.669869271,115316.378719396,41641.6599762045,75358.2858515353,119556.586759598,92128.4791698414,123447.622919623,481604.907124609,241583.820164189,272622.205110222,64757.9198282521,87046.995671657,87281.526543374,73625.5183681205,73414.440678026,407815.730529989,271538.027964558,363779.644841252,80196.3508511471,166718.913543196,150008.169984303,51913.7405980035,94150.3711475556,106862.143008999,360891.756856311,234150.937652783,181819.492982889,199998.158362492,97383.4228114862,73880.4226622222,1215054.69616513,242349.375263782,80683.8322306461,208834.882968322,26386.6377931485,45304.7354168118,38997.846086324,36725.8401128432,133541.866606277,87046.2841106453,96820.8253178346,54644.0712977953,112440.670778878,36537.8946000275,136159.145155016,53130.3145199363,160441.225320476,125193.694138934,108925.448845819,72069.6891530871,28526.3410400944,194451.895049027,243706.274264792,81709.8837880646,75835.1742839864,"Completed","Organic compounds","Organic acids and derivatives","Carboxylic acids and derivatives","Amino acids, peptides, and analogues","Peptides","Dipeptides",NA,NA,NA,NA
"DTUQWGWMVIHBKE-UHFFFAOYSA-N","Phenylacetaldehyde","998","C00601",71516.8011462038,657188.739232025,537946.522402677,65766.9210048488,13926.8537238129,6303.83335771083,65408.2946495124,1769.07241713324,10603.6167374973,1469.86973585253,643716.07586182,640634.961938508,12407.8722645308,480278.467986763,260432.179721713,302566.701737589,66305.9095746709,1650.32337334645,1627.0572536708,2282.7401073008,1635.81881451875,1185.15349052685,368631.879327883,332224.915442511,468893.499010744,28266.0123420536,1996.89545475643,0,13216.9482756564,267017.203477326,2919.46378756987,43207.0753814954,2712.3445480117,1312.45962080943,233890.295218663,0,18741.4274646918,208521.039547427,506581.458925449,580687.687168768,535741.97472439,717318.496158468,561778.552519672,487713.908006356,2059.74888524771,291681.723212001,37857.3583624091,53983.1780377398,709804.777921003,181737.244144468,153404.782899102,158055.246998984,5514.41941309577,427893.584625779,193490.091859509,121782.035088214,7331.87002557592,"Completed","Organic compounds","Benzenoids","Benzene and substituted derivatives","Phenylacetaldehydes","Phenylacetaldehydes",NA,NA,NA,NA,NA
"DUFGYCAXVIUXIP-UHFFFAOYSA-N","4,6-Dihydroxypyrimidine","14512","0",1953028.10164389,1557331.11246941,1536167.19210253,2454181.19004371,2022053.69848024,2357439.50122525,3215986.46575756,1777411.80787192,2152890.99737244,2172871.79631243,1424568.66515988,1947173.20044609,2422942.74086607,1630391.7190514,2128138.95833353,2007692.57505575,1956097.51997191,2921106.20398967,3204503.15922074,2650894.81022032,1608655.79689332,2773644.52963384,1851216.78300134,3093155.05813519,1224977.10969218,2935769.15306157,2345829.33721094,2267526.36557702,2620998.87484657,1885950.66144942,1716652.42766438,2847226.97210722,1794369.81760563,1822111.30500537,2488250.33012747,1966385.57299386,2552769.50900889,1951385.36999273,1276152.15007731,1801807.3130554,1367220.82347683,1360662.63134558,1530849.07346618,2146121.95064424,1537576.07176017,1168605.35856361,2659402.01378311,2460310.32545516,1810528.63761298,1458225.51693502,1542045.11199848,2324989.27074923,1665004.88968606,1708636.26773811,1600344.25974281,1596426.74176019,2441431.08813767,"Completed","Organic compounds","Organoheterocyclic compounds","Diazines","Pyrimidines and pyrimidine derivatives","Hydroxypyrimidines",NA,NA,NA,NA,NA
"DUHQIGLHYXLKAE-UHFFFAOYSA-N","3,3-Dimethylglutaric acid","20473996","0",3608.92738526669,4334.73902653228,7045.69733699561,7779.88598870601,7619.62281496925,7401.57643563415,8489.91498930672,2319.68851789798,2146.52950392096,5589.312173123,6524.74302156995,5258.65534501054,13547.615898699,5330.5541744853,7801.19730812953,8733.32236380309,5669.58772163989,3961.70524192472,6932.07226166367,4492.3180111962,5743.76110674534,7348.04772403545,2268.81824784437,2919.5672958251,131005.878709033,2508.87344567223,460552.494106871,4504.46006122733,5770.49882993497,7570.42231323095,10293.5732740003,5142.72421534027,8919.06792771884,17847.3142059127,11137.7439935831,9275.19959516718,491327.566349454,20987.3381032411,14403.0809407046,26444.2339416747,9630.71602655718,11075.8171684059,25260.0015757878,2048.03654153819,12610.0607888758,29445.0739451883,511872.637338863,5936.25433585618,278338.803337772,8204.18016585407,23320.8273597582,10454.7427242917,44248.3104406779,5512.7942638986,9759.91067141707,20275.9735021101,8618.83531745857,"Completed","Organic compounds","Lipids and lipid-like molecules","Fatty Acyls","Fatty acids and conjugates","Branched fatty acids","Methyl-branched fatty acids",NA,NA,NA,NA
"DUUGKQCEGZLZNO-UHFFFAOYSA-N","5-Hydroxyindole-3-acetic acid","1826","C05635",691455.26851708,891267.982608296,769425.449703608,627095.276098234,32918.4353267441,86845.9569056454,114336.300595008,110007.867942074,1153069.02645104,1577439.14244659,764575.036099803,353330.363308904,179591.561178419,830812.03117684,381621.712319727,102164.292238414,329791.272019946,67865.9099561703,96312.3114138917,1231325.69227222,300088.475660922,1039308.21640346,117975.918221085,347543.270619654,679217.440564543,579747.920225549,1508959.07402306,949673.484921942,376148.27504531,12901.8044364151,87910.925090481,393218.147360602,1114240.54067202,904208.372945787,339840.254574233,385674.165350991,487747.763273687,692441.798489246,1020486.88400663,309564.654657309,454960.748750065,288669.441471808,589091.164765697,286549.709033354,785351.623941118,136544.695203694,14258.7473791042,442526.218274462,487967.085770677,1197831.87552216,696556.571725186,1195974.74415724,1019787.91339684,307799.465479387,835023.98890381,560097.881767811,81868.1305449016,"Completed","Organic compounds","Organoheterocyclic compounds","Indoles and derivatives","Indolyl carboxylic acids and derivatives","Indole-3-acetic acid derivatives",NA,NA,NA,NA,NA
"DVIKMLHVAWYDMS-UHFFFAOYSA-N","3-Methylpyrrole-2,4-dicarboxylic Acid","443861","C12477",6711.08749786999,14945.5164713835,10626.7357241093,71255.9026993195,6550.80023722746,37195.5277779474,77429.9224632663,16391.8786350134,110381.944429269,57119.911518662,17290.8424666332,11767.7149561812,106268.788779162,33138.8461355343,22618.0375406061,18995.2460214437,35439.7316177215,14364.6837166535,10348.9700129953,33775.0657835641,14666.3421820743,11807.8454756177,24699.3693501592,21673.3998435978,19523.7808836669,31152.5175435293,38016.8787857385,44754.3973030065,62661.2329114096,46631.5396124964,14680.7770224168,32000.1736201471,38743.05729292,40270.2818725481,48303.4330397559,64886.5311962596,78428.9848112611,126499.638952327,13961.3407500036,6585.71396239961,35393.7417218981,23189.1395752628,74904.1788249345,29264.3558211892,35363.3925536738,4973.68054217606,86587.6707504962,39104.8152782735,103740.0051563,64517.3165739308,62641.5665062816,51352.6591078987,8191.43599206917,45521.6086060214,33817.3336946959,44989.0152409452,22762.6212521719,"Completed","Organic compounds","Organoheterocyclic compounds","Pyrroles","Pyrrole carboxylic acids and derivatives","Pyrrole carboxylic acids","Pyrrole 2-carboxylic acids",NA,NA,NA,NA
"DYTVYDVNJBXBMW-UHFFFAOYSA-N","Methyl 2-[(2-hydroxy-3-methylbutanoyl)amino]-3-methylbutanoate","102571591","0",3097.87647305596,76356.1832218259,67093.6119605136,62085.5576842408,83962.9026596706,94202.0884091396,173532.970433966,2191.51706697417,93552.0046932247,1004.36005512861,218432.539923207,70326.4492700686,9140.55600954248,141364.335804482,51429.2588609458,57501.130606479,109496.521706181,12133.3476234433,8233.45130376963,14697.6424452525,1633.39358277002,1443.27311079915,39059.6013810759,83802.5134232194,7284.13732531132,47033.6786036774,3779.23977312656,1223.63350690409,66020.6387574174,28777.3412835657,126748.461238888,75160.3544316411,4680.68587892298,1315.72986903403,19937.3176168392,1198.8715500386,7325.97642631122,1680.18529380686,5308.40424983263,63854.1683813666,109910.542798907,59818.8518610333,87934.2702101951,14393.2274660588,2075.36214210381,77384.4843149384,727.421006034653,43746.7607312839,19865.7526600991,6395.59359515445,43390.792300496,6871.56127695017,1231.93402013859,192778.487247403,9973.87579622698,58031.4875816863,2304.40647481323,"Completed","Organic compounds","Organic acids and derivatives","Carboxylic acids and derivatives","Amino acids, peptides, and analogues","Amino acids and derivatives","Alpha amino acids and derivatives","N-acyl-alpha amino acids and derivatives",NA,NA,NA
"DZGWFCGJZKJUFP-UHFFFAOYSA-N","Tyramine","5610","C00483",696965.741414885,5754751.83240702,4800465.73704056,559269.3305051,141004.228206676,66194.2324627595,589304.982776572,11704.0409297354,95538.4836841854,3785.19469052529,5796630.19770976,5890941.69535856,113346.859270539,4508726.76171632,2219093.6252934,2644050.01532561,622178.18479846,13967.289065466,11228.049050817,14591.1316153113,8746.59830179669,6883.5560010489,3299016.43865272,2875670.68733426,4332868.58621428,274974.819186774,9648.52159192847,1073.14422912538,133678.424713498,2395121.97637828,43075.8805066778,389344.590663352,23032.0009780655,9744.24962659091,1991748.87466625,6020.39753190537,194735.203896911,1751518.29097078,4368283.04850778,4996350.8332708,4779394.37040807,6385875.8372554,5085705.55451073,4381761.63544188,14652.4410495755,2664081.79204951,358370.529474299,498058.936293946,6323017.07500934,1588813.27267109,1230461.30943704,1321713.39049934,39876.2905371089,3832947.07587044,1698930.3866882,1089415.17350349,78675.2341480263,"Completed","Organic compounds","Benzenoids","Benzene and substituted derivatives","Phenethylamines","Phenethylamines",NA,NA,NA,NA,NA
"DZTHIGRZJZPRDV-GFCCVEGCSA-N","N-Acetyl-D-tryptophan","439917","C03137",564986.815634994,622630.299159351,345020.203756808,916935.760343895,522212.480282497,662690.671901378,1033829.55296988,393139.885659292,574780.728270489,355986.169291103,498877.585461462,649684.546130651,1016770.7774174,370268.297306273,601456.008497878,916359.771952184,623905.752492824,732279.467570841,665017.463642667,569492.601191585,634186.073443155,583726.777606425,574185.541185228,813792.347826346,487136.269066061,659703.297817248,440407.265372799,579647.625263103,806942.627527839,527053.797732487,640915.214114169,655573.293081005,199163.01859952,458609.730073684,524941.093769098,663881.211224896,486174.299831951,593885.473143463,233963.62721144,804875.431196181,476393.520080397,577991.655352634,442166.434816482,791601.25075039,464838.881142612,229242.286052027,1654049.75736321,903028.698384492,654517.308841541,463918.485260225,601231.83958818,741752.676605922,632738.393850297,672419.276074064,378632.8463713,581851.2341472,799475.582715259,"Completed","Organic compounds","Organic acids and derivatives","Carboxylic acids and derivatives","Amino acids, peptides, and analogues","Amino acids and derivatives","Alpha amino acids and derivatives","N-acyl-alpha amino acids and derivatives","N-acyl-alpha amino acids",NA,NA
"FATBGEAMYMYZAF-KTKRTIGZSA-N","Oleamide","5283387","C19670",51383.1706632812,24830.7067665925,29577.1816261841,17071.370322599,27629.8584139839,22803.111664303,24772.9606336049,36745.8488622158,26002.3443946567,16177.7346810879,22915.1287485416,32302.3043462864,32425.3655366114,19426.5983672972,38807.1706595638,29883.5277502876,25891.2816955802,29900.6350126121,13196.9914278319,19161.72434975,56027.7038591729,12922.4567340578,27342.6313762329,17309.3397620655,34436.926649947,31702.3590979475,21183.000002238,25689.038645369,25518.7472929154,30445.9138714555,26273.2041395542,20422.6393290447,24509.6899562511,24644.5906206474,21049.4354830515,39183.6219295412,32208.555676545,16649.357859772,33248.0779154924,25065.3375256699,22644.0596127508,19542.5283160292,28632.5103157895,25797.6029085573,29312.0882177001,32655.9349963675,17767.2117987955,24176.1118637114,17845.4806071885,26705.187780967,21810.6371776476,20467.1492905926,28806.0506495849,20118.196126209,20791.5207481152,27448.6337151982,18129.0335640503,"Completed","Organic compounds","Lipids and lipid-like molecules","Fatty Acyls","Fatty amides","Fatty amides",NA,NA,NA,NA,NA
"FBZONXHGGPHHIY-UHFFFAOYSA-N","XANTHURENIC ACID","5699","C02470",80304.0026195638,117516.641643321,34594.8653044946,126764.513254248,67575.9739339248,142241.496839836,35048.3078693129,119100.819577388,181921.358254742,199842.789775544,89008.3238093379,47584.9363854647,45654.3097425041,173163.818731758,24626.8829019015,38352.1314732797,69470.0802341533,15831.4112231228,16906.4511497735,128624.469590126,34073.0107338229,60037.8664759509,62496.3854351269,48458.8913691126,84224.3457026606,133582.049007435,181528.014936367,276812.222116401,139392.660842193,1774.46498467693,616410.090021506,67379.4306405026,119108.431581861,71941.6582789419,66579.3096465129,45785.6423363081,24088.4332140199,177717.251249833,52998.0487331237,84955.8066655188,60889.6572058508,131483.146568412,138183.154595605,39145.8127936939,214267.491514347,7975.33124363065,2058.87867883759,146928.654259041,77958.9527383064,83584.2898569482,196350.073591249,213633.369951283,29328.324848726,48287.0455755174,116447.606002172,133852.940738786,107532.21356034,"Completed","Organic compounds","Organoheterocyclic compounds","Quinolines and derivatives","Quinoline carboxylic acids","Quinoline carboxylic acids",NA,NA,NA,NA,NA
"FDGQSTZJBFJUBT-UHFFFAOYSA-N","Hypoxanthine","790","C00262",5231751.2793564,7111296.86358312,6678943.24511445,8552213.21317338,6689234.75457037,7066881.92177974,8342402.1749005,8647061.91877258,8239131.13745153,6735874.14903773,5376679.46850935,7094711.88079499,6350244.49970124,7357672.54963266,8630618.99876099,7119136.77822734,9016184.28163589,8723256.67046278,10031681.2991955,9312729.25532101,6973220.34248994,8209636.21395624,6841704.98613619,9299452.60376784,7441794.29067696,8860528.11640593,11259085.8045986,6602510.52898014,8557665.30376074,8447309.59169884,7505009.61216634,7574303.84930239,5210150.20841008,7227597.40286142,9580387.20294507,7722728.47111899,7546058.54967967,8198413.00505642,2672715.33520258,5107697.99568229,7665946.64583818,5482024.66005093,8122946.81002617,5875181.05787303,7678665.77791918,596505.566621209,7070332.27670097,8736590.01988194,7725716.83095559,7715753.56730637,7540903.53824452,10337399.7435955,2395324.03922225,4935393.16708109,8366343.00885631,5639127.62802688,7041103.47182257,"Completed","Organic compounds","Organoheterocyclic compounds","Imidazopyrimidines","Purines and purine derivatives","Purinones","Hypoxanthines",NA,NA,NA,NA
"FEPAFOYQTIEEIS-WZKFEGCESA-N","Hamamelitannin","44584241","0",61232.9472341918,134407.605582114,42116.4252292819,32966.5735807497,3553.3532855022,80710.9102986989,213019.801756314,7950.54532344067,22766.8793771101,132000.228875876,59400.8666867319,27434.4880375219,233994.762469815,10438.0084777701,63407.5783739927,35097.3765997486,237077.667951589,15017.4965323313,22877.1203342597,42851.8563357107,94444.3279409571,22821.5209861695,42308.5332706342,2422.71665531778,59893.3121534877,107406.942769307,91147.5835265459,189131.028953028,121368.078028893,235826.127197254,4276.9417162027,34067.5798681544,222447.833073704,302368.588771844,75244.3819317222,52082.7691579378,267503.410767965,127345.49345844,122692.113631854,53669.5619451557,68029.5295433886,54505.283852275,23094.4573613436,57302.4444407921,31791.1971230229,94204.4512427024,147748.397226214,77262.6511445745,116307.522077507,121058.794293934,78218.7747241007,189572.755773011,60227.2511075707,261208.365871412,16960.1486000192,76385.7653745812,187417.762669673,"Completed","Organic compounds","Benzenoids","Benzene and substituted derivatives","Benzoic acids and derivatives","Hydroxybenzoic acid derivatives","Gallic acid and derivatives","Galloyl esters",NA,NA,NA
"FFEARJCKVFRZRR-BYPYZUCNSA-N","METHIONINE","6137","C00073",4887686.79667577,6946567.89699894,6734378.77853776,7889286.00075456,2181044.93466767,5461728.03322881,6176328.1885142,4020997.70189988,6346675.69386098,6097911.9760894,7902139.19294183,7360123.58010411,5756373.27661517,4505602.41140145,5210681.53033748,5949795.86615192,5992411.72058213,5733604.07061135,5209383.73609025,6384703.08381752,6869531.98430472,5855394.15871575,5958441.89390544,3803334.74878859,4412813.75497665,6048861.47901893,5196576.09259448,3896301.28525504,4753151.98214113,3658128.52358844,6175440.10050009,7780491.40416685,3324850.64181363,3201361.53583957,5149022.79016775,5368227.0325534,3722485.58939224,6325315.04519509,3552769.58181234,7245326.63843861,7324923.12613501,6980674.58532586,5218622.26603353,6532192.01912142,5011872.26508635,3358595.17011399,4501389.46556852,4503010.45408327,6485597.54737064,6285364.0148583,8759713.93352992,6629071.45230382,8673263.84497644,7724964.83988809,4250203.48172946,6985854.63151187,7001977.00821769,"Completed","Organic compounds","Organic acids and derivatives","Carboxylic acids and derivatives","Amino acids, peptides, and analogues","Amino acids and derivatives","Alpha amino acids and derivatives","Methionine and derivatives",NA,NA,NA
"FGSBNBBHOZHUBO-UHFFFAOYSA-N","2-Oxohexanedioic acid","71","C00322",141146.137804498,29642.1484053585,36265.556781198,25648.0048103397,434014.604990783,300955.333879673,30405.205290204,130785.095043726,48494.8631229439,179142.973893211,52895.2658282596,13506.1054313143,94027.876021478,504945.685203493,454334.023899434,101790.164688223,33688.4209739658,56290.3960505725,153466.992833778,63856.1990613726,18619.8969312972,44420.1782699118,18425.9859793535,152993.531174198,13480.4917294411,301219.433226784,112071.321945693,121883.448732774,84601.8972285309,24505.92689764,283014.458617828,350413.486803347,24085.4867663015,32153.6487706813,54955.1569325696,32090.4093538143,84976.3400016533,214076.312073168,34103.1262967325,38836.4988159451,55662.1628848167,61903.5218986418,23801.7699255835,47849.9680952312,42793.4823517265,195696.952041972,107729.547848835,97136.4999027935,10667.9956358153,20254.15861017,42108.2558929305,151266.756450146,41939.715596889,13629.8150610436,13255.5216777955,42370.0852453538,303004.593905614,"Completed","Organic compounds","Organic acids and derivatives","Keto acids and derivatives","Medium-chain keto acids and derivatives","Medium-chain keto acids and derivatives",NA,NA,NA,NA,NA
"FHYMLBVGNFVFBT-UHFFFAOYSA-N","Picolinic acid N-oxide","69986","0",18814.402225134,39405.6922833224,20992.7170475188,43982.559341453,14375.699734859,42757.9499179284,67779.6760155342,43328.6028718731,165954.898468057,49099.5571777987,19761.6629262819,31146.8577919138,84271.7093533559,46441.5668613639,29943.5025534395,25393.5493718271,75582.4283794833,18816.3735498375,17734.0213980194,18087.2430973027,59524.8880408423,21331.6644481204,47842.0181627428,12811.5529812442,61207.5346425446,25558.9070477422,43212.6920500201,50357.8637731071,119718.392109133,53072.5917982567,29196.6078242733,27503.52798073,39991.6058991497,41244.3706087587,56282.0949960004,55251.2088373565,84130.1202590941,75816.5350946718,35979.1843599767,28804.5082470919,36317.8057014056,24282.9490661653,71664.8634987991,27524.353742978,48117.6555909995,37932.7863023389,92161.2799541334,43584.4083989792,68281.6645177713,64433.5355364052,53232.0983512004,44019.4512458194,14308.6107093146,47660.4585905705,40536.6724020629,33623.3022278856,34867.7449352441,"Completed","Organic compounds","Organoheterocyclic compounds","Pyridines and derivatives","Pyridinecarboxylic acids and derivatives","Pyridinecarboxylic acids",NA,NA,NA,NA,NA
"FJKROLUGYXJWQN-UHFFFAOYSA-N","4-HYDROXYBENZOIC ACID","135","C00156",44795.936429895,55239.9230778281,48709.5358659321,138081.751500804,449998.023899537,145741.761818677,83864.3573547239,224438.667478614,69375.5298637131,90467.6044130151,51798.0096935551,79143.6326208008,63075.8016197804,130670.957004096,114768.013292543,91506.6506168273,62166.7194958554,61105.2407876642,120780.712510598,63357.531091955,91502.9619941232,53159.9989799892,66315.7409052029,149795.909850199,147525.001774123,111710.749789455,614610.681229697,122588.089543904,49629.2365751411,201071.924530752,113888.427939903,64111.7006065235,114484.549094883,97382.334676924,65096.3837565982,78594.4873606397,37263.2938389573,99202.0506235481,64854.5121664612,71463.830868631,111838.062280494,53042.7245645761,90122.1158131274,77220.7707221137,77676.5555520035,112819.631937196,72203.1745141312,140620.083231298,169046.060740604,79992.414697143,51124.6393589805,80749.9714970901,69270.9457888191,39079.9710341989,89717.2503802011,47730.5059998771,72967.035695103,"Completed","Organic compounds","Benzenoids","Benzene and substituted derivatives","Benzoic acids and derivatives","Hydroxybenzoic acid derivatives",NA,NA,NA,NA,NA
"FJLUATLTXUNBOT-UHFFFAOYSA-N","1-Hexadecylamine","8926","0",53263.1992602269,31743.0725323673,43515.6121441304,30126.2463188518,46494.0182593035,39839.9878883247,38216.200306631,43342.2742197644,39166.1660044115,36034.7274951622,31258.8670153551,35164.5228895897,33050.7150901034,36025.5206335991,37736.1614438285,33249.7943419897,48176.8695597961,43389.8453260979,40244.279519193,29678.177654829,47951.6821359002,37510.8219230606,43775.5224863663,31609.4459874387,50124.2760134433,38920.02885963,37110.0204584662,38798.2115255264,32247.8355726338,54626.5395713656,31238.459521855,24919.6563430521,48942.5721843886,52737.1129527734,39529.0919196067,38227.4411450621,46177.8779320895,32778.2235361365,47133.6543634043,37649.5810570762,33841.8822679068,25249.1076107338,31281.0590950387,38766.8747102123,50041.689243575,56341.0894177365,22621.3125324491,39208.0882515996,28388.1996978906,36676.2150547513,36671.638743116,31934.6916254512,36736.878349723,35243.0613523938,44459.9606230187,42608.066661583,32047.7949254073,"Completed","Organic compounds","Organic nitrogen compounds","Organonitrogen compounds","Amines","Primary amines","Monoalkylamines",NA,NA,NA,NA
"FNPHNLNTJNMAEE-HSZRJFAPSA-O","Stearoyl-L-carnitine","3006797","0",25319.4295001633,4229.5809498728,27998.3914224631,5264.77269367877,5350.56587592252,26425.9242967587,23473.1418502156,4514.27907370476,3574.53723102087,21192.404611512,2714.89876487138,24874.5572828967,17156.5641188573,49993.3134655977,4408.93589684624,20650.3950275457,3821.69260604812,100967.545324547,3081.47944505891,3542.1241605261,25118.1252216022,20696.8000203869,23394.4889322286,15935.9084414933,27862.2134222311,22549.9475347732,19426.8204565979,6944.30177667113,22558.2183556114,6455.46115970451,32709.0261328003,3407.6495291327,3904.58390977508,21804.925078946,5810.44372739047,23853.4816398209,4428.89721948887,17749.6965983792,4539.36105415267,3753.90636958519,22113.4393564385,3071.82550862374,1887.06912361576,4297.32724774741,5921.02740773831,67808.2727333917,2493.22161610351,6219.7384015235,3732.744298368,31452.9113497097,2888.89354629878,3406.3671067148,4301.67125064786,15209.0127413521,5544.0877290056,20420.8457662086,18650.9756890476,"Completed","Organic compounds","Lipids and lipid-like molecules","Fatty Acyls","Fatty acid esters","Acyl carnitines",NA,NA,NA,NA,NA
"FNWNGQGTFICQJU-UHFFFAOYSA-N","2-Hydroxy-3-isopropyl-6-methylbenzoic acid","11052","0",33022.902389263,409058.329533449,266051.152140738,116309.163474699,24523.6226124584,86155.0855758787,119529.437480472,5426.17840690463,1378055.67171303,10820.3583021287,6201.3771949561,20998.8679350283,804865.868046536,2174.79798109193,16735.7667900937,33458.6641957618,119707.799103475,68094.2603958545,559398.433734373,188578.311882187,55450.4382402769,14933.1611092846,223860.295511405,141596.734716139,1205683.14965929,3327.68584032089,1489.90646626346,144226.191807425,103300.277862654,4506.17170236244,3467.12834627718,38515.9830940649,113832.422583277,100666.533954085,226002.871280471,72898.7429361727,10334.1257420099,1743267.11267024,188880.661584867,3882.29817370016,217639.925397499,12511.8105780267,2763127.24906041,1916.04250247856,601388.592090592,127512.881337898,1309.44130883761,583570.570378644,467.702337174705,10336.9448677062,40466.3045985109,26905.0472348535,89638.5456322714,138567.149834659,1000445.92929561,34875.4484916084,1653.21246905364,"Completed","Organic compounds","Lipids and lipid-like molecules","Prenol lipids","Monoterpenoids","Aromatic monoterpenoids",NA,NA,NA,NA,NA
"FRAXEZGWRAVEIK-UHFFFAOYSA-N","3,5-Difluoro-4-formylbenzoic acid","45073629","0",22241.9297044382,65534.6171601705,66462.141428241,63635.3648337272,92486.507354692,24614.6875001122,74761.5169213924,67675.9221303254,87943.7150974791,13052.2833800009,35904.5451330503,79792.9924869984,17932.4931056062,61619.8438150886,71819.4330521569,93347.2333894212,95346.523101653,47138.4086582478,38488.8820067675,46751.6293331601,105321.25409852,75095.4870573726,92004.0823121148,64380.9031791314,106251.175417567,70598.0315569977,43103.004394064,54893.0721143792,44742.7290553239,154223.625538488,15339.8989483168,23871.3778854077,15899.6660955744,64055.9117228413,97815.5522500587,64414.0770422122,65978.1042605573,33800.0338688541,74988.0909092378,62670.971015886,46493.5639110908,44169.0032898239,55042.5168198976,83012.5414198836,78901.801327734,94355.4449466784,48667.799099427,62765.4254213636,54443.1210098923,89701.1840884707,54379.844641304,35465.4362432315,37329.0761468883,51266.425366952,103161.195272773,77195.772224027,23746.4415286532,"Completed","Organic compounds","Benzenoids","Benzene and substituted derivatives","Benzoic acids and derivatives","Halobenzoic acids and derivatives","Halobenzoic acids",NA,NA,NA,NA
"FSVCELGFZIQNCK-UHFFFAOYSA-N","Bicine","8761 ","0",118662.528514526,26841.3488734062,45002.7021470755,43688.8965662229,29552.6642157797,12206.4593807474,11883.6481423319,26551.124739679,54498.3339596557,51690.92835452,77905.5339577305,12819.8309837949,15204.8247343277,62186.623655857,51995.4678146485,40485.7581958913,61547.079427666,18730.1626273492,15883.5540637474,46709.6854057541,22928.1409524985,35995.0556423127,28659.6904236564,37240.603643586,17057.23057552,14124.8608984598,61294.6431882941,13403.924293186,16514.0159725001,9973.6614406492,28632.2175576479,18583.7690085022,29856.4249401592,24553.0236703584,55038.1390653422,23167.0729938822,45299.6692526695,40090.682140922,48756.0011396822,15956.8650047677,15857.4174016372,42089.5139428465,37793.8983106347,33332.0196615905,55167.6415714101,30287.5529090779,5626.86986856322,30058.8150437415,31740.2240349198,63452.0835353806,48765.0043895093,73849.4412653125,33097.6240803955,42962.0777437097,50976.5280568542,47898.0187218088,5790.72392619666,NA,NA,NA,NA,NA,NA,NA,NA,NA,NA,NA
"FSYKKLYZXJSNPZ-UHFFFAOYSA-N","SARCOSINE","1088","C00213",1402561.64823213,875797.128258363,1953452.91801435,830096.651372002,869049.677279825,1070654.1280085,500931.631209072,930270.96866736,925845.453639791,538668.041291247,980576.902447254,370847.279274406,521980.3535958,1253073.07531961,908234.549798631,1062625.29497452,1393653.80837793,1024578.74661224,736381.064002366,444710.833863809,857249.091455532,828214.695800686,614947.21034828,757269.335902174,962631.173237281,607462.928835133,535786.517102061,516419.005625403,528979.888108751,1109213.91219678,596125.153188005,814233.921912727,304852.165650892,301538.687963707,1039031.73405048,810857.970698563,1193951.19734718,550485.317190376,1916796.69757342,645568.746031511,710690.487080563,1168694.45885397,1106395.80434049,1057420.74715615,920875.894471869,2211483.44174907,683405.556865432,586479.30461562,488436.077497245,1111609.49972844,828612.607186981,914932.65012083,1227932.25413711,1266671.67831153,637685.689977027,1043565.86453911,814939.958482967,"Completed","Organic compounds","Organic acids and derivatives","Carboxylic acids and derivatives","Amino acids, peptides, and analogues","Amino acids and derivatives","Alpha amino acids and derivatives","Alpha amino acids",NA,NA,NA
"FUOOLUPWFVMBKG-UHFFFAOYSA-N","2-Aminoisobutyric acid","6119","C03665",312916.322881947,2534672.33571709,1141037.75129395,1104616.33733495,674450.250700468,3964702.01025185,2432050.71812679,972617.968760638,1375324.99559401,138887.920037253,536316.063896535,1350073.08780199,499271.334219569,2951654.40075984,1594157.14584863,2722579.35740094,246877.456658465,157929.453019509,194497.656836864,816846.892378932,2108112.08311416,4302327.9452664,188281.784514497,278843.147214656,2623108.73834263,150698.083429626,616836.610292443,225128.845985678,2145729.8015037,332242.630751782,173231.367805352,258138.829995411,56305.7966272792,154085.375681606,4158242.72449424,1070962.05908478,1187584.18442139,151628.504468436,434070.716571033,279036.996553129,1284154.90426059,458157.96846541,586904.75536366,1713558.78539188,735472.072364895,3003520.55316129,458767.584915331,193716.131285382,1614566.57652845,271484.567402775,523279.422422531,4307123.36829009,550489.716898929,323128.193242317,562325.663438777,539171.483743053,110657.215005133,"Completed","Organic compounds","Organic acids and derivatives","Carboxylic acids and derivatives","Amino acids, peptides, and analogues","Amino acids and derivatives","Alpha amino acids and derivatives","Alpha amino acids",NA,NA,NA
"FVMDYYGIDFPZAX-UHFFFAOYSA-N","3-Hydroxyphenylacetic acid","12122","C05593",54229.8243588547,85918.2607739309,120579.441810871,121817.678426757,209127.515516214,265030.399836161,120306.493587332,109482.035262898,57613.546063552,54036.6522298949,51847.2323986634,84657.3936275318,127792.890518173,85626.9227034694,3330.94821098222,60450.999471971,24187.1066089409,82131.1368187985,150635.482733884,81693.6987411818,65915.923327896,71680.7537623073,131952.379749827,130136.122579483,18629.4780078349,153164.975982899,30714.9948429698,243353.430543316,106354.958945394,186786.000439396,177285.421061743,54969.2617291967,53399.5743033646,203563.17300209,228779.125229626,148963.013525675,44238.9929571176,364733.04840251,149632.388454981,81324.5399579122,5951.80544639369,77318.911150922,297280.440466339,27924.1905375111,122217.786768485,112529.359558001,28647.3126045381,249579.372496018,31207.6084528705,7116.47964265272,91697.201551887,94664.4736126521,53644.9901469066,17153.8450646672,176096.423917198,83199.406608713,64543.2115237621,"Completed","Organic compounds","Benzenoids","Phenols","1-hydroxy-4-unsubstituted benzenoids","1-hydroxy-4-unsubstituted benzenoids",NA,NA,NA,NA,NA
"FVVCFHXLWDDRHG-KKNDGLDKSA-N","Erlose","193471","0",9889.07874953159,51799.3480899264,73596.5924637343,31601.3305183506,56288.2744389583,17315.6306997259,28513.8792041678,57807.9274235409,12201.9870440513,201216.304837724,50052.3088226334,28223.1885329846,374007.691310801,32775.0837778319,5664.17118759142,9727.79960980721,43384.8967436599,274882.966542591,145195.114049661,72117.2048232588,35631.5048523491,30637.1513542775,87083.7014397758,19106.6696383699,58215.7714026849,8847.68254243416,52636.1965964702,10217.70303263,65840.9827278887,68918.1698869987,11669.975355981,4534.52966844518,233135.52888882,93413.5504531918,38494.5883977858,29984.2878461868,166696.877653531,100904.258334916,132073.472226436,20544.2564735861,6474.29775731187,39185.2873654234,61731.4926806566,14350.4906102306,58441.6214321595,21987.5472157836,44244.0407576319,9426.71073774601,77907.1248306511,51997.7712929694,6642.32620578021,87190.1120036991,71084.6125259641,12061.7221740679,61105.3332178212,9498.47076093324,23420.6674722985,"Completed","Organic compounds","Organic oxygen compounds","Organooxygen compounds","Carbohydrates and carbohydrate conjugates","Oligosaccharides",NA,NA,NA,NA,NA
"FZERHIULMFGESH-UHFFFAOYSA-N","Acetylaniline","904","C07565",51538.5179390605,41750.3811502846,33473.3123575435,37824.4903947906,10129.3546098609,8038.0997446804,15148.7472713592,10126.0786250936,58023.5451299907,61609.0936169197,41512.5152719793,34063.3700049552,6847.41645962085,35821.153747296,39365.6617553607,11920.0674340066,36103.2849488821,8832.58541383852,10356.0915172707,45362.4213285475,33696.5859251507,34701.4739337397,22374.7507581763,10211.6481412524,24985.5233633293,37041.5130912487,62331.3676104358,48924.007392003,22526.0630069325,366.202181966712,4101.74759835195,23871.3778854077,34604.8457620814,38014.2829604115,32216.9599538775,31042.8673785028,32217.7702726105,42194.1886215636,36576.2836836947,31927.3404645404,15986.4642159399,41263.9886221609,22396.7530137548,34029.9793120761,42374.5211592427,1642.70736567029,931.957172287802,48431.2327837304,38839.6945720978,38211.6394605491,56553.0839077016,51042.0934578434,42191.5358415142,33828.5787393592,33517.7098941492,46756.4704596448,10258.9009676728,"Completed","Organic compounds","Benzenoids","Benzene and substituted derivatives",NA,"Benzene and substituted derivatives",NA,NA,NA,NA,NA
"FZXCPFJMYOQZCA-SCSAIBSYSA-N","(2R)-6-Oxo-2-piperidinecarboxylic acid","40424009","0",61852.2991915291,15994.489200773,27542.1000619754,108670.460062675,4047.64970575044,65363.9423458406,71744.0755525285,47361.6504998043,86159.1904776908,96973.7135986808,25107.9640354834,12869.1646569029,44944.9717271263,21877.8690594387,45232.1851286931,57236.2695960819,99224.5799767672,73789.8319157198,81803.0678459633,94781.0052614771,22372.7628820392,146779.996663183,34923.3076445825,37389.6374516014,13862.433503015,65534.9465389938,71273.8875075302,28877.3356201013,67460.4173602601,72188.8847723938,73605.1585416737,99122.6878334397,54699.7126409037,54468.1643463327,89048.1068515758,26668.9028385649,97660.3381749286,75003.8367732109,17519.4727308031,22677.241545215,23742.7449283167,36475.7713110128,16062.8444140057,77448.2757087681,29033.4516338065,24936.0228886425,42093.243788135,61191.4160827897,26356.4139364717,58948.7132426132,39982.6199078423,80351.2324287048,42099.8304652607,96655.1324216269,87725.7733731949,29521.8056786855,73477.7509208197,"Completed","Organic compounds","Organic acids and derivatives","Carboxylic acids and derivatives","Amino acids, peptides, and analogues","Amino acids and derivatives","Alpha amino acids and derivatives",NA,NA,NA,NA
"GCCFMSAXQJECNH-UHFFFAOYSA-N","Heptadecanoyl Ethanolamide","14455158","0",1071.55213546053,2002.92741287866,1121.39402153737,1168.72706799074,1135.31638088122,2319.63545853857,2535.64942681758,1381069.99403484,455.60584691218,527.645546203471,1508.8393570534,1282.67550080908,1083.99929805596,980.879119623959,10775.6641501532,568.672169382123,561.139673914361,961.755615810447,1164.44042010282,1209.11094149303,1262.33312521425,780.949148994059,2068.65265129102,1757.17106576134,1134.60082948774,894.063447643352,671.911363707352,928.882093875454,1620.27808790912,2024.17002465311,2309.76470372852,1064.60913294568,1676.01341047891,2112.5803530969,746.373558394897,1342.61114509101,832.784092553463,1177.95599402764,1756.09341900485,1421.99004775259,1846.66808651215,558.663104002179,811.369702037016,505.567911499695,805.884257726655,1400.22589620165,2929.11893651358,958.700797723679,745.320730766055,702.768099499131,1166.29473512863,1005.66265732781,1237.99271204091,868.367656519131,1004.65734212204,1777.58697360957,744.064605512878,"Completed","Organic compounds","Organic nitrogen compounds","Organonitrogen compounds","Amines","Alkanolamines","1,2-aminoalcohols","N-acylethanolamines",NA,NA,NA
"GFFGJBXGBJISGV-UHFFFAOYSA-N","Adenine","190","C00147",3013.17893899561,5319.28146819388,59523.3736988643,86652.5222437651,4666.39139361189,65369.9156560342,77517.3338520058,102890.564229867,83735.854851625,384982.617683148,3443.59479868588,4477.24721031401,3662.89039617411,69113.9665498364,81593.4163742841,3943.70254451644,85737.7993416075,83809.3325046461,5276.08857015579,5697.90335853693,37330.3796923348,331444.264912799,5287.45594537808,88753.6485541712,29998.845931656,82946.66448506,6404.08977340388,343990.46686074,5039.64683771839,76992.706555483,70832.4559229122,73793.3933039265,4353.96643843974,217135.761452052,94686.310527029,237906.736863306,72068.6306519448,81254.3086950087,2644.1711267118,46187.047211653,70065.6193180212,3032.3904659883,79940.4843539879,54828.658143181,71608.4010408887,1084.17490820185,4004.51742126202,83935.128255154,73446.714154563,70306.0919540589,72340.8193924667,103031.399823166,50668.8403791099,2723.08299082273,79170.0971465114,3513.38434520194,71076.451512119,"Completed","Organic compounds","Organoheterocyclic compounds","Imidazopyrimidines","Purines and purine derivatives","6-aminopurines",NA,NA,NA,NA,NA
"GHOKWGTUZJEAQD-ZETCQYMHSA-N","pantothenic acid","6613","C00864",92205.8757973136,201900.94405169,179695.023505125,363544.379308389,26001.5922518601,151358.86539369,419994.978945404,309267.959920607,339223.248758096,307922.427220962,286500.755082507,225425.470812345,193441.948323472,111075.635492394,200480.395572351,121230.173233015,249911.708306775,315882.953179321,399782.734109224,654925.879074756,178410.039696318,605978.353232093,252682.95412099,666370.153306828,114779.527423406,417510.961059865,555749.567003261,264683.859064236,283522.532894049,208622.151870712,55821.9915087539,599384.056971796,181910.637736737,217212.451929608,281259.35333679,345189.25491073,298055.107112938,430396.528833835,71326.8385082617,213586.260903116,268972.608659691,205892.735071442,252118.126738145,419423.83272867,195558.046042218,22630.8322183389,341715.786204494,308895.665333848,339570.030643589,258282.448018476,352468.074653385,459616.844702876,278915.666264298,307468.227877081,149679.077351469,287277.821722598,392927.739198824,"Completed","Organic compounds","Organic oxygen compounds","Organooxygen compounds","Alcohols and polyols","Secondary alcohols",NA,NA,NA,NA,NA
"GHOKWGTUZJEAQD-ZETCQYMHSA-N","D-pantothenic acid","6613","C00864",709959.475811891,871502.392341032,784442.234576512,1231797.96747649,364078.623367864,844116.985165159,1579090.84897016,1182098.08290414,1266137.85776504,1308548.6318938,1007312.57949811,1025786.62994327,948370.829666262,598856.255033063,898504.258627061,705946.076622355,1027260.69592788,1341744.67175615,1550139.25992478,1866093.05471681,846822.32001636,1749026.98639658,1079835.20011336,1967339.36850456,648082.808525296,1582219.82844562,1809138.80240502,1111489.35086757,1151936.93391491,1019454.36766482,580813.83062183,1785866.45576634,938634.449146328,1032284.03593907,1155417.08003713,1160273.60788543,1295632.638547,1399597.5000082,533189.225390519,911169.877985287,961157.585926261,792376.137451869,891109.618746356,1265782.38479573,835494.902726372,324488.073184219,1523629.67954814,1194904.17208924,965212.198099882,972773.78272811,1141212.76863177,1503821.76469319,990387.915789588,1044374.69173015,766370.75552004,1020023.4717699,1385971.60466412,"Completed","Organic compounds","Organic oxygen compounds","Organooxygen compounds","Alcohols and polyols","Secondary alcohols",NA,NA,NA,NA,NA
"GIAZPLMMQOERPN-YUMQZZPRSA-N","Val-Pro","11902930","0",55286.3052832208,71020.8619797797,42896.5984936867,72774.5519389391,37162.7090172109,51726.4105632653,244135.385071602,10440.799173537,52011.3101425051,156113.524011883,56128.2404457161,176755.369055244,175708.989030832,19382.4399552132,6450.4390155123,62176.0735309769,59759.335188118,333852.116240908,234499.74138172,186552.634742169,83430.6195128009,50666.8584428921,81550.4220963798,26829.934587395,40791.2025699337,60733.291754802,201972.670472391,187293.721714091,185268.863199601,109684.285156787,86920.7851277998,57457.5181995707,128861.88431926,132543.981997121,85106.8548023193,117566.441690731,60276.9254182711,32720.032786654,6384.17419731468,18271.2287090529,70472.8505567622,25027.2111395775,32628.0255600177,33173.0825262455,24657.352195628,7501.52341391276,327295.339097982,61244.9395523237,32478.489440153,66772.3054634946,48413.9072975745,49575.3721946538,6275.12759872238,53146.7115766666,71056.1446719236,37564.4132091086,71238.2290177229,"Completed","Organic compounds","Organic acids and derivatives","Carboxylic acids and derivatives","Amino acids, peptides, and analogues","Peptides","Dipeptides",NA,NA,NA,NA
"GJNDXQBALKCYSZ-RYUDHWBXSA-N","Val-Phe","6993119","0",20812.494051376,57502.4355813874,57644.0719938051,72171.6468922883,43471.4823332568,47585.3801061059,113735.576116866,48667.2642234228,76664.5896185827,35854.4316231969,68778.278774929,24670.2985661687,25188.7916690409,17429.6100651516,22900.2378664804,25461.7121318558,61301.3665358298,18824.2109064273,57785.3558476023,146468.580815365,24361.4529159983,164825.304073624,58881.2388881897,33755.7113064616,17838.3136728726,31940.0094034304,41342.434095277,50071.4152167835,44589.2770001644,43734.577057756,31535.9217566209,105751.924125693,14147.5249649249,25667.0882322083,33357.1567251873,64749.4796147691,36397.7120209048,65874.221247406,19239.4545562717,158811.60612329,106419.956534491,44709.4795879391,70190.0437059918,79428.7197937435,61498.2167166816,20272.6038800547,25245.0257030703,26847.732521891,27499.3414010553,26960.648024032,67962.5859820235,64258.7623856339,30928.6123793646,155556.658038346,48115.1018665398,60112.8136138598,77679.7963649753,"Completed","Organic compounds","Organic acids and derivatives","Carboxylic acids and derivatives","Amino acids, peptides, and analogues","Peptides","Dipeptides",NA,NA,NA,NA
"GLEOIKLQBZNKJZ-UHFFFAOYSA-N","Pro-Asp","3838871","0",231380.774803909,231795.295454956,211965.748344608,430903.736190575,453788.563887451,361754.961090962,547877.128439219,607122.348063396,108814.619955714,85718.7699039956,286087.831278543,266275.23120466,336372.641896122,79696.0425396851,291588.894191575,210604.770491559,291209.087849492,281536.033405096,327285.820585763,171148.186899328,192653.998226801,134830.107041688,314317.402325382,438662.137283498,67748.1891444548,319363.724303604,171947.389780124,286327.784805535,548282.841337134,62410.5453942974,301370.636714037,192249.130470643,82546.1527687874,58152.1211694164,322230.541698635,323515.738673353,181289.340766442,371259.884210928,298942.531848453,331206.088835596,258353.748722292,179621.235642428,229518.122987539,384516.731737682,241635.148724052,514236.39395748,60035.1876949433,370295.544130622,290103.14160887,189848.272591832,384769.607746768,331797.311084787,198488.93807775,411179.270771239,115493.134307647,376073.555517527,299805.534654696,"Completed","Organic compounds","Organic acids and derivatives","Carboxylic acids and derivatives","Amino acids, peptides, and analogues","Peptides","Dipeptides",NA,NA,NA,NA
"GLFDLEXFOHUASB-UHFFFAOYSA-N","Tetradonium cation","14251","0",1085048.55918345,1593454.60288979,513094.663170695,840340.996888315,3021569.35739894,1038856.20674424,2301796.65143131,1249434.05372874,1581211.96536879,1012478.46247078,1710667.91686352,2595889.41077507,1499414.32082442,903318.281940953,2112205.0320775,1063644.81511381,504521.709381996,704281.657498632,1757279.37898522,1748313.07116088,1758437.31911869,1081359.74688059,1689308.28708433,1022262.15556954,1399771.37513898,2030034.78265373,910940.168278061,1847402.22258303,1990500.2443466,1524018.97345863,942792.763450468,1783083.00136878,2996698.22132827,5780950.77673439,1042979.43351248,1160435.79063983,606057.361561703,2927636.12576122,661135.066861431,4172169.45389665,801958.997742039,2012293.8202918,536713.618153724,596623.783963127,4264152.19322772,1110981.89959751,2154802.41239014,2089475.54430867,2340631.78118534,851503.515247005,3056766.86332867,362556.795054739,2428749.84244736,947995.495871669,1280205.17613394,1685537.7307273,1243879.49229691,"Completed","Organic compounds","Organic nitrogen compounds","Organonitrogen compounds","Quaternary ammonium salts","Tetraalkylammonium salts",NA,NA,NA,NA,NA
"GMBQZIIUCVWOCD-WWASVFFGSA-N","Sarsasapogenin","92095","C03963",28350.5745827475,28777.7370510953,12673.4096759164,27824.3363804486,411362.203376787,140169.697004462,22881.967840724,74027.6145617702,18453.911721124,11116.2081963677,59524.5138640346,102825.22280575,12964.739734355,227779.044557818,13924.1606298416,97085.1928625624,35469.5130745542,99279.1547906216,72822.6596060425,13929.0602963965,116392.93470095,20052.0501603875,257963.514531212,18841.6214887858,16566.3664271837,25474.5795199902,3313.5068185319,12523.8214824526,40625.0359730052,48822.3557683706,5404.55391443855,6128.06722896431,9293.73510174592,6815.1973000835,11686.8064870039,99675.0764386997,160352.577021169,24211.1048260843,113113.548153463,13053.0213385994,14524.9303896583,143170.56541477,8062.93170999459,6966.1074999985,462411.823208474,584270.259385352,24413.9518310358,531615.519307088,5191.14737607706,1091560.41440709,10551.2648299455,26206.0561540435,7250.23464311071,26279.1822366973,5836.0699933234,10233.3562012844,97132.4239692991,"Completed","Organic compounds","Lipids and lipid-like molecules","Prenol lipids","Triterpenoids","Triterpenoids",NA,NA,NA,NA,NA
"GNWTWXOZRSBCOZ-UHFFFAOYSA-N","2-(1H-Pyrrol-1-yl)benzoic acid","728521","0",15656.2108414593,29767.1465482612,16953.488926592,43806.5309343987,13685.785533737,18748.2295945057,32402.8300388199,20955.442047773,20146.9655473038,22782.4715953414,29882.4411737055,25241.5305705776,30445.6926705857,15957.3642787973,28892.2690180724,28848.4275515664,24329.0048437656,22370.0549521452,21503.7844247282,28728.1010517531,23437.4396197319,28054.8567701916,20468.0282377616,24285.3713623989,22990.5957554096,18261.7010951119,18791.5397747126,28105.1699465333,29182.7181486558,17859.3276756878,24924.7743402346,31518.8825117556,12047.3494738187,18667.6669488052,17797.0754899889,36014.0596995087,15661.3881163236,22885.2194746672,10385.4268077476,33855.1516550421,24229.5273665516,33148.4395886469,23051.8272303656,26486.8483706378,23643.2749591757,8581.38442100723,43429.6253819188,29296.3756097533,33748.9823793222,21490.9715944533,33386.5752391704,28624.502098778,36388.5035653395,36037.6914956221,15577.5517424403,26796.3082202956,28817.4210729717,"Completed","Organic compounds","Organoheterocyclic compounds","Pyrroles","Substituted pyrroles","Phenylpyrroles",NA,NA,NA,NA,NA
"GOLXRNDWAUTYKT-UHFFFAOYSA-N","indole-3-propionic acid","3744","CSID 3613",5510.47289780543,25989.8395303287,6325.1042101492,60378.5899100646,4332.33975879244,7975.36466023713,20995.7502821686,8802.98090720319,17147.0916581701,57394.1859089471,10002.7025012037,16326.8492896508,16510.4897242554,3936.49597535286,20637.483702235,16904.3644871124,51524.2791420674,18042.7144921832,65444.4852775034,30478.2870093476,41208.3252585549,52236.8208549359,7985.30270380994,3073.48763356123,32893.8695218436,8412.62916062271,49721.4409143441,12076.505077469,16433.0442408816,120202.354063731,7706.43882386864,8390.83054465436,68736.0383576642,129184.615616698,35051.9137794344,11289.8077592253,26323.5480891672,40679.6601379358,25180.4804262028,6523.28724626397,17031.9056109619,13390.6616648993,9520.24622336205,12250.0196110142,5327.72364720632,8837.42572774125,17703.3542295635,9916.85037388127,34062.1552507461,69000.5184588687,9441.43357008893,66725.7640018456,14824.6093029956,43145.1202767023,55241.8526445823,7821.79038731642,16643.6466058704,"Completed","Organic compounds","Organoheterocyclic compounds","Indoles and derivatives","Indolyl carboxylic acids and derivatives","Indolyl carboxylic acids and derivatives",NA,NA,NA,NA,NA
"GPWHCUUIQMGELX-VHQDNGOZSA-N","1,2-Dipalmitoleoyl-sn-glycero-3-phosphocholine","24778764","0",6928.51494533105,5547.82927601874,6422.32851940564,5863.10001957989,5122.12506723155,5354.07703691864,4056.08403604303,11147.6170705598,4770.73694431293,5508.70099202388,3721.07280230274,5440.55209047629,4625.24388771506,4151.58478041218,6192.91043112256,4770.41944829285,4569.11693749413,5946.31440694911,6237.42891698486,4757.19970849584,6499.62108659784,5848.88075723398,5174.16054344918,5566.90355927845,7949.37170638992,4866.08165823467,5420.29431875448,5355.34257474563,3651.31902267496,5741.6611767509,6632.81685070698,3902.06631462333,7310.4907788126,5718.57406209821,5233.12059034143,5439.18960408475,8152.45154846655,3154.91314679495,7572.73491119989,4688.69904994068,4351.8167320625,4193.25953356929,3539.56750273753,5535.78677196069,6319.76596744807,4679.42159025865,5567.63965942045,6512.58912751627,4689.14968511826,3899.55517279546,4541.14442106434,5364.467935328,5804.22684242345,4711.3933492062,5776.48177611568,6398.90540156014,6234.96888722769,"Completed","Organic compounds","Lipids and lipid-like molecules","Glycerophospholipids","Glycerophosphocholines","Phosphatidylcholines",NA,NA,NA,NA,NA
"GRFNBEZIAWKNCO-UHFFFAOYSA-N","3-Hydroxypyridine","7971","0",21796.7189083977,27680.1086354544,8344.83668446317,50276.5337833001,20842.7814744101,48942.3876123308,95197.0667151669,21153.4024570934,165932.479317249,53258.5997098421,13090.5049640634,39950.12641102,91741.7538594973,31727.867179125,10933.5336560422,30819.2361142416,62792.8744911214,31449.8877939215,21133.7760876445,18728.9009722915,65285.630625003,25126.9845414725,50558.6735135805,18145.3044697202,39996.8218031332,39047.5362321613,37735.0045894183,56823.5549977624,123918.884064866,50092.9580310126,20101.9936062601,28438.5034503126,29152.8995624658,36432.6022310034,57258.5448635559,47883.2709233084,73827.5724338271,33275.1552941263,12697.8266790407,21841.6685614139,15060.5913973241,15623.6082966752,45017.4513848394,29864.7158052991,25975.5939339922,17333.0358805591,147292.097720495,48447.4204659863,71843.3102228104,38757.3846707965,26369.722276321,29689.495648745,8264.21640959088,34575.8719765534,24060.5119284391,29104.0345006201,33085.0651775685,"Completed","Organic compounds","Organoheterocyclic compounds","Pyridines and derivatives","Hydroxypyridines","Hydroxypyridines",NA,NA,NA,NA,NA
"GTZCVFVGUGFEME-HNQUOIGGSA-N","trans-Aconitic acid","444212","C02341",80651.8682897819,548811.974979099,849886.271446452,239533.683341985,54226.8098388279,114425.796167064,70050.4539897034,619212.679062516,146567.073676519,190040.232735112,774047.547287525,266576.719713966,126017.769584522,211046.517472094,604021.164699513,226656.16359754,179944.764467163,81912.5986229922,191319.212358326,105604.784811895,306391.191870373,88017.5411406945,276862.311753433,220015.94762098,333526.010851919,121402.046572095,259147.702051975,108009.98350649,84641.1857312028,118772.023128387,102449.354664571,425542.620468559,95986.9121146222,82124.4022926889,74203.8509800469,375485.695618565,271802.61730679,283782.723384923,629706.028919729,932795.273283605,758004.702392431,636555.774577202,356268.977955492,252958.060113333,383016.814843927,882978.639105296,73610.7893529873,121576.431320205,268617.546035526,274265.392379002,462878.246862079,100147.263453348,1019112.16317288,731417.77582263,227497.865054289,492854.611281532,418708.650942873,"Completed","Organic compounds","Organic acids and derivatives","Carboxylic acids and derivatives","Tricarboxylic acids and derivatives","Tricarboxylic acids and derivatives",NA,NA,NA,NA,NA
"GUBGYTABKSRVRQ-QRZGKKJRSA-N","D-(+)-Cellobiose","10712","0",49462.0765952759,22136.349909788,25516.9618930316,72622.7196853651,18625.3875427683,64185.2091342913,121872.575407444,23239.924280408,14307.523529987,244909.023098056,18688.0170338677,10728.7756464435,469012.165118973,11031.6452215553,6441.66767365,19730.1977671585,89894.3471909488,539569.5321618,342564.380255868,105108.29533258,13557.0454754037,58397.6419192224,263356.17334981,17768.0426202683,85788.9601925623,25520.5763533095,97053.5147829812,34551.3003209025,177086.863960891,210280.525270221,24978.9479260364,6905.32942891619,518015.392462172,268511.361060647,94966.9980190749,38620.121053285,506757.952877339,207529.364966408,33142.4180677381,10034.9763991659,5974.72928880438,15116.7663435884,21832.5845173801,11778.0956072942,22302.936909067,9212.15284853426,134881.068298357,28140.3859018871,22460.1749772868,59016.3647694328,7116.24914576899,148299.2920837,17691.3803547771,9283.11917323798,74655.6938108551,7245.90928634772,62613.8592297625,"Completed","Organic compounds","Organic oxygen compounds","Organooxygen compounds","Carbohydrates and carbohydrate conjugates","Glycosyl compounds","O-glycosyl compounds",NA,NA,NA,NA
"GUBGYTABKSRVRQ-QUYVBRFLSA-N","Maltose","6255","C00208",189048.5289849,119092.080765117,51467.2974933699,582671.818751741,74541.8509003724,501504.328135072,1326488.62978371,185309.879850808,129315.657931262,2342613.00068426,65505.1657688356,86969.7718415359,7102586.13965699,37511.4333058189,74880.6248521044,150990.399552585,579615.437554646,3487355.47995428,3486830.92331597,1224855.99896835,32815.7081025312,273228.052284641,3310515.6936011,619171.621590011,393833.999757888,319432.294799708,502287.42776788,352323.317303534,2640301.31620927,891328.032917668,224951.697587752,98212.8502394971,3121139.64200146,1844805.07885419,475000.122322747,327864.522242116,2296965.40601039,1837506.23149148,42997.6776753478,38045.7496977506,64320.302773589,102414.331977457,35487.578654108,89103.4276416515,48247.6476241293,34565.8431817549,1488865.18811541,270300.762046637,75795.7349817133,167065.305012652,29248.7601624266,854192.921833733,151474.971771247,46901.6904714849,441629.007845012,37489.7709397057,622016.535316426,"Completed","Organic compounds","Organic oxygen compounds","Organooxygen compounds","Carbohydrates and carbohydrate conjugates","Glycosyl compounds","O-glycosyl compounds",NA,NA,NA,NA
"GVRKWABULJAONN-VQVTYTSYSA-N","Val-Thr","9815826","0",15738.4163719246,99863.2614049321,34709.5206019154,103923.148313999,24849.7543282742,68574.0419628189,285916.896929564,16516.2262642936,92157.5943914321,514731.501187676,72660.9165239459,170272.39979584,69212.6830381044,29571.8027750041,16993.6657764676,59695.3349905542,33639.2688753613,727418.393600022,326025.314329019,457271.63789771,37252.9249605713,125297.104140133,94036.639528394,34708.8917627794,21482.2542206845,109454.646015694,360210.442747979,195809.587384682,328603.143072351,56435.525969414,34603.9011097523,158102.129451575,644777.182777486,319591.214613277,60015.6133179407,89784.1017236434,14323.2428116528,30587.3477227973,5717.15630403894,26876.7804678666,46314.9441991808,37126.1736123383,22212.7187102064,29678.4338953359,29051.1717497539,6853.2918227053,375864.96466739,42442.9466120516,64234.6469993059,49919.5796741371,56796.6232116448,72794.2663867949,8499.29715818603,54927.5595733673,55193.5870388556,39375.1793742518,91619.0849234915,"Completed","Organic compounds","Organic acids and derivatives","Carboxylic acids and derivatives","Amino acids, peptides, and analogues","Peptides","Dipeptides",NA,NA,NA,NA
"GXEKYRXVRROBEV-UHFFFAOYSA-N","Endothal","3225","0",40426.3896662009,56378.0189403587,77456.8394698935,60765.344631333,67248.8414810755,26939.6289734136,23082.5276823932,60030.888590665,76906.4544508941,49318.5606380955,106495.045710328,39402.8912616964,38691.4761922067,44131.2164208129,57210.0024801819,58735.8503167128,52363.1315262896,17613.8991244819,33742.8205069523,51719.9548461903,80500.7174356128,34816.492439963,71103.9919373581,70840.1417979358,45381.6445461845,58989.9804646057,36467.4136402165,67828.1121375826,27018.4112389344,34676.6115806403,51475.7412288086,248317.266810498,10411.4595033991,21348.1804102424,20854.8680169742,59657.1399030934,45842.2407069089,72523.7371764829,66100.2657685131,92200.0295793777,87050.9472472758,96851.6431492718,92198.5562817423,64085.2792566107,62947.847564783,42581.5362777284,20148.4513007385,62884.8125615128,76971.4441192157,50172.1897931211,80831.6301903516,16018.702772942,172624.249680928,87282.6607322836,38715.6564841952,62932.082862142,53980.33318668,"Completed","Organic compounds","Organic acids and derivatives","Carboxylic acids and derivatives","Dicarboxylic acids and derivatives","Dicarboxylic acids and derivatives",NA,NA,NA,NA,NA
"HCAJEUSONLESMK-UHFFFAOYSA-N","Cyclohexanesulfamic acid","7533","C02824",13206.0115545757,21538.4678673361,11112.0810808606,2864.74471056347,41927.1969019018,13241.8924234535,8457.85821922173,6776.39558501697,3635.75891720214,42317.914680775,20057.5686829255,11661.4209304644,52015.0583656202,15431.3582667768,15425.5213650678,49040.4658025769,289985.628003794,2077.51374603054,4502.21500290094,2028.26091188019,15708.0759549113,5905.89828498561,15013.8542973521,10305.0925277698,19372.8984990293,9841.88297016118,32161.5360482609,27676.0781396029,10436.0085222228,40512.4627116188,7184.18396557222,2556807.56768417,18793.6750251094,43410.9862404245,1121664.15194309,15677.5047203909,4258.47444753388,23226.3647370706,11903.4779103966,17099.104863524,10729.4730617463,157869.525470196,133042.758687258,7368310.69370235,84285.9799478455,49430.913004223,95994.3541971934,14617.4770771122,8427597.92666089,7131.63923182626,10089.0422474303,25635.6947959982,19930.1895341468,187960.822189852,4535.54241033782,6944.49558296149,43285.9010287006,"Completed","Organic compounds","Organic acids and derivatives","Sulfamic acid derivatives","Cyclamates","Cyclamates",NA,NA,NA,NA,NA
"HCZHHEIFKROPDY-UHFFFAOYSA-N","Kynurenic acid","3845","C01717",498874.892095336,450480.265600451,483517.481544511,330530.571022979,4666.39139361189,9464.71000185674,96154.1183773987,19048.2890169377,493393.945848771,706855.568453976,541471.75701541,315635.975042212,26054.7295954181,419328.604959997,459752.302978996,39039.7339295686,419076.479809273,63307.9272879929,48696.6275686021,460718.133474019,386584.365979397,425015.373214914,190362.575958852,59148.5734218366,370087.6815123,229199.345627851,682954.990981246,548667.301067748,129311.855394859,1163.18135908316,13403.5301016366,218752.793594954,421139.066014887,429100.170378258,280311.115636155,377671.619635138,257504.412182008,412050.83299923,463271.621077608,300439.604532224,167977.385993983,528778.735755003,279709.858057576,292706.544157031,456162.917406757,5270.18356360848,4358.97320410078,392825.853661065,381773.081877007,518183.432882554,688416.574978582,496207.214558905,555531.558343643,474116.595457256,360542.083508299,614183.819363922,14121.6880719514,"Completed","Organic compounds","Organoheterocyclic compounds","Quinolines and derivatives","Quinoline carboxylic acids","Quinoline carboxylic acids",NA,NA,NA,NA,NA
"HDHQZCHIXUUSMK-UHFFFAOYSA-N","Quinoline-2,4-diol","54680871","C16716",4707.12962020268,5670.30004223713,10547.7327326278,48352.803062745,4263.46313305647,267073.667620501,10617.2559992207,158326.512794268,10758.2977349057,4179.40091905954,30669.3316824427,5392.08392040523,70339.2096471703,355027.250423363,7853.02675677642,276056.256855007,7332.52983265691,2649.02652736614,6016.27550386456,2063.7538409416,6181.91572751414,2930.48147611273,115576.483458805,30316.3322879526,3358.41845528372,419690.439482812,3263.27045489023,3860.82836783988,472155.445078805,2973.73241073555,346736.558462574,309375.864185869,3882.80261374287,2692.50437159409,107036.560177051,110626.367035664,2916.00611801675,2416.17950402878,23821.614536097,31376.7998295873,765379.078420045,130235.049866955,62555.1160783015,6895.18250521977,38188.8252502749,5282.18549986164,1873.15536414012,14770.9796005122,13263.7922014804,3399.74165375513,16543.7982547254,7736.22573441122,6292.96132254401,16775.7180237432,3141.49081119062,11735.743356732,148906.157699335,"Completed","Organic compounds","Organoheterocyclic compounds","Quinolines and derivatives","Quinolones and derivatives","Hydroxyquinolones",NA,NA,NA,NA,NA
"HEOVGVNITGAUKL-UHFFFAOYSA-N","Isovalerophenone","68493","0",228768.039497015,332078.036096044,298559.281401091,415735.090360639,310640.469731793,261633.973137473,345694.493569661,222957.809950353,326658.142708949,412336.659184592,378927.841370851,354975.684582209,344117.965029991,302998.010165049,267151.747745802,316993.836774517,312974.22456241,301115.718671158,286290.991620414,356433.805921865,339092.265259881,346275.708455509,302958.985720491,313767.926116927,223517.557725748,327017.361285448,283431.470484491,455278.844563724,354221.804887431,198435.092706389,306092.579471251,393648.792633548,181613.592700616,207501.610182357,300267.571036543,418561.368062476,264398.855033087,352546.705561388,193551.454022305,349385.901862443,359778.799537301,368935.362939321,376823.021542056,332404.536747416,308791.787981497,171914.401341748,319882.92466773,331859.470241407,352762.374339105,288952.797462164,412991.445124244,362766.89171017,448919.786284453,391126.325498656,232398.814167457,328685.412451116,337607.888697944,"Completed","Organic compounds","Organic oxygen compounds","Organooxygen compounds","Carbonyl compounds","Ketones","Aryl ketones","Phenylketones","Alkyl-phenylketones",NA,NA
"HHXMOTDTSDYYEI-UHFFFAOYSA-N","4-Oxododecanedioic acid","13213508","0",48841.4853353943,93035.5289286908,100953.558344085,21080.6121986608,183701.101017702,123294.19702971,102711.173623087,27292.6539947371,49404.8875058593,71287.7050814826,103856.489534975,46195.3835765479,89413.0482618224,105814.054942211,110551.710706883,73127.8109080822,13855.5491870532,28695.7461724137,36677.1713191085,50995.9052455786,36244.0189326766,49234.5867397261,81473.2514076776,114499.002191773,10125.107308163,127050.373123686,80259.8055038514,158249.126296675,53886.1458396413,13315.2190428337,163698.688425625,145405.389377179,74843.8960218524,71023.5066413387,80515.8787595697,53041.2488600447,40167.0977664642,63246.8926439623,57100.0618565287,99400.7365279232,16839.4143081337,112936.573686454,68834.7422757825,40136.8325546981,87413.3287118775,95582.9196264146,42944.6971170839,57972.7152105877,58537.5942976948,26921.5354235567,35133.2592038822,82592.0805242094,59607.1619502856,63400.1473140161,6783.23573196494,28285.7340656851,92647.823497674,"Completed","Organic compounds","Organic acids and derivatives","Keto acids and derivatives","Medium-chain keto acids and derivatives","Medium-chain keto acids and derivatives",NA,NA,NA,NA,NA
"HIWPGCMGAMJNRG-VXSGSMIHSA-N","2.alpha.-Mannobiose","11099946","0",75742.6947774271,31050.6787516996,21038.0147370587,188872.5567364,14313.7107716966,87395.5014434623,156744.201592525,42401.6854848434,29626.5670369663,588723.064728387,16286.8623946664,27471.9318968832,168911.059366401,8994.79132192027,9684.87925404964,29410.2834449457,200586.29068718,851913.94358146,557268.237715988,204547.658252368,13894.1526884773,70540.247885649,321674.98149271,59586.7506657618,224972.235420818,49201.2793738481,147167.427288276,88880.0053131912,284359.22615582,240716.018703969,35596.9707431764,20989.080411056,547169.084009291,317601.057160241,175177.701711992,50489.053557794,436785.162191654,375129.674312006,19342.4394711715,7583.33293600699,9158.45082667844,22061.4416643684,12855.0019566533,28670.065197096,16910.35819492,9474.86189763114,289280.341453292,72376.2587228993,34690.8037352954,105974.602176482,7243.06055744568,227507.598706862,24839.6270175321,18278.2282945635,151586.465754701,10922.3750052753,106172.717517852,"Completed","Organic compounds","Organic oxygen compounds","Organooxygen compounds","Carbohydrates and carbohydrate conjugates","Glycosyl compounds","O-glycosyl compounds",NA,NA,NA,NA
"HJTVQHVGMGKONQ-LUZURFALSA-N","Demethoxycurcumin","5469424","0",4802.83672255841,2631.53917553309,3407.76233612427,2386.70034122236,15852.9662224282,27959.1943667194,4600.78764259666,7091.11613346044,6986.25393368109,13932.5683823396,18766.8399711983,16400.201858787,3669.47548724529,9429.80142623806,6008.74994689496,8326.34306452574,13016.7579391288,5985.98532487423,12041.0394288278,30863.1548947883,26192.163431331,4318.54612844239,14718.2311975545,15565.3277492877,24983.5249211487,8021.40352458765,2638.05337581645,19345.5931782769,14836.3208214754,27672.498706411,38063.6786538819,4102.88028069895,47781.1725482826,50660.1764320293,3872.08426811061,9483.85977810372,30510.9642536822,12534.64670651,9740.81196567881,18096.4721884263,11810.2042544491,6423.19852123421,7050.21374115456,36567.6711598033,5627.69382123475,7912.85109026126,15865.3955412912,6817.32675578653,25002.0522408901,14456.5632256151,13865.4526643075,9732.02452930316,16355.9432296553,3948.14904852317,32185.362135017,12986.8333665972,20993.278550037,"Completed","Organic compounds","Phenylpropanoids and polyketides","Diarylheptanoids","Linear diarylheptanoids","Curcuminoids",NA,NA,NA,NA,NA
"HLIJNIKSBCIDGO-QKLMXXKVSA-N","C16 Lactosyl Ceramide (d18:1/16:0)","53477895","0",7268.58837754307,2724.2512958027,2748.79637988667,1735.74164840623,5301.20429414507,1836.79288455093,1187.12325330857,3561.38612568167,4742.6131266023,2612.76221237819,1113.2856072166,1544.92292101498,1777.83093521563,18965.8262288727,3331.68172941568,3509.40838776228,1814.84684760897,3501.05915091882,1501.81220848532,3487.59061559618,5895.73838116394,691.980258602331,2621.97930178305,597.027650073306,8545.33572103664,1816.87491611125,3554.22272764824,13501.4828594701,2045.37967890662,4397.42471250251,480.667452204485,898.052947241708,4574.07216676529,1386.58524723388,3459.68598150569,1263.45020868533,9397.84230505786,1212.65547292147,1604.9597127234,849.141725406661,1095.94545193599,799.381176756059,4330.80613341872,5497.59639015676,5290.4920347033,1565.5859068007,361.859558981615,2956.25101291642,4557.12582755723,2393.04654570825,1192.21239590927,5670.74217080016,3651.37165313208,2324.90041905222,2652.86743008738,1252.66880193014,2829.09085265646,"Completed","Organic compounds","Lipids and lipid-like molecules","Sphingolipids","Glycosphingolipids","Neutral glycosphingolipids","Simple glycosylceramides","Glycosyl-N-acylsphingosines",NA,NA,NA
"HPTJABJPZMULFH-UHFFFAOYSA-N","Dodecanoic acid, 12-[[(cyclohexylamino)carbonyl]amino]-","22978774","0",51723.2440954932,46507.0680505051,58131.2983617835,29187.7102447013,38539.9159305614,66261.9299782877,46362.7500658604,70619.347532471,38375.8867267428,58353.7266512708,42274.4907394884,56134.7959726553,61129.2704739119,70093.918562542,42693.6122645741,26950.581561625,47903.728252127,54640.9305219991,45161.5579598985,31699.3271637941,50828.0069898946,72998.4253757316,51788.1374745698,32937.3639893955,54508.6124819165,66390.6792922044,63494.5772794356,38582.3372511955,48981.1499849342,57677.1227101928,36484.4325760376,29458.6875300298,45651.3037155207,28741.12156334,51494.4594782622,44779.0502239003,40094.7686742103,43287.5999200621,67328.0599487465,38147.8301605958,45382.1878767928,34258.3717261571,37284.4946789351,48993.7133804228,49584.1007157153,92722.958846473,41959.0503455459,55964.2875104206,31466.1977724239,42528.5769867872,52899.796914763,47021.4990111944,58920.7787500711,57372.990341208,64535.2310002972,57607.4760099996,47347.7376368011,"Completed","Organic compounds","Lipids and lipid-like molecules","Fatty Acyls","Fatty acids and conjugates","Medium-chain fatty acids",NA,NA,NA,NA,NA
"HQHCYKULIHKCEB-UHFFFAOYSA-N","Tetradecanedioic acid","13185","0",18037.4791964936,42297.9271325834,33979.3473920249,45997.9046212415,37488.8407330267,36904.8610645679,42099.5150172056,17245.8057175034,28481.9192741083,39401.1224428099,17171.8875959549,24315.2415373944,132023.25068699,13409.835006357,25007.308609771,25247.8298448241,46771.4273938223,26245.596784816,62865.7911414241,49846.9880241569,29700.3551075028,39872.4686689629,77108.9521512276,46615.0740839272,36034.9101800338,37483.8600170934,44905.7602430564,29500.7678433537,36316.3274447686,40073.5586258793,38175.1658197869,41638.7899969956,38896.8706543004,50467.0517044959,47979.5367456877,30652.689800654,21612.973214281,39124.91725336,25405.4480408021,25807.0002200526,48002.8185410821,22896.1969197002,27659.0993642129,16925.0421052273,23612.3460175793,44454.6291223232,39044.0277060692,44273.3109699909,24775.3790564759,41964.5852553231,19991.1642010699,46004.3509661363,28274.4644030116,42861.6364079036,69614.6555971284,17894.7929572093,35987.2254363644,"Completed","Organic compounds","Lipids and lipid-like molecules","Fatty Acyls","Fatty acids and conjugates","Long-chain fatty acids",NA,NA,NA,NA,NA
"HSQGMTRYSIHDAC-BQBZGAKWSA-N","Leu-ala","81721","0",11543.9866857559,63102.1856145643,51869.8841392009,83332.0253774999,68871.6062958476,71154.4755702049,113509.176058512,45655.3875327654,125289.42371269,105660.436935394,76645.2210429851,218752.138615976,63170.7018478988,68264.3029562242,110248.358259309,51425.1270017908,91848.1759096724,66715.7886992301,120201.022062581,168722.886377946,95870.1463296196,104247.648971536,98755.923952874,79673.8747286915,61196.2964552586,64192.7405092043,90799.6289325536,81848.0095891487,116412.8156294,131253.862940936,41818.7134176061,57839.0672338564,441895.252084315,153973.274389687,64455.3625195574,128238.646657022,12142.1050199508,43759.06823841,22035.0977166291,35544.1245875648,91704.0155797459,40820.266658588,50889.5499458492,48720.702965802,49668.4725377698,29201.6616810201,82302.6035740572,51003.9179994063,96481.174214075,131927.272257037,76572.1698124083,61441.6890106299,21275.1716499481,98138.7363664102,207358.203409293,65045.6694823408,80258.0423097829,"Completed","Organic compounds","Organic acids and derivatives","Carboxylic acids and derivatives","Amino acids, peptides, and analogues","Peptides",NA,NA,NA,NA,NA
"HSRXSKHRSXRCFC-WDSKDSINSA-N","Val-Ala","6992637","0",27775.6579879135,148677.581515638,176174.867659457,254662.327582549,88154.0453357043,92659.978827476,170854.063977385,157078.318731793,264815.742484458,223593.36537633,261551.272248168,472206.339935507,74327.3899407661,134573.277627501,135036.672156948,97020.9251173925,226866.141607059,107805.079137998,155148.145973815,334783.136498047,197377.485870435,205620.286271638,251114.200544957,165717.562750916,175340.017872373,123253.306215794,239276.846616189,162913.464980697,214991.755824835,268612.833001264,130635.169776591,124953.151426242,1239082.90484067,365603.940766523,173086.36725421,254611.777627441,31676.0785749426,86656.4696722703,83483.3169237347,60236.5667572914,334092.578007551,113329.740027171,176831.330789582,73227.3292246285,135572.311321077,47375.6430366283,103304.888521135,83912.5222342002,180340.751525533,409004.975562809,266268.790552836,85577.5034529051,57392.9786087025,332461.627424624,536460.801877597,163343.323182195,103559.350555738,"Completed","Organic compounds","Organic acids and derivatives","Carboxylic acids and derivatives","Amino acids, peptides, and analogues","Peptides","Dipeptides",NA,NA,NA,NA
"HTZINLFNXLXRBC-CQLBIITFSA-N","1-(1Z-Hexadecenyl)-sn-glycero-3-phosphocholine","10917802","0",13640.1528716288,10322.2604850521,12764.0050549963,6752.55124945553,20215.2896535069,50901.562815287,11567.5276299866,35194.1508765541,19113.8839767334,62842.7882769825,8681.0975417276,17896.8717987383,884.860607390647,49264.6074277674,31873.1926272716,21067.1616174353,12811.3558952749,6799.46665287176,33228.3003213254,20922.9874336585,11795.114609951,10546.6578461898,33411.0163420495,128612.606645164,15760.2026799161,24069.7595690308,12356.0522740327,30406.0991109153,28966.7935310063,15221.6543810143,46545.9449208507,25511.6060300811,11263.2228166589,21638.142419491,38998.5500312319,59112.3876696702,10158.7041350726,10562.3387464478,14643.9199121737,8365.24326666887,18421.9297591674,11547.8949850803,13531.5810070035,17684.8746596359,13081.5072058997,12337.9904682454,75115.0108572476,44736.2879212174,26572.8716564264,7108.45893746247,13807.633780884,5812.67413357994,9641.39838056004,9661.34924141215,15594.2364432585,10753.178080035,15073.2498094685,"Completed","Organic compounds","Lipids and lipid-like molecules","Glycerophospholipids","Glycerophosphocholines","1Z-alkenylglycerophosphocholines","1-(1Z-alkenyl)-glycero-3-phosphocholines",NA,NA,NA,NA
"HVAUUPRFYPCOCA-AREMUKBSSA-N","1-O-Hexadecyl-2-O-acetyl-sn-glyceryl-3-phosphorylcholine","108156","0",5414.22570000958,4890.15161805859,5451.19024853732,4575.89229299487,62994.5618981172,2909.99761601212,3869.84989735022,9498.85251486997,4993.85256481725,5025.87475862534,2814.41975097105,4534.3704107549,15303.0424595879,5145.44339689317,7183.77610010216,2750.85424401455,4961.11471377239,5791.80651989225,6209.22057347461,4239.13103166162,6238.90867360931,3777.33350687844,5046.70321627918,3412.60647814697,6437.36681151468,3882.89934603522,4274.27727317886,11334.4372594568,6448.21758566645,4755.62725869273,4850.99836497355,3445.91243665929,10675.1278237891,4487.87064690399,6609.97779564256,34224.605900233,5249.06337124607,222336.911012263,13420.1381312221,4949.33582682798,3647.67177919363,28242.0630340866,5434.51400210122,2554.20910683929,6730.51472473945,6226.33781844332,10082.092162521,3977.63214146662,2940.60115300181,4716.42211603511,5143.73003421414,3844.30191292347,4808.58180647538,2550.45045970654,4336.83044837734,2219.94519984039,30564.2361357913,"Completed","Organic compounds","Lipids and lipid-like molecules","Glycerophospholipids","Glycerophosphocholines","1-alkyl,2-acylglycero-3-phosphocholines","1-alkyl,2-acetylglycero-3-phosphocholines",NA,NA,NA,NA
"HVDGDHBAMCBBLR-PBHICJAKSA-N","Enterolactone","114739","C18165",142653.555708777,545617.956749023,143823.432670704,373220.595999785,1167994.78527071,1262339.78092878,612901.080879597,657200.329596841,796724.720262057,330355.671740994,392253.002412831,404872.011336875,1236532.93900864,530879.767941212,905558.438181556,811048.210780559,567255.821803382,67661.3866618536,406927.027198294,145725.594289189,446707.916335596,282135.794504745,530162.631384041,909086.249457408,195618.512072079,796091.359086804,87225.0924209777,863394.638833387,762510.277643623,407832.099865949,1344070.89514562,817698.881662365,424720.831418396,98167.7804961662,735064.018172103,618338.157556554,42391.5955263146,446261.910585178,343361.417986566,516900.822844444,573899.398871309,610450.850383704,422767.445397876,72275.2521296051,323542.541215256,708169.583336629,240305.295146987,514755.576845632,77422.4928685261,190185.573450944,442450.418240245,456407.666318971,245644.826198421,503190.503920574,255751.050920275,386420.26417006,833018.595415733,"Completed","Organic compounds","Lignans, neolignans and related compounds","Furanoid lignans","Tetrahydrofuran lignans","9,9'-epoxylignans","Dibenzylbutyrolactone lignans",NA,NA,NA,NA
"HWMGTNOVUDIKRE-UWVGGRQHSA-N","Phe-Asp","6992643","0",4092.78992244247,18315.4131078953,28380.2033563236,50135.673563973,15227.3862948179,17536.8917072299,24878.6181275531,20461.2373348174,39085.493013538,66005.9950674503,50542.147064613,175153.228194893,21992.5195316465,20012.5693624207,30135.6447755965,14106.0968266768,30816.2287772511,11578.321720123,12166.3779040746,64781.1893880645,44390.7709692014,27569.7486255617,34168.8064746001,35892.9005138966,25237.3270780887,24994.6180895214,40860.4008980666,39537.5317936127,39575.3087414025,28139.6757547288,8457.09787079554,24539.4980827835,205631.60790689,79027.9331975995,19709.1459219714,63502.249007022,27986.8885320801,20146.3616507963,8510.59981596613,9577.8159371066,61949.0851301607,16005.5825436344,51977.4957081912,21942.9445256072,18952.9606732521,5512.57186498708,16079.7180364019,15224.5151617098,43550.718921507,83084.0234142214,39475.0841194045,13887.4122769279,15879.9592990633,35467.0492946993,80194.1557710719,26279.6078867962,15018.049387533,"Completed","Organic compounds","Organic acids and derivatives","Carboxylic acids and derivatives","Amino acids, peptides, and analogues","Peptides","Dipeptides",NA,NA,NA,NA
"HWXBTNAVRSUOJR-UHFFFAOYSA-N","DL-alpha-Hydroxyglutaric acid","43","C02630",143455.221450843,2056705.4925528,3466702.05555782,819748.37164284,99493.8919940616,252104.929404488,90150.0488329873,2113568.56709747,385029.25556966,500833.311870176,3021285.53765164,848257.247118943,239085.308039654,730630.790025999,2286854.53989414,741009.988080783,570207.084767416,126841.810263378,543859.311405474,134509.440635084,1069396.61924178,110573.351031587,858367.195951723,454284.443317247,1262442.90447355,153049.347303195,787066.064066926,234520.185333828,139431.949344864,296933.423649847,231224.382087024,1489664.86404688,173789.081552614,209899.606101553,98984.7388725485,1290973.7661314,930422.13834136,738168.544549578,2421916.50430915,3622533.70910351,3008718.7694432,2510833.0407287,1222787.4748237,788849.60082322,1353288.75290065,3601030.62274635,194228.724149737,303906.390409965,812376.292354021,902693.844401814,1690787.90528611,93578.9450788139,4085920.29622781,2898725.60752318,736349.686267322,1831349.00130843,1414169.33993814,"Completed","Organic compounds","Organic acids and derivatives","Hydroxy acids and derivatives","Short-chain hydroxy acids and derivatives","Short-chain hydroxy acids and derivatives",NA,NA,NA,NA,NA
"HXACOUQIXZGNBF-UHFFFAOYSA-N","4-Pyridoxic acid","6723","C00847",1021728.71444748,1127014.72498077,902066.500751604,1501836.69206649,2047520.13823478,1997130.51505021,792729.302889921,1962792.1146986,1467530.91771477,1699589.68606221,1145408.24597664,1472469.87945054,1633002.97536513,1308284.04203275,1260794.03547778,1284579.96045698,793110.783414905,353556.976896111,542409.373135005,1307317.93920991,1112773.01289226,862158.421154706,1389967.57662835,1364044.17609699,750106.27950974,1738900.72300324,1906292.47457623,1534846.47952664,1909248.36044247,347236.409402869,2029535.64567523,1045280.59899252,1145260.57632132,1475652.01726491,1254865.65645972,1369157.71882317,790749.169428278,1476452.21116573,899766.979829824,1273909.38098478,1386172.53878177,1153884.60633711,921463.453334413,795527.008944358,1314832.52554846,881199.25640413,290929.651217909,1326170.08750264,1048545.57204065,1192175.67441375,1598161.53148542,1458772.3305389,819135.593360989,827244.573736471,1126711.10553219,1404566.62109091,1717767.731828,"Completed","Organic compounds","Organoheterocyclic compounds","Pyridines and derivatives","Pyridinecarboxylic acids and derivatives","Pyridinecarboxylic acids",NA,NA,NA,NA,NA
"HXEACLLIILLPRG-RXMQYKEDSA-N","D-Pipecolinic acid","736316","0",497741.741753286,328550.492294257,370900.796418061,227612.346935056,319219.053467208,360732.184802017,277740.999024681,472813.996876824,264044.212418596,222510.571523793,292185.181206745,176829.19447996,344238.709756458,276599.567771691,448952.699847344,353018.829203388,289010.93192975,358611.686236599,237238.938923583,208938.460705866,266226.177369272,318002.273794108,331063.326361478,387629.795303724,10671.2193804979,391493.422390738,126211.537513334,368814.970551697,314333.94905437,196453.906987279,320329.397819947,445258.702609118,100219.182196229,104437.557218346,357702.185886247,329469.900502961,439123.266621202,249389.720530916,528210.965987252,438161.735199888,162054.714114145,463945.88253555,241349.663957062,477622.554262069,385995.740075663,478533.200995039,250038.476952171,386665.712951147,220470.631160116,195493.727747308,288874.544538003,360458.629789172,651032.699235961,280772.498107904,99841.249695867,341822.636363302,469713.177294912,"Completed","Organic compounds","Organic acids and derivatives","Carboxylic acids and derivatives","Amino acids, peptides, and analogues","Amino acids and derivatives","Alpha amino acids and derivatives","Alpha amino acids","D-alpha-amino acids",NA,NA
"HXIPUYVSSGKLFF-VIFPVBQESA-N","p-Hydroxyphenyllactic acid","9855652","0",99917.6139267986,312360.049829229,167851.907144469,305839.22970833,95206.7423479738,108300.945675008,100009.429040324,365032.919755995,475469.843288678,128147.05947715,477462.290495968,139228.746430568,49116.9513992349,160119.288476337,786196.660951648,152509.285160233,410334.541436892,40933.8851375673,107796.785915709,103145.033999016,158537.217166388,586198.187124578,289799.680904014,337541.636283367,400428.858953967,159882.195561987,281167.962069993,107813.9264213,67890.5326170392,373238.110654057,118954.35575328,708247.529181225,44362.5125641758,104919.593596191,144242.192477845,450666.977385154,513195.44361891,398387.716272044,531278.282791722,376780.851504874,621419.616447644,721342.569454858,418165.848715579,729672.628134169,324067.920468074,1806476.95934051,108433.355268263,191713.033483112,510114.401133171,889948.419804162,736601.688039537,192755.811812519,491853.700632635,901361.448462105,704536.022386592,738495.869319822,495389.662960105,"Completed","Organic compounds","Benzenoids","Phenols","1-hydroxy-2-unsubstituted benzenoids","1-hydroxy-2-unsubstituted benzenoids",NA,NA,NA,NA,NA
"HXXFSFRBOHSIMQ-VFUOTHLCSA-N","ALPHA-GLUCOSE 1-PHOSPHATE","65533","C00103",76720.566307033,3583.47533281517,4821.44188176264,25239.7654422562,3403.65325511913,22510.4194648136,45456.4105908887,10589.8260765951,6233.17546526561,98433.3971270777,5300.75760708811,3385.84788067821,65037.2546432125,5462.51396297199,4183.07681053471,9781.35606411546,46290.0231206259,123504.424009819,178635.541114184,77162.4098159158,3687.56487394478,46639.4694297971,77793.4784816063,4595.0603441367,14569.4689672853,22709.9781840298,53131.2340965225,12485.4207701919,50827.4741569452,45549.0357735486,19267.0820339589,8132.74348212207,175521.708115606,53589.5576566546,74035.5788679063,20112.0858033842,209235.741459978,92629.3457629174,8217.39372914379,3804.56016014633,4086.04995996802,6606.19120482576,5510.66196766456,9359.37142637835,6021.91306742391,4340.7002782251,62093.6195660166,22062.4489045285,3044.99211014309,12434.7545191549,4705.90669316982,61171.7421951736,2163.96279111229,5842.61355310324,55973.595951893,4111.68913505791,34882.3702837555,"Completed","Organic compounds","Organic oxygen compounds","Organooxygen compounds","Carbohydrates and carbohydrate conjugates","Monosaccharides","Monosaccharide phosphates",NA,NA,NA,NA
"HXYVTAGFYLMHSO-UHFFFAOYSA-N","Palmitoyl ethanolamide","4671","C16512",151576.503568768,985551.185861617,138243.024367395,67423.1113539131,280193.557325208,87845.4908113848,709420.271952248,167733.767278267,383961.358754945,123251.072972061,117183.430937794,228472.029690673,170469.92784989,136504.441338443,334371.366968186,172329.089904507,385249.243132712,117527.879798881,115251.393246669,219266.602863609,405997.13351211,232247.247270111,342569.890619882,182268.347202724,320955.882645493,168598.51772971,96269.6181919893,283563.313618605,157139.983949979,158868.690731574,183967.587536968,213383.232238722,127207.354364146,185931.052892841,207897.99552909,170853.257362625,1067653.18074105,140695.429184333,83203.7864404354,121409.768150959,90726.9309506445,249590.135783467,1247415.709716,484502.278755606,485144.725190962,363223.931668597,766425.024227186,135622.767619673,500269.099521436,141119.065497124,124510.293651661,126999.226274689,130124.545550114,581468.872306993,118299.295858128,125592.023681879,224212.077184069,"Completed","Organic compounds","Organic acids and derivatives","Carboximidic acids and derivatives","Carboximidic acids","Carboximidic acids",NA,NA,NA,NA,NA
"HZYHBDVRCBDJJV-UHFFFAOYSA-N","Asn-Ile","4414300","0",16653.1742454611,45940.7671451199,41977.6319745093,71918.8261065274,74910.9727060002,53882.4952979537,125607.401088585,34752.4113300456,61717.8753423983,161678.408954725,111134.613404174,213546.630283824,127699.206959646,59931.2673090176,53892.9832023677,48357.1292072385,45422.9502538469,78502.8424140655,89673.9818356985,143031.581494131,33502.9022299909,62405.5597673224,79661.5210852231,72243.9064348665,13266.6584161137,97566.4043186771,157831.997333632,135302.68269238,137866.302513389,28647.2427495871,46398.263155551,116757.279590435,210767.499254354,99019.0397700427,39954.3571390032,79326.4944251692,20266.1863248264,52884.9310413905,14399.1630676163,21797.2553020281,48001.9991846055,34422.1980220222,49827.4724591065,33040.0240191289,35524.4577260703,17866.7205239227,155600.896901915,63421.0265527291,49036.2099843314,48501.210612088,52143.0059388449,66858.6892432145,47495.7726704968,46638.7818628349,31075.4155474247,39570.5393879975,56912.5787557312,"Completed","Organic compounds","Organic acids and derivatives","Carboxylic acids and derivatives","Amino acids, peptides, and analogues","Peptides","Dipeptides",NA,NA,NA,NA
"IDXZDKMBEXLFMB-HGNGGELXSA-N","His-Ile","9900065","0",6597.4245849133,45873.4988110919,53133.0850086455,78691.4682766479,42665.6258121459,27415.5026855087,105631.0484197,1382.17327180966,36498.1531642632,383771.47761667,164317.58203242,205730.071890903,70732.9816282597,55931.4332776879,51914.2834426102,37362.9300328631,27656.9859648219,100171.493819493,56044.3368861501,142229.449783704,925.2259121407,84838.9764673714,64297.1637268264,55912.665710079,21449.9272606315,51161.8943940821,156161.829561953,1745.67562223298,104461.968343334,23603.5939618655,40128.8374390634,48357.5628358098,219157.668756146,190028.673918275,28404.7236268918,1278.03248644427,10037.5719034285,24894.1366737841,18794.078235991,15128.9057735957,59129.9102834532,29876.152613293,46269.9546154097,19092.4630175523,2809.18521434075,8434.6940890242,144914.110443931,33747.7066448433,51609.0470172878,25209.7861209695,54025.3638972363,26998.8208672017,22969.5107836824,40573.849813243,28352.0737474298,43076.9256110443,29115.4125488897,"Completed","Organic compounds","Organic acids and derivatives","Carboxylic acids and derivatives","Amino acids, peptides, and analogues","Peptides","Dipeptides",NA,NA,NA,NA
"IEHDJWSAXBGJIP-RYUDHWBXSA-N","Phe-Val","7359121","0",15023.5459279479,80023.5558511843,68042.6537974601,111874.515587232,67883.6543816087,43795.3147882276,126274.38640865,82159.3322875109,71943.5380855585,237976.29030373,142674.297750305,240731.014706503,63335.1144320507,99040.9778744691,175133.425341581,56440.7128111757,85920.6554471601,69875.6321102794,95012.4709449398,210542.087761461,95523.8155031241,82235.8126373912,89307.1237026304,123713.231758912,68869.0760332435,64134.9179248385,117057.006830549,138304.83556407,166277.137789812,120590.51536833,58997.0048866641,76597.8393496988,405105.739367172,180189.587093171,34991.3107981972,202518.673516164,15641.1994110496,67756.2114053059,40938.509872292,36284.6916459562,59077.8528744863,48690.7757673428,113470.971857047,45952.1222581809,76271.9607618315,25168.0603228702,75202.005226926,54264.7257532556,136080.520858764,197175.92839927,131936.629096056,72281.6533343437,57989.7597610811,86533.1405971861,208234.600325385,83181.6931859386,68825.9760099412,"Completed","Organic compounds","Organic acids and derivatives","Carboxylic acids and derivatives","Amino acids, peptides, and analogues","Peptides","Dipeptides",NA,NA,NA,NA
"IHBAVXVTGLANPI-QMMMGPOBSA-N","(2S)-2-Amino-3-methyl-1-(pyrrolidin-1-yl)butan-1-one","447256","0",62038.3771072678,53182.2069777782,62284.3231174081,94146.4238998534,82577.3345386154,30458.9042291792,50074.0621836054,103117.508604862,27825.7052428957,48283.6419605999,9921.73627522427,60763.5062144414,109478.522623362,163618.610272774,46891.2606290644,109593.059327825,376329.293733727,63554.2442093879,40657.249668183,124986.624546175,165791.267574968,39871.2434718486,380313.444519623,51646.9076123953,30006.0118316317,46597.6669545051,75418.3875079681,36151.6759507974,60754.1023800595,160567.222077872,101055.406954557,55412.9428824773,77776.4225950354,323523.476695007,17815.1500633403,38754.486326921,336926.778730016,10132.2478370005,288954.271745866,71367.5069885982,62471.6306239814,70227.2384266268,20102.187644751,40806.4229575033,117469.340506302,43024.2743706226,40535.6743820837,45853.2308656178,33769.707054637,103765.325449896,25428.0021180307,8767.09999039069,129296.524323464,170179.240673997,17523.7029164442,29239.471050423,19678.4064219671,"Completed","Organic compounds","Organic acids and derivatives","Carboxylic acids and derivatives","Amino acids, peptides, and analogues","Amino acids and derivatives","Alpha amino acids and derivatives","Valine and derivatives",NA,NA,NA
"IHNKQIMGVNPMTC-RUZDIDTESA-N","1-Stearoyl-2-hydroxy-sn-glycero-3-phosphocholine","497299","0",3045.2613382609,1307.6406219853,2878.0605183299,1707.81406459472,3438.09156798711,1970.19681220937,2406.71810003024,2747.94092614978,1844.92244181722,838.324873601268,2240.06558542976,2227.80481719471,3714.25195892489,3938.35018918958,2209.67207483583,1276.59111996569,1763.41856792232,3443.95841004998,1383.3371657423,1813.24036891978,3730.00642954757,2220.92711570462,2364.02994917708,1916.0214719094,3227.04362239567,2592.11321101315,1155.43636375844,674.607107283849,2799.42892960457,2339.3882653005,1966.00867745933,1385.71745493353,4241.62080627358,2201.96713790286,2786.67392671371,1186.37245481665,1645.3794798329,2491.97047108637,2513.09941683938,1959.84120571082,1655.79092029996,2007.90092085489,2303.69477428417,1854.0521071005,3377.26755995135,2207.02272210831,3111.43692403118,2482.55211929304,691.590091060984,1264.17479967372,1539.32392422136,2100.966554306,2216.47145426574,953.382671842682,2108.23112480888,2358.56436750719,1480.8165367701,"Completed","Organic compounds","Lipids and lipid-like molecules","Glycerophospholipids","Glycerophosphocholines","Lysophosphatidylcholines","1-acyl-sn-glycero-3-phosphocholines",NA,NA,NA,NA
"IHYJTAOFMMMOPX-UHFFFAOYSA-N","N-Acetyl-DL-valine","227752","0",151653.68520944,85784.692738855,70604.3873237829,127471.455479995,290703.434559978,95420.8535909932,128847.699408775,25733.3567319945,255230.92677976,81383.3888852832,90310.67454866,298151.843207822,96230.0479816617,122947.614134674,100603.331416414,98169.4523015483,174701.517774723,70914.2436532783,66872.349446758,122506.959077563,314386.936280163,126008.301123774,129182.5456461,288098.160158753,98952.8645739053,262356.09617043,44097.3078777866,308592.881509814,285132.37929103,69878.6465096259,83140.0225565591,150063.398939522,24424.7189742775,40768.737873221,120256.938339065,74306.7750649315,39937.1585414354,126695.736709799,81956.0281967028,142491.253188515,178540.234331707,99212.7846707068,127826.236139289,87491.8230034557,144664.327728718,111560.917180775,47809.1263932093,172928.384488114,42593.4025059975,72775.5027762156,254468.324108369,83923.3525942284,305107.882922013,236402.298323459,84021.3092646532,228209.984358977,73874.1661950211,"Completed","Organic compounds","Organic acids and derivatives","Carboxylic acids and derivatives","Amino acids, peptides, and analogues","Amino acids and derivatives","Alpha amino acids and derivatives","N-acyl-alpha amino acids and derivatives","N-acyl-alpha amino acids",NA,NA
"IIRDTKBZINWQAW-UHFFFAOYSA-N","Hexaethylene glycol","17472","0",75026.615625826,94203.1633037447,50340.095760915,39349.1192999981,51897.3895482903,82518.2936703376,66099.7485798385,180163.75678103,36049.1095414835,44324.2631225827,37603.7515783024,34220.2590762411,57509.6319200542,39323.2399422025,59494.6139753607,41377.7165985523,43835.179903583,47926.5551692456,56759.7004775699,36885.1264519735,51863.5809466026,107724.85054394,42097.3343452945,61355.52316568,47945.8424208268,42658.2298341816,56542.0738696101,43072.1070144416,62227.6192044099,70420.0154715708,51924.8895038194,30013.124562621,70524.3974003092,59091.2052531872,47938.0213688164,45728.9814607684,67812.5992213648,36002.5356407191,51269.1005565216,78647.8381592486,39110.6400280891,34158.140992792,35921.7086745428,49532.9251997022,93202.7362926402,58196.0553430856,91028.5022042779,55121.6994566871,38461.1594814569,89945.2292173607,56449.590810968,34897.5213484792,51001.0586517539,34071.9361413041,58608.586916818,41390.0526515696,43373.2991788527,"Completed","Organic compounds","Organic oxygen compounds","Organooxygen compounds","Ethers","Dialkyl ethers","Polyethylene glycols",NA,NA,NA,NA
"IJFPVINAQGWBRJ-UHFFFAOYSA-N","Diisooctyl phthalate","33934","C14577",24845.8932870077,21190.3355660066,19226.1071554614,17458.1250438674,20118.8623774765,18894.5756942505,18842.1196013876,28387.1867614796,18768.898479483,19037.0031138932,18984.8931957921,18256.9210621233,16018.5000179058,16747.2593732393,19001.3063580796,20168.3869387715,21917.5899517915,20880.9572000755,26808.0813383942,15548.0249115034,25581.3444856097,22635.4431258362,19411.9532412101,17155.8438639899,22045.8912752782,18141.9176750096,24998.8704571866,19521.0539706183,15714.4201227667,25932.5617894587,19351.7898226671,14113.7611056901,24109.6019396594,22438.2631517784,22871.7777609559,19868.3534465562,26100.2105370733,18513.0851340436,41627.3050823358,18788.8723861402,18716.0084554369,15823.3108574735,17160.4254348843,18447.7730009097,25094.1068270354,23761.1666843057,11276.8765375728,21751.1023432099,15221.1226478794,14222.9762206103,17030.6800251045,20280.3967079876,22769.5739509058,17544.3231622806,21764.000452945,18390.4826633242,10353.8326617253,"Completed","Organic compounds","Benzenoids","Benzene and substituted derivatives","Benzoic acids and derivatives","Benzoic acid esters",NA,NA,NA,NA,NA
"IJGXTTPJTDSRBO-UHFFFAOYSA-N","3-Allyl-4-hydroxy-5-methoxybenzaldehyde","1533806","0",24276.1098760562,30040.0538462124,22825.6162413419,18907.8205308103,32343.3155018487,39928.5919895307,22049.1669743644,53330.5609891426,58169.4296314831,23733.8633717005,16615.7876877077,24112.0491073145,19043.4257399124,31924.9267336966,50813.0902936812,27028.4818588007,21887.8758346392,30170.4640037766,14562.2752537277,29358.6451650052,23391.360216506,26021.7528675362,27952.6057276894,31554.1160706905,45704.1100450916,32618.4626948897,44346.1500046853,36609.3709266623,23036.4576454836,48418.5638072107,44686.3134664203,81632.7878283447,32360.1275998623,31372.581301408,25555.3202985466,12524.0934123928,10653.3274142862,17475.7533439542,28534.8462257947,48064.0003964456,36515.9891706306,26148.7195208549,29167.2966026769,28134.4905570361,31495.5421380384,69528.5502630109,27145.9452277461,28895.6325110263,40210.4755941406,38716.8678264291,23350.8867326111,25799.8692868777,33482.3510161929,18443.0533242725,51256.5926777304,25346.9225113089,32389.6624468591,"Completed","Organic compounds","Benzenoids","Phenols","Methoxyphenols","Methoxyphenols",NA,NA,NA,NA,NA
"ILVGMCVCQBJPSH-WDSKDSINSA-N","Ser-Val","7020159","0",12484.5123867159,36380.2824481327,20282.7807347159,26172.7091273329,35041.3704475181,73051.7810790576,172832.152506977,1307.30073968824,1516.34575365412,204802.422234764,23453.2516867119,107749.287559858,42063.9177786908,5513.63231306587,17022.321219398,121399.657980989,19750.5954479442,236154.335628522,210312.264260789,236652.832408828,13637.7395072142,22862.0197032935,1045.95964225583,443.291053113178,2814.80581141766,786.543925894029,136719.310277392,159598.231981895,288528.870347016,31074.6785366679,55485.0797436563,76980.3833787736,189458.027606117,79848.9830168898,49589.989747901,32808.8450243316,5199.25436250896,26841.9781161432,4675.00206256259,10831.0422562966,16435.4715651447,18915.6231882311,15949.639640855,1992.6842025777,21011.3352276288,2906.62880153864,77150.5673367511,54990.7128864402,22400.5996610961,14705.7489726552,19145.7570631779,54817.2559703537,3080.06726951903,10852.3249748187,13582.9456247847,16315.325676265,58790.3827132912,"Completed","Organic compounds","Organic acids and derivatives","Carboxylic acids and derivatives","Amino acids, peptides, and analogues","Peptides","Dipeptides",NA,NA,NA,NA
"IOUPEELXVYPCPG-LURJTMIESA-N","Val-Gly","6993110","0",37477.3755257359,342448.51341819,183678.816619341,186348.918708342,70985.3984272518,99475.5257584439,302984.797762776,79394.9857438916,217577.103336506,448441.671511199,397842.732517098,518837.912562087,64588.5167791794,91244.0086910688,47351.3054039478,130147.052737616,144935.177812923,928344.964667956,265140.375656435,554918.867733976,213711.421698135,219446.710867331,286359.186205731,72279.612051401,135491.642424101,144851.694261275,687793.380754485,229500.300040877,368545.366828542,177934.184071888,226003.335196253,211585.625838061,763546.771561325,488681.912865136,167363.106762986,245933.239178334,38643.7054826399,67525.1859274075,34096.0316303813,105803.795768078,310318.781291429,190849.996651191,134813.408550112,101076.30121294,127191.595448623,38627.5650565494,191656.000177756,94833.2854477128,170478.108817383,202212.433112347,240726.935853518,90602.0816878921,38013.2427771452,406433.365757677,244652.535154051,141625.980494868,127022.979989288,"Completed","Organic compounds","Organic acids and derivatives","Carboxylic acids and derivatives","Amino acids, peptides, and analogues","Peptides","Dipeptides",NA,NA,NA,NA
"IPOLTUVFXFHAHI-WHIOSMTNSA-N","Oleoyl-L-Carnitine","46907933","0",5084.41863556244,6483.2359156395,5085.49426712957,3812.53833548028,6175.93744099188,3464.5199123237,5718.8206281671,10835.9103386384,4098.57770102891,6211.5493064648,2624.65515883185,3725.12507117562,819.982843915976,4807.04937169209,4169.54608186167,3942.72879080174,3386.26650470113,6578.90104598625,3898.39307311554,3392.15691196882,5045.69465323389,6077.34408070904,1689.31536804695,4796.74681486401,8471.28808795428,4466.48416877349,5565.77045513349,5950.03468624355,5899.12803062801,6365.5848844786,6877.09047395844,5953.25825928401,3034.47845248815,4049.65738480649,5020.47855091268,6410.99425759127,6398.55777778577,4210.50782051274,6116.23397190341,2913.97442428056,4697.95283729895,3820.26975530902,3371.51682011498,7840.84910226956,2002.09993685594,8638.72700532787,6448.68902041916,4326.99791984396,5404.53477376292,5210.17728939011,2170.60409037829,4679.08595716772,4228.96694782001,3120.39806243688,5608.44300358993,3937.39591688863,3443.35549013146,"Completed","Organic compounds","Lipids and lipid-like molecules","Fatty Acyls","Fatty acid esters","Acyl carnitines",NA,NA,NA,NA,NA
"ISAKRJDGNUQOIC-UHFFFAOYSA-N","URACIL","1174","C00106",570842.130127224,908242.237938816,973206.497083414,1359973.46935112,562625.604986835,642102.970371047,969323.860677617,1131052.48520325,1026018.74248269,1194218.73865327,953755.996693394,992353.758592549,646695.238755179,767564.79720638,993579.100491195,751375.631362995,1008078.8528072,838409.058554795,1076254.36828736,1430901.42498293,968264.074753673,1515337.91201645,736245.111604495,1123937.12452044,794728.165223034,927842.372112193,1093097.22284276,1044527.3956344,923626.830006754,901546.311681679,665764.805248992,1236808.72238329,812843.576402238,801252.238173189,1052405.85512035,1371546.55052982,972563.117106323,952940.831131279,706753.371762739,728963.304855343,873024.667284952,809297.446852097,1125190.34761108,916344.567477612,961107.654330777,382072.305779944,675464.081480211,871036.70355755,1086029.01987761,909754.509011523,1041295.70844511,1020499.21625286,1066139.93579554,1112545.52803103,1073140.88839452,817816.395925039,794501.033938412,"Completed","Organic compounds","Organoheterocyclic compounds","Diazines","Pyrimidines and pyrimidine derivatives","Pyrimidones",NA,NA,NA,NA,NA
"IVYPNXXAYMYVSP-UHFFFAOYSA-N","Indole-3-carbinol","3712","CSID3581",144491.426515022,270308.41043185,245221.804378668,174152.181196479,94752.4260812101,1278259.5104443,158814.743196043,241009.457706016,177164.114746923,117219.819537561,619007.88256711,192909.375404071,353195.445436155,1098808.97385308,344290.431910808,468341.455388481,422921.029428515,10769.647576811,94066.9272704764,39284.6024288899,282033.837907497,1669.53967154848,192790.334571614,347123.834153982,9731.29216701699,453087.973542047,53004.5965965091,359547.944611793,1058158.8317244,2770.53387544219,651498.437671677,603348.282206476,2879.71661225925,5696.77240726749,399132.297638347,443698.090145083,3145.65264050876,122842.547293454,121202.545105589,335131.004220529,645558.448872007,697642.874573544,815277.755671962,249710.539309436,442004.095477786,88152.8882309654,3178.99638133465,711694.05467887,344563.078720111,14730.8675338977,535012.717710222,15922.5251929004,528209.887210127,501219.035342342,77314.5200626633,433750.587473865,729669.606240622,"Completed","Organic compounds","Organoheterocyclic compounds","Indoles and derivatives","Indoles","3-alkylindoles",NA,NA,NA,NA,NA
"IZSRJDGCGRAUAR-MROZADKFSA-N","5-Keto-D-gluconic acid","5460352","C01062",40711.2813716766,92186.7351764797,75963.1205367718,21490.6988881657,19005.3569280783,290022.12983285,139376.674350839,18532.879201436,130787.939342097,89062.0862678654,137171.124578269,8116.68748082829,60023.6452546977,112682.429071205,6785.14001688873,41680.5540038226,73809.8670062833,41795.5030712503,73043.8130191628,47053.0763214847,6243.75913710677,26157.952156531,96248.4902029527,69050.84368374,7653.18117406049,112719.07311832,76672.2034171915,134981.617167881,127290.092471008,335018.374846077,69641.6220095613,53756.3840625026,135760.525400797,113443.820828917,187309.993271599,166973.329887478,245248.606286597,142763.700755242,299128.378858105,12441.4919398249,1863.10726829119,81185.2508989519,248325.517813842,70852.2511943458,121104.827314258,68872.444414505,139254.849054743,175560.413820237,169994.533060038,117885.309793856,6755.25315632441,63340.8734421304,4556.13631054534,132357.101356737,37879.0379145989,6998.22945000189,114941.528034664,"Completed","Organic compounds","Organic acids and derivatives","Hydroxy acids and derivatives","Medium-chain hydroxy acids and derivatives","Medium-chain hydroxy acids and derivatives",NA,NA,NA,NA,NA
"JACRWUWPXAESPB-UHFFFAOYSA-N","Tropic acid","10726","C01456",156062.906282025,217910.209225218,197178.632923937,266576.404094623,208323.094257249,171299.603078729,220412.400853841,147528.882229726,208339.366679155,267396.094677183,238453.126092986,225492.968237377,219249.896262408,191907.423672666,178520.270810971,202666.386885842,197153.167305431,201247.642513929,189567.966725014,219263.19451705,219957.606066991,231193.899543127,197390.937142798,210035.933648211,150538.838056434,214760.173035042,184857.25911044,284378.031432786,231218.153458982,138612.662383195,190981.589436862,253472.255783345,119251.449392379,138157.086662281,191188.584070779,268281.621435179,163787.180505912,225754.809683306,128705.731762571,234128.266819637,233635.478019468,235631.773817295,229442.572882077,213432.404480113,197051.311721628,118676.479219689,207813.8161375,210321.281222375,225852.906097429,192283.81425836,265810.603335464,237588.503115879,280871.868553745,245058.384170606,154015.281488087,215708.752285501,224881.186878461,"Completed","Organic compounds","Organic acids and derivatives","Hydroxy acids and derivatives","Beta hydroxy acids and derivatives","Beta hydroxy acids and derivatives",NA,NA,NA,NA,NA
"JALVTHFTYRPDMB-UHFFFAOYSA-N","Demissidine","349393","0",500949.981679815,17656.0414070272,2501.31631996119,27293.7122880299,7427.19614186198,4440953.03644079,4619479.55241654,580587.966573461,226116.431854043,47067.4087903934,1562164.89424089,12979.9490456368,298068.269163699,13969749.0275964,1409736.43651094,1187.00577821371,919547.92645328,5949.67327405904,311680.757447114,936277.059948732,257360.742711787,5862613.81941383,403673.540204838,5011353.71357003,257194.89897827,40739.7785778237,827.853409178373,739.992103835976,1524.96761214976,68291.6410698442,1383018.15639253,9000.03605272476,3814528.56813789,4581412.82712069,204592.47502617,89911.1998878207,842.878445190474,766057.656106703,996.412488315775,5673.22454284711,3319617.86062624,2384.99851605636,17196.311257736,5943550.02495532,9648.99273707294,12398.0001495111,6940484.85070773,2245519.76922091,10511775.615296,664853.962476009,2246.50581123587,28318.2278633058,327204.705094761,911335.806763935,1490327.53118047,1139.53109890797,1360445.34810061,"Completed","Organic compounds","Lipids and lipid-like molecules","Steroids and steroid derivatives","Steroidal alkaloids","Solanidines and derivatives",NA,NA,NA,NA,NA
"JBCLFWXMTIKCCB-VIFPVBQESA-N","Gly-Phe","92953","0",37220.7163316136,176252.790649613,113608.815009544,87427.7242671391,60293.4502255049,86978.3652816049,183618.265329331,61262.6770356705,80897.2241840323,364388.143449284,275351.796786718,277759.831137754,160131.836456211,93348.541395744,39301.562668771,135580.598465616,34619.2321837349,73928.665089597,106351.096702317,166000.110766671,66944.8845760834,95105.5470660317,116374.60910275,46701.126989516,17946.9964891709,100217.517129086,220446.582977836,384175.255456006,218480.287928735,15448.2989011492,124956.793010282,144359.197820022,136670.754298143,92427.0255721017,63912.7545809009,104836.161174096,25976.5547172699,68253.8749841781,33270.814844756,58787.8683472429,123321.261979098,134485.818837701,99735.4543445695,59189.6360272683,97761.8072946229,17436.1462788919,200847.7882591,118109.266658899,72810.3898643416,24905.8591124218,135289.263644179,61049.4192535673,48453.3787068279,66105.2469151557,12716.1255521259,90482.6424359188,124213.998990835,"Completed","Organic compounds","Organic acids and derivatives","Carboxylic acids and derivatives","Amino acids, peptides, and analogues","Peptides",NA,NA,NA,NA,NA
"JFCQEDHGNNZCLN-UHFFFAOYSA-N","GLUTARIC ACID","23322899","C00489",952102.613203042,667892.44113247,897704.42703018,1326223.61550237,137593.488485798,177673.401268249,437033.793380974,313074.317882376,612250.0873978,837669.437333424,54013.0314234259,480462.524570759,138620.033210811,1641929.89941311,529481.440806409,114936.5676235,1248345.766927,877678.812961438,848571.387739109,734222.69878504,743795.72528931,653515.944946965,308617.456533702,63339.3401391688,917656.671154868,67512.3592323365,3620756.65222895,86762.0542540903,330989.919609669,684394.180812346,210693.591688821,67601.3185982096,906526.436716245,173635.313688959,107358.643060651,218754.755445195,702269.869575614,488473.660199948,809741.112539584,82606.7314462668,2367785.35914763,80065.9665435267,152694.518113147,380660.163967415,83261.1069163464,182939.285725859,279728.189715381,53097.9103255137,280352.416792651,537244.470618305,955329.455889924,1010046.56846118,771515.36617653,1273805.76866551,1761394.62662431,920835.875356999,105303.827767063,"Completed","Organic compounds","Organic acids and derivatives","Carboxylic acids and derivatives","Dicarboxylic acids and derivatives","Dicarboxylic acids and derivatives",NA,NA,NA,NA,NA
"JFLIEFSWGNOPJJ-JTQLQIEISA-N","PHENYLACETYL-GLUTAMINE","92258","C04148",1745.28252003153,2034.7505253606,1647.28914887903,2396.69446527862,3415.13269274179,2605.35879613538,2744.80469027259,5366.00404733228,2199.28254497114,7265.82177812618,3441.90800231131,24723.9597544616,2769.01898830087,2188.8994342459,1613.27918793949,2710.93034171204,1692.56182702071,2052.26780416828,2222.81746860712,3542.97624716563,2069.93529754151,2506.50627004844,2720.10121238218,3766.00401092579,2196.34834255575,3875.23320714868,2548.44886390561,8069.33886020296,4644.90964607785,816.701805313706,3865.03910338197,3097.7950034762,3330.24552492561,2270.64235061963,1876.56599795868,3228.93293233679,2908.43535353899,2815.22351130791,2365.97810983974,4543.1845243287,3151.75646219259,3463.71124481351,1657.74996295373,1683.10468378765,3042.18304742417,2663.09629972827,4197.94107299388,4571.55396470809,1958.86560753344,2935.26848454594,2773.18970352808,2749.9317788583,2504.25931962598,2159.20788918693,1529.03365354991,2523.68425840441,3175.52879551811,"Completed","Organic compounds","Organic acids and derivatives","Carboxylic acids and derivatives","Amino acids, peptides, and analogues","Amino acids and derivatives","Alpha amino acids and derivatives","N-acyl-alpha amino acids and derivatives","N-acyl-alpha amino acids",NA,NA
"JGPIWNNFLKDTSR-UHFFFAOYSA-N","(2-Oxo-1-pyrrolidinyl)acetic acid","3146687","0",115070.583092785,21621.3940896256,20359.6542156558,95121.3504620007,10561.0826128486,235372.31487104,79259.3393339325,31584.9150332529,75043.7202578601,78926.8098494783,23399.2393080434,8279.40205178113,46593.0471353926,56815.8932778025,26093.4898333181,134627.29357893,88917.2098769024,91832.546407903,212290.351589384,121121.559549267,12436.5884074902,110451.033086561,61149.1700589449,69161.5035172364,24827.4547825171,126721.275794595,199167.296611951,59886.4296992195,74388.5611468741,137586.249269021,216665.778952608,58468.7237129831,105651.895980265,102633.470281104,136606.562180012,153139.956250586,163985.282176414,98088.1216794269,25633.8815450472,10676.898072277,68083.7846257703,34753.7744492649,24524.8964952289,64164.3879046331,18190.6452571206,22515.6324109225,227798.458891078,82082.4620833472,14037.5134132334,78500.0044934776,21718.074103431,129816.388983285,21238.744463586,42770.3602091536,116025.409489482,18121.3983966769,101913.084763933,"Completed","Organic compounds","Organic acids and derivatives","Carboxylic acids and derivatives","Amino acids, peptides, and analogues","Amino acids and derivatives","Alpha amino acids and derivatives",NA,NA,NA,NA
"JHPNVNIEXXLNTR-UHFFFAOYSA-N","DEOXYCARNITINE","725","C01181",5798293.0846861,2810949.99058116,1022446.19043502,5322541.32393808,2340554.01632207,4425888.34813237,3936556.10068939,2425800.22151767,6133851.51571757,4351948.14301329,3075118.34765187,3437289.91918434,1194239.2333201,3567588.08014783,3047953.79822012,3112619.32908333,4505393.87041039,1891107.12098901,3776322.03074183,3964806.85058478,3118071.95470788,3980563.71530449,1793734.27754793,2456948.15607208,3172016.67648218,4699049.90763989,4697431.76981447,4305950.74293917,5200051.83805478,4403731.68242488,4807562.968852,1306588.26166237,4082247.06320586,7512710.72407567,4969623.0807629,6201379.22276285,2847201.74864879,4074768.93794514,3167583.263158,3230328.52882908,4030518.40391843,4557856.22025533,4311221.22678142,2259941.30350232,1984233.56693352,2454718.68250096,1665262.88288111,3032268.8961057,2099547.00631209,5676299.33835,2931315.20321223,3374886.22386508,3048484.34909791,3578408.6499911,8139690.88235637,2967129.01428768,4238726.7323063,"Completed","Organic compounds","Lipids and lipid-like molecules","Fatty Acyls","Fatty acids and conjugates","Straight chain fatty acids",NA,NA,NA,NA,NA
"JJMDCOVWQOJGCB-UHFFFAOYSA-N","5-Aminovaleric acid","138","C00431",8810632.74811693,10170101.6478983,10472232.5323817,11938789.0385851,10728501.027025,9587358.9845115,9946935.34592531,7302312.59468054,10632906.7561823,11029133.4391745,10959859.0793882,10456084.2010904,10218929.8648572,9943154.94770354,8624879.88815306,10478084.6370097,10643500.7644941,8776357.00060369,8231952.87656237,10121738.6547895,11907578.669219,11840861.9335656,10089563.4929876,11852200.0485994,8321580.49429503,10402862.3084449,8446286.91566509,12863780.9123831,10907211.9186704,7147451.16653663,10046657.9475863,11677084.6225077,2764225.30239243,4912213.69619819,10237048.1481152,12348717.5657423,8870914.57381769,10536441.0643186,9028703.53885832,11134490.6015362,11275894.1560004,11400231.2894953,11247664.5726945,10918498.309998,10213972.8486482,9434852.77635701,9001864.5647834,10118892.7137025,10079840.3757709,9256512.04200136,12463038.498415,10922312.567366,14410934.9470709,11464112.5938517,7650900.65424494,11023359.0689206,10825140.0020079,"Completed","Organic compounds","Organic acids and derivatives","Carboxylic acids and derivatives","Amino acids, peptides, and analogues","Amino acids and derivatives","Delta amino acids and derivatives",NA,NA,NA,NA
"JJYPMNFTHPTTDI-UHFFFAOYSA-N","m-Toluidine","7934","0",72571.6704340463,106284.374005981,91346.6578332115,127949.802087221,97954.0412341704,76683.3651628292,100122.338101853,73791.1002432508,101386.362846815,129654.122978692,115467.115626669,104393.514308764,99271.9889167287,90153.7309550785,83999.8044275203,96300.3473685179,97144.591776107,92215.4572584352,88567.4286197195,105510.480226438,105598.228187351,109477.867199066,91202.7985527622,94750.6975952663,68700.6773838142,96021.2643560631,86714.2431909797,139194.279088597,103744.187680757,67327.7505819141,90011.875245301,119031.403796686,58816.3775909925,65188.0380265984,91385.0428648977,125034.699052765,81537.1334254618,104879.174956623,60711.6135330443,105673.016890629,107224.563153788,113016.724376253,108821.569637823,99229.5234642783,96601.6222082385,57920.010809263,98246.2584715353,104739.860357524,107851.977918854,88477.0901129473,128327.594832352,110293.273997761,136555.847004428,118174.341300362,73629.5847105383,98593.9022615982,104486.232017642,"Completed","Organic compounds","Benzenoids","Benzene and substituted derivatives","Toluenes","Aminotoluenes",NA,NA,NA,NA,NA
"JLBRPUWVDHSZKB-UHFFFAOYSA-N","N-(2,3-Dimethylphenyl)-3-oxobutanamide","296091","0",4925.28993520662,59893.0263645006,21146.2872632761,170170.384777293,21444.7374228939,74253.2234657079,90235.6929544275,365225.95751151,4710.73946653026,5896.79549608474,19118.1501093832,10970.2509937618,43955.5858341376,44679.1366095632,6753.91525841248,13831.1977635337,12806.7844926361,94070.6715254875,45770.8581797197,3852.28369731501,12257.1212580841,79791.9141050259,26285.5448135928,10854.4802807797,46426.6716259759,85248.4226857452,24256.8375025628,36819.0180584644,98275.2219743528,40747.8190998862,79033.3518390076,232983.59418249,62844.7709729507,10010.2298155257,17990.579745869,30860.2661029918,134830.268172565,61310.326628685,28278.052671759,58022.5356207647,107381.648668565,64896.1136003472,20320.1283737771,117741.856396333,153018.324328137,64897.1364177649,5391.79997602785,41379.293809574,248981.643748761,40140.5790624834,56905.9267668556,95795.6710101365,35166.6673650381,14078.6600376114,31517.3998455035,45466.067736125,189277.604096242,"Completed","Organic compounds","Benzenoids","Benzene and substituted derivatives","Anilides","Anilides",NA,NA,NA,NA,NA
"JLTDJTHDQAWBAV-UHFFFAOYSA-N","N,N-Dimethylaniline","949","C02846",44753.6636791026,327546.617745963,188586.434593399,611437.210774581,504346.796064108,267313.595579946,461226.512839764,146462.517094205,24012.1155613345,67345.0919723867,124808.593949041,78635.2784251071,151493.182033549,196099.801157486,24017.0433946476,166300.580656827,140006.062917623,215332.491928242,145927.402647187,25908.5463615484,111635.842625815,78717.697132148,296549.702982799,190587.467911219,214212.636607286,307576.033069169,21828.7465932153,77577.7416234664,321569.110656705,193530.974210367,563635.776321274,799313.638736623,649305.020256356,55035.0073719315,180770.187348968,77478.7665070555,421533.857151209,21650.6485413917,156978.434568621,32445.1343214222,30280.9728369915,392888.043523414,384001.061376366,444555.139388692,104513.940375009,402822.32001318,25198.7521021775,262372.672014969,769183.275439644,26027.6627884901,20838.7248983737,24477.6610020345,14271.248775917,140264.365281983,91162.8217417357,181751.133241478,46583.5631770851,"Completed","Organic compounds","Organic nitrogen compounds","Organonitrogen compounds","Amines","Tertiary amines","Tertiary alkylarylamines","Dialkylarylamines",NA,NA,NA
"JPZYXGPCHFZBHO-UHFFFAOYSA-N","Pentadecylamine","17386","0",1069162.63836326,2310973.21303039,628663.431869114,1204574.23753886,3656944.75037563,1484714.03511613,3479061.9109984,1426424.6906642,1896467.77491726,1813024.72986048,2725472.44794538,3252922.19325226,2404405.05649318,1457406.51301904,2668669.77948498,1741679.26419337,734823.260072123,821800.580318552,2589504.49589921,3092088.63725187,2292253.86671589,1908825.3465918,2440332.37924401,1445288.81890392,1908492.94621473,2290528.26548382,1164784.51375943,2831375.84641055,3487147.14990723,1579714.91044971,1452255.93894429,2969152.10735945,3714356.38768573,7116735.98804721,1275150.51784236,1204597.17724152,812522.203222821,4456402.02511719,527657.254886362,4735963.64142427,1102939.4104951,2723517.13767293,521277.462743665,728264.211451677,5313340.23458257,1218611.2632704,2083069.07628614,2128279.80682232,3130381.61034295,967074.536989062,3834647.50079904,387816.015614976,3528477.1465854,1405066.58075655,2015559.52940745,2580853.45322252,1871621.38842509,"Completed","Organic compounds","Organic nitrogen compounds","Organonitrogen compounds","Amines","Primary amines","Monoalkylamines",NA,NA,NA,NA
"JQSSYLDZHAPSJO-UHFFFAOYSA-N","4-Formyl-2-hydroxybenzoic acid","656876","C14100",22017.5089677801,14887.4306210981,18498.0296577342,13571.1131515565,17773.6132711668,17150.3691177013,17165.0573062871,21130.4353007816,14728.4433350561,15039.9353082901,14073.7855512298,16461.8677634201,16645.6517314943,16273.5077379578,17625.3353345596,16545.0493663898,18196.4682037973,16741.7132982696,13981.1833774167,12308.3915080105,19178.7326689611,13096.0009893898,18992.15331442,15287.1205467201,20597.1851635217,16780.219755287,16782.0852290458,17179.6483797993,14240.0598428786,23064.33631051,18416.064249728,12001.7986608401,20600.5205104692,17238.5684746514,16916.7374467539,16322.7767685967,19792.5019330206,14566.4759819604,20863.1387989769,14681.3104606373,16915.918050632,11712.207662728,14574.0203976465,14955.1716554595,17623.7639312682,22998.3769579939,13622.9481028373,14621.9853714983,11849.1412161026,15413.4411477791,15419.1569029943,13657.216365902,17403.5924894169,14589.617629709,18205.3921213004,18216.1894451549,13589.6910198525,"Completed","Organic compounds","Benzenoids","Benzene and substituted derivatives","Benzoic acids and derivatives","Hydroxybenzoic acid derivatives","Salicylic acid and derivatives","Salicylic acids",NA,NA,NA
"JRHWHSJDIILJAT-UHFFFAOYSA-M","DL-2-Hydroxyvaleric acid sodium salt hydrate","13879500","0",274501.802451273,4830424.10815615,5100229.69863865,1340660.90760702,1489295.30444177,259180.272313713,503159.216441472,4391051.51885909,1397593.53727853,1677123.87190181,5038719.12543375,1236218.84527359,714546.400939223,2708018.59462829,3161449.28981128,2723722.45442227,1233468.70890808,745786.809134716,997021.992961303,763306.496124014,1893306.26754655,1385320.84896257,2128583.67233475,4599036.41730875,2950839.77065316,734293.207863099,1002910.45551939,926506.579251682,445002.207725816,1130238.60569906,365635.024489291,2239389.88459902,4416131.20452961,3377171.03146839,744460.396375627,2568706.94097971,1197972.85089276,1319509.61487919,5871416.68007942,4141352.99165229,2942007.58447074,4458480.95415137,3999148.19458705,2627147.61429565,3584359.68605188,6026632.53351321,651962.116497864,643247.617278178,1639459.89649012,1560150.06726898,2553627.49348201,722687.235172932,5730497.17832387,3380893.2159091,1226415.81593061,2438397.06968134,1513350.03683076,"Completed","Organic compounds","Lipids and lipid-like molecules","Fatty Acyls","Fatty acids and conjugates","Hydroxy fatty acids",NA,NA,NA,NA,NA
"JVTAAEKCZFNVCJ-UHFFFAOYSA-N","LACTIC ACID","19789253","C01432",1114866.52666994,54634.3040368006,96366.4843773467,1329020.57123238,60931.7814326228,1132384.77832791,68901.5393498576,71777.1930535729,502922.42628223,1055876.98071891,58321.3854177609,178971.116336778,1013782.63690126,55504.1824602717,49378.2687627421,1009040.94107727,1264241.12820614,1347062.43452077,94234.5931736577,1219015.81330234,197343.988720897,1493842.59425107,486546.945370928,422044.990403044,223650.660539779,694791.22402931,992149.675760974,1087937.26557437,1246229.34032746,1202784.33501191,1011788.91026731,1295844.50482775,775538.556758178,809793.560729613,1324417.58923715,1114563.45642831,1359553.11522816,1107566.96348062,54755.2148132069,56131.6013241498,289037.8294164,55778.2920099039,199483.576829735,813979.562711283,96224.9358517358,61975.1054629905,1142835.2974932,1091971.3256758,115847.375513146,900255.045493521,606220.517304622,1162591.38479831,38586.7217616635,1073386.54369671,1136689.29883493,558449.500425158,1229176.0697761,"Completed","Organic compounds","Organic acids and derivatives","Hydroxy acids and derivatives","Alpha hydroxy acids and derivatives","Alpha hydroxy acids and derivatives",NA,NA,NA,NA,NA
"JWBLQDDHSDGEGR-DRZSPHRISA-N","Phe-Ile","7010565","0",14058.5073580481,65818.8756433352,55392.4453771616,114924.546255616,69119.9898135693,40068.9647790817,112532.217066851,82699.350529217,57488.8332428859,189207.78486824,101360.437546135,229933.864320137,47607.6632697326,63315.8398824184,153670.56719029,43377.8067285367,77598.4169432,46625.5539753321,67589.4477180222,151526.567107615,90422.3405196694,49974.1552474426,69316.554658712,98122.2528448581,65975.2467597184,49317.2297245071,107495.352284084,107261.492201044,98654.7769663148,131001.835192688,52684.304679331,62384.2945832041,566315.989605611,167957.768650394,29225.5218990868,169083.59379745,20770.3923447311,55353.8871333033,37759.3521746724,40139.9055966637,53815.4881294403,44909.9410546693,92853.2537327927,39159.6900659099,68396.8742075637,31689.1123537521,52243.8208799774,49863.7444921082,132178.908835609,218432.643960557,103803.933949417,62010.2612910699,58758.2038506921,66262.2644434573,197370.476564075,66665.6270618736,59489.5191540339,"Completed","Organic compounds","Organic acids and derivatives","Carboxylic acids and derivatives","Amino acids, peptides, and analogues","Peptides","Dipeptides",NA,NA,NA,NA
"JYGFTBXVXVMTGB-UHFFFAOYSA-N","1,3-Dihydro-(2H)-indol-2-one","321710","C12312",17945.6108530301,94919.6655029593,103231.224818115,60682.408170317,711637.88887908,104715.114349984,77645.3101319281,250111.841132038,12512.2864994586,29391.2829925771,201072.875034314,81830.715637649,190726.207334759,14579.6833981157,48426.4779208133,230871.163231995,36839.7910155386,2732.99820511444,11316.0590825689,31369.569634296,67280.7791732826,3071.07429055891,48570.3457465714,34532.1149769605,11065.3438791621,82235.6301033329,1599.19090925987,82602.0077870989,219752.218879577,2183.08169969023,144351.92170159,232703.749780383,1015.69622550227,2012.29274087558,16028.9569321388,27760.4904879484,1705.94559565497,8633.77823529559,45804.2127346985,155688.569690694,222630.359106277,277807.551915907,72636.4065077107,11575.3228658114,57191.3598639129,91762.8039462205,10142.2478436816,32209.469673576,12170.7574737658,2213.31562370991,33773.4888893956,2792.88487285745,71207.8059279779,68045.8447649392,7429.45892145764,25922.8036122776,97424.0168552433,"Completed","Organic compounds","Organoheterocyclic compounds","Indoles and derivatives","Indolines","Indolines",NA,NA,NA,NA,NA
"JYXGIOKAKDAARW-UHFFFAOYSA-N","2,2'-(2-Hydroxyethylazanediyl)diacetic acid","7152","0",7932.05239434918,4021.28421362735,7119.47100964217,4255.99451479031,4590.62710530233,3205.67647059837,4382.71006390428,5715.99055334936,5200.09389469519,5554.53892557438,4220.36452917564,2424.2740065899,4009.80621475395,4890.48899434441,8111.15142684674,3951.492574234,7459.38625588399,3025.2196436785,4109.39148257215,3656.30377022312,4721.92621477836,6975.82003552921,5044.68008410187,31939.6406519038,7318.77250852726,5441.04207472557,5758.34318242656,3911.6833651582,3488.53210390012,8398.87279212564,5115.9564482584,3825.54049957015,5383.41927196236,4431.18634434412,4485.68382174939,4494.46632355911,10135.9918416393,5401.24783308021,10204.8688400663,4171.10940820691,3320.71471936606,6533.07206327254,5725.10164080272,4246.4067386755,8112.88846638384,9378.84640760588,3009.63500206704,5668.97352737571,2973.60711739207,7031.71989211487,6578.45768457079,5123.55710376757,8050.9917562008,5131.26342488577,9706.92058313642,7534.35946612496,3352.86114621774,"Completed","Organic compounds","Organic acids and derivatives","Carboxylic acids and derivatives","Amino acids, peptides, and analogues","Amino acids and derivatives","Alpha amino acids and derivatives","Alpha amino acids",NA,NA,NA
"KCTGBSZXRNRGOD-UHFFFAOYSA-N","6-Phenyl-1-(4-pyridinylmethyl)-1H-pyrazolo[3,4-b]pyridine-4-carboxylic acid","7064016","0",46652.6515503595,468118.630260498,484541.907599468,451439.395415714,3674563.10251892,2402814.16955817,460794.271367963,2173686.79437916,1027032.47627825,1121568.13592941,973737.909073514,824776.896838089,1507210.289655,1244994.35528857,844125.121013598,1136926.35935019,473415.917376344,603323.720528799,622355.380130522,311064.600784852,476905.064649893,263062.874286516,639178.695210212,1304353.72529476,155284.95276151,2038276.81995241,559432.516667268,1319184.656397,1516689.42829567,924416.823455153,3736263.26530668,733620.539961225,63893.6489109724,72276.1200975752,621120.236171077,534953.816321757,143135.196672802,560501.049447163,36185.4758431411,485236.099913663,1268607.17472949,1014023.15622026,463750.184882834,156356.519478649,866935.207866674,722228.919514604,90001.6206887434,836671.920028346,122671.749518577,213251.835852805,1098685.68718428,583322.592825528,544351.671399399,548575.008323804,405403.357760355,973052.289597038,1488658.11991391,"Completed","Organic compounds","Organoheterocyclic compounds","Pyridines and derivatives","Phenylpyridines","Phenylpyridines",NA,NA,NA,NA,NA
"KCXVZYZYPLLWCC-UHFFFAOYSA-N","Ethylenediaminetetraacetic acid","6049","C00284",2712.88768187254,3111.91466603728,8131.48768326605,3169.35761739704,2752.76914191422,13704.7646876575,2538.51456741285,15780.8368709188,3310.17334454096,5126.71821243643,4146.14548869454,3123.60046047231,2433.81721034841,19506.3295622761,4075.87180643293,11697.703374636,2413.70059329355,4157.15785972548,21375.1543783215,5552.19654317731,3224.34560993725,2762.42912759502,3623.42972954741,8614.51107048972,4219.52076903179,7656.55621293718,19855.9227293705,1996.83703756019,3748.31640950971,13043.7829001778,30318.4935375128,2180.23547592682,5197.70506368768,7348.24776069464,5482.9749866702,33220.5119174031,8089.36184448523,3721.97568345477,4567.44784912533,2843.98009550517,31133.0704258717,3172.05624198884,6091.83724506756,3239.81738970039,8093.67215025324,1881.6368948005,15372.0902165847,4452.358581497,1651.06580008011,6718.7053650391,3360.96522480323,6941.59349542704,1172.3568830991,2639.8029758119,11680.4823370559,3124.02756543196,3473.52027143604,"Completed","Organic compounds","Organic acids and derivatives","Carboxylic acids and derivatives","Tetracarboxylic acids and derivatives","Tetracarboxylic acids and derivatives",NA,NA,NA,NA,NA
"KDXKERNSBIXSRK-YFKPBYRVSA-N","Lysine","5962","C00047",1693597.77481515,1046175.17947646,1220917.46474339,734292.344542247,1041132.18696233,1171081.40119113,865820.65667334,1551462.83847796,854204.715324917,667578.571125675,959884.971320397,575796.66742595,1111236.24467469,905021.377349978,1494302.44989216,1150268.9718194,916177.659857815,1158186.64288873,763013.125277256,653640.77370328,881868.83155277,1036006.4820267,1087826.03294208,1302454.63881844,30490.9043966549,1256231.01399097,415585.551180271,1163925.58862403,1001320.89340585,660404.357586421,1037052.83279691,1452054.83304139,295662.751493301,341035.655937784,1170707.12733614,1061551.28197392,1457481.93805349,810632.789322563,1747988.3724556,1408657.9700769,561281.156906005,1562255.36279235,758628.920876666,1563831.57493995,1232345.95651407,1527786.47534562,789296.214204456,1291620.6958571,710627.624289058,654652.718066182,911579.667499508,1231608.07068118,2151908.01379064,905117.565643127,361047.39159022,1111236.48056657,1571608.87215975,"Completed","Organic compounds","Organic acids and derivatives","Carboxylic acids and derivatives","Amino acids, peptides, and analogues","Amino acids and derivatives","Alpha amino acids and derivatives","Alpha amino acids","L-alpha-amino acids",NA,NA
"KDYFGRWQOYBRFD-UHFFFAOYSA-N","Succinic acid","1110","C00042",418951.948349859,3042231.01724706,2633730.45772561,865891.538365263,560500.343719272,294281.037448402,850614.853767775,2696810.6682316,3668.29852564966,938781.885875439,1505711.61088213,1987550.43557863,52665.9765969452,8589989.64657242,2792935.35313232,242900.790906626,633115.35983787,1241774.65426172,535334.870787833,661829.717490735,1748968.14432589,2156313.69455038,6663.98577977521,6110.35122568859,10883750.9326684,2453.74814488308,2057314.06092478,461189.35204338,958462.66693228,442129.896136545,111544.747188515,2122115.13936551,1108945.8738091,1825457.00210079,330299.73508744,2425598.28754602,1980549.3232943,1806874.00567493,2711612.85566932,3157613.77884192,1665454.29063069,2979673.40102264,906512.329131686,64914.4555159166,1629224.07229631,5015149.14063527,5104954.42467055,447129.221695414,1566375.92837128,1748074.96698442,3146181.88806218,1395466.2801337,4183760.4671106,2118730.00468395,1031452.35929445,2948747.4603071,2773904.27647178,"Completed","Organic compounds","Organic acids and derivatives","Carboxylic acids and derivatives","Dicarboxylic acids and derivatives","Dicarboxylic acids and derivatives",NA,NA,NA,NA,NA
"KFEDCUOAVSSAAS-UHFFFAOYSA-N","2-(4-Chlorophenyl)-1H-benzimidazole-5-carboxylic acid","4915656","0",1428.68287603973,1475.05569170802,632.759310578096,675.248676398948,9105.00453882123,787.375653964726,243427.571588125,1997.26501896814,311068.894875692,512.971835895231,331.569610798557,2858.34298245887,22268.7035288629,281.003654565519,1378.42561682593,1053.61219123261,889.011870411683,648.610158066175,1213.50432852629,20709.7927333635,2793.64109459342,799.108833007753,1151.62412370959,1601.08979337793,1523.81216273054,1103.85053531453,1211.12978858423,4853.86872790301,808.360942474295,1378.64350858056,951.928878112145,1002.99907081545,3240.61575072799,1231.03527438921,191290.668447901,433.436396262499,1969.5937046755,1787.31886412875,12511.7277073485,1154.74474403019,925.872818615758,1930.69313923528,1644153.59877769,1327.39166699487,834036.687683425,2162.07364055337,1053.63704047968,22320.5013049022,643.751843736427,1388.04988370207,561.536484251196,734.328125831703,864.63136015799,754.073115354263,43711.0969230582,671.780424625654,1317.96858864912,"Completed","Organic compounds","Organoheterocyclic compounds","Benzimidazoles","Phenylbenzimidazoles","Phenylbenzimidazoles",NA,NA,NA,NA,NA
"KIDHWZJUCRJVML-UHFFFAOYSA-N","Putrescine","1045","C00134",159760.081973357,170290.296574587,217658.712704467,97082.205361736,37060.2164210003,163537.286482066,169454.920320026,144085.069695909,165355.86115082,297922.121180321,133620.418209797,147157.153863066,94316.0486513024,60211.885919752,81670.4374451922,103627.844071601,234460.384240788,437580.891235834,203782.715186695,282907.249796823,251927.010978757,242911.431922127,269246.522684024,156515.840628485,280486.462532659,230834.149745406,220217.379568721,214255.21727335,347414.275242707,196690.971945121,247498.429068094,139794.658028026,73610.4631328737,229867.927873194,282937.2448231,148108.028832483,236740.328807675,195727.889565778,110718.145782224,127900.821166866,377902.997448692,225017.174841254,145579.155405619,265068.528563446,238512.915812894,55056.8822386487,402872.776924912,147175.471873486,167416.997515329,110454.748810789,545937.01172926,136647.798454975,203963.843327667,180223.157484365,259721.203521537,630100.561439546,149022.246403144,"Completed","Organic compounds","Organic nitrogen compounds","Organonitrogen compounds","Amines","Primary amines","Monoalkylamines",NA,NA,NA,NA
"KIHBGTRZFAVZRV-KRWDZBQOSA-N","2-Hydroxystearate","439887","C03045",505243.88999748,426676.577463958,438966.651471139,355432.666588242,494692.589023449,387901.786217887,381172.574514075,606026.243594789,407784.107277028,457873.080994399,344047.422539292,367103.978639454,329073.532544253,351965.943378942,420797.335129311,426729.064144687,490829.21562809,446289.314029517,498460.611499575,353943.156674518,508099.390133666,444070.093097824,380056.506733106,369043.405366389,471157.923403069,390943.376925628,449389.39095657,442555.754520351,300981.204437145,537512.22803948,401878.373988729,280171.512452928,459821.5013841,420635.67789023,456073.582956576,438575.544286621,550081.652601314,378192.359896478,559190.700842095,371821.847168985,354667.127291896,339434.664794453,366280.466999407,397036.302181745,536355.006659229,501074.170826941,260086.326650031,454961.584891881,302242.524146696,397035.703937144,414117.012106717,391568.808762423,453566.802973533,363360.247993953,495125.647364951,398703.381001637,473275.363741698,"Completed","Organic compounds","Lipids and lipid-like molecules","Fatty Acyls","Fatty acids and conjugates","Long-chain fatty acids",NA,NA,NA,NA,NA
"KIVAJCJTVPWSRJ-OQHNRNOKSA-N","1-Oleoyl-2-myristoyl-sn-glycero-3-phosphocholine","24778931","0",9892.92863744343,7680.94214905081,7995.59461464625,6728.00882731815,8516.59477225255,6391.44190721787,7145.6606446136,10103.1260916651,6987.8312405008,7134.41970194809,5750.28884091118,6576.09207499823,6822.97812541953,9386.03044146782,7178.57197368946,6471.56718786574,9722.23056209669,7467.88120774817,7957.00953736925,6056.63183377905,7788.63176104812,8595.93254574895,7666.65938588492,4529.91382925576,7828.74572346544,6112.78749465911,7043.55681892598,7965.55315139007,6528.34586174733,7244.80931603642,8345.68713632911,5142.98492342683,8666.66305281845,8005.56765384089,7876.26114044073,8628.5420682187,10326.5227476629,6013.96757881087,10182.1319108027,6399.87619289684,6033.17971290764,5697.54209743398,5800.37434239407,6987.93057531503,8593.29636964861,9144.14187643304,6385.75692320497,7973.76011825911,5497.41202239597,8552.36465913454,6813.56789308085,6896.77287560184,7264.3715908828,6338.82364254275,8882.21965698168,7702.53713277954,7030.22221253016,"Completed","Organic compounds","Lipids and lipid-like molecules","Glycerophospholipids","Glycerophosphocholines","Phosphatidylcholines",NA,NA,NA,NA,NA
"KKSDGJDHHZEWEP-SNAWJCMRSA-N","3-HYDROXYCINNAMIC ACID","637541","C12621",49491.4072048552,8909.23682410146,7048.28354671187,117097.10032656,109934.554150838,82930.7700084748,115459.509950483,354.335722373411,574.866415906067,86707.6203742487,24955.9114898773,25199.4145694937,108006.192955484,15513.9563106945,58012.4501532977,61461.4308356941,69946.6418858404,78903.4957730438,92505.4919355932,86055.9669019772,8420.31657771108,75717.7844180585,558.003441385061,197.144864237994,1163.09334912679,145.208109395821,54620.6112070709,100946.104961864,93385.8242134004,28138.3294231775,63965.4551545859,92907.1898485713,31892.0416144466,39283.0800530335,56914.3345162012,63658.3200381616,66470.8311713333,70612.7536833575,2965.8299278105,11454.7588989751,18868.9603007985,12170.7621432418,22073.030021971,152.218932141352,7250.80892163517,21437.2009550111,93741.8939098688,86453.7858768926,7431.10256238,47725.2291412675,75834.5714746695,86843.2502012905,4960.71325828018,54025.082458288,32926.6993734831,49688.7136848284,92889.9440779661,"Completed","Organic compounds","Phenylpropanoids and polyketides","Cinnamic acids and derivatives","Hydroxycinnamic acids and derivatives","Hydroxycinnamic acids",NA,NA,NA,NA,NA
"KPIVDNYJNOPGBE-UHFFFAOYSA-N","2-Aminonicotinic acid","72930","0",842812.328474873,1051625.61074155,462372.299102931,2780983.94255791,811998.02023896,762865.382556303,1183807.33059297,1567283.32225776,1654721.06264024,1099986.13348091,1067226.78881076,1292625.32372224,1366247.30481236,733387.927767989,826866.992510658,642342.48042112,1425289.05748918,567539.938208572,594950.071310711,1378309.7855045,1498735.0151535,1840344.56376152,964159.043906244,1723672.37084236,250763.503750068,1084277.60223104,808445.427358141,1834603.36897222,1935853.60351498,617672.747657998,1635511.39007154,1325787.98845674,157823.83189743,148782.123144033,1025199.36938564,1445683.89224754,798870.853075342,1887728.35593599,608234.25726364,708364.710679155,1309885.87689629,597523.873829248,1233283.69762421,1054932.00727526,725915.558149201,450189.961758973,488336.415885823,1275744.07632267,1779297.04205853,1584500.74026741,1887322.20678445,1545516.75173023,622789.097151308,813458.366621993,738585.226410503,1296246.1835068,962905.523456168,"Completed","Organic compounds","Organoheterocyclic compounds","Pyridines and derivatives","Pyridinecarboxylic acids and derivatives","Pyridinecarboxylic acids",NA,NA,NA,NA,NA
"KQTIIICEAUMSDG-UHFFFAOYSA-N","TRICARBALLYLIC ACID","14925","C19806",48669.6998192372,8748.2914899106,8697.42327577985,55334.2960335112,17946.1388712097,21004.0427566977,22357.6737280701,27003.2431407489,51804.141302056,41235.8788505622,131204.487763376,13715.7945547739,102034.778601571,33808.9972753617,25276.076902084,9128.42693551532,20238.910862341,9681.52225139382,11316.0702935932,18056.2590308145,9561.62784353988,27282.3065113401,12220.2753663328,3382.2309656553,3737.08687777851,1742.49731274985,20912.380850797,29111.5654118622,12690.186363023,19006.1625103826,12014.8861102263,19442.6252535377,23821.0542066679,19860.558572267,12794.467894949,15903.1291458427,14766.0400621369,23616.6090305485,5514.40637172164,22811.0362227904,72166.4603940001,28971.8850358061,57236.1465907066,9403.51081494199,16321.270802845,25838.1467579678,12380.9265885237,17183.2247146783,40035.0178312422,18991.1753371497,25808.1857920698,18462.6925233813,28424.3920631063,33564.9168109136,28702.1067492797,18252.3386427439,17643.0308824651,"Completed","Organic compounds","Organic acids and derivatives","Carboxylic acids and derivatives","Tricarboxylic acids and derivatives","Tricarboxylic acids and derivatives",NA,NA,NA,NA,NA
"KRKNYBCHXYNGOX-UHFFFAOYSA-N","Citric acid","311","C00158",134970.448498651,201282.051168668,272713.228369822,410192.001691277,190097.729898362,947957.361909529,1006518.46712827,2677479.56377528,1304390.33680232,1326531.59694158,865061.012681342,1286401.22112385,2863672.78361348,637247.314930295,941743.345771639,227228.309562041,77324.7992959277,118949.21926868,699293.263720115,1641049.97054244,147757.679985488,613676.072806419,2138577.87014236,3149884.91727678,40238.6333069895,1959465.11857783,272251.238409112,1315525.5711932,1759824.36265558,34281.6402919793,627818.534954557,959356.739001078,1511292.12872751,618994.961199301,342420.453548386,1089218.87811065,391310.573154058,2451546.84678234,35973.9106963752,609282.333378137,1454598.63685986,592990.606516124,836194.965117277,682446.438320301,1362975.67255479,47932.6909932194,721236.677820741,652532.409314977,723481.114045009,68662.5167385701,791235.154822209,496856.665376641,294914.985448097,207257.108753088,449466.589871684,384429.803652651,873468.070279835,"Completed","Organic compounds","Organic acids and derivatives","Carboxylic acids and derivatives","Tricarboxylic acids and derivatives","Tricarboxylic acids and derivatives",NA,NA,NA,NA,NA
"KRNYOVHEKOBTEF-YUMQZZPRSA-N","Val-Val","107475","0",22809.3025816474,59320.2103398257,26502.4628459492,149694.388100945,57187.1144048127,195473.589432478,361204.454658745,204595.822597558,359264.896962652,116124.802236077,110722.157425001,61164.2341205646,16812.3515404223,22548.1673614124,31344.4533837405,59917.9873263531,168565.90090361,19796.0431235675,163717.840732227,318283.330810189,64996.2108659784,246249.412883861,127552.414382342,227567.485495281,8815.25128678846,87504.1840531112,38350.23068587,99058.2697764723,173622.792067584,72579.6511864195,46274.0920175548,530026.047842288,4139.59263012267,14752.0897412076,188644.322069014,192324.619771396,14686.0212927724,234061.682301654,48675.7531540461,143323.518925716,135558.406237839,91510.6595623333,455640.542219978,170221.806058572,139694.211131089,20641.9968069574,17977.2939468488,52369.9301787621,163658.923058243,71073.4824075349,261952.574402117,288573.825692864,35360.5455059124,313105.096435701,152934.351227939,205334.738399378,173469.43052408,"Completed","Organic compounds","Organic acids and derivatives","Carboxylic acids and derivatives","Amino acids, peptides, and analogues","Peptides",NA,NA,NA,NA,NA
"KSEBMYQBYZTDHS-HWKANZROSA-N","(E)-Ferulic acid",NA,NA,456278.077918857,222085.480035524,25574.1658141823,616494.998541274,491143.987100371,1573512.60168256,465053.974976855,605193.309177307,584703.13953975,1730672.88423832,168873.53014482,380831.201647695,887869.500901591,1067990.15327775,20549.9050560063,835505.831481958,592086.179789712,560826.446759694,958766.696294769,1369188.07896649,136504.329019252,120146.852650266,386929.084187319,17638.1977380097,89128.5228139271,2079939.44667323,993838.855926468,1108396.11358786,1180941.67101243,313265.771699252,1682685.59607409,429164.061195266,744742.171964523,570911.219679841,806206.089898468,749349.609652681,286328.206636468,1092432.31416881,54983.4309205979,133024.470399873,251463.780110133,331529.234472583,410860.647686376,213840.987957177,300091.260370074,27574.5743536921,275762.532192946,1740733.16128816,537587.191084176,607340.516008098,204064.219823794,1071855.90528184,41188.6216880649,125350.907341377,435790.977092091,246918.470203627,904182.325793366,NA,NA,NA,NA,NA,NA,NA,NA,NA,NA,NA
"KTGFOCFYOZQVRJ-ZKWXMUAHSA-N","Ile-Glu","7009625","0",42828.7197231855,358730.374968042,196543.360448682,234875.211306886,92733.193003384,91139.7713831891,182221.031765702,169449.521438624,250570.091353434,1306519.63861049,439933.362451758,471247.36257053,96685.8891782244,112239.27196423,87467.8342689489,94630.3597478153,202974.84856596,238072.02226248,294660.971306774,495181.629696449,214334.706257559,309538.147011902,182838.547391467,109806.681876861,204281.893557612,92213.1098641717,432521.485272969,232824.556294155,246954.503425729,255529.973459684,99550.3662435556,213735.851190438,1678025.31440189,755686.779576981,98091.7727884803,195242.116914452,46317.937074928,117276.020363538,82761.0850530092,70531.2589553344,302720.226158007,209061.592278274,175264.608279715,94903.0987827755,188036.457416864,87134.0571979196,94280.6108750232,73121.2298679686,273367.678369191,188719.48754682,216028.330760314,135980.157972163,95688.9603412893,406975.553355404,358045.337207296,148866.793488287,125520.225429751,"Completed","Organic compounds","Organic acids and derivatives","Carboxylic acids and derivatives","Amino acids, peptides, and analogues","Peptides","Dipeptides",NA,NA,NA,NA
"KWIUHFFTVRNATP-UHFFFAOYSA-N","BETAINE","247","C00719",152373.430366517,1274596.65918814,148963.109284614,94387.6166691346,156123.795499483,213579.688181165,182473.164138087,125405.907072036,136208.336475525,535922.858381945,136946.780660451,363642.831994558,132977.789201917,900778.936091567,1272127.88508083,209211.959356025,141361.483800031,154494.451588419,338243.990363839,80932.8931958359,510847.177704978,371694.449954835,237021.061797873,466572.200233222,2492136.39016988,266220.088578339,353305.019355509,129598.252451756,113342.711699709,340272.88056001,355042.846627411,48434.088650863,123047.126821993,451075.148364883,232563.408892628,110418.048781965,170739.665884654,74746.3301140513,216283.033420178,181608.574809832,347525.21609678,480080.565917166,127893.571587539,62504.0155909668,72438.3056937786,975350.685097527,577336.283426961,171612.580524573,65450.0598053141,160070.58052514,246997.158500948,244404.038618048,128878.474582203,98642.575279854,203227.998315593,304725.700875061,222944.242284994,"Completed","Organic compounds","Organic acids and derivatives","Carboxylic acids and derivatives","Amino acids, peptides, and analogues","Amino acids and derivatives","Alpha amino acids and derivatives","Alpha amino acids",NA,NA,NA
"KXGVEGMKQFWNSR-LLQZFEROSA-N","Deoxycholic acid","222528","0",274131.268762158,195006.247268896,1293462.26695244,1319248.28183059,795853.339166449,805451.102030314,1478525.24269152,1248497.56639818,2260649.65267632,283976.18455277,1750312.69205506,530829.457139489,1104200.61165788,88514.6059234195,1187088.29619605,1469072.04299582,1005342.86832787,236152.989520339,205704.267546613,1393730.84950671,917147.465185679,194556.290803541,1458225.11822683,937242.38397786,1642065.97943442,214214.918906737,1702449.6615435,2146630.95108985,1468990.8419352,2587147.19733993,444938.49490681,3115912.86531659,3410217.27288389,5675255.26403231,1409579.62553862,3066169.71435657,431650.922081654,725367.03823859,1060626.92642184,1333283.28776591,1604307.96940739,659461.537668548,771862.03686922,492464.064066922,429739.281707436,125864.305486857,2955307.94367487,409338.524421429,1621739.61692908,3500527.28285212,199760.370466754,1122411.03434331,129818.581609047,1117090.36135021,3578831.38080056,113275.30293125,733222.651844588,"Completed","Organic compounds","Lipids and lipid-like molecules","Steroids and steroid derivatives","Bile acids, alcohols and derivatives","Hydroxy bile acids, alcohols and derivatives","Dihydroxy bile acids, alcohols and derivatives",NA,NA,NA,NA
"KZNQNBZMBZJQJO-YFKPBYRVSA-N","Glycyl-L-proline","3013625","0",43566.2384434039,29614.7711062436,17359.5016854375,40131.0764862708,4820.81972651362,67379.4876217572,73819.0478808939,12680.1569220771,37017.0585698911,68767.1768014048,19006.1170099189,28449.1128284556,75186.5307311993,22907.7585306715,17140.8954660067,37046.990961804,14090.6244412486,99268.173673277,80653.8845204908,54257.486593048,16776.0719237022,27316.8785869338,36873.3423032707,41635.1720219617,5366.81647608245,54649.3408750234,44209.8510550719,69435.2667054951,72315.4002304617,8222.04678408349,38198.4433599209,64263.1739355854,33980.110670995,24955.1673064176,41510.6393324525,28231.8923937398,25943.7142753954,45129.801319251,8125.66878504489,11615.0328350194,8292.70690018592,22791.3694007978,23725.6432859632,39506.667464994,17192.7484320618,8112.0065791262,84961.5852392048,59479.3259234082,36748.2566572358,10415.5852365439,23846.6861115846,60643.5062651607,10698.7213756923,15269.0389361794,2109.72222446815,21878.4785205244,55813.7238144053,"Completed","Organic compounds","Organic acids and derivatives","Carboxylic acids and derivatives","Amino acids, peptides, and analogues","Peptides","Dipeptides",NA,NA,NA,NA
"KZZUYHVLNLDKLB-KZCWKWOXSA-N","3'-Galactosyllactose","189088","0",5991.01987597822,98990.5062937527,45127.635408913,17855.7935524426,163449.803882431,8788.68214378696,44947.4384715554,56492.3384456019,11397.540185549,107998.213344482,70591.5119633537,82550.8392996886,1258801.6425375,27014.6695184579,9304.12588389458,9100.35939763413,15201.8892792632,129744.445787164,162562.578094305,33398.6963489604,58690.5366660862,15754.9887348253,122101.838147333,31518.1078329159,73253.897352091,10210.2813217765,22131.7706890903,14128.727668883,131936.685247633,31665.7180877098,15169.6053652311,6275.90847167381,221235.235957616,121512.136527682,14744.6170104533,29419.3893698014,119907.393129604,86052.7691548104,80335.9876747085,61419.6757079737,9095.67624730401,39896.9228962018,50990.0666738917,11716.5999026564,66655.0958980147,16496.0621593816,102533.264386732,11042.3118245864,103887.342726169,36331.8504030304,10048.7108977327,23769.3984129556,127092.076293122,9806.71709858321,26365.864813058,10625.92603067,42506.9520124666,"Completed","Organic compounds","Organic oxygen compounds","Organooxygen compounds","Carbohydrates and carbohydrate conjugates","Oligosaccharides",NA,NA,NA,NA,NA
"LEHOTFFKMJEONL-UHFFFAOYSA-N","URATE","1175","C00366",7325.05340024998,38629.4012061114,12924.2042009302,25717.0732383074,13040.6411393434,17870.1529960375,14033.4586356525,42107.7515051806,29283.4564608967,61496.1716513435,19109.7161275103,39879.7834350741,7116.73022115206,19524.8717006433,66053.8949059379,17931.6746561161,7159.9593830417,9737.35575169203,11383.7591069935,10623.8162216597,31400.6880666886,5512.77606019857,9570.42676472585,5540.13101891642,21721.0371430459,8973.21556670134,6214.65681883841,9852.37733760858,20697.5554394597,23296.1910494986,32996.6386246932,10550.058934096,5627.59906432351,7456.16595210671,3882.84363996889,16262.364475024,46026.4626425343,22516.3092253748,47241.9891440132,11164.0954396741,42217.6453843276,15315.5846835421,22566.9309898817,12046.3375747266,33793.0929354022,148583.970814083,7711.95832479232,21010.2413837686,24481.9821913319,40697.9468655344,45412.3698413856,9081.77809208008,122238.14825726,8295.90399529715,105847.741990404,42811.9183787401,7425.10662233552,"Completed","Organic compounds","Organoheterocyclic compounds","Imidazopyrimidines","Purines and purine derivatives","Xanthines",NA,NA,NA,NA,NA
"LFUJIPVWTMGYDG-UHFFFAOYSA-N","1,5-Isoquinolinediol","1340","0",293271.628163827,400304.860583846,402809.151823007,270515.039702464,11124.7230001212,10331.8355316366,105309.197626165,19947.8637081848,701339.579079977,617729.30907914,432136.146210306,154157.342426186,23124.4172784788,608656.817185789,587493.830730609,30939.0767770175,244476.327422428,37788.3746091017,47851.5055970352,481720.364965154,142245.905142418,303455.311024379,222482.833971783,639762.871417193,93338.2358169749,347454.329289617,638575.350067467,953790.66399055,108518.146024102,9038.42715641437,13591.6601905117,205498.07227589,323173.674765991,215087.495980706,269307.953305915,255867.936697247,105609.640876575,567804.922879308,569260.485573007,295962.730424629,204982.897466478,540046.477624694,746426.865843119,151495.788847376,681933.013585553,7357.18692318522,5802.70955195582,755679.206176576,280817.815354582,325935.968698306,842449.861151614,551368.324882937,486240.318620766,150608.437146453,435543.388978959,633122.663146399,10401.365044387,"Completed","Organic compounds","Organoheterocyclic compounds","Isoquinolines and derivatives",NA,"Isoquinolines and derivatives",NA,NA,NA,NA,NA
"LGQKSQQRKHFMLI-WSNPFVOISA-N","1,4-D-Xylobiose","439538","C01630",19811.5231942991,9421.56996813891,7678.51078786671,7732.55555411395,11272.8077454536,28654.9645506934,14666.6547072081,18118.6373603298,12601.3452555422,44978.2176412364,10003.5458993909,13226.617411177,26116.904118748,14699.280190584,10472.7839929336,11136.8212349715,19492.4608519009,13839.6521152886,37840.9286521203,20372.5394645221,14240.9608285457,14396.4845230171,16526.9667563779,12153.8409063503,14201.6194351987,25824.3471066889,64888.636370492,20732.2331924649,17577.6134055316,19820.9750740968,43769.30240494,8880.74581161245,165190.495492325,44476.4659374131,23868.0057156795,23357.6841960169,28382.7960271176,30190.3729260013,19432.0497217985,7976.59054636344,6302.59963650857,19974.6706582426,17037.0132148333,18776.9377202675,21928.2187445205,8710.73862284681,11127.8755426981,32418.0615941954,24394.4780066694,63312.7415846178,10117.1440118698,25007.1045737196,6020.32018693957,9087.93163805636,20609.1808034596,12107.7727405436,20870.3723256389,"Completed","Organic compounds","Organic oxygen compounds","Organooxygen compounds","Carbohydrates and carbohydrate conjugates","Glycosyl compounds","O-glycosyl compounds",NA,NA,NA,NA
"LIWMQSWFLXEGMA-WDSKDSINSA-N","Ala-Val","6992383","0",31051.6635913605,393197.747579527,277464.09561859,261168.932654246,109003.596343872,131212.105475187,539989.88072751,5885.05417159317,24736.6103417996,858694.9496195,854715.357175745,962390.940387086,219477.460906881,246854.046799775,190665.412309317,215458.29550363,67086.2034518355,389576.554399777,356694.78464141,974019.120292961,103676.584076909,214093.010868479,2520.51341714997,19789.6977592891,67530.358946766,41897.91763882,527964.824794564,435573.814457534,654218.395516505,112157.496216614,68016.972271596,567251.241841875,846907.95643871,361602.855760904,142646.410736338,395722.340514907,31725.0433618345,221851.929620715,49787.3517372971,101512.297360025,420876.383291947,406044.36849122,191258.943376378,19135.9422594761,162428.474034282,42174.1035243403,643549.612883325,89917.9498796633,372509.422225384,117700.945291995,294176.089091414,297743.44893324,116667.737091486,189831.315242224,96868.0658262389,125695.738655403,229886.369793858,"Completed","Organic compounds","Organic acids and derivatives","Carboxylic acids and derivatives","Amino acids, peptides, and analogues","Peptides",NA,NA,NA,NA,NA
"LJARBVLDSOWRJT-PSXMRANNSA-N","1,2-Dipentadecanoyl-sn-glycero-3-phosphocholine","24778654","0",5228.14778427092,1184.20551902503,3242.65167804155,1377.76080136779,1385.56812105524,2247.95573621463,1973.12682327876,4605.87710457642,2546.14296340223,1552.37801624342,1486.91100418398,1301.71656762271,2113.93379321635,1576.08176121052,4428.71157721453,2055.59409172202,3161.12492473956,790.45339320393,1564.99889794826,888.726365029762,1966.86294822047,1253.25313502422,2200.15624281564,1132.47845731394,2547.47744136564,3169.94842958651,3220.36022761296,2486.70558315708,1406.88383687268,3322.81707393184,1441.01738232615,1399.97226361991,3389.85749301378,950.552150619451,3748.87915512878,1735.2910533139,2750.71109358568,1100.33873860721,4168.88285379902,1539.8752330585,1757.16587460404,1747.46532678329,881.390819796413,1711.29282273818,3241.55232727905,2372.38273270736,1940.7148214436,2498.99286180492,1050.81779651774,2152.73216685653,1452.3146344578,2043.07325369846,1639.88594156153,1337.68524111139,2879.30265547668,1354.59466050867,1867.47418803785,"Completed","Organic compounds","Lipids and lipid-like molecules","Glycerophospholipids","Glycerophosphocholines","Phosphatidylcholines",NA,NA,NA,NA,NA
"LJCWONGJFPCTTL-SSDOTTSWSA-N","(2R)-Amino(4-hydroxyphenyl)ethanoic acid","25200582","C03493",44508.5541487158,41805.9264338544,27310.0875057953,141477.754427432,38269.0012026666,36708.9777951471,75329.3214840815,25960.5225107752,89590.2962383875,23696.1744041146,23879.1328766087,27154.2922823104,57382.5796332497,20201.6597510454,24038.9007255809,58048.3801941379,69846.460918432,105282.56993844,185032.065088567,54846.2607266258,25618.935577715,8969.38220912164,48269.9106182421,70509.9471334707,25878.4534456215,64800.9137406071,172645.636381877,16921.2219648552,50710.2338372058,174339.133062851,37046.8528940883,31740.2071729388,66711.5242106698,18239.2644313815,82750.7128538935,16656.0859745154,71996.7083894061,83356.3666006301,38584.5689602977,14542.2427810967,35831.0232631706,32704.7953589981,60428.2246263598,21069.2699233083,31314.188154556,173938.727923114,23171.9683830733,40841.8870387171,13249.2081707033,69342.8149900902,32774.7333185989,139365.048531878,25830.2231435616,36339.5815500364,263658.792914623,32515.368145137,31836.6414562752,"Completed","Organic compounds","Organic acids and derivatives","Carboxylic acids and derivatives","Amino acids, peptides, and analogues","Amino acids and derivatives","Alpha amino acids and derivatives","Alpha amino acids","D-alpha-amino acids",NA,NA
"LMIQERWZRIFWNZ-UHFFFAOYSA-N","5-Hydroxyindole","16054","0",36037.7381978198,31440.7539956977,14746.5678021102,24640.8542421515,6058.63782972361,7397.89711014833,12859.8938872915,8125.51234163126,75107.92421855,69487.3277385699,24041.8732019646,19462.4361087573,6604.08254136851,35875.6514257572,16838.5311371546,9023.7134288047,22323.6009575011,6931.5832874977,8598.5042621047,46533.7312394422,16887.6862565062,18631.3854242179,20027.5745802651,25833.9541750019,11725.8594948478,36004.8885325063,80566.4598492985,84864.5710781154,21997.6326459955,1210.35206466204,5007.12139619606,16106.1181404169,45234.8239561143,32327.3531345521,34487.6196879021,21257.0440836291,12770.1675888867,58540.5464646189,27495.6333333872,25266.3170623128,14112.5959538388,30831.4965012651,46299.7787609693,16980.3944441878,54282.7979826766,1923.86805583256,648.49838843172,81684.2009264822,20775.352928846,22721.3817481633,47169.8402799793,59085.8405436995,18438.9187791268,15272.8055351572,40830.1780435746,40013.7854569206,7225.27252048294,"Completed","Organic compounds","Organoheterocyclic compounds","Indoles and derivatives","Hydroxyindoles","Hydroxyindoles",NA,NA,NA,NA,NA
"LNTHITQWFMADLM-UHFFFAOYSA-N","Gallic acid","370","C01424",4862.96165321339,17475.0129865791,4664.66025822626,4356.10228268839,5547.20400264882,4396.79395555069,24937.6025845094,3822.86428423984,741.903072603302,4282.9077092205,4517.55049104508,3909.6875277311,13075.5480972895,4679.13661162887,1211.43355285203,3938.09146886943,6475.25472920048,3083.3498010878,4153.26129340688,27291.5209238468,3479.7409638884,2245.20936641115,808.511369326014,769.20684023495,19925.4677619736,1001.66705092487,33455.2663339353,2405.09632228427,3173.52880332254,2512.25467481575,1954.08823756611,2624.99185390558,7419.9144123463,2858.03018567662,18337.9473251324,3639.67823162893,215927.385624785,124934.75933548,80366.3511911425,4683.66785392179,33160.1759665472,16480.8963622189,32599.2009100644,529.040624295469,48342.5610292915,6514.85765862109,3368.3199876752,1422.20351248599,24299.365369206,9271.98372826515,60586.9944803404,7127.5300434811,33158.7582228939,10398.0731380968,69717.6191024709,49404.8887591978,3036.91515189973,"Completed","Organic compounds","Benzenoids","Benzene and substituted derivatives","Benzoic acids and derivatives","Hydroxybenzoic acid derivatives","Gallic acid and derivatives","Gallic acids",NA,NA,NA
"LOAUVZALPPNFOQ-UHFFFAOYSA-N","Quinoline-2-carboxylic acid","7124","C01747",118111.994543134,161832.099011583,129227.679327253,108499.509398132,2745.88147934063,3116.07681769345,19317.7329402031,4415.84536888745,214601.603422721,286177.423983939,69715.2941610029,51345.1021659904,8183.60899829109,35205.0310108512,28049.2005392137,2991.37141154432,47982.5849476466,12308.0087131598,14928.9837193608,230728.872338566,41741.8762432757,194794.639559282,4398.28935345397,5346.47631029772,112680.194168084,43723.8231394114,281655.405711576,150619.009914721,20801.300470596,2521.74592517916,4349.64645273567,27973.9366673804,206289.508337113,158880.649661623,38375.5088557057,53620.0769108921,83124.4703776318,123458.91961591,156792.52673523,35278.0626808049,9327.40908385191,7465.54650892323,27463.1576492076,44129.8954692504,90652.9713460624,2563.0801642853,2948.55384888856,9746.27767032057,82282.3340637783,218394.274437883,18109.0398397274,225479.465659772,171350.914599457,15947.2553744168,141498.180581435,13172.8979626893,4178.27925282477,"Completed","Organic compounds","Organoheterocyclic compounds","Quinolines and derivatives","Quinoline carboxylic acids","Quinoline carboxylic acids",NA,NA,NA,NA,NA
"LOIYMIARKYCTBW-OWOJBTEDSA-N","UROCANATE","736715","C00785",1585550.67056953,1194071.64823118,546545.349663392,2501807.12042179,1290136.11226677,1162296.65299966,1389384.03344448,1974768.78323605,1779557.06469418,916565.133068234,936915.865087869,959967.500451676,1565121.07794349,709322.086381223,1122921.41752736,901388.233634112,1871277.38463315,716300.803640337,753493.373509419,1020151.35622423,1551862.14184119,1868916.75815362,1154989.97496414,2181573.83767033,214539.879372844,1323199.52850175,855320.140999457,1910622.24924932,1739349.54962085,777356.837640172,1921792.19672795,1203453.22031026,49097.3340246175,83702.003308847,1552962.02630503,1487804.80155424,1314457.57912783,1860037.25863453,930692.063012607,817060.377399269,1059970.12918832,611215.227694242,1077858.69779765,1272747.21271478,946272.658277961,253000.816216549,651630.400604371,2011525.87387425,1498923.65585236,1713160.81786264,1735058.72659044,2067442.59820258,687715.049358563,667098.945241405,621334.683175231,1616639.92736256,1382780.99753023,"Completed","Organic compounds","Organoheterocyclic compounds","Azoles","Imidazoles","Substituted imidazoles","Imidazolyl carboxylic acids and derivatives",NA,NA,NA,NA
"LOIYMIARKYCTBW-OWOJBTEDSA-N","Urocanic acid","736715","C00785",393274.308322279,272478.791554883,90726.8230560907,772134.976381192,427852.197978754,344666.947093002,561051.178673344,359947.872013487,558417.643835849,284490.380396118,191591.175849637,432502.660167311,713776.249087955,207688.098036923,241425.07104505,265060.112063831,443847.724494094,241879.756181473,263687.938804829,400774.882357363,432035.008604534,501222.000862537,360564.015202557,580487.924703173,58707.2367192836,514573.170554251,250616.103208776,598013.903595058,714557.677920006,194898.99436782,369120.529840937,423711.021349037,26937.3550488829,34208.9705916378,392922.318577148,312520.364887148,293876.782909557,509022.949083761,148576.521657696,223915.240227225,271668.291467873,131162.920038067,234940.113553124,375000.387308705,177294.405957973,74049.3951016257,283862.539782355,528896.673559212,436085.961412607,384147.779554745,424726.341253908,500994.638228001,116146.629302031,174210.475961519,173928.012494685,378502.654556365,423295.795149585,"Completed","Organic compounds","Organoheterocyclic compounds","Azoles","Imidazoles","Substituted imidazoles","Imidazolyl carboxylic acids and derivatives",NA,NA,NA,NA
"LPMRCCNDNGONCD-RITPCOANSA-N","Selfotel","68736","C13735",113581.720191126,45529.2780432711,47418.1551476133,26337.3395086714,83265.8742984451,51801.2235148102,59606.3582960161,11959.3808408516,35779.4687952706,25547.2640247082,18300.5915700341,48240.0941076105,64279.0878455382,28461.4125763573,42108.6793269082,43260.7120404259,66105.298527511,77800.9985929183,68906.2510678091,28634.2210349386,76856.3164590143,25372.9401649817,54129.8955384449,41063.1100459647,57258.3661383267,61120.5133798575,37907.433127094,43814.8762215008,40344.3811812049,91104.9097481817,80532.9380615492,15192.3655175352,26948.9437267952,53399.5266175457,76389.8688253778,39583.5152727633,76556.6225503121,38888.8194558058,50280.0242781454,39822.2800731816,28660.2701967793,25043.7250637882,26568.9363211054,44240.356914173,47882.3748224444,60418.3083082031,100178.482392064,80205.3405261004,18952.1449488742,61675.8410782158,32460.5316835374,41833.4833107207,38142.0334106059,26840.0309959611,62903.4943189032,52144.536499132,37189.0637919323,"Completed","Organic compounds","Organic acids and derivatives","Carboxylic acids and derivatives","Amino acids, peptides, and analogues","Amino acids and derivatives","Alpha amino acids and derivatives","Alpha amino acids","L-alpha-amino acids",NA,NA
"LRFVTYWOQMYALW-UHFFFAOYSA-N","XANTHINE","1188","C00385",44691.4335742328,56008.9762984205,35629.3491909982,84832.1867133328,83098.361189867,82001.1271023918,71514.8072471854,58346.548669823,50888.6936510659,42807.3639986222,50404.7336795191,77818.8225366388,106414.789130113,54047.2210876608,70678.1559285484,65968.4297070016,47536.4904938401,63156.1377021542,73187.699438173,55232.4298424103,71319.3701454057,40251.7737269048,36879.278510094,54544.172149638,59977.2467250741,65854.5666500676,63719.0559615502,61390.1321552876,73583.4366541972,59748.847917282,53125.4722542818,67397.4436850397,46336.8018739497,60493.3538998499,55683.077175336,55270.3503265376,24250.0476407545,70348.3631745263,40058.2933908831,62532.9037095346,79024.4741035699,68252.7667592805,61640.4052848611,56119.8204295401,79179.8304943708,40298.3972533967,135973.1045271,94968.506743516,68715.220277894,55218.803564612,62067.6203759696,74885.0214328058,47895.3371626911,38090.8621426303,66677.1067897064,51472.7560745064,75084.7690964819,"Completed","Organic compounds","Organoheterocyclic compounds","Imidazopyrimidines","Purines and purine derivatives","Xanthines",NA,NA,NA,NA,NA
"LSUXCWJOIAWGOU-UTJQPWESSA-N","3-Hydroxy-2-((9Z,12Z)-octadeca-9,12-dienoyloxy)propyl 2-(trimethylazaniumyl)ethyl phosphate","24871190","0",13502.8402027733,26311.9280021157,23951.4295496637,41695.8826305834,111165.725994092,23716.0325722343,109053.936384188,681031.359530786,34836.0355375651,12887.5896729079,33676.0462201148,26607.294362937,8886031.53263087,39121.1306340002,98522.4395948233,29093.8134876697,28496.9811997039,75498.3756523051,1561345.35329682,22043.4813646404,149703.492769764,18519.8081591967,38972.606697452,137422.557260296,139666.973476616,24904.4104403034,29371.5272758304,32865.820409781,109267.977997112,16571.1010641164,41980.5890991954,31072.4819239454,96448.7252146527,28156.8372138766,40040.4960244328,34194.3997534466,18489.0686487665,430796.769899535,48394.8852043195,14277.9220921686,36343.3777619507,65364.4047316431,651924.614787092,18333.2018554979,166049.388704194,24822.6712684738,42451.4014590452,65649.9399427287,26520.6761778558,38762.3054190691,36558.7117925718,41156.5341544851,667330.580453204,35813.0089551242,66953.3208545861,25653.7193456303,31762.6006294367,"Completed","Organic compounds","Lipids and lipid-like molecules","Glycerophospholipids","Glycerophosphocholines","Lysophosphatidylcholines","2-acyl-sn-glycero-3-phosphocholines",NA,NA,NA,NA
"LVRFTAZAXQPQHI-YFKPBYRVSA-N","(S)-(alpha)-2-Hydroxyisocaproic acid","83697","0",658604.195756732,15800459.7458357,16610871.5588719,3708236.83292662,9806742.1517421,590028.899323817,1047349.81632092,17135970.4469396,4060368.26783374,3056835.35858899,12444555.404928,4788806.76206227,1328853.82759358,9345436.46540146,8909280.55951872,8633261.59125663,3651363.01755579,1543930.32679549,1535256.74029008,2095069.50092284,5763961.11246653,4411290.16620354,6637315.58975974,14179730.9673101,9265756.18684912,1671755.41760299,1989356.56695629,2376920.3956354,1249055.16588214,3062941.9766006,963092.296306943,4455616.63147283,7564610.64475836,5537455.60238485,2229170.53730399,7537029.73566923,2425572.38547666,3779061.3477315,15692132.687925,11683287.3251446,10689574.4981158,13530333.4195961,9930049.78059533,7663848.54056104,11110716.6036919,11200778.0444352,1324049.80664951,1626554.50075892,8724035.07261958,4239092.97513424,6605601.08156516,2213125.65208663,15294938.6581569,7921550.12991326,4104424.94675323,6321075.9768329,3002587.71234184,"Completed","Organic compounds","Lipids and lipid-like molecules","Fatty Acyls","Fatty acids and conjugates","Hydroxy fatty acids",NA,NA,NA,NA,NA
"LWBHHRRTOZQPDM-UHFFFAOYSA-N","Undecanedioic acid","15816","CSID15037",65819.6205155858,51986.1725587736,55025.9220629426,50533.6036835719,177752.162037844,97682.4123229417,75107.7300383102,45931.5933287769,71263.9118072838,58452.5526373104,61779.2804516148,59135.2317435887,111681.751790685,41041.861038633,68123.869032853,88924.4371317572,55404.0318422069,62819.9250932214,68798.0042028232,45895.5395894621,60196.235900775,60034.9031551857,67227.5422732534,86861.115530709,39863.9253981213,103121.959022599,55471.3963270994,101893.390680407,76873.8487529686,60536.4518748207,130422.832237203,62962.9596299079,50915.3831654529,49180.992066396,65752.0762543458,49499.115022878,58116.8106414288,53408.8340053846,62544.9259809338,68033.3893338991,71697.7884893557,55664.1305338391,42648.6564335447,44936.5190234069,64228.5723781603,77498.8202355609,72121.5936934117,61998.8230402431,34026.6672897022,48636.6994403265,63376.838035384,59100.3529572535,62021.288399481,47414.7012522604,52052.1704908554,55485.0084322843,76209.9176754866,"Completed","Organic compounds","Lipids and lipid-like molecules","Fatty Acyls","Fatty acids and conjugates","Medium-chain fatty acids",NA,NA,NA,NA,NA
"LXNHXLLTXMVWPM-UHFFFAOYSA-N","PYRIDOXINE","1054","C00314",41263.0986390395,87787.4309600366,64001.2160331411,9251.64685537635,94372.4566959001,65873.6648156997,17674.0972853808,198275.558467414,28320.6844346028,25350.4144949146,13270.8704769342,106364.264723974,7383.44991543682,35739.9717027444,181157.722076932,88510.3176509546,31703.8201508316,11439.1817540574,19590.1304009933,24149.8395375585,48430.6654062745,33996.0015619059,164733.537536794,98879.9157371036,46906.7869243486,184402.263044323,9810.74318285471,56187.5070371277,46011.3430367156,7307.33194228053,311527.667588596,46794.7856519297,12418.777890368,15344.0046698617,14494.7446176604,51448.3591160785,25063.0158036203,158798.512580921,74150.4761942482,74106.4955909403,54586.3030973019,54643.0025151307,14942.5065298554,22664.173011025,94905.7823097138,108992.250211864,35854.6369157691,89408.8679652012,45472.2403824015,30575.4609496166,12794.0681182127,25220.9362808023,31395.1316558433,59271.9481834861,190845.56677983,11612.413067852,90493.4298294465,"Completed","Organic compounds","Organoheterocyclic compounds","Pyridines and derivatives","Pyridoxines","Pyridoxines",NA,NA,NA,NA,NA
"LYANEXCVXFZQFF-UHFFFAOYSA-N","(2,5-Dioxotetrahydrofuran-3-yl)acetic acid","239163","0",1848868.81701398,174963.340952838,222615.759956164,1178038.66477033,693576.907941021,523066.401923785,504828.733027498,31456.6489433737,16337.0527478815,882899.620691001,1413033.4609475,264747.496162311,2218039.76499291,585488.996338004,530067.3952084,148097.284109446,585664.351254647,173509.521269119,194291.728242873,515365.164448938,345520.769583482,838850.915563049,6608.18543563671,6504.64095416458,192766.73508032,7202.59112993899,463251.465349292,703506.203542225,284638.326369931,585506.128365821,634559.220523892,537664.816189699,405647.974607219,548702.954922586,394314.95978579,424441.954880958,554612.096831102,627274.774893432,247568.441510412,473156.658866371,1281002.39950827,597093.957684116,1036017.04681057,9814.39548491795,638490.146296378,1126527.57860905,270964.473754016,502446.00075301,540954.043450009,535405.42295669,593676.691945789,485984.932636232,501877.747537901,737474.466978922,1007411.41043203,449840.390896517,329908.463092195,"Completed","Organic compounds","Organic acids and derivatives","Carboxylic acids and derivatives","Tricarboxylic acids and derivatives","Tricarboxylic acids and derivatives",NA,NA,NA,NA,NA
"LYRFLYHAGKPMFH-UHFFFAOYSA-N","Stearamide","31292","C13846",345870.080111278,453151.478375451,262123.366685544,219047.887899527,821304.400319652,368817.060149138,626314.958892592,349949.593377779,458043.244447101,269999.689302851,371079.177839974,557067.181705634,411507.939679208,256249.570913708,611220.483871428,354365.530590812,230574.691997797,275091.216303407,628513.486752938,375636.430430312,532944.676783536,317424.525197243,560155.733156506,381516.73192106,495939.994152406,556466.814694472,318200.267079073,481434.918898751,522697.83126401,588676.577182578,271768.195507271,366415.355764771,744301.27694086,1680789.85851253,370509.615921041,439074.466504231,245083.311262166,540622.446886893,383501.110955974,1061143.49553118,294581.917889505,474270.469635544,199343.120149228,260108.325402959,1147802.57267777,451292.806345791,1013601.94170015,1070479.3509691,642517.130237775,306479.591529845,725891.661205897,209815.59279378,614588.657661517,241559.756039995,368976.199771879,585032.004551877,378049.719584561,"Completed","Organic compounds","Organic acids and derivatives","Carboximidic acids and derivatives","Carboximidic acids","Carboximidic acids",NA,NA,NA,NA,NA
"LZBDRKHGFDMVSB-UHFFFAOYSA-N","3-Hydroxy-5-methyl-3-[2-oxo-2-(2-pyridinyl)ethyl]-1,3-dihydro-2H-indol-2-one","339265","0",322252.44975907,296326.90792937,252016.654080504,231253.743574668,13275.0432505933,10202.7695721691,132173.909872792,17025.7214178926,589824.873909389,450648.019614542,242169.556294399,160242.109005467,28061.2674528599,361967.619655653,417049.340172056,33651.898398867,215560.802525531,38639.234081601,60215.1672501243,384897.604263728,128294.110009172,250181.318920319,205487.73539346,542670.297740155,77029.9538523918,416642.401442553,482495.316158868,606710.297076764,110646.245649732,1708.49473866087,10376.8823650063,175587.064273832,272141.137477504,191087.747167066,280577.703993176,218904.040779329,108711.323778343,481659.994835824,353682.075169307,268777.459735054,135699.361593527,315991.06778378,423442.23784422,116218.622455894,462936.778154311,3177.37613280601,6696.54092787808,713466.314115383,154463.419209955,268505.695967381,465844.927873489,447111.981690524,299775.989534372,108255.821220764,326500.364346278,432444.134578159,12216.6814065057,"Completed","Organic compounds","Organoheterocyclic compounds","Indoles and derivatives","Indolines","Indolines",NA,NA,NA,NA,NA
"LZOSYCMHQXPBFU-UHFFFAOYSA-N","Decanoylcarnitine","10245190","CSID8420677",1722.18319256052,8015.56699848215,8597.72243901853,5690.45677419965,2384.27919422679,2451.04828279913,3632.04322794247,3058.28052328211,6312.85961544572,19102.1948416094,1978.61214737131,2949.63435003869,4056.66237726343,3672.27050362051,3871.87005105477,8795.9173048437,12742.7848556927,2825.92686182255,2447.35588294865,22748.1570155317,6577.22850255722,10771.8260255763,4732.10616270876,2383.64851023289,5976.36057974387,2505.86914853951,14596.8034106331,3606.55338124827,5282.5620325741,2972.42985602213,2462.43571826068,1979.9179012288,4325.30683839735,4170.656569117,5375.59075675869,2520.65086975969,2770.8997988597,9057.47713547297,3759.61812705456,4572.65582065517,2741.69020559321,2479.47830570379,2506.75601578642,3179.80393257992,3439.72058737577,2875.13050686738,1526.1033574442,7690.15730992927,2726.44617474874,10996.9071431681,7535.55987197,9108.8572165578,2411.35937712373,2051.63786979795,11449.2800542899,6010.56788037593,2143.52764118882,"Completed","Organic compounds","Lipids and lipid-like molecules","Fatty Acyls","Fatty acid esters","Acyl carnitines",NA,NA,NA,NA,NA
"MALNXHYEPCSPPU-UWVGGRQHSA-N","Ser-Tyr","7021865","0",20791.7736388788,30550.5769668997,26627.6152386052,28725.8006026353,28735.1689971525,50005.7126777318,90828.3700879855,17611.1456548574,43588.9748226738,119365.017835113,50879.185864868,63385.0601536138,81195.6618424409,14643.6965077674,18047.0003338414,54808.3448371628,12045.4697297487,38462.7224619113,60092.6773765876,65392.6820621345,10940.3931311183,28681.9816860892,38746.8091766869,34169.8771917703,5516.69963962972,54215.0610663674,92401.0460698888,107673.192375,83864.255590866,7415.59418482591,39705.3578001757,70015.0665661801,43356.4046181598,36920.2691407527,25849.6328070748,24803.4189814247,10910.944712225,32100.5199707579,8769.17943979109,10663.0442751417,26359.517210343,27096.4776428412,25947.3586131369,22556.0781264004,17768.939911885,8809.70162508442,112903.70769854,51456.0168395543,23735.7047172959,10836.2638361096,43226.6752441601,32145.9635163164,5197.97741940098,12867.4554279382,5067.86373295863,35511.2900457808,56810.6909097259,"Completed","Organic compounds","Organic acids and derivatives","Carboxylic acids and derivatives","Amino acids, peptides, and analogues","Peptides","Dipeptides",NA,NA,NA,NA
"MAZWDMBCPDUFDJ-VQHVLOKHSA-N","Traumatic Acid","5283028","0",59031.2295354452,48156.6691431807,11974.1509862803,153763.015417386,26781.3435360378,13171.985239223,35561.2161906726,11248.5085531087,47657.5105322279,51459.127079162,14301.9304286718,14831.8818248009,23451.3063715693,39205.9704954716,15715.0401505373,19599.7776065771,106118.312363216,25214.5447840888,50366.1268372613,135952.907848805,45425.93919305,75470.8410209609,93181.8257458467,32405.8295048315,52459.1072415433,24417.8192105324,121881.163481361,81427.7486095083,23447.3783945885,123964.823921937,14008.1786259128,27337.2514092949,62315.481682562,120406.254708007,25507.679576752,42084.0446194988,76410.7753847223,77969.8342261495,57641.7078109802,15380.5048264222,15682.4829631023,18265.1181736728,69690.6126513204,23360.8159774414,40504.055972662,33739.2828194723,30121.2982805897,13654.3099828838,40567.6998146156,69433.7608377739,9345.23908666114,49026.8029623132,74869.2155045895,135092.838937542,64774.3412109767,8480.65191746213,12459.8975550345,NA,NA,NA,NA,NA,NA,NA,NA,NA,NA,NA
"MCORDGVZLPBVJB-UHFFFAOYSA-N","2-(2-Butoxyethoxy)acetic acid","106312","0",12886.7768037171,9288.37093608716,15820.7069042632,8501.79461275703,15433.4422425379,14895.1360084137,12508.5516871601,10872.1644007742,9063.36560624735,12602.641400389,15328.0871004421,5916.71199513038,16869.1238828435,9567.74867484295,9546.21497072064,10876.1709289637,9677.62080567141,21419.5449607599,21110.9872739632,22640.7315717649,11942.7336100245,45431.6584244235,10181.7819432304,17084.3688130405,15837.6542814945,13983.003127005,10818.6001063815,10490.0246373077,8908.6679808528,21500.9148750308,10719.9197985602,11516.8856572164,57129.0215587538,164441.929312911,12240.3456636338,15378.0858399983,46183.6218316471,20742.4598090838,34702.5608792358,32049.9596806707,9261.18625558753,8923.26304738416,10090.1056708504,12523.4666898112,9237.27938119196,40217.6937219612,43814.4316295009,13302.8060253263,8690.64989044177,10585.1831404229,12947.1388558083,17715.7869724694,41540.87890887,16229.5216755167,11896.4034072743,15338.5256075364,22987.2127406782,"Completed","Organic compounds","Organic acids and derivatives","Carboxylic acids and derivatives","Carboxylic acids","Carboxylic acids",NA,NA,NA,NA,NA
"MDSUKZSLOATHMH-UHFFFAOYSA-N","DL-Leu-DL-Val","352038","0",15153.1588209796,79062.1121195329,30916.2255218524,30226.9548786569,21732.8713072227,39298.4077640994,97551.3519410274,21010.1274393382,38374.0118055621,225623.476522245,76265.1244834606,79859.0997194013,29901.4403214371,28117.2986199957,36696.3769865694,31793.0587848053,23892.4358917589,197429.730232306,102345.511923862,152618.090092853,24154.0956014818,57304.7524631759,64700.7785961981,30592.0894536815,21140.5992450132,70977.905148441,160733.338653345,100306.811853491,118406.81874802,49190.9787522681,40522.8271539851,82393.5444603439,219386.945556485,179346.953133963,32402.3939681522,91736.0677902252,11019.2476973779,33492.3022860044,12140.1827603252,19008.0651525684,28966.7515825449,53689.9889847741,28663.1445548093,20967.4289051645,35679.8949754746,12373.9962770048,57214.5310878808,36246.6995066482,41381.8035397112,43513.0581606545,40859.1922206731,58978.3331124781,19243.415263755,39155.4870575899,51765.4760526843,30625.662727091,41870.5446193156,"Completed","Organic compounds","Organic acids and derivatives","Carboxylic acids and derivatives","Amino acids, peptides, and analogues","Peptides","Dipeptides",NA,NA,NA,NA
"MFEVVAXTBZELLL-UHFFFAOYSA-N","Tyr-Thr","14522584","0",7273.68506328444,14465.9989293097,7010.3524708734,19627.11081048,10645.2356876059,17127.2601364757,23000.0914005731,10034.7436407551,15242.6372504301,18613.5494739127,14675.886257758,63286.4966024945,21505.8516951418,5081.05699028016,13704.2185517984,8947.06745997528,13144.9808050535,11749.2297963305,29299.2928898055,21279.9450576372,16812.1824431388,12760.0592148259,13010.9781151891,17370.399801039,10668.6835812944,12540.3336697668,9808.80902945452,17761.6072226805,23533.8131004667,22567.2094636986,13444.6171279314,9771.25788662169,51799.2832353036,19354.5502079475,8100.79302725094,16974.4210606754,3190.24250497138,8280.98390760091,3543.7162083284,8592.03467987012,16543.6266200626,8242.60217122386,9806.29373284817,13623.0621926226,10275.5745103908,4935.93211618205,41072.4864178589,10325.428753252,23037.5513093001,31849.3493792799,11759.6908483655,12462.2932659264,3209.61641270769,7245.42979368361,28683.5733183181,10042.6105179292,12709.6871129829,"Completed","Organic compounds","Organic acids and derivatives","Carboxylic acids and derivatives","Amino acids, peptides, and analogues","Peptides","Dipeptides",NA,NA,NA,NA
"MGRVRXRGTBOSHW-UHFFFAOYSA-N","Aminomethylphosphonic acid","14017","C11033",641275.829474232,571739.824871041,795693.690349985,394922.270097716,480420.204227194,601293.315127951,488105.351810895,762136.630895879,495270.74195066,146886.130131442,523200.378686061,135117.141115593,584800.050240247,543169.692900573,816650.25153723,682329.676715087,413226.227282251,132248.674719341,149375.590557879,264226.102311768,247939.929983843,718495.184701791,386989.780704719,451297.573538671,4350.89560191984,578051.786996901,150838.868197755,414419.448861174,306154.960705357,231034.129519126,498037.473761096,613598.239905069,50949.8905713575,78648.3797190858,441028.095456795,645907.411054504,642766.736720275,317287.469284342,776499.571011988,733120.599593397,344096.733407973,751445.417742507,457938.110146458,560342.011954585,650812.189612061,737054.90788804,71408.4954257351,242097.1263122,249323.217101172,171834.878121785,518143.097434254,584859.599284401,1119778.54498878,449952.378601772,167795.652599543,563624.516474628,629891.822359339,"Completed","Organic compounds","Organic acids and derivatives","Organic phosphonic acids and derivatives","Organic phosphonic acids","Organic phosphonic acids",NA,NA,NA,NA,NA
"MJBPUQUGJNAPAZ-AWEZNQCLSA-N","Butin","92775","C09614",7187.79230520589,19530.7992655738,10582.7701589328,22492.7358974143,8909.32550933175,8746.98312161437,8091.12876944954,27882.4799176941,30326.9150730823,9022.69509591383,33162.4302693121,10283.463833444,3523.47513629389,11814.9263851411,52459.2229371244,11271.2755006759,28534.9302876731,2782.15933891884,8343.55440904578,7104.5113639489,11685.5829413095,40941.2396916012,20681.7445721867,21855.7303538757,22773.2478693717,13767.8800019741,17038.4175372693,8676.0113094831,5007.31966553336,22681.6476455632,9412.70214998148,48710.5475273083,3436.569759062,6155.17637194606,10401.9238412053,29802.7812506442,37650.9056754345,26432.2216079915,35092.3892515174,29790.676485829,38058.2889839676,51070.3876164619,28049.340778966,51708.6648016116,24509.7091209312,111715.815894337,7252.39668939098,14252.0979633353,36762.612625582,54738.4340826755,53795.0400706888,16165.8612049037,33110.7231473296,58939.740804513,47046.0848611023,50049.0238988594,35739.6270148892,"Completed","Organic compounds","Phenylpropanoids and polyketides","Flavonoids","Flavans","Flavanones",NA,NA,NA,NA,NA
"MJLXQSQYKZWZCB-DQFWFXSYSA-N","Linoleoylcarnitine","6450015","0",2734.70371337293,3741.626558483,4946.28673342148,2017.55635777691,7505.25631769608,2588.43441725334,5363.54319435311,4871.10125366749,2664.26299778686,5688.99686398916,2428.98677938166,3095.03886025186,3517.81650840436,9283.12157352996,2938.24977261495,4013.81281197451,5309.68416498192,4266.88085198325,8832.59651992718,2739.45854608886,4198.07615705256,7511.8301406053,3971.4084640433,6963.53774816443,7223.22717551777,3807.19622453059,5284.23750055829,7597.11388510427,4579.96356967545,2784.8619772898,5590.71405473906,6188.08747606484,23610.9248989218,6043.41871907596,3348.0489108056,5925.61272647226,2735.56956463016,6136.32889912071,2830.07896010226,1403.57048754854,3435.78899181934,5062.47359832562,3151.82556314487,4433.72146847575,5459.83582060413,24243.9112313771,11578.5804153938,4753.4296787457,9275.44357422966,4248.91977398325,3884.87222486895,3693.03232101344,3262.60558939982,3705.96066798175,8304.21395006686,3813.04636942282,3798.02019153072,"Completed","Organic compounds","Lipids and lipid-like molecules","Fatty Acyls","Fatty acid esters","Acyl carnitines",NA,NA,NA,NA,NA
"MNLRQHMNZILYPY-MKFCKLDKSA-N","N-ACETYLMURAMIC ACID","5462244","C02713",178179.229039542,4856.39983209289,3919.90737774836,392886.94164115,4839.73090171408,217373.735705839,242307.805282926,10580.2561330712,293430.789544432,165550.318052457,7838.54275262958,10083.9758838911,149312.568316761,8941.01912065544,4432.8748783447,183956.683011685,306021.121148775,239135.663513958,248671.216381414,395709.03539772,7230.8284588401,394167.332638968,104410.816972277,90799.9630558424,9829.22613335172,231245.246443197,3912.15681859514,167556.837592986,289295.127962402,222006.122800419,255058.106723154,473868.853895764,230375.036212737,160855.879589287,298396.32108957,179460.967605473,276995.345329998,227752.769152246,4808.19180603384,5162.08174718474,39946.2984351903,7069.55295579227,30348.0277008948,237428.694380252,10546.1544964199,4067.32284134764,129397.646592561,174379.762998603,12364.187776704,11263.474353323,3359.1139633189,4250.4887800893,7734.92999529639,382623.088965988,273269.180585883,89400.1898178148,237407.797878398,"Completed","Organic compounds","Organic oxygen compounds","Organooxygen compounds","Carbohydrates and carbohydrate conjugates","Aminosaccharides","Amino sugars","Acylaminosugars",NA,NA,NA
"MOTZDAYCYVMXPC-UHFFFAOYSA-N","Laurylsulfuric acid","8778","0",23550.3627191679,28518.0199113966,20535.3672170039,13033.0917932334,27266.0938590913,395902.780924825,23836.1319643894,43892.5122928828,47573.9922038793,15116.8366948385,8378.11459863157,21798.0057465542,363411.906892323,208746.545135787,24091.322554719,19827.5564716899,11364.8200164647,380596.875969531,50525.64853303,9330.86145193627,31302.3490606892,22470.861362291,576190.791850121,24829.9968027842,54333.6460069744,42246.1481974637,11806.7085528224,26669.587063651,43733.0145366561,21293.5798161232,38191.0925577734,14131.2334393501,12623.2307949359,22488.7811212697,25985.0598289848,14157.508591032,41103.9358661531,24367.8292954934,13885.9216930547,15770.569104506,201339.647651001,16630.2396768194,15214.9806138387,17965.0273968504,32801.6893355581,513435.866992435,22510.7756154977,53006.5655470695,18741.338887369,37903.7103054616,23656.6634062786,40868.8915564991,21538.6367613767,9268.84676455429,12639.7999158472,16579.7989024208,14670.7542565257,"Completed","Organic compounds","Organic acids and derivatives","Organic sulfuric acids and derivatives","Sulfuric acid esters","Sulfuric acid monoesters",NA,NA,NA,NA,NA
"MQTAVJHICJWXBR-UHFFFAOYSA-N","N1-Acetylspermidine","916","C00612",551559.324872817,345019.435172034,471683.736357628,494813.313358555,195763.441554295,370508.502485643,338450.463097943,3111.59878005815,658278.264322643,571262.886528631,359089.429209526,441418.665903941,159365.918415191,156635.640963693,79600.2359582169,325489.837935234,748778.609477762,671990.628726118,275803.129503306,775476.381856473,542021.10660316,756451.949458173,502425.656477201,18112.5159729265,276613.293595787,351201.154670416,543987.603466564,428642.242396893,269313.666274444,1418264.55627614,152603.051306338,375422.144095294,816416.855335523,439283.723349688,356523.085777615,468878.559060968,681737.246869539,247355.23529472,183028.268172549,452946.195197668,201233.85073298,231960.207035258,334642.300203795,590782.474136735,273824.097722613,244168.724682698,371054.123479012,417772.625330021,405991.783933784,617520.107636468,562516.90958293,395049.876902179,265985.662549742,376594.830379423,712167.386193636,606324.316408932,308082.052306456,NA,NA,NA,NA,NA,NA,NA,NA,NA,NA,NA
"MRUAUOIMASANKQ-UHFFFAOYSA-N","CocamidopropylBetaine",NA,NA,60171.1814700282,61044.4444343019,59170.9355778097,68316.7940358814,68518.4672821418,66609.377521219,57446.0689352457,90732.6345501404,51010.9805635378,54459.5395409698,51032.3375162589,46757.0705669425,77191.0223341342,57398.1164225321,79001.7614207555,61654.190199655,56392.8229524038,62199.5011417155,65773.958729703,50203.240627827,59689.803799756,56133.8779303662,57066.48932515,51737.9342496262,80402.592044152,60294.1823426792,63211.9977339512,63357.0238019229,69795.1022885956,62862.5930243138,77545.0556908908,52312.1468666461,60975.0186661852,82654.4337942308,60761.3995565669,58906.152598508,62607.6986429056,56472.4887555389,64205.0758410722,54086.2756051594,56669.5127438569,56190.0063751838,52435.3140341246,43782.5448537956,73842.2977910699,69019.134746488,65016.2601984052,55864.6155089424,54996.3800604089,74387.3974974145,59600.4378572996,56531.8742803529,55812.6698041804,48737.0262846167,59191.3596811095,54179.7093860036,65803.0992895099,NA,NA,NA,NA,NA,NA,NA,NA,NA,NA,NA
"MTCFGRXMJLQNBG-REOHCLBHSA-N","L-Serine","5951","C00065",639803.702559307,216148.754203205,111097.534921159,262744.806357967,955613.36468079,748247.253864897,447926.683855851,229879.151364994,299153.974915828,156683.492718433,117273.09492038,79155.2283326972,371996.727528265,267178.274760896,173696.449500893,489985.803998926,258525.07932527,357385.597980333,342192.553335008,159703.800064057,28967.2021371238,209977.946099245,299256.058373444,557150.758953289,20030.3859764567,385936.264383462,152354.551870342,180881.102100963,253308.692126793,593353.894978629,320060.051174269,176590.063344647,97538.7414386867,130158.5139939,420239.077454915,260938.040883408,952442.432468549,199152.39467984,254606.900513465,124220.024479462,180706.612855973,157237.688369963,211003.089500836,243245.853561881,310788.672236741,146363.664277389,526980.299155505,499127.525890542,135008.059791681,203210.502973983,74965.1206475347,412452.468146658,80931.8242841485,115618.768902554,138046.260517871,133282.526359028,328924.642815714,"Completed","Organic compounds","Organic acids and derivatives","Carboxylic acids and derivatives","Amino acids, peptides, and analogues","Amino acids and derivatives","Alpha amino acids and derivatives","Serine and derivatives",NA,NA,NA
"MUUDQLHCIAOWPR-UHFFFAOYSA-N","Diethyl pyridine-2,4-dicarboxylate","170509","0",10467.8452322773,11807.3390675428,11817.1728614421,15192.6055934611,13970.475586779,21157.4647059492,33429.5054187931,51698.2020509223,24965.5129817248,24962.3199908538,27378.3919556554,8063.02629253533,17453.0194547347,86295.1119608678,8907.38276799106,18358.1787831527,71384.7379063928,9313.01887347066,10780.1005558743,11362.5753381322,51799.3123052612,35238.2708833015,33593.0982380066,7497.20371938093,41724.6469252461,15935.0279430453,6104.76477337225,49405.1109662047,9609.48894094152,14368.4810437249,31664.9533882578,138143.350979673,12556.3439705715,13947.608677954,9750.70071800513,20693.2937312048,12833.7075838807,17013.7023881573,44259.4390112022,16379.5939114506,13864.6232548669,55826.0537941942,25652.2364911552,23054.2604823081,26030.9022384017,30230.2103247573,6962.32599032913,14782.2826109891,19227.125628176,6635.90797400616,18816.2217267419,11102.4410358659,39594.561363651,91279.2339526468,14614.6061523637,22624.4828286764,11968.1055036611,"Completed","Organic compounds","Organoheterocyclic compounds","Pyridines and derivatives","Pyridinecarboxylic acids and derivatives","Pyridinecarboxylic acids",NA,NA,NA,NA,NA
"MVOYJPOZRLFTCP-UHFFFAOYSA-N","1-Methylxanthine","80220","C16358",164922.781663126,251495.164934571,207393.81432604,234267.574786381,232634.247254522,195836.965802592,183954.441825843,205412.002066669,230600.305857707,120846.109391778,189636.395614725,178976.507514715,158981.157234584,218943.715625855,354047.128109353,209779.657771692,209098.24240065,205947.817223093,270365.689208272,214746.283240902,155070.530629705,138910.094198285,155406.898199433,207528.2390343,249313.603321649,216668.083350431,315707.287533355,124840.715559773,231222.37073667,237937.669500247,189904.027566551,232388.643483106,225883.503694093,168285.883555597,217503.036450087,140956.463182991,150920.666275961,298925.966084413,220287.407903423,247176.683268185,306227.251604202,168981.622383059,201589.047501361,220508.536651499,213193.017271324,141225.450342425,255287.754237449,257180.480020438,210289.442516572,291915.328502294,297382.016689247,325935.547368816,98756.6780078312,141254.182960393,308115.178244609,207375.29408812,281548.013769812,"Completed","Organic compounds","Organoheterocyclic compounds","Imidazopyrimidines","Purines and purine derivatives","Xanthines",NA,NA,NA,NA,NA
"MXHRCPNRJAMMIM-SHYZEUOFSA-N","Deoxyuridine","13712","C00526",57711.3441529716,143510.972345394,62925.9306762092,91351.3737390619,345570.648495317,230117.280301249,202570.576979413,21149.0007711012,923.040226294459,110196.664069748,233487.218032251,234378.326705679,329424.241860427,148380.147925306,53273.4327638373,122409.009824025,61695.5004635819,651560.423709561,325441.350978438,156042.595335224,91803.882989428,218998.294508425,1259.66308789266,1952.07602566292,76378.4617015064,1191.24430485831,145234.389021172,138417.272723942,313913.171923329,153464.294543528,347472.417516302,249331.649833942,255317.537697473,151605.068931945,227163.029434833,166391.228073631,59605.5028811869,109575.719554924,2939.38428446477,123459.206036071,35412.5869208611,121207.89572587,86587.0311791047,1042.11422773695,111276.859700694,19981.934049449,566595.392606611,150698.071698638,34458.857494652,38834.1300909875,52144.5571446025,90928.0108696191,12657.2424112017,77224.3188823139,87198.7630395232,45814.6877518706,186981.7265115,"Completed","Organic compounds","Nucleosides, nucleotides, and analogues","Pyrimidine nucleosides","Pyrimidine 2'-deoxyribonucleosides","Pyrimidine 2'-deoxyribonucleosides",NA,NA,NA,NA,NA
"MXXWOMGUGJBKIW-YPCIICBESA-N","Piperine","638024","C03882",441.453813890328,465.774646326622,515.951732076799,0,0,318.57654366195,1162.29203481619,463.458693514813,0,0,243.742076125452,1930.0717724725,0,660.1001258717,423.615889994434,503.43067049753,842.280936201394,332.52784388324,332.858453420863,0,1880.76722114053,3543.37827658908,771.824925640612,467.627038323486,407.261981952969,2544.19984297224,910.534091005291,677.720678548236,386.302636263602,1017.29523118023,325.04151481041,1062.35837367941,347.354352513755,0,251.980816723063,1077.00537162459,1273.1502263431,1046.46323190362,711.532139307373,217.350810407779,0,327.803791907161,505.902575811645,6962.47032077908,759.04448715834,561.423906953231,0,0,23142.5541015412,458.414823523858,1209.79938001042,503.298210120416,330.198708676491,742.58013384653,651.895096252378,922.4290201357,432.361865365591,"Completed","Organic compounds","Alkaloids and derivatives",NA,NA,"Alkaloids and derivatives",NA,NA,NA,NA,NA
"MYFMARDICOWMQP-UHFFFAOYSA-N","Glutamylleucine",NA,NA,24827.9271434191,88930.1699991609,105372.369265149,134596.56703436,48676.2593513715,50132.0013520036,126303.037814603,46883.1533236091,77717.3578615505,324580.444712543,273092.33304298,369409.678729977,124709.478679089,105450.995108004,62216.372089207,38976.4399381134,66391.6233741487,85278.2770540562,156607.081500165,321399.41165095,65887.4835336369,114167.955618482,106885.107625117,72482.1909401404,50309.3950961492,88692.4355805257,228317.99320594,195217.8047058,181272.933794464,71598.827487215,68379.8699475246,103002.996808489,803137.143059882,344559.89344117,46431.4525194637,147081.019841746,20655.5690834851,82782.9120547004,31376.9623837424,48940.7714621583,144104.954187187,65352.9028442078,102957.301025474,47934.3849327661,92107.4062731966,25878.8416587516,112710.460638603,65744.4742121719,106058.142133272,60714.721009889,119593.343149277,63249.364676654,80374.6067761895,132380.523860958,65980.8411497563,71574.3764110156,81093.9011580842,NA,NA,NA,NA,NA,NA,NA,NA,NA,NA,NA
"MYTOTTSMVMWVJN-STQMWFEESA-N","Lys-Tyr","7021820","0",7495.7317643413,47892.8199485825,36557.4451021182,45745.3822832522,29185.3222118546,30530.5839515032,57796.5711347342,20211.7207224867,59463.125246172,74418.3944296008,77357.325135995,106198.088140874,40780.1797440718,41551.0778670195,27820.2189770546,30087.042276659,25346.1419309016,47389.1364316566,57224.5739786187,93721.8615685413,18582.1256587734,39288.0029681695,46927.5624186024,29492.6304628141,15366.0781812519,52794.7819769162,57453.6545515246,69535.3870475548,113283.66981207,25750.20412958,43329.018898515,56860.1810906889,186698.952132137,80256.2517628515,29930.4302597931,54597.0895207411,12166.2185157583,34651.0822522223,12129.4830289071,21220.2543330747,56897.8347130103,36751.816609461,53716.7004891216,28720.0764113631,40102.0497250268,9058.79477418837,56733.2856385958,31126.4357606063,67839.5381110553,39948.7314491144,64942.2528703372,33997.3739003232,20187.5614185333,22597.5115730938,27330.7317044896,41110.7757990644,30810.1248076377,"Completed","Organic compounds","Organic acids and derivatives","Carboxylic acids and derivatives","Amino acids, peptides, and analogues","Peptides","Dipeptides",NA,NA,NA,NA
"NANHIUZYPFDGJS-UHFFFAOYSA-N","C10-LAS (TENTATIVE)","14921167","0",36557.389384195,9140.69944389142,19431.9177380666,5041.03509916607,15154.7478672044,78314.4429656037,28647.2120187436,12105.7369000928,18020.4351582328,7602.29689070129,10999.9072943274,31908.5002108771,81912.280231694,18253.3161795954,35454.6878547176,31273.7143237794,18153.1522432982,124044.241179883,15647.3691938848,12750.0528830039,45153.4689100286,29236.1226691761,120017.04231101,32699.8374526546,32386.7539792933,56114.867164296,16571.72472871,17291.8466819276,27621.7818034777,21955.9749393865,30002.2989653646,20321.9893368485,21092.4473164256,20520.8509367948,12725.6258254781,13375.4570110829,12803.0160496051,22849.7789938644,11050.3610454287,19205.8381674319,19954.6076323612,12588.6362254415,21357.587428257,26498.8678092785,8737.78560250997,106695.275237134,31038.0454693536,14964.3559825965,8844.78765584345,23315.4481489014,9441.41384363234,29918.791782898,5998.56201213986,13277.2613967222,15891.3874145639,20059.418769892,14389.1932197154,"Completed","Organic compounds","Benzenoids","Benzene and substituted derivatives","Benzenesulfonic acids and derivatives","Benzenesulfonic acids and derivatives",NA,NA,NA,NA,NA
"NBEADXWAAWCCDG-QDDWGVBQSA-N","N-Oleoyl-D-erythro-sphingosylphosphorylcholine","6443882","0",3892.23667886443,2532.34828416917,2810.66639486805,4072.34949396917,3004.16882585051,2505.80362624102,2185.14722732905,24006.8868971095,3114.24408115692,2594.42703895799,1691.01336550703,1480.01019324124,1824.68709772511,1621.51000021012,2518.79718375069,2767.40805716437,2214.84457850516,1954.86065798026,2218.30413364548,1428.09720785224,2620.46290450335,1991.36541086671,2434.83957538264,2869.12390879773,2775.59192392581,999.472857333351,2809.05000029678,2139.02345863387,1780.53464007088,3394.45758316989,2197.47763497583,1620.54667171436,974.426401441227,2041.72497489706,1896.76699170441,2205.04871540548,2375.95825193662,1798.89403739104,2253.6309299491,1906.42448111908,2041.19840423079,2055.55159737272,2268.68421540447,2383.26168352644,3422.9063107615,1354.88524813416,1956.44784574715,2741.49381385506,1152.90601195738,1491.36276287387,1886.43545253346,2421.24723347354,1804.48040490792,1742.8078141328,1688.73007566658,1956.97648470778,3304.41467927402,"Completed","Organic compounds","Lipids and lipid-like molecules","Sphingolipids","Phosphosphingolipids","Phosphosphingolipids",NA,NA,NA,NA,NA
"NBIIXXVUZAFLBC-UHFFFAOYSA-N","Ortophosphate","1004","C00009",6597966.73548055,761623.187535655,1655823.3570447,2457347.90384946,358894.611503282,1960833.96913263,1722610.29091143,2760119.01743615,2716287.20130076,1449665.64593779,834192.223740337,2144842.40221579,1115452.41462546,1259127.98758699,130725.142529907,1941548.18347664,3403088.28783732,8098762.17003833,5204363.98983548,2508210.31541302,3370691.57222259,3067977.35240803,2017412.76543174,498003.880984823,2136282.73159701,2207367.62978525,1296755.5288803,874109.837944774,1429281.3497638,2870774.68895047,1631511.76178999,682760.708710741,1633906.66213591,1295964.02356778,3949945.77724075,1722996.19278026,4317484.73630685,2153118.25506319,951465.274165918,1244755.93822058,1202213.0807135,1436913.88139645,1482362.3167767,4078058.02568086,2622556.1329224,798008.233862645,2923181.84441071,1650831.39909076,2520696.47996006,3451375.13987047,1277878.6494936,3028802.62834809,85747.7045115605,1442199.10916573,4522225.11055682,1864245.96890612,2123058.95857704,"Completed","Inorganic compounds","Homogeneous non-metal compounds","Non-metal oxoanionic compounds","Non-metal phosphates","Non-metal phosphates",NA,NA,NA,NA,NA
"NCIKQJBVUNUXLW-UHFFFAOYSA-N","N-Methyltryptamine","6088","C06213",143948.592319453,432608.212763244,646508.511904455,476481.816602764,3478900.96873568,798074.063941142,240172.320492581,1434777.88422578,314655.834770643,4227730.39895369,451361.407889474,3707274.07103784,441758.99905937,953387.618173856,62190.3514571435,77862.3207807602,271908.171807289,352843.391786477,1322413.91376262,82078.9497260037,3057071.31314793,363082.041688643,1596034.8127481,412751.36234343,156848.412985048,3087907.32775742,472539.981868107,4439190.83591317,316436.68370984,114837.131199158,23970.3342558368,634877.668261474,101453.837766055,11179.8885971939,1496175.96967558,452689.105974739,31315.2054681694,440693.42653773,597288.432022867,192603.210295629,3557975.95025568,438107.71397545,175564.823822109,1060340.49277454,676863.509186351,1087919.51231283,74858.6551083015,753031.219085757,1162209.08843203,553581.336997699,816425.752835628,1091273.77624558,137803.937536306,325813.973726416,903204.827032875,670331.717079077,56742.6958867536,"Completed","Organic compounds","Organoheterocyclic compounds","Indoles and derivatives","Tryptamines and derivatives","Tryptamines and derivatives",NA,NA,NA,NA,NA
"NDJKRLGXVKYIGQ-UHFFFAOYSA-N","1-(Piperidin-4-yl)ethan-1-ol","338321","0",484140.087760776,453024.185925523,361662.277395307,41574.8631007335,38058.9274941719,185842.622296897,377793.618705382,295301.114451916,646083.776963315,2656524.19684922,14589.9452418484,377930.556129077,253294.502645742,8890.02824014569,360090.159699789,171417.656427552,1349576.34413449,823232.577329753,797729.697802182,304532.356621454,794242.783239387,916242.273364443,573990.922550984,798307.178187108,282603.985975482,442094.730378741,287330.021621266,844037.276920908,602035.78950607,73951.2412996497,134645.985074494,75707.2889333447,4509755.43873416,2507849.80559159,1520787.15931907,12407.4351903212,356855.554423637,1772884.03852757,113994.938529034,124344.004091464,374898.280334634,207075.873568902,332932.909666494,31077.8778403536,399424.341991671,110153.770931475,2233.16397908603,447588.939421712,56899.9798671028,1354847.03037332,342207.5366401,695870.936962278,30530.7582777789,846437.25256628,2639276.54950664,316852.839528734,119849.246544491,"Completed","Organic compounds","Organoheterocyclic compounds","Piperidines",NA,"Piperidines",NA,NA,NA,NA,NA
"NFDYGNFETJVMSE-BQBZGAKWSA-N","Ser-Leu","7015694","0",39376.1033951391,217432.998416233,111463.052561057,129223.404457875,98568.8638546567,109847.48882088,424159.794514845,31424.7367199301,126700.558065697,649207.927444232,232943.717330014,539791.984488612,226858.995317066,71150.1253359894,119571.258398917,151915.548781977,75595.9276537088,398079.931634036,357241.71616976,509822.973804373,76060.7907732448,101224.074017473,169356.418943095,109158.997372009,44331.4428929202,243055.518296569,442491.895418111,312476.170608062,482645.504348328,102204.067057496,106389.384615676,158711.29786683,645234.408796932,425414.93402887,121594.280180426,198284.85221427,27078.9570778234,96199.1207852356,25780.5843890027,47103.1580955325,105292.223388528,104873.470691432,74927.0907261794,72845.8070081209,88082.5161543344,20248.7763711308,493176.802136336,121100.050956673,136884.15818135,108478.230228544,146713.040553807,163300.449769111,46227.9377972685,76083.0393920424,93144.9054730535,96277.4694156915,138936.677062939,"Completed","Organic compounds","Organic acids and derivatives","Carboxylic acids and derivatives","Amino acids, peptides, and analogues","Peptides","Dipeptides",NA,NA,NA,NA
"NFNVDJGXRFEYTK-UHFFFAOYSA-N","Leu-Glu","5259589","0",80965.3768567686,149636.850426144,149891.542734954,275162.515068015,112257.50141758,251684.259857276,195223.165275935,203044.272713447,338478.091724648,237296.066781524,127589.353532649,179734.50070329,139025.184184701,145322.317247897,269112.157628178,241205.943426877,155142.188101783,115686.556076162,184354.381176996,293275.331513138,157355.418348464,177444.635192022,289046.969878826,501608.32725988,81540.4378540742,391228.293259221,217615.139608837,188278.860038191,260774.48984702,119030.518786246,188181.760111845,412087.694974101,66057.5711320372,43019.3422398958,192138.215893355,237905.688820567,60703.9554076103,265101.729056137,110218.585187116,155320.892117171,154701.87700002,133255.880432589,202727.45858987,157628.558806683,134787.581264261,64558.9201387873,105179.801519905,169897.819117199,151427.509693367,138018.58468183,214848.202250629,267764.672507652,232403.15703452,134619.754105932,162873.850561112,160099.374283625,206663.609882308,"Completed","Organic compounds","Organic acids and derivatives","Carboxylic acids and derivatives","Amino acids, peptides, and analogues","Peptides","Dipeptides",NA,NA,NA,NA
"NIXDINZDFZJZHG-LUAWRHEFSA-N","2-Pentenedioic acid, 2-octyl-","71694435","0",48366.2120740264,121338.678522791,52245.7466179639,5499.71118834971,104169.434865348,43414.8142908058,41586.6066958459,17843.3345909468,9176.16958219873,128096.395592124,69112.7798640604,8259.04579820012,104477.851140825,45586.4565065608,178886.049027466,77078.8566252045,91718.884519865,6282.97312943153,4609.03756703177,7362.02729288825,36378.6126869402,23794.477970734,61223.6626922231,44390.6418585366,44544.2769851573,48354.3004288083,93802.1570017803,123198.584130956,52140.7541084422,215765.787082166,8686.19787106192,37336.1286768853,86615.8857483265,98837.7830425253,63964.4395651336,73661.2856372294,20310.8602314035,58237.1315264398,84627.0381746219,73382.2905729687,34913.5988265806,61129.5214508561,51416.5236744836,12107.2596795506,20845.4764489109,194108.9148105,4022.34927920655,34411.5436870697,16839.5508701335,34335.5220037401,50271.4761923005,147806.029564639,88420.2014429579,104636.8729229,10589.7965244777,43341.3562570897,64033.7722937357,"Completed","Organic compounds","Lipids and lipid-like molecules","Fatty Acyls","Fatty acids and conjugates","Medium-chain fatty acids",NA,NA,NA,NA,NA
"NJMYZEJORPYOTO-BQBZGAKWSA-N","Gln-Pro","11736661","0",4637.83163778967,19255.8760618012,33087.2001546809,18769.0289021713,11520.7635981031,12304.0234472439,26832.996721607,34183.8382673876,18395.789164522,35995.0012860851,34806.1997910771,106695.752387139,25350.9860777275,20095.0424554341,15654.0122494258,17897.5932761018,29159.8345823318,18310.3042386077,101507.159954738,35350.51841418,41030.0707250233,29022.530750872,28919.6629084396,28221.8272136296,41338.8826432203,17116.5715989341,33064.9465944025,37562.1237335647,29249.3511361336,25954.7052195868,25212.3868321275,18709.0612743245,153863.075171571,46166.094186794,14866.8681866607,42066.7465607374,13489.8405052865,10129.5084044563,10437.5879984112,7400.97928998691,34094.8630097287,20929.3273153757,18082.0783973923,17361.1657091073,18648.2337849803,12494.0156395364,69862.957155916,9327.03873626777,50605.0516353702,50753.7909789135,20511.9772463893,12037.1377118039,13075.6669071923,37076.9566829447,55315.7420339198,16522.1816755798,11713.9900732771,"Completed","Organic compounds","Organic acids and derivatives","Carboxylic acids and derivatives","Amino acids, peptides, and analogues","Peptides","Dipeptides",NA,NA,NA,NA
"NMHMNPHRMNGLLB-UHFFFAOYSA-N","3-(4-Hydroxyphenyl)propionic acid","10394","C01744",16740.4985495076,16724.21129873,12507.7722577351,11212.4734584316,105244.18711065,239450.502616936,25355.6228664176,51550.345497841,38675.4939470993,101465.286312737,303270.657253411,120975.163287009,22267.4868592717,78776.3942156524,34388.5077539612,46391.322034867,72163.828942456,22571.0731463547,56459.2858952841,380737.731565477,164436.362932527,19029.4581803391,100920.264960629,114509.258282976,232373.86065823,47652.4612333952,12049.3475130247,143281.817827771,114867.795261827,173400.772155892,800877.244781439,29454.6029171551,725272.139555809,768967.640674496,15197.1689753359,56940.4800021557,195156.646943324,84537.6456853825,61023.811754418,167880.189466958,111378.403297092,41592.831112964,52332.9997242825,364220.519296149,31904.3262322061,45935.9294251225,82948.3365109391,35338.8666277313,451364.489619408,140472.543179296,115483.390638925,73162.8816910661,136692.541168411,26772.9855341563,272551.606087013,95366.0965213777,169625.734507028,"Completed","Organic compounds","Phenylpropanoids and polyketides","Phenylpropanoic acids",NA,"Phenylpropanoic acids",NA,NA,NA,NA,NA
"NNLZBVFSCVTSLA-UHFFFAOYSA-N","2-Keto-3-deoxyoctonic acid","4636210","0",157568.833149115,137437.360017501,144766.537147233,160636.994120545,58220.4409406814,225498.50037472,74138.3333109403,126154.521379915,141320.604141165,54373.2051804293,134704.085366835,66548.7568826775,24385.7086176583,96609.9079658514,96831.6822555367,137071.059804887,72172.3771335177,170095.562402581,270325.180789492,82525.673280832,64993.4636950162,135623.289233165,98861.5884343278,187137.198355115,93186.3596616968,197115.974946232,51261.8684941429,75815.8571908449,57839.551421001,36369.8005281204,59711.7909785172,293615.901053635,40320.1710051566,32303.6171345201,165920.673010091,146831.456453645,70425.7858418291,221384.612079276,163917.933203038,96696.355233585,91070.6530232946,210628.641336372,150730.746448376,581740.308858085,110544.396654796,246380.071453307,62352.6360936887,198421.67151518,100151.768647023,115670.507817065,196577.325234737,260754.20926684,65317.5135090395,157415.964439333,68985.5485794856,199210.080431721,159385.458199378,"Completed","Organic compounds","Organic oxygen compounds","Organooxygen compounds","Carbohydrates and carbohydrate conjugates","Sugar acids and derivatives","Glucuronic acid derivatives","Glucuronides","C-glucuronides",NA,NA
"NOFNCLGCUJJPKU-UHFFFAOYSA-N","1,7-Dimethyluric acid","91611","C16356",2199.56929362797,75721.6496456708,10091.4413721402,11489.2387219712,5124.42095475609,4228.10806541344,88774.4712508378,5493.14758272129,2253.65525921169,3970.5836662184,3549.01957209654,15732.2487032433,3728.66923969704,5200.14270507636,2272.12159178833,2953.3950166712,4265.11866201303,482351.230944114,152956.92184994,1761.26308390845,7928.08258660013,52680.5669255317,3520.24998850502,2482.7069095724,37703.3827222091,3864.69226617968,11578.435228496,4431.64976631082,9348.01772425655,86307.2753111422,3803.9706975691,85893.4751193937,68276.3383729843,7777.74036085985,3267.24493582268,3497.66347960869,158347.586228643,32157.2854927731,2194.78240714925,75358.1047068054,5234.05282087098,3596.80451370814,3919.43206658226,20286.3670963277,119872.581042384,5791.60101638452,1457.61842812287,3273.762852677,25505.9346679971,565670.76581279,3521.09934319787,210641.972971807,2823.35042648155,3560.2206417128,19136.1600740849,3647.9264785256,28031.3085904889,"Completed","Organic compounds","Organoheterocyclic compounds","Imidazopyrimidines","Purines and purine derivatives","Xanthines",NA,NA,NA,NA,NA
"NPOAOTPXWNWTSH-UHFFFAOYSA-N","3-Hydroxy-3-methylglutaric acid","1662","C03761",42555.5669900131,141124.999246771,96475.1051854296,84995.0563419297,66449.3370974702,77934.245998736,156719.137591462,666090.63487962,23572.7770129935,160338.530138216,135220.24012179,196435.224762058,154188.537300595,135313.477988009,453179.901232443,185454.097508631,261278.665371005,68528.5350157261,248241.39603151,327548.204008833,197729.167594887,198200.721604867,37198.6464371846,37639.8547154969,99944.0918954979,34551.4629190167,195868.49373743,155942.058516986,109761.272127047,32438.5123981836,41446.2727754619,239340.960313868,152950.531634083,179020.148968956,136262.155211797,103876.297980992,99031.539373844,253748.546948131,76241.81029748,90418.6375699693,158228.387275526,107810.077214107,150312.419477258,3382.87948493159,220785.837390084,104607.396778706,552929.913773198,91421.091803429,252510.905128332,109192.625868347,130812.405935528,125819.72303035,139252.956256825,325454.49131584,198931.670132061,104859.487378022,105720.143696977,"Completed","Organic compounds","Lipids and lipid-like molecules","Fatty Acyls","Fatty acids and conjugates","Hydroxy fatty acids",NA,NA,NA,NA,NA
"NYHBQMYGNKIUIF-UUOKFMHZSA-N","Guanosine","135398635","C00387",2819.40124743329,26946.4615782708,13616.9274043823,5467.03610370758,11092.5805747778,14942.2354494444,17713.2542068496,6249.17312110977,11503.5789042374,5066.619588448,13119.0588032228,14740.3822228606,11566.2634994566,33420.3501930099,26612.8616493063,6988.630410369,8613.6654221844,7729.87284232285,20401.4023603479,27244.6182123314,56.9929460951677,3173.22375730497,13368.8574276099,38291.8720618018,24841.7865824685,13595.8973152882,42080.280686264,3700.99837626801,16981.2903403823,102787.197545319,19800.9380976778,15182.1215040795,178330.34891976,124322.846589447,16849.7552043338,1869.65632694985,11810.3925853037,12691.7909775117,6069.42264694898,5988.19902233634,12559.5348791865,12092.5915114825,15842.2778930636,7779.01705553938,3888.90197692833,10032.2851591667,18319.7185934554,9358.89267488453,8287.56738422358,66360.0894643425,10089.3750896048,21672.6372113077,16988.5720941079,8131.07896558823,55384.8643658808,9761.43947606585,14914.199144408,"Completed","Organic compounds","Nucleosides, nucleotides, and analogues","Purine nucleosides",NA,"Purine nucleosides",NA,NA,NA,NA,NA
"NYOXRYYXRWJDKP-UHFFFAOYSA-N","4-Cholestenone","440","0",1620397.28935551,662474.268914254,209095.239738027,406970.906786336,199293.368623264,153812.737486785,284618.291500203,302586.575743186,1381732.53872908,386735.663986268,44537.3280759749,109536.333354518,20009.3835516463,155903.22649819,451693.192816276,332801.754578882,163435.644292202,206752.825707107,237141.902221908,139535.15182951,189311.165074157,347307.088555235,356709.561407044,246152.983014604,373738.707549926,577036.023594434,362964.00685653,181243.059014143,223848.038970616,172019.283118252,48248.9654635998,204676.545143701,367372.509951363,94487.2819536048,489799.673620172,345091.68634786,1425766.74386208,100675.972289562,832742.709211525,237511.940029121,57757.2386049034,146151.197387299,62728.418344756,518540.82048057,283958.302441983,118375.097264887,609983.234328842,809362.340663474,180829.700346849,399125.833198585,162520.394447948,574698.391264864,95252.7345243222,124776.017490282,100986.535230599,366296.054266593,170536.13406328,"Completed","Organic compounds","Lipids and lipid-like molecules","Steroids and steroid derivatives","Cholestane steroids","Cholesterols and derivatives",NA,NA,NA,NA,NA
"NZWOPGCLSHLLPA-UHFFFAOYSA-N","Methacholine cation","1993","C07471",3296499.89020332,1384305.39296452,1730508.73831576,3038758.92629982,718548.510327922,2655831.27616843,1435274.03531212,1455803.0501478,1909755.34132494,3372566.70580746,1054446.77607882,743576.162151214,695924.846111778,1350556.51357123,1409296.16741642,1675666.55236674,1370536.22523345,1422237.2630018,2055344.53318681,3758794.45539906,1046829.4572538,3074418.86180883,2592389.98212392,3905897.6736615,1724268.40668914,1237143.28643083,3285445.62307439,1039694.09517499,1664999.78742871,1278338.91874182,2403156.02575356,1007404.58568726,1275852.02531105,1866632.61470331,2186404.58718991,2421417.42801883,3874866.15141833,2093781.16676105,4165100.4987427,2155632.84187777,664769.459356568,2605984.27935153,537099.609565373,1949013.40075079,885185.190318571,863775.351494289,1794552.24924758,703422.306102583,1476465.78361678,2379611.15442673,455470.491143707,1988760.93386237,865309.445963362,1393239.95112486,1577132.07071563,455074.496347079,3196273.02421284,"Completed","Organic compounds","Organic nitrogen compounds","Organonitrogen compounds","Quaternary ammonium salts","Tetraalkylammonium salts",NA,NA,NA,NA,NA
"OABFIJGAEVKMJP-UHFFFAOYSA-N","1-(2-Hydroxyphenyl)-3-phenyl-1,3-propanedione","73849","C22066",78036.4338062903,55964.177081687,59033.685053239,101617.44259889,135460.290580985,96433.8945414213,95875.3879701651,138357.095371836,75287.9767186263,73249.1212018016,71279.946186187,70318.3295583272,219838.811775486,85253.1026902747,65767.2058815054,71554.9492660475,70100.5093249501,94768.5282570598,91917.2556824461,67261.6103758415,71394.8739587731,67719.7816728622,91476.9471462106,103532.961564246,83145.1869251203,114134.918504646,76331.1193610014,91925.5378838532,92591.2142468613,80855.2876477678,117307.776072221,79214.819676125,85114.6252006063,67217.1153634727,72808.9526543737,55931.9557846291,78954.5601827555,71829.3402682749,60344.0607736054,85762.0038739345,85526.0677457965,73374.2372546934,65930.1044727908,73151.3093404606,83475.8604795417,88638.510913379,80470.4919223045,72548.5668190417,71615.1258838334,69978.5585736979,82941.4206531138,80181.0848857739,58499.4439956051,75083.384023336,67166.1834400833,70419.912879346,90687.8519223679,"Completed","Organic compounds","Phenylpropanoids and polyketides","Linear 1,3-diarylpropanoids","Chalcones and dihydrochalcones","Retro-dihydrochalcones",NA,NA,NA,NA,NA
"OBTCMSPFOITUIJ-FSPLSTOPSA-N","Val-Asp","7009608","0",15516.5267468884,119944.095498179,75393.1856483896,115769.492759403,24482.1149395364,39957.474775967,183110.835267026,37167.8365182743,454596.769123213,943214.975815275,147934.054662039,226259.39575956,51675.6075496582,25447.8612626986,22517.2494309887,49377.2762571512,28622.549246055,545109.908177957,188425.033020808,570607.06812151,12391.3794575699,165572.584433159,79862.1648758488,83718.1933597934,26284.510780739,82847.9490079729,312322.804559968,216580.962038921,316365.756702622,37398.3978333504,25653.0743613774,239977.148295928,439208.785841026,234139.456679733,57136.6605438368,98902.3820755453,26356.2909420185,53682.0050108191,7332.29948467286,41414.3988715978,143013.756860592,85739.5765049388,55513.3194358024,41568.5420912723,44610.2591475084,10242.8401429949,132633.821780698,36208.3764174788,113000.360316903,31507.3111485519,104042.472573747,54121.6276139993,32533.5744363824,164340.480000109,50591.1183500451,48713.7566350973,64794.0966499472,"Completed","Organic compounds","Organic acids and derivatives","Carboxylic acids and derivatives","Amino acids, peptides, and analogues","Peptides","Dipeptides",NA,NA,NA,NA
"ODAKRYUDLXZGCT-UHFFFAOYSA-N","2-Amino-4-methylpentanoic acid ethylamide","14015061","0",117481.896221564,152555.179554726,214272.434205933,169379.949526385,16831.1514423463,21462.103525826,24878.9708356301,26376.1314866705,112215.907586588,0,43009.0905606139,55971.2158986655,28402.9442011818,41289.6337160422,62156.0042228196,219814.189801629,172169.309033655,82162.3679984096,69131.8799411623,508288.426385699,2546.49333616707,579.945359590525,50975.8499053831,50851.7631636429,225583.725552079,34677.7792532879,54880.0875057982,4548.9276172694,250520.633439097,31532.2445024469,19092.741585106,470557.987015081,14595.7611095879,58075.2481380756,60808.1808052412,3669.52603891049,35901.8269476116,66125.3358972956,48979.3580330363,104074.199064918,47839.8455527593,91149.9932348966,40192.996857866,228095.692503214,1026.87189322845,37744.7559677061,566767.392983048,37391.3862040375,358147.719598688,27032.3384479752,82495.9142647653,21408.3823069217,1306.65788693388,169817.493108794,14366.7191687796,69793.7316616487,53145.7742372534,"Completed","Organic compounds","Organic acids and derivatives","Carboxylic acids and derivatives","Amino acids, peptides, and analogues","Amino acids and derivatives","Alpha amino acids and derivatives","Leucine and derivatives",NA,NA,NA
"ODHCTXKNWHHXJC-GSVOUGTGSA-N","D-Pyroglutamic acid","439685","C02237",131281.177793548,62364.6214339316,110450.129780406,33430.1641127952,26774.6403110956,93550.9975980305,57851.0088060444,45993.148575886,169664.430024089,85851.3936778397,162101.131596235,111954.548839849,19135.3359048348,14025.2734609369,86915.1560439193,229747.451445237,49876.2884907751,11592.5700187443,64816.0033840952,42462.8855943367,16651.6411867839,16308.7664757578,222370.550135943,844479.101295468,18617.0081369,90627.1773820176,22693.2306842158,64419.789460167,108678.402576264,16647.9517922081,331851.627032832,698872.00597315,4952.37888732482,6204.7509648233,70111.2700302488,12711.579840722,21927.4575157486,105978.600551049,517925.849161549,387747.398921406,153499.946573908,1047236.99222695,432298.127350911,63218.7213075833,20161.5186802643,509448.855234699,7943.32632925627,57090.478372484,48565.5900682791,22506.7542210282,171855.380482688,53341.2064065469,160688.626633356,320268.045226789,9308.8712921889,135863.092450838,560746.830934995,"Completed","Organic compounds","Organic acids and derivatives","Carboxylic acids and derivatives","Amino acids, peptides, and analogues","Amino acids and derivatives","Alpha amino acids and derivatives","Proline and derivatives",NA,NA,NA
"ODHCTXKNWHHXJC-UHFFFAOYSA-N","L-Pyroglutamic acid","499","0",22584.0691907843,26137.0245035214,20462.0912750432,27586.593578828,28044.3627263791,18614.9340745742,50322.7176794052,24609.8263824813,715.871385845291,84886.4346499857,19052.6051202989,28148.5906284743,21285.6344991235,17736.43976044,28775.0052957619,21535.358199692,19862.7904556283,40381.9361045693,48080.1239648614,40958.8128179558,41750.3260176723,23985.1182732933,1468.6175680709,1704.7902710985,24430.9556582044,1161.66487516657,45758.6103755121,57147.728594067,58030.1006589597,29518.3192633094,27396.4396040461,31432.7627172286,32114.3335271266,18741.7298434838,24980.6427498188,18932.0946469256,51265.9356739985,43569.7997560732,28546.6027893121,43264.3076755793,18957.4508002768,22904.8128801579,26964.3513909783,749.385512080503,26777.0849109176,42478.6942720161,53814.3044336335,58710.4110162511,42275.3044705362,18605.5532875478,23351.0758720314,37538.7763929777,28134.7260013699,18101.5213674801,16358.8417288189,29563.8677405216,43514.8747901534,"Completed","Organic compounds","Organic acids and derivatives","Carboxylic acids and derivatives","Amino acids, peptides, and analogues","Amino acids and derivatives","Alpha amino acids and derivatives","Proline and derivatives",NA,NA,NA
"ODHCTXKNWHHXJC-VKHMYHEASA-N","PYROGLUTAMIC ACID","7405","C01879",3845768.07639246,1583329.59124711,2392544.8499368,1247310.19912988,1788876.93375639,3287165.80535256,2576024.34184303,4382214.03380822,19881.7007614306,2275707.72165758,2416341.2264661,3358155.85125672,1203832.5104043,725580.387979853,2455433.52253514,4732642.44449997,1791051.18400132,879710.097473741,2574816.90258913,1368137.34507583,2807441.87856718,1538468.22942737,2437528.80748509,108202.901758739,723768.810011214,30285.3024457487,1029929.07811758,3199583.6897307,2747532.40876425,1215326.75974427,3808710.32100589,7576787.62244968,286933.558074374,231897.483585797,2453997.45061088,1949090.52774964,1089291.74769828,2358342.85094955,6091387.62355615,5436146.25960478,2885853.80769993,8750580.53189702,4987526.96414779,17572.2386838422,3082540.04958277,8663043.78341825,749296.331970943,2192702.4999781,1701878.13570499,1064003.24290014,2983762.88921267,1816878.71240859,4760034.3574392,3785239.87613462,640612.159729744,2822729.19332712,7964698.91258103,"Completed","Organic compounds","Organic acids and derivatives","Carboxylic acids and derivatives","Amino acids, peptides, and analogues","Amino acids and derivatives","Alpha amino acids and derivatives",NA,NA,NA,NA
"ODKSFYDXXFIFQN-BYPYZUCNSA-N","L-Arginine","28782","C00062",21515.740243271,8526.66547167699,13521.9127385181,15665.6819374197,15536.27087851,22149.0341980971,44402.0388518278,244.717127254134,18697.6514746161,3467.38501790852,24322.7603231208,12310.9151980488,19549.8327270341,30840.2116392164,3800.0531065594,13152.491424391,79975.5463153831,3766.40965260343,13586.2665682733,34056.198808734,803.964324704174,1738.73769740871,26553.6098270853,18855.9001769789,13286.7728716328,32528.3855629728,2345.41022752052,3120.8362640039,12989.2152804792,15794.7784549187,31929.9114715426,13091.1661457148,18451.0505072901,28661.5455232078,19829.9333869277,1936.31816813358,25532.4032012414,14949.9965381554,7648.97049755425,13597.319342629,7504.48648213171,15216.1755135652,26190.5238339305,8622.84263444534,1789.51943966128,12746.0563008527,27260.7037579602,15369.0116093816,20541.9911398158,15348.8187938021,23617.4683863548,1881.53226974515,1396.52848348497,70670.0327379366,7997.93051361922,19091.7325703445,12957.1446967384,"Completed","Organic compounds","Organic acids and derivatives","Carboxylic acids and derivatives","Amino acids, peptides, and analogues","Amino acids and derivatives","Alpha amino acids and derivatives","Alpha amino acids","L-alpha-amino acids",NA,NA
"OFCPMJGTZUVUSM-UHFFFAOYSA-N","6-Heptynoic acid","4377950","0",38702.9231776698,28116.2020461677,33694.8520875337,22077.1781482074,31686.6916698325,30316.5403362303,28990.4475898484,39465.0799577938,29325.6421874626,27973.3629147485,25260.619107382,26469.6793800567,26925.1729220366,25698.4766699967,29504.2742842069,31117.2737068067,32412.3875598477,31636.0496860768,31875.4281665742,25395.5902045513,35825.5233922475,31330.2299942427,31598.2899111871,28113.8446341694,33525.6630363689,27713.0920748615,26527.93977553,28618.9092051571,24677.8221218351,34085.2517407481,26533.2373514025,20064.7686057078,30074.2379004814,32322.043369286,30113.3024137018,31138.3709716801,31679.8639571815,25748.8396275902,37467.7844935277,26745.2014162792,27034.2344356311,22775.3802487476,26784.8280709134,25562.0955540997,34737.0944653175,40842.5890694932,27585.5444362276,31563.142983578,19722.2150940299,24961.3939478707,27678.2104522352,23859.509953612,31540.540261499,28692.5676716986,33693.5615379291,29965.1831635021,27524.9058982848,"Completed","Organic compounds","Lipids and lipid-like molecules","Fatty Acyls","Fatty acids and conjugates","Medium-chain fatty acids",NA,NA,NA,NA,NA
"OFOBLEOULBTSOW-UHFFFAOYSA-N","Malonic acid","867","C00383",10437.4016525107,12513.0849257773,23045.7147815862,37962.7094850053,8498.69603078185,56388.1159537947,12897.0797405901,52975.3913378211,22778.8105668742,21318.6390494449,24030.9348230517,33802.4664872866,92364.6886902233,17700.6756589498,26121.9065278926,23028.3353108341,26906.4998904286,38657.4455979182,24502.2476099035,21340.2330677568,25693.1817082074,34213.5137810748,18462.7904616576,76136.6628292999,39681.0679385936,22250.4537258466,13262.5423140361,40872.0787843878,24025.9015964322,20013.2185107911,16223.2203397182,26714.1638232618,43768.3294421308,21322.4803924224,18539.9592994815,19401.1559524699,16955.0614844113,18601.9698593575,25892.243772018,29287.6480480032,94311.2078884497,20383.2084528636,33163.8684117147,16942.0735941382,11863.2169240134,19318.0824198992,63215.4569772311,9950.79953532884,13834.6200220821,140208.197843082,53313.390682954,23362.083339207,67107.9117800737,42331.2992718303,48247.6689684495,40091.1922548199,25489.4905931093,"Completed","Organic compounds","Organic acids and derivatives","Carboxylic acids and derivatives","Dicarboxylic acids and derivatives","Dicarboxylic acids and derivatives",NA,NA,NA,NA,NA
"OLJDCWYDXLXFJK-COKJDNMNSA-N","Tschimganidin","20841345","0",293519.304286156,251396.802586899,170650.759178977,159101.752393331,440274.314973223,548979.064451864,167412.075075596,376864.375971367,129812.042867538,186558.352309022,153376.177348768,152921.404089374,279956.560193686,214269.242543489,236863.732023841,300094.341055978,174666.437725107,229366.958335907,373156.892959596,192392.642339473,417248.996210346,236926.351875898,204897.769086676,231105.92291313,342095.287573844,385820.479614694,221583.180705229,173209.007294937,140427.755926121,499097.284431327,308176.785063186,134688.435505949,210792.504695773,163007.702921079,276872.693858592,275736.290143803,340703.328410338,173690.067891466,222494.227508417,219083.17004497,209840.675682184,123930.372425613,261046.604382781,309803.105077926,369977.739561057,483670.02971139,218536.334936378,217738.111188044,123515.22697345,269875.066899037,193946.483775212,133716.71667099,246361.559478125,287690.811854898,251287.087257958,289987.221724605,177192.49580449,"Completed","Organic compounds","Lipids and lipid-like molecules","Prenol lipids","Sesquiterpenoids","Germacrane sesquiterpenoids",NA,NA,NA,NA,NA
"OLNJUISKUQQNIM-UHFFFAOYSA-N","INDOLE-3-CARBOXALDEHYDE","10256","C08493",62941.8174705782,154830.049928814,162456.296659034,147839.319503526,211384.660271213,100586.561454465,43402.1047840771,78770.2051452595,253124.67146215,42764.7547611203,290912.493342131,17765.3153371168,24755.3721658281,378808.469986193,231014.293935957,144496.287477368,77828.1299258004,13707.5366756313,63511.6495801816,114895.362474222,32871.5911222937,102733.8056311,50525.7029959335,87115.1690840148,53172.1721364462,113261.452444543,58173.7090970553,68466.3942467819,45422.6110714056,29368.701123458,73006.2941749927,436852.1167496,15727.2421192614,26193.5981963702,75181.7194604273,204826.83976715,50942.412376759,244245.066212814,133889.751634668,69784.3457890602,78482.4803888896,165332.237812504,233097.675229117,210664.511094133,100557.781291624,105339.660945486,193986.338718717,163054.146500736,109153.794560851,250932.639389549,265817.082750659,191435.403613798,500959.910597455,41862.9550455981,38182.9378223582,188616.859075328,144247.070114201,"Completed","Organic compounds","Organoheterocyclic compounds","Indoles and derivatives","Indoles","Indoles",NA,NA,NA,NA,NA
"OLNJUISKUQQNIM-UHFFFAOYSA-N","Indole-3-aldehyde",NA,NA,246167.21310713,345903.048550904,366589.192790411,351826.569813122,423430.14839567,199669.635464289,165882.244752553,91653.0061514256,729402.439691382,92606.3441309275,382881.546279168,56003.4232222401,64787.6557346856,574045.33538738,488411.274256048,359887.368316141,258878.760730446,72858.6732416063,299061.874841542,347199.511535954,94636.9173779522,352601.586753332,167511.445862431,236278.689572081,141136.981343738,292951.982627942,201015.537212359,117017.933049315,82402.7232914714,104639.580833885,93983.6808579369,799167.552707454,45107.3484990798,104737.257959581,270424.063025473,472287.056258607,240365.326460848,683572.392281287,313771.681487505,172985.783285044,112790.154506362,232059.406981554,559360.070590927,815757.22436636,200027.604576221,315660.148181069,1114395.3937549,508362.598617555,293137.539970896,636615.577650846,400028.818784279,483769.370833657,825497.329656563,99976.8366675734,155505.782118802,388228.265806707,291952.501534632,"Completed","Organic compounds","Organoheterocyclic compounds","Indoles and derivatives","Indoles","Indoles",NA,NA,NA,NA,NA
"OMEMQVZNTDHENJ-UHFFFAOYSA-N","N-Methyldodecylamine","81746","0",207660.387372399,118668.386445166,172837.201315551,90924.5962765075,151995.789730374,127076.201059956,145309.425476786,146432.440128844,115191.407500373,128951.274664251,122965.768909822,145526.546141389,100291.11045131,118084.681084484,147859.639637861,148329.955852123,190259.4921261,152985.20063369,140198.852247127,125892.392643995,200139.824832239,169380.291585408,133124.120398631,140209.578711984,157459.903116309,143040.568949328,166873.687517631,130241.723846396,115830.905535904,206905.606007753,119736.429287569,98630.5218072153,184786.783617309,156463.936223638,141313.393722767,140708.564461089,171226.71839939,118972.64225261,195398.495158364,128514.19252166,113859.599577383,96783.453388048,134182.343226305,157706.27236454,143846.136435054,182536.114925792,109971.06346575,131727.339190766,93611.8232358761,135443.405314244,120069.117350751,127175.707465251,122561.27849205,142910.24075889,186531.379853992,159111.361534015,131137.273342376,"Completed","Organic compounds","Organic nitrogen compounds","Organonitrogen compounds","Amines","Secondary amines","Dialkylamines",NA,NA,NA,NA
"ONFOSYPQQXJWGS-UHFFFAOYSA-N","2-HYDROXY-4-(METHYLTHIO)BUTYRIC ACID",NA,NA,61885.7321955887,1059722.9829865,1332873.00493654,311277.314550724,32361.1607102682,82716.1426884689,56522.4970138408,532659.026133073,313999.628943198,167778.883539278,1562642.45488058,253439.744444686,36002.469875025,355730.190050524,754666.780659678,358597.341094294,172852.971457641,66480.4398729771,128328.082741655,96828.5730530588,251134.437325256,440817.670385293,254290.478928725,161022.911020561,482563.833356779,68776.2075918927,60171.3646115285,51238.8398087294,26566.8855067372,92641.07404827,83628.8508993734,721639.409019803,294662.152725655,165048.276222821,79841.0007670514,401334.96015105,311438.883948045,238329.019302086,1474733.4654287,672128.06091465,754541.282565627,839817.769722219,327410.329697066,724953.841237788,373328.936468531,707631.99368368,39922.0585731356,29460.4254427892,400283.68751166,492422.30280377,446437.792640156,229272.914291296,2184216.7492651,832584.104447391,162599.967636901,431383.477145039,463674.058078306,NA,NA,NA,NA,NA,NA,NA,NA,NA,NA,NA
"ONIBWKKTOPOVIA-BYPYZUCNSA-N","L-Proline","145742","C00314",8624593.3312574,9142484.16468249,10814389.1827325,9126731.00443956,9451816.51976445,9236996.46620567,6698574.55565838,15204746.7778016,8657023.88227435,5949558.01346359,8972234.37898755,7721244.3362489,6629867.66027708,9492114.65060107,7710533.61229534,9380424.6571342,8522609.9387232,4870665.20555273,6072480.06414184,5415342.9080024,9642978.50751799,9504456.49327657,8373207.95182489,9914644.53005878,6154987.35707177,8779666.64169801,4453930.88228875,9487230.15400634,6453257.23250417,5945301.27809212,8013229.75010958,9638310.11671903,1780844.49551396,2796368.54529039,8461735.91007128,9830339.4481305,7911335.31779073,8306630.63514031,8084952.45364986,9459746.42768561,8632284.67534034,9594933.65112372,9905348.36681518,13468789.2655231,11251530.214665,2201695.19596038,5232966.76643537,9756506.89480218,13745903.4151037,8248583.05088323,10091175.4413984,8519227.95631367,10510872.1674243,9849646.22285178,6433649.2378266,9930247.04452644,8954718.80624504,"Completed","Organic compounds","Organic acids and derivatives","Carboxylic acids and derivatives","Amino acids, peptides, and analogues","Amino acids and derivatives","Alpha amino acids and derivatives","Proline and derivatives",NA,NA,NA
"ONIBWKKTOPOVIA-SCSAIBSYSA-N","d-Pro",NA,NA,66144.9242132244,153878.249564581,149128.832539029,160561.603365297,51190.2561907343,96969.7221322028,294708.361629894,47246.8111775175,124793.816327371,556084.418798944,257323.317135307,302412.819643183,184415.042676751,80104.8190669839,31465.1891165153,124586.919026705,145584.316987635,549921.56059461,400086.834341955,522179.142783316,139905.556504893,171005.896002442,172075.484208222,69945.9389498439,74577.9096805608,111501.11530272,601385.788699901,486533.910772729,332553.432124086,143408.668838004,186878.186555952,191871.975677892,707058.699877777,377479.302152817,135611.397435485,229106.332235786,69864.2763948374,108587.453477357,32263.7026250221,49346.0017866474,185027.557362477,122274.922198312,134746.013224268,119293.113333416,82953.2336764863,23305.0931066857,473577.913617077,83832.3736144548,245664.928117823,157876.449662767,164913.149916447,92139.0554427311,39391.5951849233,196321.357885989,151145.512947364,97358.5608556264,108477.123992666,NA,NA,NA,NA,NA,NA,NA,NA,NA,NA,NA
"ONJSZLXSECQROL-UHFFFAOYSA-N","o-Hydroxyhippuric acid","10253","C07588",18824.8294788802,16886.8158631702,5152.59182469384,61484.6053598777,8867.81783640974,4463.02181429539,9105.40497493838,4750.51960709943,7633.7921417866,9544.71405413526,12254.4026259054,19997.7714746404,20506.965960716,11015.3432589684,12616.2998391638,6825.80930856946,9232.04634658286,10261.4890018029,12652.0644956561,23263.4205905714,21849.052775459,10055.5351298133,8821.20333934257,4968.50640507316,13615.3865766337,11495.6419938358,20396.1277439836,112839.587743652,41350.1668496055,14397.6696101177,8252.50054435445,21611.5595707541,3909.59852111559,13548.9403819279,6336.85606687295,12847.0208567354,43547.8613436024,7189.2754965965,2734.67541560334,7541.56454483263,5048.87460912416,15736.3337793304,7234.98713829143,20369.6607374609,6609.42439584197,5394.1199075576,66536.7642885594,10998.3738298917,28956.7437316371,23367.5592366854,14125.2796287055,10260.2763826683,6802.0578215796,3927.05609424752,3479.13684552361,10214.0112847061,10165.7776675604,"Completed","Organic compounds","Benzenoids","Benzene and substituted derivatives","Benzoic acids and derivatives","Benzamides","Hippuric acids and derivatives","Hippuric acids",NA,NA,NA
"OPCJOXGBLDJWRM-UHFFFAOYSA-N","1,2-Diamino-2-methylpropane","13128","0",1583220.2050869,1952421.24035959,2026674.97592311,2565848.45526325,1967641.04131863,1820390.17475913,1925487.17555428,1315566.46488329,2107055.17209209,2142367.22655854,2316317.21554222,2128701.25744799,2007472.98767461,1978732.63981615,1553026.85315844,2070872.2875056,1995062.9681376,1589647.67825027,1448946.3877459,2021463.07684844,2261903.30399641,2343326.34125638,1962643.55989868,2506441.65902136,1461253.60261393,2039145.03045302,1497902.88765826,2637730.39519326,2241673.71237187,1290210.40239992,1931278.48408898,2556833.2666122,521819.094579797,908285.282399132,1913524.24762159,2470021.20138065,1564217.09924909,2107039.10713104,1561446.57997861,2261770.03168554,2370604.90214343,2410159.71638455,2353512.17377806,2186235.68521034,1845638.28888115,1450365.98522192,1654430.2329121,1946635.29072628,2108595.24603843,1709484.41175592,2600515.13983858,2185574.81185519,3079734.0721481,2445854.23085357,1374057.81000044,2187543.98865686,2207296.90295098,"Completed","Organic compounds","Organic nitrogen compounds","Organonitrogen compounds","Amines","Primary amines","Monoalkylamines",NA,NA,NA,NA
"OPTASPLRGRRNAP-UHFFFAOYSA-N","CYTOSINE","597","C00380",27580.5970003806,58506.3101296814,150984.93298847,143359.058027825,33024.0461528726,80267.3512790262,170226.59818702,64669.5769301805,198347.911707159,407285.318907328,68193.8038311402,114368.436809995,65786.9532433643,110676.169699876,27496.5223141841,49524.1401756942,291736.630753142,123050.976949978,282829.263704837,379230.531875849,87070.6702429238,247085.281100998,80729.0432708711,69061.5526998848,139768.490392939,144963.81154249,150971.785243223,38305.2294086651,108540.91932362,473653.180659401,184292.629051779,91732.6949091867,554078.340387511,181475.884728183,238490.805741704,439367.153650678,252267.966751559,63406.9056692179,8940.96306629659,26511.2730016878,61406.7369598502,26524.1739892799,154129.609148013,26826.9246276538,47031.9337296212,11195.1394272503,43136.2507522585,111480.564787393,49296.3267682681,478065.06775425,90114.7809035302,72628.079375076,14603.4670485609,46754.7884273278,638898.906079376,69989.4293101194,46757.2391906569,"Completed","Organic compounds","Organoheterocyclic compounds","Diazines","Pyrimidines and pyrimidine derivatives","Pyrimidones",NA,NA,NA,NA,NA
"OROIAVZITJBGSM-OBXARNEKSA-N","3'-Deoxyguanosine","135440068","0",5033.08679673798,56242.0474597541,44463.5491593807,12668.9675654029,46228.8432502201,30290.6559920578,45738.1494160906,11136.6799922468,34231.3734567865,9508.82465986371,32879.8783313174,37592.2589083276,40093.5567472982,68602.2035309021,93757.5414513479,16030.9074050306,17695.8996148472,7891.09846359957,37248.5534384052,68631.3183809417,3263.14931791694,12518.252392525,39414.6610781924,66251.3283798835,58261.1554358644,31117.8160078484,86346.88978185,6096.37253566974,73744.1611160763,135012.401155305,38668.1205709912,44059.3628903229,2812138.4217433,517547.303861011,30179.2214459247,10805.4678193748,18818.396903549,24482.3086479651,51945.85856872,19579.9924969041,45767.5953607236,26382.8650865029,48295.3154466003,20899.2317948004,5722.85914764159,31751.789131963,21113.7186153621,20620.8012955185,16784.6842632969,96936.56013824,32323.9511471643,24856.7687447226,6899.84029475982,26505.599777508,93164.9858399149,27167.3183455215,28963.6745580848,"Completed","Organic compounds","Nucleosides, nucleotides, and analogues","Purine nucleosides","Purine 3'-deoxyribonucleosides","Purine 3'-deoxyribonucleosides",NA,NA,NA,NA,NA
"OSYQOBUUFRGFNG-UHFFFAOYSA-N","Sebacic acid monomethyl ester","69957","0",19074.9113071681,23146.0104785333,22191.4485877829,24883.4771760548,23861.1590424642,23428.3181312396,22815.1145601676,54087.9536623202,29997.8014307466,19586.0396957536,23481.04893221,18793.5329450528,51855.354617227,24607.271827088,24323.0460277148,24736.2656144077,39389.4908373368,17862.4552906168,30374.7442918293,30311.2780279997,28572.8678476688,27726.4407426962,39496.5979313731,24236.2883717352,23325.0044209428,20013.4138306875,17748.0886382388,22328.4573940073,22974.885391232,21738.3356122495,25058.730843308,20432.3926191986,20495.0531823132,18944.5479651553,26869.4481022163,37666.0234513429,24043.4861872822,33323.3706124423,29737.22854391,18426.0070501205,23906.2234582304,17407.2850699973,106891.61257958,15797.1786447558,53845.3188176738,28144.5405136531,15133.3184359779,31087.3889971406,13180.1259196539,17840.8183190376,30432.88754092,17527.6636403902,24411.4794564348,46853.6834451531,46996.035147379,26484.4150930453,19323.7417205679,"Completed","Organic compounds","Lipids and lipid-like molecules","Fatty Acyls","Fatty acids and conjugates","Medium-chain fatty acids",NA,NA,NA,NA,NA
"OTCCIMWXFLJLIA-BYPYZUCNSA-N","997-55-7","65065","C01042",59681.1514049061,85230.5098355586,78489.7407486574,257715.216151621,30153.8419609513,68566.6833118473,138791.709489136,124246.390502289,136344.213355925,186607.754524554,359489.139325159,147301.294529102,105105.652649916,106945.733296507,26256.2906740491,66746.764122861,69216.8400739519,118402.873779164,33627.743188387,141892.999360158,102641.41585306,125054.111837389,135065.326607936,235778.420234506,58037.7585887725,309271.760700595,68795.8890139531,194177.072447602,130194.240154135,43654.8005524655,35093.9545862579,269003.532017952,17045.8916927109,20225.2298454866,60424.1515007025,118220.413239691,39585.0230425341,156035.278304201,40783.0999122106,165299.392894389,172560.570765108,116420.293698194,259782.527251382,99494.7648134269,77495.3572330575,16843.6080124989,58164.3597214932,64487.1010555845,144562.334514741,49761.3514621383,156497.270869869,68162.8714745994,136422.525819406,232527.221295105,36399.6584086862,72344.0247128417,133322.985418519,"Completed","Organic compounds","Organic acids and derivatives","Carboxylic acids and derivatives","Amino acids, peptides, and analogues","Amino acids and derivatives","Alpha amino acids and derivatives","Aspartic acid and derivatives",NA,NA,NA
"OTIAVLWNTIXJDO-UHFFFAOYSA-N","5-Aminopentanamide","439358","C00990",212526.645692957,2167610.09129923,1052971.30907645,552468.540701788,500308.329908455,1659168.54152881,592282.818901927,3694331.78111576,3455644.72910978,260886.089492267,1636302.12509783,1344139.19898044,105795.808466126,985172.55176288,1496444.46832363,3701551.41825341,469773.335073715,692380.071705774,1482482.72317836,5347186.20187967,2593901.76639125,1026179.26397318,832389.410500316,1088805.30463937,1461740.88381228,452851.281503925,411223.360270719,2190672.41662461,1971305.72667531,554552.248800427,1350205.70795956,1690885.14954456,88153.4905783836,3230788.31944734,468314.321956292,3275309.78356656,1738323.23173819,1889800.28008363,2743266.68924105,3549516.482715,204554.565452346,1235216.44639964,756678.832747066,2082817.94987489,758021.218324385,6658602.22163397,4501843.87232929,376737.559566789,131051.33298237,455509.846767739,1524595.28785202,316582.044269046,6577055.4054078,444160.080057737,838474.146680136,1467436.77854096,985860.922028951,"Completed","Organic compounds","Organic acids and derivatives","Carboxylic acids and derivatives","Amino acids, peptides, and analogues","Amino acids and derivatives","Delta amino acids and derivatives",NA,NA,NA,NA
"OTSBKHHWSQYEHK-UHFFFAOYSA-N","1,3-Dimethylurate","70346","0",6161.37384616733,424599.509664364,108714.773702579,125978.337155129,3093.80404957993,6708.63680247205,706705.601502273,7877.9175045691,4507.8204235955,90928.1029394184,1837.64765737427,270017.747219218,3847.1092475695,2332.33033289381,371.53263937387,2217.33549261453,56558.0376355298,1486947.89312487,877477.573592913,4062.55062477233,115130.184287292,320019.874940278,44792.24220548,3072.26909818285,320143.442789329,59125.2463951964,206829.579701292,8916.71505763746,166639.237445154,549148.444821662,10787.3021515797,446564.662218099,551487.272067891,167393.824589624,39018.7821293082,32278.7124457327,624001.185252658,289154.436084647,1953.05973449608,364111.486512262,9670.04513743644,10928.6278439197,27075.954522849,274084.557639273,479225.452434171,7842.56091772069,3567.43249926191,56052.1623372224,312412.316418919,1161083.35701883,14316.8535397691,722849.774204736,2117.18234570673,39864.1769413755,211578.677493282,16514.371728006,289394.349702133,"Completed","Organic compounds","Organoheterocyclic compounds","Imidazopyrimidines","Purines and purine derivatives","Xanthines",NA,NA,NA,NA,NA
"OURSFPZPOXNNKX-UHFFFAOYSA-N","3-Sulfopropanoic acid","409694","0",3161597.90119365,1618277.95799002,3037869.69145629,813177.242411234,368091.525889288,595590.813016542,1525531.67978298,202377.417285626,506116.731178161,529955.998638196,76538.5718485839,691902.600526739,1387743.06914983,3653267.20311805,3374300.9317798,2618373.11002657,2194461.69067828,1381728.75627348,679313.171325083,536106.823701936,1190741.09564666,563881.418442075,2726769.29770636,350885.950504332,484141.603458387,896268.820335543,1388391.48784589,2833537.34704348,339388.819268354,4204487.07466789,474572.687182797,54504.197670239,520139.898315319,309574.622599755,433410.48389418,60965.2465388789,1090262.74819711,1220740.73542141,2836438.25119773,32986.5001503273,1717652.21433222,2406627.30697274,2032964.12834334,974529.021866189,542930.563002042,1259132.59244656,1053291.35903595,1579269.12462631,840660.572305229,1933819.72828184,1678064.1400594,1852365.43352504,239018.169183068,2392835.20545533,1033418.9622465,1673154.38715883,171262.513452533,"Completed","Organic compounds","Organic acids and derivatives","Organic sulfonic acids and derivatives","Organosulfonic acids and derivatives","Organosulfonic acids",NA,NA,NA,NA,NA
"OUYCCCASQSFEME-QMMMGPOBSA-N","L-Tyrosine","6057","C00082",1941202.10040245,328005.761465855,287072.726784398,4667556.55288965,4249997.31398878,3526568.47673818,4733178.25623523,3369.49062704157,11092.7525197573,3488587.55851304,934421.273368307,951063.862482967,4824318.79655744,606220.253835132,2228077.28585021,2379245.24392359,2695868.659686,3266420.36842345,3347628.3035458,3455861.18259425,305828.743173695,3106929.21609261,5430.44200190483,57821.5630718835,40219.6481062735,12821.3382518384,2055536.08522492,4042869.8597969,3896397.96398278,1207309.35535599,2521530.95908149,3965527.5410046,1176075.92440611,1544406.578085,2104332.77994882,2413540.95217837,2427932.21889467,2733093.47036564,90213.9251984763,459878.059815662,719944.77469551,473657.400186514,831475.852554401,4871.00582852327,249979.858608213,863251.832348772,3605270.79009226,3305339.71457965,286472.592771836,1998471.58620969,3052166.40950556,3496106.21476339,205833.210009867,2091089.19474531,1176943.91088364,2015696.055034,3653264.31272814,"Completed","Organic compounds","Organic acids and derivatives","Carboxylic acids and derivatives","Amino acids, peptides, and analogues","Amino acids and derivatives","Alpha amino acids and derivatives","Tyrosine and derivatives",NA,NA,NA
"OVRNDRQMDRJTHS-RTRLPJTCSA-N","N-Acetyl-D-glucosamine","439174","C00140",887843.184083628,53507.1884597907,26668.1861003636,721845.105066499,33580.7988775716,1908406.90046274,592840.56627114,45480.4730299625,444233.512490592,552376.639285081,53861.9384346011,26654.8970299711,370466.446721141,291185.740918235,96797.7921016519,1077917.1233101,673137.895714633,777265.361307968,1798437.60883415,969026.157852427,20890.9462835649,900953.903174783,435683.537514106,504283.108169168,54254.2230327787,1138493.49470405,1524258.13993377,488306.570679253,645772.332957626,1174985.10989616,1780618.78705149,480513.095249793,781691.737540163,780693.277667818,1112581.42585829,1279415.71964883,1179084.73950102,741525.12452876,33458.0601445737,24309.2145792937,623316.235924966,248627.263492452,79923.85433852,490256.296280732,46211.6372347966,53007.218236304,1768844.48753558,704675.912719114,37731.1903620352,473569.77525573,94028.3476814063,1021273.30570776,32910.8144134073,223935.622863329,921333.94623615,72557.9609462984,840451.136708101,"Completed","Organic compounds","Organic oxygen compounds","Organooxygen compounds","Carbohydrates and carbohydrate conjugates","Aminosaccharides","Amino sugars","Acylaminosugars",NA,NA,NA
"OWOFCNWTMWOOJJ-WDSKDSINSA-N","Gln-Glu","7020029","0",18954.2814859307,25356.2702909155,45086.6685959788,26741.9309351479,24572.8841750692,26476.6974334049,27219.790701969,112460.507753771,35237.2686702367,105132.865770669,49943.5104564736,53926.0322222742,43744.7331028449,40926.2078040454,57537.8624441825,21905.5635657881,32343.8165202655,26437.6430222725,53426.6026083996,54752.5311962775,33675.5554469979,35481.0131644938,41137.3581271648,76394.5515050453,20207.837931508,117997.209741706,42372.2795499313,63908.1259157193,38442.1730414545,25221.3669159319,37811.1929410364,40524.1703361016,60773.2550818868,73588.2156328754,21847.9063411065,37952.4610501792,28477.4305830895,23689.6994984953,44394.5231203564,20801.2093384326,43769.3214866937,31641.6923346175,31704.6868574831,20091.7780080886,37679.5928728142,25633.4687397981,36464.5229755361,29147.3813807394,24660.0608829259,26567.865278766,36579.0756688995,28628.2371504301,28671.7496457501,25499.2995961272,26314.156718926,34662.9459853866,37095.368330373,"Completed","Organic compounds","Organic acids and derivatives","Carboxylic acids and derivatives","Amino acids, peptides, and analogues","Peptides","Dipeptides",NA,NA,NA,NA
"OZJPLYNZGCXSJM-UHFFFAOYSA-N","5-VALEROLACTONE","10953","C02240",94292.7380326152,125187.302820255,87282.0188132746,100510.527847203,395491.880863458,267958.713080862,229240.854074746,260627.84193002,254938.657704485,483965.051392086,144898.338770176,559997.774988859,168644.339672117,176888.291595248,189941.2466363,219027.396800155,118249.614908849,426579.481828437,434929.780245806,1049026.01617798,734084.909712126,460136.11729239,238811.533774785,232954.120616122,735789.832239465,96290.537484453,590537.873926028,402188.303077573,550295.69645734,353745.203960902,207197.221128752,101659.293526526,346763.964752882,767577.402121656,180676.624851619,267265.028357127,261273.391097853,211091.540418115,1295472.65638609,300409.212257887,321182.340583745,91375.101603274,84344.8126610539,537848.786366873,130553.249751718,2182778.81087693,522720.47776522,104366.861011786,56867.7414832798,155168.369141422,146120.068958259,111411.921967565,512297.742710665,80823.2545680064,271450.548196703,121029.822251904,132593.409603533,"Completed","Organic compounds","Organoheterocyclic compounds","Lactones","Delta valerolactones","Delta valerolactones",NA,NA,NA,NA,NA
"PAGTXDLKXRBHFL-UHFFFAOYSA-N","2-(Hydroxymethyl)-6-methylpyridin-3-ol","135128","0",58218.111425635,77062.1193178099,56539.7168168597,81977.1261428481,138653.416562199,96265.8720109023,41644.3088819988,122856.558150247,95255.3651156353,98906.7601188894,68959.6425592792,94046.0550263048,85930.9398916314,74895.1376777445,81344.897529721,74166.3098096865,44698.491061372,17268.7201263105,32515.3642205712,71142.4357129677,73296.6946490995,44054.7020422074,76099.7969912759,84980.832143468,44786.0884890135,106254.68953086,104145.804249894,84836.4242688555,98035.6185046195,18596.8777187728,124216.304957259,56221.9870992764,65729.9276019733,82507.4150204787,75429.4655283326,76483.2873796273,43955.1822565106,83134.7174503295,56928.6549089174,84853.4630678038,76247.6750041993,76429.3132336618,60429.0308932318,54708.3357860475,90352.7681081136,51661.975147455,16925.9462106454,85785.465852326,71006.1305950405,62708.5880906631,92189.709379925,79794.0871910009,54652.9989295824,42839.7901338324,65194.4323127742,81248.5709997521,98711.7936873439,"Completed","Organic compounds","Organoheterocyclic compounds","Pyridines and derivatives","Methylpyridines","Methylpyridines",NA,NA,NA,NA,NA
"PAYRUJLWNCNPSJ-UHFFFAOYSA-N","Aniline","6115","C00292",6516.57693876478,676235.354220839,344021.589373743,958329.114459012,1847901.32336417,837353.556222962,1790760.62438957,3187939.58668313,5408.21014575384,116246.0181048,420289.775271696,407426.899629464,96501.1677683313,277113.185004462,3189.08866570748,620505.07961536,489159.510814263,342872.034959459,405626.953007366,7146.45064573789,683718.909370365,1450980.45282234,978479.785023274,737692.361971444,528696.517258049,501326.194218273,220494.726159659,1100877.84623437,687622.066371362,503505.129581537,1016677.65468974,2309022.42063661,1733247.77814756,92611.2495554213,681631.499860224,462544.642557245,1451176.75303759,566879.907823532,643131.431283956,1468312.47873174,1175690.09617036,559548.7493347,892282.604663887,1479058.92957807,2114205.52312229,2147077.05116921,3178.07090931679,1054715.76153943,1659045.56765688,985773.620946855,688237.928245344,1044524.93600499,1542954.94938027,433574.843149799,355782.176717747,660024.974259616,1668125.20332301,"Completed","Organic compounds","Benzenoids","Benzene and substituted derivatives","Aniline and substituted anilines","Aniline and substituted anilines",NA,NA,NA,NA,NA
"PBAYDYUZOSNJGU-UHFFFAOYSA-N","Chelidonic acid","7431","C08476",216416.82480066,34687.8675937546,122219.09877098,57637.3606195082,9912.92174391039,19212.211245105,64194.3232305788,7973.6541748998,58350.0258680807,361229.881391366,14482.4136807353,17949.1957062791,30741.5905624094,21042.0645696016,9130.21698886851,32991.2317379711,907213.106229703,249178.371567056,100693.797551436,178992.518273173,203554.998063989,1965821.55802931,22524.3431701221,5094.99819657846,964297.313987506,21679.0329249834,1350988.95025726,42054.2447733072,17940.1125325553,1095738.85969576,33775.7107344578,4203.58957515634,1457230.94626697,1017550.45337373,567766.503772594,65741.529019024,251854.404081717,401166.255641607,12081.7411359123,4246.29379953577,4021.40158740366,6222.15944388728,7342.15570863082,17662.7184686815,7777.14689571657,29667.6594915668,400745.73226108,15371.3605650316,23614.812352275,802988.278933132,20215.3134330431,113847.949342548,2084.43115782195,604068.311063636,201923.789597315,19838.2564901798,14922.7349509474,"Completed","Organic compounds","Organoheterocyclic compounds","Pyrans","Pyranones and derivatives","Pyranones and derivatives",NA,NA,NA,NA,NA
"PCMORTLOPMLEFB-ONEGZZNKSA-N","3,5-Dimethoxy-4-hydroxycinnamic acid","637775","C00482",10937.0111953342,10646.4508952132,3042.2446962263,17694.6846765873,16199.8517747051,19436.6500997399,19764.9221635967,15393.7963362784,6071.89093630597,19030.6218131503,6680.61492107937,18215.8970798959,20687.0330602227,18847.6814853127,5486.03514309502,16174.4584643834,23646.4335242915,7962.63528822493,16429.3103633225,28803.8887205609,9191.76858385614,11514.4767198657,19898.1652715184,3272.83265948856,9569.54038194781,38326.873763308,54915.9079841681,23408.4395080113,28073.5995842045,25527.7925451133,29324.8000340956,9860.50433455547,37919.2076449781,38131.8840514793,22825.0959844177,31380.4558045546,10469.4614001697,43770.7755672143,2593.63198442609,9732.296839318,10401.7304710859,13878.158307281,3656.29598254446,11144.9805560836,7703.32535836818,6608.57788867518,13672.3924622875,15788.7715146311,20770.0638878763,30040.6208960121,9022.58828908034,53412.4543383278,3096.07896137381,7295.14890019049,9547.80585041149,7395.113727875,23292.8762786941,"Completed","Organic compounds","Phenylpropanoids and polyketides","Cinnamic acids and derivatives","Hydroxycinnamic acids and derivatives","Hydroxycinnamic acids",NA,NA,NA,NA,NA
"PEDXUVCGOLSNLQ-WUJLRWPWSA-N","Acetyl-L-threonine","152204","0",48031.2303175201,133636.063516148,120050.992958849,156012.377044764,462567.436710456,100389.169438674,134447.376007219,293268.931760398,1603.11804284749,115189.770881574,135856.033396105,243531.208629226,104662.784918697,110758.867736338,481503.336272371,115157.869364486,104816.850274079,47414.3831747468,48732.4537564871,98663.9123325564,132889.9943011,120091.537329316,1650.2654968622,2390.80881601915,105237.965231987,1729.05211743542,59959.700837735,143388.581587033,105896.265676699,111857.264280663,36801.79095188,241817.753937719,50042.0182573405,50006.3575220558,80241.6390402019,110887.61941251,55042.1947181862,196045.074493022,182877.500545385,163258.313973921,552633.00151983,188634.966274618,107205.525018814,597.166579939151,172874.700929712,136615.458681902,85232.5994910867,102560.529721551,198168.275896864,102205.950207993,299587.470376801,86986.4393483565,353063.627831247,154712.299693073,124572.45620875,248972.514876453,88552.5894292031,"Completed","Organic compounds","Organic acids and derivatives","Carboxylic acids and derivatives","Amino acids, peptides, and analogues","Amino acids and derivatives","Alpha amino acids and derivatives","N-acyl-alpha amino acids and derivatives","N-acyl-alpha amino acids","N-acyl-L-alpha-amino acids",NA
"PHIQHXFUZVPYII-ZCFIWIBFSA-N","L-CARNITINE","10917","C00318",320386.388726876,83088.2180168696,137479.592575393,331973.496186574,54747.7339099971,244228.742784842,94414.0229892023,757003.039762698,125538.160036113,297193.807347241,357567.095481476,66467.1712281605,96581.3638926264,143118.422094017,542697.751395301,119086.184292391,173765.871405261,229558.413761173,475096.204736911,207529.961490723,92625.6635633911,133838.867445956,112647.999632161,791573.884286057,185039.0634895,86268.0191576557,232560.872751843,105634.132286858,131557.977491736,259926.095617473,156165.703303518,68393.8218241448,155886.442934564,301437.310268744,247184.675523748,185145.972748923,284572.418778155,120037.368368142,467440.503931407,41758.0639605894,117305.434735846,134576.190810407,114604.438700777,91970.6230371164,58875.189564856,196445.025494728,197542.002211319,58492.0516716213,94251.2178483665,113454.639649312,56156.1658657015,370325.702491106,282294.651368807,91860.4590574099,313874.975319907,51982.1878750505,96632.4198670687,"Completed","Organic compounds","Organic nitrogen compounds","Organonitrogen compounds","Quaternary ammonium salts","Carnitines",NA,NA,NA,NA,NA
"PLZVEHJLHYMBBY-UHFFFAOYSA-N","Tetradecylamine","16217","0",596773.691805369,475184.644253858,433210.530434479,395121.994636489,546099.806585252,330368.853535937,379875.620871281,658171.498721756,488651.332722169,489157.979952985,351857.289753554,365749.466386575,284769.228731439,306774.116643526,379934.534536727,420251.654434533,541806.069304159,408964.463081586,595101.268031926,379365.161564895,572543.860776808,441339.517029752,366962.795281609,358881.441462974,412987.536033563,359179.688716588,484692.995505754,502299.997798497,292970.90719567,551146.068224837,309158.804427629,267051.086436752,503723.423113033,412494.939976439,564390.248210988,496823.41120344,717270.629945899,429106.540019733,682617.452616233,406981.103686474,300057.991997679,354912.919028866,361495.398864524,422331.974358022,636538.069786306,488642.831965615,338597.81981281,573164.358273816,366311.70651159,347112.916041403,456649.744709226,428624.256202902,522961.04045875,352373.358513618,557738.562478127,402944.51597709,419365.415044729,"Completed","Organic compounds","Organic nitrogen compounds","Organonitrogen compounds","Amines","Primary amines","Monoalkylamines",NA,NA,NA,NA
"PMZDQRJGMBOQBF-UHFFFAOYSA-N","4-Hydroxyquinoline","69141","C06343",214346.809330967,212497.618039422,215452.821112031,283151.050256599,42379.3340533737,110293.913646492,95880.5170533787,82487.5954941332,176318.03768008,161792.402696035,521740.164686875,259182.520761371,237283.420374996,636526.923743136,344013.532973439,115446.101388113,252007.083640762,26431.9146055996,89005.9847346671,121830.010849649,236239.39518675,79120.6644300631,132845.185256043,446196.945620733,46213.9754270738,713789.285008597,142170.943085341,489971.89096079,409321.371811765,1991.22436444399,96263.6546573793,372377.938292078,86234.5128933969,74195.4993728937,357617.622523722,271439.755212422,48739.2320755389,193201.169204302,430348.974696863,287291.99586509,368415.446161407,240680.393416213,467668.119995725,168963.014676901,555577.05519896,145162.22299489,10324.8133612359,532703.091415394,143012.645510629,91210.5106855611,569502.701419351,121364.412069276,384052.801807819,259918.682381415,92732.02181663,496515.768520267,98896.944719332,"Completed","Organic compounds","Organoheterocyclic compounds","Quinolines and derivatives","Quinolones and derivatives","Hydroquinolones",NA,NA,NA,NA,NA
"POGLODLVBYOXAO-UHFFFAOYSA-N","(3-Oxo-2,3-dihydro-4H-1,4-benzoxazin-4-yl)acetic acid","2735705","0",26693.8394846881,30587.7971155986,35851.4640383129,27348.7211652344,37200.2655599968,47626.1977257626,87763.076620706,88904.7753370746,41326.0752045877,35452.0764286981,39659.1129607167,22615.5943563706,27093.6748910611,52616.0989376357,36472.599550823,31297.4181440254,75934.4263826719,4154.91861498553,5171.15353229769,22644.202445509,43131.5340352983,22830.9550084255,30281.2308637637,1719.6895092545,17349.8381578615,38947.8186130937,35396.7511401034,31496.8869105389,37727.7662010282,1026.41311417416,78580.2636668476,19029.4193432236,23069.8316501215,30783.9366209786,111740.202089214,28980.1938633569,21068.175747523,25189.9953885631,40053.1070974396,24289.8740410795,55124.2296566272,39755.4523568609,31580.3993734602,16706.4734496113,44323.634174966,18106.9211605961,4809.67807679656,30726.7202082864,23052.7471751771,31490.2711481026,57995.3941503845,32645.2852022632,37975.8808437476,78265.864107049,29701.1509850124,51168.8195235938,35427.1645158017,"Completed","Organic compounds","Organoheterocyclic compounds","Benzoxazines","Benzoxazinones","Benzoxazinones",NA,NA,NA,NA,NA
"PPQRSMGDOHLTBE-UWVGGRQHSA-N","Ser-Phe","7009597","0",3355.543748935,11224.6926371257,13204.3247413143,27190.4242119707,25945.2604100373,15348.9194849977,29882.0388024171,16100.2669380291,22395.9278408084,31198.0966296493,22602.7927262307,67230.9712659148,26744.8309551147,9503.03268167028,18674.4557221457,11513.0881347293,16692.4800956386,10117.1977571359,20025.6700223939,32629.593591292,17797.0147914091,18413.0874611836,18807.0904574059,24603.223230626,9504.59101107732,15721.4668811605,21928.3669650058,29292.093222978,27309.4382072361,11797.9033844643,12373.8502817666,12376.5991464868,101019.55887705,30357.2651318924,10645.6924806434,22810.1204858926,4932.52486147552,14868.3075815078,4039.3271539929,8885.54839407178,25838.4064911929,9038.86051685864,18657.678549293,13815.7309109273,11466.3063206078,5931.70956050675,35011.9993464383,17198.256133916,20224.5370907194,15566.0556582534,17900.1388398251,13424.9500316742,7675.4228318402,11077.5675936907,14586.8398018742,11672.7608213075,13911.5254685508,"Completed","Organic compounds","Organic acids and derivatives","Carboxylic acids and derivatives","Amino acids, peptides, and analogues","Peptides","Dipeptides",NA,NA,NA,NA
"PVNIIMVLHYAWGP-UHFFFAOYSA-N","Nicotinic acid","938","C00253",727723.7792385,1104064.31409134,853579.718295235,1808869.60347146,340945.037111857,799779.444001433,1651942.65245481,1481555.76817062,1572552.64189569,2195932.41708491,1249326.5782239,965839.07305457,770373.88185906,1095000.41863246,1375880.47172042,776757.495690246,1544530.66677065,1302559.70825256,1455518.93178379,3198345.54537453,805550.426267843,3198627.12146522,974581.209317614,2056775.42560874,1038957.56251192,1238612.31029497,2680926.34119234,1202492.3580189,1769120.99973481,1486890.95390733,1148378.56664519,2396928.07454005,2021891.22039848,1842022.90673039,1644057.8759963,1855449.02204757,1678837.21164828,1887595.0368855,1020464.14707736,1033845.70730878,1598002.62990725,1318517.22302331,1591991.38073794,1141727.83357794,1065617.99164651,501607.59021597,1071504.09849729,1053171.35928972,1817741.31476751,1431340.71272067,1472474.87202216,2250313.52837812,1483319.24498572,1663240.69979121,2089823.13274907,1069215.5068504,1411137.72012509,"Completed","Organic compounds","Organoheterocyclic compounds","Pyridines and derivatives","Pyridinecarboxylic acids and derivatives","Pyridinecarboxylic acids",NA,NA,NA,NA,NA
"PXGZQGDTEZPERC-UHFFFAOYSA-N","1,4-Cyclohexanedicarboxylic acid","14106","0",133371.411652422,156837.909708498,139693.255753838,155077.417338981,309724.32567649,261841.651081787,208124.091828936,214314.789696517,176290.921339707,149311.89744705,131739.101032746,163751.744472773,249817.550504174,173485.69564517,259633.134730535,198802.370812515,128295.525548786,170557.854739864,230319.418372066,159980.26365332,150593.997148506,130021.625213404,194090.218292829,238416.51480509,158165.707164888,261683.836404709,163417.855949353,203631.488620069,166028.301228606,171312.611919751,217714.832873456,132491.673993587,157163.542813264,145762.776196785,154751.329378062,153031.887092938,135523.551355133,171185.537387747,147050.51008982,178371.373738389,148552.606642753,131290.723451523,144966.555551294,167255.607913581,196836.021487483,233982.96768893,201277.860150217,199872.781603123,132242.646941827,157636.040546711,132597.843762526,163309.157217244,126190.326920028,119750.727981194,104914.663768756,147215.749980894,212181.987090143,"Completed","Organic compounds","Organic acids and derivatives","Carboxylic acids and derivatives","Dicarboxylic acids and derivatives","Dicarboxylic acids and derivatives",NA,NA,NA,NA,NA
"PXQPEWDEAKTCGB-UHFFFAOYSA-N","Orotic acid","967","C00295",717492.270695379,487354.086541681,359821.944032865,767192.543435555,388277.596681396,1303256.33321471,988174.301014844,1100926.59152168,919870.868431671,68398.0542104961,595691.809922548,571030.832337473,600451.993349066,448289.387759503,601738.610452296,814532.903560578,609447.555835924,457494.303175942,858515.856309262,464417.489611455,604295.317414986,1281578.94006829,864467.24208329,1237972.88433102,228795.649933812,2095521.08352312,431469.891587645,418552.75949228,685972.3455885,556597.697295272,627605.361692277,1360130.60445638,9712.36560661942,47966.1404283923,902285.919151046,1072125.70735237,962810.720609706,1015002.96828913,372327.233196322,566444.779194917,242670.446402713,484224.875687914,702436.763836305,689068.494102478,706759.728803415,299264.31460105,141450.08132151,637836.306352621,242922.62942761,407954.966877463,640468.813623793,553457.980719898,368624.808901566,745102.58322875,451729.727719113,598591.375702412,1162996.07930684,"Completed","Organic compounds","Organoheterocyclic compounds","Diazines","Pyrimidines and pyrimidine derivatives","Pyrimidinecarboxylic acids and derivatives","Pyrimidinecarboxylic acids",NA,NA,NA,NA
"QAIPRVGONGVQAS-DUXPYHPUSA-N","Caffeic acid","689043","C01197",32702.2360924365,64308.446005871,21510.3682800336,53960.0285187019,124603.069278098,201966.761009267,132061.070042093,83886.2312181599,11911.6659990197,85157.8483197715,28973.7147943374,50405.5933042603,94738.4110627749,105660.780221539,6801.22116172965,129713.046797262,64720.4915755236,157367.113382734,117782.559210659,90616.3242388798,22536.2469029187,46034.2003133416,48530.8652627599,8039.63593756677,96984.3990259845,182131.304768302,124756.693286312,188791.326082649,118095.345756324,74996.0527363004,216253.248379778,143116.913946217,298908.876422399,134546.437272551,81313.7696303229,86880.6716171727,160533.055407697,113277.186678562,14113.1583321736,54429.414882908,30197.3829469768,106151.504825995,13970.3470107248,171860.496727871,40691.9653404579,36753.9502195455,150324.415344868,67680.6995120774,196872.460859296,76768.1595747962,25135.7380961502,368929.739898253,19318.8340269644,81641.0328436745,21544.083857868,39981.5326244626,135183.260284293,"Completed","Organic compounds","Phenylpropanoids and polyketides","Cinnamic acids and derivatives","Hydroxycinnamic acids and derivatives","Hydroxycinnamic acids",NA,NA,NA,NA,NA
"QEFRNWWLZKMPFJ-YGVKFDHGSA-N","Methioninesulfoxide","1548907","C02989",800990.996088617,399281.699300714,514912.094860773,499924.90748648,1246431.59734977,568066.777175709,549112.790506067,216010.030951998,858937.016385025,713374.741225602,428684.117429747,200728.329840177,296003.894773137,1067059.27032695,377936.149994248,605153.852303187,727269.017211484,1133550.47225975,498689.663248878,545286.88036073,411964.416229862,582326.650385207,479912.241608188,843781.230410031,227880.396494294,541556.174560141,455244.020502643,1401931.12750212,972610.510358301,660439.526563684,430709.556352413,516637.031220337,310212.657242821,297220.870224483,817407.694876267,1039015.41328875,949088.700048952,734211.752779793,539031.069383862,529466.574153349,608084.420718809,785707.897285605,1515521.3180329,576438.348590138,815995.64307062,530437.574644525,800884.049340028,956437.112989075,455350.284727997,632831.566631877,741988.379812157,1080667.16331653,509229.015262139,501105.392821859,659454.457487349,690354.032738244,403437.496431631,"Completed","Organic compounds","Organic acids and derivatives","Carboxylic acids and derivatives","Amino acids, peptides, and analogues","Amino acids and derivatives","Alpha amino acids and derivatives","Alpha amino acids","L-alpha-amino acids",NA,NA
"QHGUCRYDKWKLMG-QMMMGPOBSA-N","DL-Octopamine","440266","C04227",11857.6547684495,26321.5713695344,16497.1975661044,31570.8640632835,11567.829292356,10358.7154275081,40387.9768778488,13604.3582866251,17584.8857538656,59369.2915346006,29880.7543773309,51248.1658258482,18031.5128457171,15551.291448556,16011.0153213375,15952.0333541403,16983.903653852,51261.9102094078,52975.2691122357,57066.7985092409,21835.5740496954,19824.6852182753,15920.0271031873,16024.257824688,13440.8397211106,16085.4759186938,45782.0727321097,56378.4727413435,31427.9967899958,20434.4783441171,12683.5138976171,24714.8372498215,65987.0095215982,40123.7655504596,14732.9037018206,45241.5167471124,17607.0745871076,16192.7857690636,6801.01678266539,10069.9735635536,24013.0781397942,15436.3545016131,18957.3423693848,17346.6169922297,13177.5887865527,6869.1081822235,51449.7658886571,9094.81324828755,31676.5148478409,30647.1513735598,31912.0454669006,33553.8365166364,8596.27402740968,26123.032208552,22176.3509160224,19286.4109602295,13679.2712794843,"Completed","Organic compounds","Benzenoids","Phenols","1-hydroxy-2-unsubstituted benzenoids","1-hydroxy-2-unsubstituted benzenoids",NA,NA,NA,NA,NA
"QIVBCDIJIAJPQS-SECBINFHSA-N","TRYPTOPHAN","9060","C00525",1471033.18804007,2796998.93093643,1511680.01943513,3951053.22715244,1249587.29475224,1682076.1861215,3115796.46520479,1783615.99702,1724622.81156001,1890616.12791252,2841271.01905965,2276914.32501618,2836307.14090464,1543283.49975973,2585020.73317768,2937645.52408971,2236241.02855612,2111809.32180367,1915680.51113264,2573887.88698852,2220509.44850907,2552651.46786495,1809919.33496635,2383632.44670867,2330123.75193567,1638651.56100948,1774627.80359658,2443546.29614724,2958922.99796025,1612532.7764543,2328124.62444387,2816345.05976003,1094338.16801858,1725114.80294887,1526554.01142837,3372072.57081855,1486687.42382052,2086839.44469392,1001137.75720332,3167690.05142118,2219262.14153409,2963944.37698737,2027714.41601125,2422411.3713495,1952093.07718535,848567.564713067,4216739.26062056,2660625.91162478,3196540.14701181,2014006.14790512,3130933.95217543,2762612.27921718,3339100.61379456,3289437.40790541,1433727.06718355,2392621.87389262,2698047.72999513,"Completed","Organic compounds","Organoheterocyclic compounds","Indoles and derivatives","Indolyl carboxylic acids and derivatives","Indolyl carboxylic acids and derivatives",NA,NA,NA,NA,NA
"QJAPFSSVKIZTMR-UHFFFAOYSA-N","1-[4-Hydroxy-3-(3-methylbut-2-enyl)phenyl]ethanone","442916","C10702",19869.2715129766,9068.6227206119,17655.050703613,5825.01695074601,16455.7738320852,12907.3277768037,12091.8483589218,19843.9614642109,11995.7457141734,13695.3559241422,8820.25824262967,10907.0692720621,14452.4228940311,13130.6152847203,16360.7326162715,14184.6703619681,16097.0515419222,15779.9576824592,16366.4809046428,9839.0444266526,19098.700021253,17481.8377712932,16123.3518870062,13831.5867690376,17970.8828224233,14610.7024503946,16943.2602290628,14298.5571031532,12611.3471995925,18100.3002976703,13960.0405739635,7347.22849819386,17665.7774661286,17282.1717843128,15671.7183058985,14665.60506042,19480.8387953529,9410.86393368126,18965.2739386815,13872.6917676795,13652.7404674926,11564.3262528451,13222.6128248902,13583.9550897373,16087.659660579,20347.2825945188,10682.7235021094,14843.9353954086,12376.4690657795,14979.2597069966,12289.5993637324,11721.5258472014,15697.0609369298,15785.9003453333,16932.5878017437,14825.1161302472,13611.6290426195,"Completed","Organic compounds","Organic oxygen compounds","Organooxygen compounds","Carbonyl compounds","Ketones","Aryl ketones","Phenylketones","Alkyl-phenylketones",NA,NA
"QJERBBQXOMUURJ-UHFFFAOYSA-N","N-(4-Chlorobenzoyl)tryptophan","2787526","0",53818.8664155017,98286.1650688521,59387.4806302445,138640.142654099,47992.0848690609,60622.1296037722,111014.64759822,72466.3466325846,63738.8829987779,72895.5564149788,100129.919590885,84332.0194145304,99144.0355498758,56459.8842211526,92931.1261770098,102683.302968346,84490.9492718712,77824.9509371178,72950.1613187088,89417.9719522754,82564.5896537824,91864.2236642294,68417.2724059014,84402.2183273289,82022.085438663,62984.9970918567,66444.9170524746,91983.1980066969,102769.996534721,59888.8606135783,84928.4229485237,97172.7800557611,44410.9162256861,66820.9819734194,59333.5082618029,117955.0032008,56731.5236140852,75691.4343418177,40230.9901322665,107700.089491085,81665.2886388871,102084.180368963,77269.1787114669,88813.5514746578,72916.3115575271,32789.2898436248,146722.482766822,96615.0509174372,112835.110961216,75319.3730086755,109606.713072053,97969.4710716585,114567.844308921,115745.340862546,54970.1303741151,88358.5075431422,92705.5137917821,"Completed","Organic compounds","Benzenoids","Benzene and substituted derivatives","Benzoic acids and derivatives","Benzamides","Hippuric acids and derivatives","Hippuric acids",NA,NA,NA
"QLNWXBAGRTUKKI-UHFFFAOYSA-N","3-Acetamidophenol","12124","0",78035.0022603223,69130.1691105994,57572.4765635526,54549.8806871338,5415.26889943243,2834.30706590729,31414.3524124793,5929.07103151534,138657.779516543,102284.95559549,56083.1196327002,37481.2060864147,7568.90152723904,84294.2841598481,101376.040256814,9429.61320739432,47345.2247188357,8913.83679433061,14881.0953338529,86614.9228815144,31691.9049673383,59154.7968879299,46646.7132170618,126259.320104698,18219.7973608057,94733.5016659271,110090.975027957,141121.307572159,27591.3332139069,1724.65071727705,3236.80321231955,42261.0588082771,61811.900951467,42650.3553303067,67886.1804079446,51018.2629401111,26809.5996999325,110670.35479813,82446.7418010069,61665.8796458731,34434.2752877397,71649.6091697387,96269.1571890769,28056.1845765708,107760.270103371,2165.97865013896,2578.78357020289,168179.612272033,37147.9570390862,62599.6285434783,108910.156241095,101257.946837346,69091.1781575405,25795.9297593167,78953.4455316946,94368.1017341766,4163.15929914104,"Completed","Organic compounds","Benzenoids","Benzene and substituted derivatives","Anilides","Acetanilides",NA,NA,NA,NA,NA
"QMNXJNURJISYMS-UHFFFAOYSA-N","3-(Dimethylamino)propiophenone","77042","0",20086.1485320099,68079.280966295,50903.5548259239,84784.7592900681,105999.979063894,61052.2079377159,74082.9853251373,212149.242307498,12656.6554303731,8952.65773278438,21700.6353588508,14126.7405696395,46580.432014717,46538.9130877916,14561.1457027571,20550.0983949321,31096.9664505291,53610.8779416201,35169.0343548301,8672.53781713607,22491.599237727,68356.6657362816,52279.7585936541,24179.1736189629,66008.6876262717,76058.638695499,23193.5011388141,49699.8623792334,48897.6478867026,36304.8049724141,119141.504818038,90755.1151345368,98558.0717777725,17204.7759096638,41933.0101753486,41035.5712049266,85457.5276308612,50548.0093065069,48358.7736107832,152357.392227792,69088.4012900449,82355.9787271918,61376.1355080277,73380.0907518443,153062.762059189,89109.0424858002,10145.0242597352,36477.8974482214,102894.175035211,44123.9413505927,46624.0204828803,85715.7003640328,52793.4216728572,23039.9366528388,25222.5005796807,45442.624788652,124049.463820083,"Completed","Organic compounds","Organic oxygen compounds","Organooxygen compounds","Carbonyl compounds","Ketones","Aryl ketones","Phenylketones","Alkyl-phenylketones",NA,NA
"QOLYAJSZHIJCTO-VQVTYTSYSA-N","Thr-Pro","9834371","0",19511.9715435085,55921.8667103275,33256.9328112831,111423.074616793,47278.7218750612,77886.4147674204,354705.596448723,3920.80179756666,1341.71652165246,223091.180017166,67152.7590925976,164630.119648924,221051.831357973,24216.5543399661,11629.1692361465,75126.0037010859,63812.2462752232,273394.08472544,245016.778895614,298503.163247793,57852.3349118917,56779.2014078513,3016.78030757328,1693.39461420613,32036.0273765927,1649.7254650803,266682.932399023,261875.001616016,243492.459734219,56416.6773276952,47061.0604825249,57144.7462444266,116916.064424103,111647.670696183,74283.978634677,212250.66486488,47234.772574636,45411.7528212888,7188.31764867942,14589.7557082276,78338.6727326129,27610.5632834855,34907.3901870982,1298.65102945769,29224.7002985858,13513.936505855,469091.101863218,52720.968581554,58225.5408804845,94149.5760365808,75305.6103113279,114424.57590776,3751.83052324447,59496.4441334309,61397.1382357422,49272.1913913705,72901.3016009061,"Completed","Organic compounds","Organic acids and derivatives","Carboxylic acids and derivatives","Amino acids, peptides, and analogues","Peptides","Dipeptides",NA,NA,NA,NA
"QTDIEDOANJISNP-UHFFFAOYSA-N","C12-AE1S (TENTATIVE)","24761","0",21908.3794938998,2120.49625872086,2712.07192245053,2716.84148027008,4287.14964608776,2394.01444943792,2819.71349667504,16961.8969710055,10079.6860434247,2189.40360293908,3546.76936252147,6925.53893011586,1809.18768220615,1961.9164246029,11111.3950259552,5187.09690458268,3053.84125677475,2265.23245268468,3579.26804881052,2393.43400174736,11461.2600175368,2435.84966897048,4423.66132468242,2575.41845767553,2221.26848377049,7099.0631260179,2827.00201291015,6998.84970943983,1700.20995312637,2683.23878183697,2370.63369259588,2601.24738610668,2639.05801546606,1483.50000200278,5427.23790304399,2321.55658820051,4900.99033918586,4692.68762907168,3453.60512729849,6629.16171614656,1419.94477403638,4475.27346108348,3495.91267382965,6236.71834556771,10059.8622259312,2177.69367889572,4684.67492538735,18341.8002589962,3221.78152780766,1823.88807244128,5866.66017524316,4944.86304496157,2540.76437568312,2512.32151818828,2955.0526033302,3268.59419224581,3166.19220382042,"Completed","Organic compounds","Organic acids and derivatives","Organic sulfuric acids and derivatives","Sulfuric acid esters","Sulfuric acid monoesters",NA,NA,NA,NA,NA
"QVWAEZJXDYOKEH-UHFFFAOYSA-N","3-(3-HYDROXYPHENYL)PROPIONIC ACID","91","C11457",249524.188402033,2761383.89792938,2914394.55683311,837799.608749599,1182317.89726259,2102766.40263166,382929.659102344,1878952.10118336,1192807.68082134,1125013.28011122,4944653.16867454,1565533.19789362,225861.326252231,1360694.62971413,2633049.83900517,1017970.73620624,982228.825415102,232262.674680125,592694.314823527,3020778.9774497,1786367.69988053,1555466.82510997,1749825.18321894,3128205.81960474,3130737.53731131,732721.464530842,651404.040152288,1245362.36976546,1014981.14245094,1568177.37171626,6596362.37023637,1931163.76687629,5909047.90415303,6312799.59579522,472440.551608648,2347427.90624826,2043141.408224,1253106.62151173,3395493.27471692,2858126.48125288,2714749.23339383,3135750.08872093,2162926.34495353,4021438.96973262,1749060.39544436,2583877.15595015,793373.481497676,620487.736026329,4578163.64025119,2368283.13177788,2154771.38625048,925815.552699603,5475139.80540718,2514479.02608276,2671859.71896604,1964688.66125639,1896735.37668866,"Completed","Organic compounds","Phenylpropanoids and polyketides","Phenylpropanoic acids",NA,"Phenylpropanoic acids",NA,NA,NA,NA,NA
"QWXLTZQRYJBZQT-UHFFFAOYSA-N","3,4-Dihydro-3-oxo-2H-(1,4)-benzoxazin-2-ylacetic acid","234937","0",14038273.7286156,9541333.03183359,9046672.79449265,8260820.63367243,257787.849932823,567586.240302165,3944949.72386524,531730.270388716,13599296.9975807,13694256.3237209,9507377.7973327,9523558.18050089,1252150.10988207,9171452.6269141,10067164.9944836,1427302.31106217,9774476.08449544,2779550.88942787,2191952.01403652,11158528.6515174,9549982.74815067,9515857.12760751,6696338.1069619,2320409.86643515,8155476.66845093,9473172.69001456,15166171.9550874,11862102.0012023,5113790.52556164,14164.7542517345,321672.327111973,6152728.72293115,10027951.6440737,10613531.9150559,8320365.37210772,7707479.65876461,7708921.4353016,10380971.3777178,8594190.57670891,7885650.4788901,4477718.41573668,9561553.50200019,6050657.65925422,9540233.22111052,9379451.99235486,133290.993854705,200370.792041877,11714186.2016712,8692167.08962278,11041739.7501907,12335029.9614478,11951230.8826689,9264615.99961476,9006122.71925422,8959271.60204894,12637133.4129353,643104.032734812,"Completed","Organic compounds","Organoheterocyclic compounds","Benzothiazines",NA,"Benzothiazines",NA,NA,NA,NA,NA
"QZLYZQUYIQGGOQ-UHFFFAOYSA-N","6-Oxooctadecanoic acid","361939","0",120269.902953509,107595.274367091,40587.1132170672,191898.278671066,39751.0089072764,74640.0232471017,371500.779431646,75360.165451237,87027.1827928741,489529.837235829,51176.5730415636,140298.45085301,52241.3589095949,31504.7673079245,172626.31692525,120435.646006839,98780.7588606712,455514.85144085,982153.716335146,374090.547821149,177579.497749277,564584.713237009,88013.7640855293,176050.363764529,449149.880096642,79026.8244996125,262730.49861326,92203.1236579344,71398.9959056396,329494.452219203,73425.9375185266,66856.2335741752,181555.602786153,546550.531283316,125108.611398991,1015645.8065345,368331.103973891,403255.038222447,99481.6539887481,34997.6483959919,44746.6959028706,167612.022757769,145766.993907691,193929.048484197,65014.7238148575,72571.9998084119,415370.822782279,45964.9237657364,210427.517287267,148659.66880733,37280.1279724006,573223.887980428,106540.34199334,235411.682792299,81706.6896645534,31550.6422199357,57576.4931071206,"Completed","Organic compounds","Lipids and lipid-like molecules","Fatty Acyls","Fatty acids and conjugates","Long-chain fatty acids",NA,NA,NA,NA,NA
"RBNPOMFGQQGHHO-UHFFFAOYSA-N","GLYCERIC ACID","752","0",136177.241749655,131012.820491862,70785.422003921,179930.442286494,131299.146370553,675038.488231778,243183.940135479,136194.76712816,228519.162205196,462796.495474156,151586.105921597,462078.489668365,127732.05703861,121575.805384659,177663.746168675,238508.221228219,166975.021578873,372006.643811298,470039.222387646,334754.343732697,326030.937411213,158040.810821683,342084.603361794,424822.111987715,76392.4507967708,677801.875229999,164906.729909403,225619.970129895,433056.538488425,228757.886552676,909143.534212132,188694.829273574,326582.639276795,118296.987432432,302751.62171391,165534.533826616,141846.223074212,115294.749675843,27329.1237271363,40566.6849207128,81309.6593169499,100659.5480309,229351.087836527,296268.071945747,165844.397898857,70514.0597568075,94025.3526937249,310672.841592947,300740.91415343,94293.5921337294,82267.4217514366,220411.634575232,46754.8680201258,157254.000683288,183354.321408792,81964.5838803202,408549.446684733,"Completed","Organic compounds","Organic oxygen compounds","Organooxygen compounds","Carbohydrates and carbohydrate conjugates","Sugar acids and derivatives",NA,NA,NA,NA,NA
"RCFDOSNHHZGBOY-ACZMJKKPSA-N","Ile-Ala","7009576","0",27116.0438590193,220189.901283015,207519.763999395,364651.308117295,114925.241815513,131569.125877288,234264.400585126,217021.710695954,285640.492038588,487024.988111768,380375.112660232,550066.993142514,115177.853928602,261636.062109375,288499.07429073,129898.745540369,243251.191515226,147583.02269855,216130.071307998,514656.921929546,268157.874457136,347487.223098745,283329.545770221,224145.062419001,176094.826003148,129471.503120143,289438.902303307,333575.570981365,317659.694239495,315876.030777672,152352.867837363,177493.37523187,1426249.5816455,501930.778505766,145768.244448799,482515.071948114,29986.5363023228,112705.733735547,88506.840824559,72064.6873423215,319260.782891351,170447.291467676,210916.735650884,106852.141813383,190285.967423902,74937.422867767,134462.754946286,105728.360001051,356154.31286563,359083.197391348,308076.754284228,159357.846262654,111728.3373707,339975.913779038,505965.935839378,196599.692319198,161681.399623964,"Completed","Organic compounds","Organic acids and derivatives","Carboxylic acids and derivatives","Amino acids, peptides, and analogues","Peptides","Dipeptides",NA,NA,NA,NA
"RDHQFKQIGNGIED-UHFFFAOYSA-N","Acetyl-DL-carnitine","1","0",37522.2908847073,7691.54985321146,10408.5251989198,13273.2189242337,15281.427363287,9198.8976982388,21583.1041041998,139614.538935456,6705.65560280417,13569.046951692,17277.8552647267,6393.47093419477,14456.9282942724,21494.0467952381,22814.890193312,16876.1256293863,10623.9397326027,42289.2565364102,19141.0535723103,11648.0243623747,8316.11966639702,119604.943364643,35721.4332885281,23553.5885925034,17537.3458738927,12859.9479821798,58559.9011425506,12490.6100556325,10468.9701338511,6844.92501901679,27282.8027840411,5495.60387514245,28262.9511778024,22548.3615086736,11226.4364716406,2686.26388145051,79496.8123987058,14910.7313383545,15208.3307444815,10991.8725517663,22734.4751125355,24541.7415334604,10693.9752098039,5232.08230713893,14438.6595326227,15682.5300374584,0,8897.52433814505,9545.63193388945,13936.2145248376,16161.5127582111,10575.7987529199,17581.3141185516,7578.48136598514,10193.1604355514,13693.7391000256,7987.26845573898,"Completed","Organic compounds","Lipids and lipid-like molecules","Fatty Acyls","Fatty acid esters","Acyl carnitines",NA,NA,NA,NA,NA
"REYJJPSVUYRZGE-UHFFFAOYSA-N","n-Octadecylamine","15793","0",19681.9103012673,5901.74086028763,9747.84182465439,5564.35950183859,18275.2646952771,8325.79885826527,8486.54644320188,7591.69948403468,8789.63049516173,6809.47968411236,6617.30217744047,14537.8545122065,8361.12176779818,6040.10157310973,12274.4525570132,3937.86002222826,5930.25207320086,13165.6394485623,5810.91876310999,5523.22559743329,16143.5551354248,5181.06488861459,17680.1520974399,5827.48961880222,14961.2048326242,14293.5159539638,7201.59204621541,10272.7094583008,6980.43802995102,19233.5228983448,4853.95328783546,5330.54819561599,20004.4008295876,31120.7721881132,9816.61975022804,3342.46638060283,9312.04030764326,8787.1864577736,6805.0291819472,18655.3305746609,4440.40565609399,6805.00954477948,3381.14472380689,7093.40877267828,21116.329388003,15405.1519551633,4346.0165958508,15105.9597291916,9534.88580594844,11757.229526678,14504.6337297347,3255.09751480477,9495.98977490434,7239.2888048473,7889.47995830118,13957.7270737439,3768.7694945081,"Completed","Organic compounds","Organic nitrogen compounds","Organonitrogen compounds","Amines","Primary amines","Monoalkylamines",NA,NA,NA,NA
"RFMMMVDNIPUKGG-YFKPBYRVSA-N","N-ACETYL-GLUTAMIC ACID","70914","0",52104.3829987648,23043.7907838943,192398.06944493,69207.0915561756,132432.532133834,23980.8493241533,9351.81890297466,88948.5236503268,94765.0786971431,34715.6136296535,250391.427434009,55983.3329411832,86258.5908597676,136644.434483115,403.840209626143,55412.4288884574,80932.1123175548,33139.7025289563,50902.5200311031,54714.1872974986,66417.3966707345,3884.9748804388,121685.331068167,174859.492866537,58773.5172841278,125247.460593656,2125.62613658821,51684.245131736,24245.1294309983,61240.9124061072,88125.6494851133,8726.19367532858,24021.3303715288,28887.1926507058,2322.0510705619,38679.4917555893,62448.7125888727,1968.73885513456,147078.508073972,1600.65978173186,2863.15749318278,155505.518125783,220611.159404673,77955.6622098775,114416.348281054,95095.3415791804,32028.7355939533,117059.114230953,52213.1329236862,1961.89427776841,1473.60414152761,1043.0131738488,353245.97267292,139179.122586373,72968.1554995327,216005.356533965,2228.53747941081,"Completed","Organic compounds","Organic acids and derivatives","Carboxylic acids and derivatives","Amino acids, peptides, and analogues","Amino acids and derivatives","Alpha amino acids and derivatives","Glutamic acid and derivatives",NA,NA,NA
"RGHHSNMVTDWUBI-UHFFFAOYSA-N","4-HYDROXYBENZALDEHYDE","126","C00633",530791.746180413,143482.699487146,102180.539385128,1039046.60199762,756206.805449063,637147.114013706,820351.830473205,6551.30990950733,789439.312979701,8907.83841997945,393877.91763867,247022.356282333,788476.580028589,218872.328393142,612377.881585614,567212.512563795,717291.930952274,757794.008671694,705705.054601847,865627.148318744,4618.85386545731,9004.53041273318,398932.329947331,535493.643305212,20071.6858319695,779777.607390095,8002.23409175454,5786.05326631917,869712.308581851,295026.037479974,771138.33947909,984965.266055634,476790.277377198,519311.057736817,505197.083695208,4405.93106573698,589505.146825163,661007.723188155,37154.8173495466,5250.49563616418,260798.486045702,171016.634895726,341718.809417354,392609.855071708,6759.33919893534,210263.25476753,794672.28115618,756917.399597002,116575.531065256,7713.28378171532,22751.0780116878,5834.15068057951,4641.96777916155,662246.149366712,389386.355929865,731292.553836311,830211.56458162,"Completed","Organic compounds","Organic oxygen compounds","Organooxygen compounds","Carbonyl compounds","Aldehydes","Aryl-aldehydes","Benzaldehydes","Hydroxybenzaldehydes",NA,NA
"RGHNJXZEOKUKBD-SQOUGZDYSA-N","GLUCONIC ACID","10690","C00257",121781.615495691,399689.485930266,155256.203756381,556249.963111474,428606.748175801,1950461.95058812,1801622.53554609,252470.804720044,265510.189088329,1523337.26775222,103632.936415941,661469.654654677,112074.736068663,2218457.43374915,113508.161922326,587535.611425713,170373.996049762,193355.871397248,228037.688402232,356221.181621705,184432.836635074,1620600.61552843,375715.589498208,294293.978811135,246690.700440265,227689.00457171,128730.809702561,429575.632346268,670215.691591935,373500.64530657,5899680.29562955,147381.092852998,110570.736509072,179456.028242272,531412.248299365,184261.361139108,257211.331055675,121766.951283174,180531.674033791,73319.5327064454,148336.296532918,117221.578020762,151270.284768016,429127.523535667,96106.054414967,144372.109388739,347593.753473627,123673.892435368,116396.68019671,130905.89493647,90255.3558001978,2952833.04587568,60717.0633174918,120053.562539008,265158.826403421,100380.029704352,202365.695690063,"Completed","Organic compounds","Organic oxygen compounds","Organooxygen compounds","Carbohydrates and carbohydrate conjugates","Sugar acids and derivatives",NA,NA,NA,NA,NA
"RHGKLRLOHDJJDR-BYPYZUCNSA-N","L-Citrulline","9750","C00327",432514.374159049,366136.481145658,295290.114002344,293822.724119215,915672.265240503,475625.819722001,443230.564760847,840526.77256976,419813.601572454,308809.139708937,452559.876713607,239222.442913041,579694.53068681,303357.727649372,987224.862141278,479088.775137574,324301.017450731,1260905.27759993,616458.369070401,340585.846513247,88987.8159402953,292396.807463096,429506.914976804,1047213.27076894,111399.886705757,317565.970305698,236880.153434118,517815.961266025,412616.762128562,292783.038263467,303362.230746843,574741.882185273,59167.1710955113,332595.14527007,543368.456193062,569266.083927319,459473.481537418,338571.947008985,851427.11520048,269987.466624879,244255.189448728,554895.414303717,462606.768173066,384475.30374747,254547.730604114,371135.874756373,641385.425366707,585867.91450346,181133.662251466,740209.685558796,317627.412281893,544723.667993852,752705.627612776,565210.184376442,84205.3015005632,251858.796547548,561910.460225926,"Completed","Organic compounds","Organic acids and derivatives","Carboxylic acids and derivatives","Amino acids, peptides, and analogues","Amino acids and derivatives","Alpha amino acids and derivatives","Alpha amino acids","L-alpha-amino acids",NA,NA
"RJZVWDTYEWCUAR-JOCHJYFZSA-N","1-pentadecanoyl-2-hydroxy-sn-glycero-3-phosphocholine",NA,NA,13338.5783185351,8897.93511729966,10340.0262537618,16225.9261944869,14990.9975914336,18767.1450767857,13585.5416559247,90967.7817338706,11527.0154189962,10819.7895594079,19753.228944409,9044.50673647426,72537.8449649231,23117.4110092849,27098.9270562533,17798.2703972028,12265.0732799367,14649.1390887822,23428.7217858671,17951.7613216175,12260.7591057072,12976.277420838,8439.49587761418,21420.7095436615,13248.554738429,12222.7001872358,8387.37954634069,15927.9927315157,11686.9199302805,7461.03339846397,23636.4279724406,25035.1953187206,13852.9042764892,13038.4796715129,18740.1429348553,11199.1893188662,7784.00767721562,21005.05560513,25007.9472570851,12043.6294394175,21278.6942372139,17816.4236373401,15039.6608307465,5628.53484205596,14903.4541790314,15047.7609645137,7897.05272836348,13789.6727818347,3165.50225919589,10564.7451509474,11779.5768247992,11962.4366787619,38172.788330573,11196.8245181742,17365.1982586717,10896.8935406307,14365.7485752339,NA,NA,NA,NA,NA,NA,NA,NA,NA,NA,NA
"RLGQACBPNDBWTB-UHFFFAOYSA-N","Hexadecyltrimethylammonium cation","2681","D07664",28477069.0665706,20825255.0335933,20939809.3461361,15862452.9226322,26343947.8827061,20015646.5513969,19028258.2353939,26535766.3474579,21443589.788877,19413018.8131531,17712574.7395846,20918174.9932574,17759455.1532265,18264970.4828699,23421329.1258354,19973353.8072551,20502212.8380739,22641124.4848957,21768464.4402185,17162141.1536314,27055739.874933,20412490.5948985,22672706.1809935,17865732.0503774,25821687.5746473,23267630.3754496,19493155.4816049,21741345.7906811,16214170.9026723,29035734.2722855,18013138.8480719,15831390.5270895,26133471.8188448,27366684.1981778,21660438.9927257,19391023.4159427,23821531.5614996,20646259.340791,27034634.2087222,22926272.1572177,15599187.0811005,18210578.5316081,17217249.322474,17929673.1884095,29505834.3230472,28430645.3371528,20480577.2947304,23651093.1923372,17173014.0183791,21382236.4060929,22522389.8292669,18411429.1520001,22639518.0705306,17723536.549583,24244805.7140808,22356468.7835441,16297914.3360744,"Completed","Organic compounds","Organic nitrogen compounds","Organonitrogen compounds","Quaternary ammonium salts","Tetraalkylammonium salts",NA,NA,NA,NA,NA
"RNEMLJPSSOJRHX-UHFFFAOYSA-N","N-Formyltryptophan","582651","0",998917.583523928,1821948.40785711,1034446.76369801,2677361.60484177,851994.676803837,1132501.78175367,2057081.17300148,1209926.59259248,1182527.78804233,1296705.22772696,1815660.02700411,1502097.83074505,1839093.56553668,1023297.04245964,1687053.92479132,1907692.58750437,1509576.57934362,1408641.68856316,1304287.23222294,1663161.49701273,1481056.28832113,1697958.09254978,1216374.83992174,1549928.40049091,1546493.17714169,1107290.39290109,1200850.03649051,1592996.46599832,1927801.13349662,1097006.36942262,1540951.88854176,1874466.82859169,765961.056268896,1168586.14025053,1052142.17899146,2198339.8260451,1001333.28391589,1370780.08509651,695125.438644058,2055619.23485983,1449649.06051806,1935752.04566317,1345103.04636611,1567234.15609971,1343902.67675094,599638.071983283,2806491.11773164,1752059.10309825,2132567.55473313,1335491.62563295,2020254.81455908,1789612.64858698,2160873.86802409,2213905.50904592,970810.042983714,1571521.42680418,1741594.72748529,"Completed","Organic compounds","Organic acids and derivatives","Carboxylic acids and derivatives","Amino acids, peptides, and analogues","Amino acids and derivatives","Alpha amino acids and derivatives","N-formyl-alpha amino acids and derivatives","N-formyl-alpha amino acids",NA,NA
"RNQHMTFBUSSBJQ-UHFFFAOYSA-N","3-Isopropylmalic acid","36","0",45087.971807362,26267.2740780986,30010.3775474723,18693.9118574384,49029.456222236,35568.0394713879,36298.5219026272,60767.4759655419,29592.6045757834,21314.1154882818,18360.7526540553,32342.3730976668,34897.7338861594,22619.9426662983,29264.1240630227,35523.7872714052,35800.8926900762,40260.0590338311,46012.0391232885,26711.033512124,36664.2140679386,31925.8301503629,34070.2654413343,40152.5970602644,44053.6594298125,38008.2226343561,35329.2651116679,24346.9900098874,26534.4724920329,43863.4819429245,27794.6080537069,26315.4205191906,40024.1329603079,33995.3465913494,33176.2346924068,24170.652735609,43695.0224476208,25156.1227683187,36024.8430465225,27202.1558681493,24888.7723347542,21859.4096779539,20900.0884969461,37197.8362495074,27836.4719079303,42692.1681293615,51908.9083158107,31575.2305032256,17952.5162056074,25683.1864829433,19879.4773865227,24639.1757319578,25313.7570182281,28858.1747282628,32566.3271047843,27961.3627221073,30268.3592412286,"Completed","Organic compounds","Lipids and lipid-like molecules","Fatty Acyls","Fatty acids and conjugates","Hydroxy fatty acids",NA,NA,NA,NA,NA
"ROHFNLRQFUQHCH-YFKPBYRVSA-N","Leucine","6106","C00123",60411.2398485737,22600.3752269459,34587.1066753458,47550.888539322,117509.704459105,39309.9134904633,35204.7449073276,7307.89916857709,91454.7388489658,25445.9362546548,32526.6369949974,68000.153488375,27218.1154261155,63603.8999215663,18023.2854845197,40447.4811281798,50768.7752390268,14125.1322327889,18417.6343570111,29820.1723197195,50382.9286793439,44795.5322335001,50127.7048982129,83069.7804826176,15592.8451143673,114699.616707852,10471.6780186029,120700.312164225,64583.4229046322,19454.4909169816,46034.3984492456,60187.3132216921,5420.34071440036,8030.32037447757,30608.764068696,28718.766153925,14199.7325993516,57266.3988464136,20685.3904377246,59011.7046447536,99193.7531328137,46526.9044684214,52579.8569828574,66956.1052491132,48470.0709574387,28328.2412037104,15190.6253631362,82598.8049739427,34789.0447666154,32180.0179181277,89473.5480983674,37033.744401299,185573.325184347,65618.6741119365,18781.5730095283,73028.7062704506,27864.6825300929,"Completed","Organic compounds","Organic acids and derivatives","Carboxylic acids and derivatives","Amino acids, peptides, and analogues","Amino acids and derivatives","Alpha amino acids and derivatives","Leucine and derivatives",NA,NA,NA
"RQNSKRXMANOPQY-BQBZGAKWSA-N","gamma-Glutamylmethionine","7009567","0",45447.2898453239,59297.5706527122,64663.00153563,168050.643539,28412.0021151169,82202.2635622832,130378.730748033,89036.203829053,104949.999125764,77305.8508528673,72982.2314045136,96856.0825425287,111468.834612215,54789.7519566945,92642.0588753632,79987.0853579716,72988.7293799053,91487.653548224,112949.90640938,136076.928898193,60267.3626814834,80650.7257184797,98486.4201630987,100772.933464914,32312.81161861,115491.538711872,116753.73762449,67537.7835295203,93592.0888524278,45827.7796763415,59425.1096947614,138440.891339338,83799.8370156555,56064.4320756889,63561.5441749513,71528.0321409472,48128.2507061766,108822.548068512,35262.8167308566,87099.229183702,69569.1003630161,57331.3188824089,63474.835571636,50367.4350498767,63382.0215018144,24187.6293731263,39003.9286585969,72297.6577440746,45583.2218084213,57613.0711797076,86081.0611064962,85344.6016282821,79921.6320889471,127014.237449971,52992.2272946326,80175.0124336494,102185.840565653,"Completed","Organic compounds","Organic acids and derivatives","Carboxylic acids and derivatives","Amino acids, peptides, and analogues","Peptides","Dipeptides",NA,NA,NA,NA
"RRVPPYNAZJRZFR-VYOBOKEXSA-N","1-Oleoyl-2-palmitoyl-sn-glycero-3-phosphocholine","24778933","0",32322.3756117898,25977.3031526843,28881.1439576437,22801.6027464695,30559.4108952871,28698.768825447,25736.6029204821,37305.0069909696,27506.0311815849,27238.937357195,21513.4009612734,23508.7934905372,26300.7244485929,25876.4811983217,29257.5986922445,25970.9853246415,30615.8263227939,30049.5447878191,29503.670644233,22161.0693208955,32532.0586774714,27220.0869344174,26387.7129885465,23973.9174761873,31510.8508265312,29682.3315013428,27843.5045483963,29670.2584354318,21159.7690741157,33671.0393418809,25260.6505722054,19712.8999070809,32323.443311808,30358.8043517795,28116.5936634659,21245.3371035076,32942.9198308876,9601.71106759736,33432.6482824556,23926.0877270495,23361.9038837689,20490.6124660564,23765.1673675394,23247.0309809374,33250.232004713,34960.3067569737,28638.7315925475,35023.9192823275,20016.1984512733,27391.8002919719,25966.7192099711,26173.3744520877,28744.4539485779,27773.8850061104,31980.9961753795,28145.8065878754,1020780.76976827,"Completed","Organic compounds","Lipids and lipid-like molecules","Glycerophospholipids","Glycerophosphocholines","Phosphatidylcholines",NA,NA,NA,NA,NA
"RSIYBPVKRVHPQK-BQBZGAKWSA-N","L-Alanyl-L-norleucine","1549452","0",31153.2929825628,239138.153924158,211818.625218904,405254.629817556,213070.989657982,142070.205197745,387145.437608357,321502.252685578,206396.01087535,565940.593133045,349568.307073262,469197.851378953,119848.15181873,149986.430145222,250155.070881897,148169.286489199,196883.454549741,154261.570135464,184690.179965222,447179.328858528,167488.92979908,272338.167014532,267017.031024638,309851.103461961,185584.866204316,104477.973815283,370258.745493664,347679.01095195,352293.665528264,299211.145774189,145545.710537803,159661.359818302,1455452.56770469,521376.764532028,141460.116729973,446805.156899006,40537.6583961592,219020.371345357,89306.6457480661,84176.4691544939,390722.819372713,171754.398818364,199229.335832869,95908.7788369458,203259.382851567,66572.0732993166,322249.356617387,114160.405816828,255037.086843522,449828.128239174,282362.732266869,189804.119804743,89684.7966660893,206531.834726379,419502.240906643,180012.278094128,205083.035415558,"Completed","Organic compounds","Organic acids and derivatives","Carboxylic acids and derivatives","Amino acids, peptides, and analogues","Peptides","Dipeptides",NA,NA,NA,NA
"RUPBZQFQVRMKDG-UHFFFAOYSA-M","N-Decyl-N,N-dimethyl-1-decanaminium cation","23558","C15436",2525.52647016327,3005.83762443081,2706.81315543503,3153.27809944496,7502.96043017154,3091.18802521986,4019.79225516956,4273.66335081801,3262.36285443289,4778.34991745267,6336.45058107446,4658.13734504349,7053.65461777391,2938.00182428008,3814.62466051499,3062.45543271708,1593.13381962652,2885.26684743134,3540.71127740566,5816.3434014316,4382.39376995608,5453.46346660408,3408.97771875342,3546.46917995713,3498.15350481011,4375.44876949576,1945.61250020556,6211.57467245206,4730.94211092258,2744.48278117381,2986.44203910656,3898.31504917955,3916.04774979204,7535.74199223884,2922.76483194811,147328.918563648,2658.60012577295,4398.61552188459,41284.9136769548,4963.15049698101,133460.583985259,4438.08542326437,58588.4197572317,1635.82135393517,6281.33333518689,3017.82019343269,201021.776998457,2066.39582446122,2297.36863767539,1654.93809637798,4080.18031146588,44773.9316795435,3865.44543368075,2476.7129464157,5073.34081306467,3391.0733149077,2703.86130602837,"Completed","Organic compounds","Organic nitrogen compounds","Organonitrogen compounds","Quaternary ammonium salts","Tetraalkylammonium salts",NA,NA,NA,NA,NA
"RWKUXQNLWDTSLO-GWQJGLRPSA-N","Palmitoyl sphingomyelin","9939941","0",4818.77636964588,3260.42252428635,3076.92842362717,2180.89040855332,4292.16172711313,4235.07692730605,3269.12541920775,8481.70423175782,4636.68007989227,3901.31745551987,4927.13221012072,3524.32836659552,3791.74484307519,2322.40283048962,5249.92272513986,4084.89683314727,7602.24258834691,3555.92064704771,4355.36823798147,3425.38829091049,4527.90767487992,3621.3633533522,5352.19617505174,3218.95176952827,5083.01171610509,4056.34573834331,5894.40000062275,3914.79693642258,4157.39234529103,3601.56378260351,3688.7287059545,2330.28609367815,3129.62832462888,675.851299752362,6110.269002985,33805.8862102977,5106.48064024828,7807.38275111341,4896.46459023363,3399.32983565725,2505.14864555036,4450.40887408794,3400.40053119073,3712.65068822528,3828.85098902023,4171.33962220833,4857.80262172506,4046.4777507351,2599.79538115822,5323.26640884974,4777.18026031657,5068.4650918991,3876.55303550168,2909.59552444072,4991.10907331803,3354.38000581943,587126.389227988,"Completed","Organic compounds","Lipids and lipid-like molecules","Sphingolipids","Phosphosphingolipids","Phosphosphingolipids",NA,NA,NA,NA,NA
"RWQNBRDOKXIBIV-UHFFFAOYSA-N","THYMINE","1135","C00178",579389.599618797,570259.185182719,459354.811172819,658148.245772647,1283132.6227057,806150.025477019,727916.925132104,879091.52130746,16830.5701426688,413665.192969524,491008.105482282,697847.335492286,751053.788694622,412572.971737999,703436.777412397,733707.030628234,560308.279518025,603842.048300904,717265.091909486,490610.907493838,685964.181282548,606577.931800246,14415.484649569,17954.9969996176,409325.923542133,16801.116064909,534528.46679459,579701.977722364,692197.608836862,725845.036615255,753866.414780256,608325.896034959,101100.679622435,268831.77854475,705710.211173107,623283.234249725,582421.603675303,529393.701203307,527462.274403759,745210.079233945,644064.171392851,579039.212544952,617007.892310455,9340.70719958297,675205.335832665,472404.62960681,406690.070367408,769212.066752761,618603.209502949,497730.053963155,603582.691913823,660631.18732185,784147.1354416,427935.362983851,503734.534997511,634450.074829241,589176.87742386,"Completed","Organic compounds","Organoheterocyclic compounds","Diazines","Pyrimidines and pyrimidine derivatives","Hydroxypyrimidines",NA,NA,NA,NA,NA
"RYUZWZOTJULRNS-UHFFFAOYSA-N","N-Cyclohexyl-N'-(tetrahydro-2-furanylmethyl)urea","2886315","0",148411.89570524,124754.315623152,125526.526645331,81078.0072569041,150725.015985545,130223.139980317,128912.225850033,181105.71265074,128480.848829235,114504.176629881,95450.7464478266,107833.023377735,129660.012464226,111910.149008212,140318.860465847,130841.339136194,154528.266250474,133849.734708409,147279.146468198,88144.1024261781,151906.815813486,145768.387427988,134635.400135076,119246.679608513,139565.456560294,123588.69979208,144814.690924391,115016.360363544,96912.1978254401,170181.378417618,106328.959288784,86223.5864784466,133707.35165376,144264.820263108,165922.456945856,142284.492050323,150465.158613216,111259.313352182,152096.682109087,109047.480320011,122957.773404205,101265.081670889,113335.305941388,172383.199809714,166320.819169538,159512.400546819,131591.940746897,135990.629233377,93479.0317977479,132719.169204404,108241.407727359,107687.141707508,150802.861012735,111815.565154223,142017.789835486,137333.882590126,109581.337805269,"Completed","Organic compounds","Organoheterocyclic compounds","Tetrahydrofurans",NA,"Tetrahydrofurans",NA,NA,NA,NA,NA
"RYYVLZVUVIJVGH-UHFFFAOYSA-N","Caffeine","2519","C07481",848.258636574148,8780.28603479066,5274.41877716197,8225.09657769875,4761.67072587998,12982.9897059234,4792.42516902848,9669.74436351113,1062.1428488714,7846.43560309911,488.327550438189,5996.20504021949,4140.46282175155,2868.46880540315,520.412641270803,7350.8667922357,4706.25901665853,41074.4662649849,27262.7998357793,358.728475242119,5394.92802505108,26288.6595387114,16290.2602916336,17027.3356702521,28356.6605205553,8768.14635148625,10845.821592055,12409.6572027584,17314.4552777712,77427.759829765,79783.9022459334,18630.2847000051,32206.5121436351,8554.96935557506,12499.0990776217,9047.26175815399,19503.5510887862,39204.9322849477,1829.65407250467,28553.0812503066,29223.3854758732,11612.7984927512,25293.3782626383,11991.7798864352,48477.9615184481,34938.9699814125,743.154030338202,52937.1357954217,18675.2352003482,32980.6241866956,13092.12121719,33007.5852125168,2031.68135124495,4113.68574147225,11628.0447059131,10284.3191305737,46388.8632250283,"Completed","Organic compounds","Organoheterocyclic compounds","Imidazopyrimidines","Purines and purine derivatives","Xanthines",NA,NA,NA,NA,NA
"SAOKZLXYCUGLFA-UHFFFAOYSA-N","Bis(2-ethylhexyl) adipate","7641","C14240",128645.287869912,75495.9948480715,100663.619196388,66685.992399373,101246.34394435,79295.6928208572,87643.6957625696,108542.299448127,78773.8759468798,74285.9737326771,68430.7987217674,77271.2456388216,71300.662058663,74733.1615820111,100273.107720058,92209.6080130825,113209.643499557,126176.962606955,96118.2380105413,58271.6490175363,101215.834417395,130906.189207118,95713.3717420564,84550.3597173322,118017.595333327,90888.784371521,76541.3795535413,83472.7698840391,68403.4006514014,117790.022734479,80564.0018814784,65207.4969561954,85918.0417750772,97256.0921171065,80554.1205865945,79557.782678973,93063.6223428495,63731.0718536208,98973.8530843701,91127.0901974918,66764.083644064,71586.9258341615,64282.0118950427,87813.3271893167,89965.9880443938,140776.044507168,88796.2636972098,87829.5291376543,59868.2139205244,85127.8346732367,73672.802030443,74618.861905645,84752.0116756163,79901.9694019491,91408.3251966315,92429.4263347687,65025.2135655646,"Completed","Organic compounds","Lipids and lipid-like molecules","Fatty Acyls","Fatty acid esters","Fatty acid esters",NA,NA,NA,NA,NA
"SDRDMLFVFFTPAW-UHFFFAOYSA-N","2-Methyl-N-(4-Methylphenyl)alanine","17605967","0",18345.9991958608,172856.396644722,128359.289474121,252728.553976207,171579.710314634,127939.34438294,185844.479571859,290826.482287096,11887.9377462826,22711.1681431517,51363.7930038621,23318.3828224009,107310.52402725,97469.5316478503,7980.00744124649,40991.1363738183,65863.6263693657,137216.43917493,65855.1987590125,7941.44748041935,48783.5366257148,170584.117559103,109732.666164669,22138.213625364,139379.143160925,180503.073153154,43742.267050076,120589.652926796,146668.483449515,73247.8617544034,298647.158833518,207349.696898941,329140.603494816,23961.1087417043,86877.0316290083,68579.4107090279,254951.802758924,112414.440741675,78647.0383227282,414908.882398296,162471.173385881,197714.980323312,131401.629587285,128365.14760146,290535.086637678,200248.305738506,9150.14184054023,50160.7054037289,213121.047229029,87994.4419066821,114080.286448939,185192.264777313,124084.0297235,69119.8099585163,42673.5058711315,98600.0178131129,231906.838669581,"Completed","Organic compounds","Organic acids and derivatives","Carboxylic acids and derivatives","Amino acids, peptides, and analogues","Amino acids and derivatives","Alpha amino acids and derivatives","Alpha amino acids",NA,NA,NA
"SGMZJAMFUVOLNK-UHFFFAOYSA-M","Choline chloride","6209","0",1582619.62257265,1286630.61739002,2237896.99742612,780735.916420787,1520423.96247122,1438590.12490407,1722326.74127144,5394473.2621811,1185149.86531356,659864.5562195,1161522.92314019,996270.159834898,2722612.46473547,2150623.82512145,3251305.03779669,1575617.25319665,958833.417880584,1429509.2102948,3620478.83118392,1477454.32644701,2340796.09278261,1647477.58349406,1394403.39056167,3903290.02823024,1543704.44773447,954689.190492875,1171013.82285099,1657281.33403703,2580565.71286172,566324.738300308,948573.577542657,1775895.57677849,1075321.95019846,862340.47500887,1798313.7274489,1974047.7286523,7007437.7727036,1962982.39421491,5886116.18575956,854975.200123283,1199606.36579523,1250771.10602916,3482010.14393931,1576748.10764292,5104631.82508822,1247563.93415843,1899110.22688089,1854737.70536335,777509.989432795,239198.633521331,617865.925441463,1679202.65422509,1896124.17862242,1123653.86753325,881780.479418014,756763.825895085,1530138.69645593,"Completed","Organic compounds","Organic nitrogen compounds","Organonitrogen compounds","Quaternary ammonium salts","Cholines",NA,NA,NA,NA,NA
"SMQUZDBALVYZAC-UHFFFAOYSA-N","2-Hydroxybenzenemethanol","6998","C06202",25300.1800606041,7665.51276118078,6401.33690717982,50111.3945524515,35217.7666825632,26746.4919438186,37449.2976739626,31796.8209255679,38045.9005989381,3564.15398873735,19666.3589311186,14936.8514122558,34782.5909428578,10869.4015108424,30810.5100137966,25959.3002800651,34147.2348612774,34899.7488945605,34353.2490605139,38822.7714702646,17350.1079304183,10551.0513716412,19621.3474215609,25715.9174357435,3436.04903835394,35896.6953362486,32271.6306852277,53435.1100394096,40091.9720731829,15181.2751848983,36750.3756336097,44496.0101879793,23307.1331384725,25176.550998517,23347.0327190791,4826.73393820925,31244.5449997104,30181.2414841872,2926.37654286566,1248.84618183453,1657.61749605319,9747.02803806154,16922.3536345023,20256.3603677675,14812.1766774111,12994.0963167513,36049.9115115367,34190.5791462569,7853.88436374693,26177.1019820617,2590.84044732146,1776.01706057334,25077.9355656901,29986.0104048354,19336.3764839028,35008.4746459678,38708.7270880268,"Completed","Organic compounds","Organic oxygen compounds","Organooxygen compounds","Carbonyl compounds","Aldehydes","Aryl-aldehydes","Benzaldehydes","Hydroxybenzaldehydes",NA,NA
"SNFOUMUDOQSPKF-ZDUSSCGKSA-N","N-(4-Methylpentanoyl)phenylalanine","28777137","0",2368867.86905937,2286797.58815676,1791727.81556422,2772691.67685688,3097333.68419519,2348536.7599914,3455627.49166325,1084750.39550028,2407843.16817317,2408640.70884529,1904821.60957601,2970101.4874069,3559481.25617769,1689691.15390076,1693305.45740761,2442459.81635617,2242676.69383764,2954325.4106381,2619502.91761634,2334623.909133,2635873.14091685,2030849.65667381,2638348.30983275,2663669.84334711,1546971.10994078,3330975.87961433,1890676.85060134,3042502.1707285,3023920.14957308,1859686.42554572,2134328.68109119,2632833.25970247,1138189.37576252,1573229.63448755,2580851.94203399,2599200.16690073,2160137.11379553,2518171.30378636,1179385.58213872,2694610.37727339,2203318.39165888,2150520.03635697,1978257.89910623,2729147.07244704,1875370.00456873,1459160.20011894,4140718.9018933,3164231.68835463,1956416.25467926,2210847.0083134,2391455.91195084,2635988.35822268,2590116.77680459,2277611.17612564,1645062.33974812,2362657.28246542,2638879.8735818,"Completed","Organic compounds","Organic acids and derivatives","Carboxylic acids and derivatives","Amino acids, peptides, and analogues","Amino acids and derivatives","Alpha amino acids and derivatives","Phenylalanine and derivatives",NA,NA,NA
"SPAJGBOXQITFMS-UHFFFAOYSA-N","2-Cyanoamino-4,6-dihydroxypyrimidine","246750","0",6583082.95205151,6488643.88632462,3955982.76142738,6354988.02881231,7947524.5365518,7354777.86833822,6731560.11747973,3549725.36294335,4411678.89647648,5210448.54560565,4490156.68835498,6330168.69850788,6007396.1404044,5402545.60773254,6973786.21529415,7916485.76309488,5661691.33014669,8378793.65201845,8531154.77187149,5226331.42446039,6612037.45233969,5041558.85974774,3853505.28068881,4045392.10198124,6086143.74834722,5127128.93330547,7672698.22433059,5933984.09224199,7646530.72579349,6935823.55117677,6939328.7460362,6213090.43517495,5600062.14552786,5731790.86591993,5662212.814526,4647061.60384642,3570132.32530287,5707463.28005985,4501821.29791064,7412108.58327384,5123898.98490872,4700354.65809098,4634111.62653768,4872962.32081191,6458421.9618352,4813968.25346527,11539912.6731774,8611061.85756969,6581803.47501675,5654634.77380252,5106660.87515886,6278931.17332531,5634359.34140691,4222267.80905086,6120978.58414209,6106966.93082457,8731096.00352814,"Completed","Organic compounds","Organoheterocyclic compounds","Diazines","Pyrimidines and pyrimidine derivatives","Hydroxypyrimidines",NA,NA,NA,NA,NA
"SPJFYYJXNPEZDW-FTJOPAKQSA-N","1-Linoleoyl-sn-glycero-3-phosphorylcholine","11005824","0",2771.91929652066,4830.36274006221,3902.23023061082,4926.25652626653,5660.51069173438,3055.34816405789,4256.64387771222,8357.29496594706,4173.57454825726,4472.76369378271,5141.35534969119,4224.52032351492,3551.15647018996,3423.80584950026,4793.00042610409,6469.61968043635,5031.971454674,3726.10324728425,3948.03975769356,4010.77181226759,5069.94697072119,3934.40204176754,3929.93425440862,4022.12798038922,8375.74275494479,4052.51266890004,3816.91704585781,5520.36185175814,4135.462501311,3988.42253248894,7040.59620565095,4624.56003909598,4992.50232738417,2555.15394616054,5575.47427382171,4340.31081582174,2305.29778347754,1419.93920210308,3548.29843154598,4276.10090136999,2864.07078105939,4838.18679333651,4965.37251311326,2331.43187964967,4938.59324556185,4954.13257560868,17203.5993399213,3644.70710560117,3308.27224469794,4594.24547804748,4911.39671793058,4381.21558791278,3296.93817684631,3852.56819440705,3228.48960831388,4578.50956734758,4124.34828018932,"Completed","Organic compounds","Lipids and lipid-like molecules","Glycerophospholipids","Glycerophosphocholines","Lysophosphatidylcholines","1-acyl-sn-glycero-3-phosphocholines",NA,NA,NA,NA
"SQVRNKJHWKZAKO-LUWBGTNYSA-N","N-Acetylneuraminic acid","439197","C00270",47982.5577546089,98282.0149772631,405496.131761815,175920.327917527,82878.9634901364,1045122.2157808,46241.2497121853,1051905.01462637,182987.572758206,237125.980881792,290040.004309526,18328.9552708857,90685.6846542821,983913.008305516,146561.721283218,588719.845620162,22235.9819991191,172167.472605129,1630009.77897498,398627.767939818,16259.5820699427,23594.9477058791,237970.659130259,697021.051650234,44463.3400768417,688579.543794044,979480.824519774,44055.5799696552,256589.282099897,390596.36334559,1551191.99699072,50104.102154678,125837.239384169,236492.557410182,404352.359226354,1993305.28122905,305403.964744859,127762.079241728,74200.5984184981,193407.193051752,1887936.6128052,169864.378420759,364916.372941498,247159.902607222,431469.628818609,58822.4610575598,1557458.06563126,182076.737488756,10573.5484756427,229865.798112679,60572.2580256432,475061.922701265,18115.7737253304,14069.0005018544,695684.249832296,55508.9676792531,201809.147025862,"Completed","Organic compounds","Organic oxygen compounds","Organooxygen compounds","Carbohydrates and carbohydrate conjugates","Sugar acids and derivatives","Sugar amino acids and derivatives","Pyranoid amino acids and derivatives","Neuraminic acids and derivatives","N-acylneuraminic acids and derivatives","N-acylneuraminic acids"
"SRBFZHDQGSBBOR-LECHCGJUSA-N",".alpha.-D-Xylopyranose","6027","C01394",208265.602059006,119142.687287723,108044.083316163,141087.356430695,98540.6979337454,391743.916684023,326294.322257804,61670.9220154443,245628.488326898,226250.435133474,122052.482856654,57057.6666954864,221144.298246909,150130.034319645,43598.7623592906,133666.25155576,179701.141021906,335226.385279921,344663.715318568,185426.971467507,46665.7336937058,130424.636837467,209600.339480605,168179.383548969,39540.1777648592,259412.942916102,174583.378143513,206324.84709236,270138.904458867,319418.506888913,161239.845107258,156629.972448044,247970.315901122,236801.125410599,416767.631459955,208209.782297768,642132.221630789,329580.818056755,181834.366835637,49691.6787132122,22783.8455462375,112273.862727913,222229.921110872,202562.948893976,145345.019826346,109415.765248426,520009.978524195,261211.378459928,231298.828530848,225648.589899466,43489.6046200733,294956.098036637,26447.6759232165,184212.302887152,117218.802657187,37612.3317030462,238407.699538258,"Completed","Organic compounds","Organic oxygen compounds","Organooxygen compounds","Carbohydrates and carbohydrate conjugates","Monosaccharides","Pentoses",NA,NA,NA,NA
"SRRQPVVYXBTRQK-XMMPIXPASA-N","1-Heptadecanoyl-sn-glycero-3-phosphocholine","24779463","0",8392.75564779868,4386.76783879876,11939.8080697087,10543.9323244726,17839.0460656159,11207.921026707,7940.25963636962,25611.9031395472,8367.77322950231,7143.58728865819,14319.2144237298,10773.7818043667,29959.1094445257,25199.6931479195,15642.5631713178,10408.4534563793,6398.82084367925,21173.1786386395,13553.5448898014,6046.40679410469,15311.7006456103,3731.20148963828,10799.4795624367,11256.9608042222,17502.7106906767,9201.28319857607,12689.914774068,7085.45034065667,9354.76536855809,9446.12678171451,7249.41075455945,6538.45566851419,32316.5650077979,8266.097429068,42262.6053364632,8871.23283377821,9780.16591118468,29521.0382410228,12283.2916680431,7723.32159355776,12937.6360601044,9024.05225641166,9628.77895588911,6316.87100933162,17038.8673090433,8996.11799597743,12055.1985045896,12478.5235665127,7543.01423402474,11533.0707363205,12418.2620368934,6164.70275179033,13431.1101654618,9010.72412414007,12507.5667918989,10269.0302517869,9935.18206058903,"Completed","Organic compounds","Lipids and lipid-like molecules","Glycerophospholipids","Glycerophosphocholines","Lysophosphatidylcholines","1-acyl-sn-glycero-3-phosphocholines",NA,NA,NA,NA
"SUHOQUVVVLNYQR-QMMMGPOBSA-N","SN-GLYCERO-3-PHOSPHOCHOLINE","71920","0",2250.90113245243,3352.03451476467,4996.0037097458,4841.62748441348,16734.7241663159,5438.69893132885,7125.60466044668,62026.9053827937,3409.54416711852,2442.65254786858,12967.2471295115,3420.46800215754,75918.697305992,12345.3557248702,4606.69270052915,2116.94057574784,17630.7571272441,5402.17793514017,21288.2726803099,3513.15321478208,1970.50079584356,3208.37196091652,4222.27685402872,5540.13101891642,4811.90183369065,4313.16139104258,8362.26136451985,1801.71990499194,13564.4519571861,20777.0502337463,2413.18700389547,14299.073618613,11421.4238088929,10485.5058908354,4805.71009108965,2957.0776112594,5549.37036219717,11720.2055684843,7281.16723005514,9459.36514278939,13091.0684233754,5790.37876030493,11912.3426588175,2459.64244713431,2661.45978408684,6857.10624597035,6885.5118128471,2136.26898013669,2536.85377464656,6057.33596105644,7383.75643025484,16103.6751980273,11557.9645856609,2786.41050223721,13434.7594516509,6529.37050054065,22322.8522496683,"Completed","Organic compounds","Lipids and lipid-like molecules","Glycerophospholipids","Glycerophosphocholines","Glycerophosphocholines",NA,NA,NA,NA,NA
"SUQFMFHTLHMZNM-SLBLICBISA-N","Deoxykhivorin",NA,NA,389589.407238067,479654.345052458,1227273.50396103,35820.9345451441,3649408.49957635,196351.666030946,641434.305813854,375314.045120494,900383.086545178,319881.547213245,178633.422863401,240617.633808658,1342683.16047034,81937.7094445799,1815073.35289337,840654.240694844,310219.954472525,396740.426046174,203528.840095103,43774.2469325733,454794.008912443,451173.325371445,1405672.23678924,502909.676848596,4095221.06805309,1847668.83775114,401939.052315193,1143985.24038981,196636.47641355,2219938.78786113,1309753.79895426,790204.815986029,5116215.50331115,3353823.77831903,909990.975633345,646803.17954541,72352.5343198608,923374.135681185,574456.542642949,1025342.31734058,649282.836832836,1880399.2123806,424931.03049865,222963.632624609,487865.034943199,7182180.02293558,38780.0539642113,857514.192841534,152284.146632679,1236107.49383784,302442.439956666,356175.459307127,391676.255409341,257337.848883921,286454.861289605,517409.293677951,128784.420400619,NA,NA,NA,NA,NA,NA,NA,NA,NA,NA,NA
"SWXVUIWOUIDPGS-UHFFFAOYSA-N","4-Hydroxy-4-methyl-2-pentanone","31256","0",591940.799180047,656905.224229914,811587.655270021,663022.843236112,706932.467397551,669598.117192471,476280.916574199,1120407.97373509,638279.417548615,411430.086721038,663648.948620121,567036.911188643,466359.385456898,718302.971099368,560809.152136808,691890.964439681,636375.818543955,566306.114356857,409085.295921722,388145.914385252,693332.528022333,688565.390945196,613998.361357126,739893.957207216,410076.986326762,653932.187963288,341588.434126999,680684.798391933,473806.087566071,604522.15527132,597241.129055521,754916.66195636,253792.222215372,181431.19133578,622041.757940909,732577.178914766,540826.393027254,602472.441726795,557358.371836736,701333.964549269,655643.886893448,718214.821815036,733522.849104034,1052470.54623852,805371.42228992,471129.339875314,355829.183313267,730019.317301168,1124559.26161012,615566.291152947,759755.861908025,619578.771916492,795754.653142733,749309.332559436,435651.839534277,740170.296118501,661048.385109839,"Completed","Organic compounds","Organic oxygen compounds","Organooxygen compounds","Carbonyl compounds","Ketones","Beta-hydroxy ketones",NA,NA,NA,NA
"SYELZBGXAIXKHU-UHFFFAOYSA-N","Lauryldimethylamine Oxide","15433","0",62383.5837233623,58929.6539593655,55235.560696316,53653.119954002,70046.3804297181,55253.1192913694,51075.9063450863,82857.938164756,52975.8979609204,61298.5592267036,47760.7959477793,47379.3672505334,53990.0132515533,48218.8308238583,58227.9296065076,57050.2826365751,65884.1976812404,59539.2783906495,68246.1379549407,46476.2136665229,68540.6870667481,60715.2265948588,55994.2292711801,47548.9241009803,71003.319909343,54621.2395666357,62346.4670520416,63997.3816252985,44513.366001772,70693.5519613888,53124.588185756,39199.9736344461,60563.4668095765,70806.3244764753,60981.4840673756,64842.1812376652,70122.9441811608,52232.7603212208,74880.7328635373,48699.4752234853,50714.875788338,44015.2585248775,49032.2877110179,50098.5065683223,73307.8439986879,64721.1080193852,34890.2950731634,61757.5941530424,44223.3867995422,53418.4533561811,53878.188609232,56921.2534150843,111933.323113395,45964.4957848813,66974.7726127809,52105.5181639305,48729.8330711198,"Completed","Organic compounds","Organic nitrogen compounds","Organonitrogen compounds","Aminoxides","Long-chain alkyl amine oxides",NA,NA,NA,NA,NA
"SYEOWUNSTUDKGM-UHFFFAOYSA-N","3-METHYLADIPIC ACID","12292","0",76206.9180592174,72439.5038430084,59952.6515724165,58750.1563521917,456376.863777516,172295.453849814,75073.1087266184,774847.4923753,104454.312423747,72395.9775664415,86409.7751688321,84679.6187419999,134087.938983361,98436.4317205273,94794.1814513108,185440.06373969,93225.5031944809,50822.738497803,70562.7129622646,51621.1780362474,111434.874464949,82893.959537714,120775.68954302,564062.224858512,44022.6835760128,554352.125411517,84750.1750269143,108273.010586127,104706.806258308,48637.5736240052,578650.244523058,76847.7418690005,60213.7169157536,59828.7458989527,92794.5954127447,61676.0483002644,50210.8431157234,69038.1179591742,73893.04538107,90241.9500380651,138133.669685658,84044.3862848814,83479.8817328511,55592.9087413585,73479.273857052,111363.063361772,103066.996535846,66475.8734470283,61989.8268963236,51521.7587549154,79696.2982082147,59439.9434344167,69666.8712601373,102813.839017647,74301.5543603197,75473.4709707686,255133.739806676,"Completed","Organic compounds","Lipids and lipid-like molecules","Fatty Acyls","Fatty acids and conjugates","Medium-chain fatty acids",NA,NA,NA,NA,NA
"TVIDDXQYHWJXFK-UHFFFAOYSA-N","Dodecanedioic acid","12736","C02678",387818.686638324,927346.275229638,594066.164943236,369861.960145207,2096530.32303745,1103043.38402035,589071.360269225,371099.543474767,372258.543907626,893225.101401887,840858.482039093,238130.505813484,3431575.21538752,289700.291911209,1557348.2262461,933506.878556219,970917.431592773,219524.419459183,594320.866400025,323910.25322676,472487.544438819,378075.27982433,2000652.47908699,1070600.31329003,188400.138915643,995605.95687713,529929.684119096,1226455.47857979,531103.943543846,971442.838212194,622151.066498769,662540.247443101,384442.801060193,597138.420806157,807345.933999544,648260.53671693,203971.859861714,795598.845999252,808230.772464061,738831.948983892,698401.434854923,696843.803890021,602673.172160576,100510.267339741,415129.183590479,1554782.16984121,83425.3769032823,670400.141736477,163379.231130248,403679.962730525,628295.726441027,1059747.71490663,756717.651686015,1239459.6592266,483607.228973156,484216.381239775,791522.852885663,"Completed","Organic compounds","Lipids and lipid-like molecules","Fatty Acyls","Fatty acids and conjugates","Medium-chain fatty acids",NA,NA,NA,NA,NA
"TYFQFVWCELRYAO-UHFFFAOYSA-N","Suberic acid","10457","C08278",139034.607501734,136129.886580982,129126.864923108,103234.693992038,333475.60908922,219149.21102803,207539.376342586,139534.546374754,166512.76900123,112189.745118208,172513.275728102,145474.003596096,245884.057715625,141558.571329171,148345.275575957,232856.930427909,158519.792095018,166958.978938412,212470.080056231,107028.443108005,164492.170098929,219130.656169269,217376.770419056,441846.083819226,90988.0732630036,249412.406641231,156111.84198173,173482.373584105,142049.54583538,125911.619345187,261624.849502049,321514.013167835,107422.830181642,106709.503780425,162168.215944668,108996.954584195,124020.020411548,113832.309186034,145152.300578559,155912.747073769,189915.360297055,134258.203832504,181409.782215394,99624.6299163727,137519.936867416,191085.135721394,194738.949960678,152020.836591552,67241.08900192,102344.281459201,129362.804155051,103349.669377594,128516.389064022,151827.838195879,134156.299286031,137866.114606062,139898.585974688,"Completed","Organic compounds","Lipids and lipid-like molecules","Fatty Acyls","Fatty acids and conjugates","Medium-chain fatty acids",NA,NA,NA,NA,NA
"UAUDZVJPLUQNMU-KTKRTIGZSA-N","Erucamide","5365371","0",648241.560002711,46692.2207049455,101547.476553265,51956.3076648482,104213.778569808,57927.1711547319,49256.5420670872,119920.96229805,42235.4119772314,39117.0738712465,63854.5201575574,49990.5899131117,38941.9764456228,38264.4838414363,62954.317214529,88081.8660164886,80826.9700568621,60186.4201204964,44545.4877376348,29483.0498143766,70605.7719007922,43412.4249857119,51714.2931500983,61796.3776636415,96106.6618409251,56007.8524377396,41933.7579589758,45431.1561757588,69854.9876317718,108600.499231308,40353.4115765688,33851.4193647,86086.5602233265,78222.1573671452,68329.3297398359,61925.7256858772,65241.062887086,31358.2843340334,154655.255384454,53245.4226818446,34589.8650388531,39168.0345342704,40873.9522280762,80824.4873191968,99771.1133500278,167969.764959877,49539.5916438027,54203.0729688361,29051.3893079646,61144.8635535479,38908.8882469302,52109.573124267,45436.1501394721,36982.3991659012,43865.2702152857,51152.5113862212,54968.4582954753,"Completed","Organic compounds","Lipids and lipid-like molecules","Fatty Acyls","Fatty amides","Fatty amides",NA,NA,NA,NA,NA
"UBORTCNDUKBEOP-UUOKFMHZSA-N","Xanthosine","64959","C01762",2107447.89237763,3171078.65382492,2695232.41441655,2407449.1239173,2915677.2850487,2504957.40729692,1878280.16405967,1799195.86507691,2817226.56739379,683978.365129297,2451749.25305831,1962145.58401702,1803727.9758026,2842818.5382929,5501931.50584996,2459102.05103237,2091255.56531417,2204280.05296246,2952316.82512673,2138930.03680077,1427475.64329643,765740.960643888,1717907.28354266,2241171.29735224,3437971.88818075,2395297.55257679,4743223.26186477,864041.972294595,3080813.28807895,2615195.10798398,2327200.71856238,3097413.87490711,3313266.43147649,1617572.69008263,2286954.50195419,843282.706886835,1477114.1921384,4619477.70504387,3400250.26031223,4115745.7361016,4612031.62715505,2189124.65928609,2345056.24854465,2951206.30934442,2139856.90311711,2503638.57466883,3539238.21522905,2816540.66568974,2474077.96553742,4448806.81207671,4483806.2247409,4909664.70209553,1246173.96567301,1690287.61966629,4161587.46039118,2862076.07036796,4275859.57809223,"Completed","Organic compounds","Nucleosides, nucleotides, and analogues","Purine nucleosides",NA,"Purine nucleosides",NA,NA,NA,NA,NA
"UCMIRNVEIXFBKS-UHFFFAOYSA-N","BETA-ALANINE","239","C00099",286906.148263782,94221.8785570049,157557.930403851,146985.878115014,118747.522562315,176031.195659746,172906.524213574,132217.843834193,135390.802828413,89854.2095192991,97074.0109602685,105222.38867577,38903.0101805929,64507.3692473058,145699.09363914,146263.178460979,190663.12753459,276708.580695169,163115.206826075,85485.8145777034,175103.19152246,108496.063175202,115570.823400399,185406.198073165,40197.6652422866,103784.8071516,77225.2697420022,114302.251245542,63725.951333818,162329.887809156,79883.6172051793,100487.406499681,36978.4177017401,41588.7087834189,202401.327037102,95751.2740283532,171559.626701651,69872.2651364832,282707.845238988,142506.701278736,76261.6040643024,125472.796152444,88912.9587022637,169634.694020825,121779.651150716,242691.139064789,237060.037753279,162214.45136072,82065.515262611,99664.8240727786,106782.677544547,146693.411192167,121028.739709388,158592.649959996,73456.2239814576,129280.410605737,147540.174425085,"Completed","Organic compounds","Organic acids and derivatives","Carboxylic acids and derivatives","Amino acids, peptides, and analogues","Amino acids and derivatives","Beta amino acids and derivatives",NA,NA,NA,NA
"UFAHZIUFPNSHSL-MRVPVSSYSA-N","L-Propionylcarnitine","188824","0",8482.58636574148,7827.52133381612,5897.53821376007,14783.8473213108,6241.37023544105,10649.4165235996,23731.0045037903,118649.52694416,17944.8706205616,19232.578297042,20336.8604900104,6068.90729532608,10030.8230972227,19472.0266062968,15896.5245402579,9004.30059978852,7999.95461792369,8793.51409380122,10560.0754764944,14538.3022436604,7367.85405264338,14925.904339916,10886.4742460606,31357.7841080356,20280.6912479278,14856.0188947641,9607.70454646962,20258.9703602781,18980.2799647158,19656.853180206,25503.9392211695,29723.5268703609,6995.23517834632,5402.45006705275,16086.3702827846,22694.1905579852,13846.9282298208,11750.339326471,6303.47927172114,20308.4861029743,27368.4977984716,23044.0314767016,17045.7658545533,18312.2880749863,14903.4541790314,7997.29019002026,5911.9152500628,16684.2710103316,17558.4054750499,8658.38570862794,12452.5103743536,19922.7655122991,14994.2526762606,12003.5996635916,4042.46465537124,9444.45005588662,36486.5881985897,"Completed","Organic compounds","Lipids and lipid-like molecules","Fatty Acyls","Fatty acid esters","Acyl carnitines",NA,NA,NA,NA,NA
"UGQMRVRMYYASKQ-KQYNXXCUSA-N","Inosine","135398641","C00294",23939.7432224573,211076.487330819,56038.8542018108,18290.6994796148,94137.919770232,235021.821173842,274032.811123659,200410.964068604,3407.98165806955,111231.654863864,151048.758057499,216558.61644891,101977.595130782,147687.005577377,142344.430578836,29215.0683722624,15461.5405827609,94013.4507728316,264324.601287049,243975.241866495,16361.3480792639,163175.257934136,75956.1407861534,9292.01863003819,96057.1218541721,8700.38588796625,394523.721745438,126596.583414377,216216.416754255,17109.181354533,91328.8161489678,204621.635743372,518286.763365537,258187.261439471,249083.021489486,64523.496406435,26687.40342606,89781.5533789917,9073.79407240307,31964.0296788156,32449.7939012907,114624.583939463,80763.712794939,8484.87488180922,102892.842244698,13041.4303459989,57966.6299356814,177781.220375841,31648.8655851969,49117.068922263,24376.422877805,182641.627059627,17676.9078076745,25108.1487859716,23967.8447736308,32825.089856777,145752.207062928,"Completed","Organic compounds","Nucleosides, nucleotides, and analogues","Purine nucleosides",NA,"Purine nucleosides",NA,NA,NA,NA,NA
"UIKROCXWUNQSPJ-UHFFFAOYSA-N","Cotinine","408","CSID395",935.522762575724,183.223980956642,1932.33314647178,1117.10335246037,1062.99592385845,771.552566681285,981.788177313924,3147.14428457552,1243.07274280978,2791.02084285234,418.325500893509,3611.74417333082,863.234686232423,4431.57106975664,1549.78884570445,703.050182010091,1030.85129505245,1790.2761695936,745.828602410816,2939.69890637841,455.943568761341,561.27287642189,554.338216580675,4149.74375611491,11347.2026115401,767.572156015354,3054.99886395913,1890.97561457104,1741.73568533698,1100.65873283905,1252.88729345104,1877.88348115789,1168.16529772778,469.825661602045,896.286196192162,1319.6961371841,622.064481255844,2596.9820519493,779.742927098117,4671.20046774684,1948.95632869284,2554.24057403349,458.638321324052,1054.78197363246,2154.6294461425,1186.85814058997,2664.43393940683,825.119764814699,4158.75151317249,2489.98007667364,4959.52951652319,3962.88980287763,791.669075236602,747.785134784706,1413.43251216695,829.676488829237,5075.9100177064,"Completed","Organic compounds","Organoheterocyclic compounds","Pyridines and derivatives","Pyrrolidinylpyridines","Pyrrolidinylpyridines",NA,NA,NA,NA,NA
"ULSIYEODSMZIPX-UHFFFAOYSA-N","2-Amino-1-phenylethanol","1000","C02735",43511.4331795508,26819.169128343,14109.6778808411,91059.1564530538,72803.7413466814,27712.1770917939,39871.2965238344,10778.4906774949,52028.1253040722,49661.8358293514,44385.5164022635,51351.1606872492,44229.5141688084,40812.1736530872,23144.8318078777,42401.1317526972,36317.5082640541,10715.9057030521,27698.3366595775,18147.7412487094,47772.2149864942,43803.4487508904,24984.6708235878,20900.4298426261,9544.97876764848,51077.5668663301,9251.86363734111,95133.0942691684,52268.0962153256,10451.699020474,15165.6491016239,81994.4098171254,4353.96643843974,6799.93614170199,38391.4570086629,26581.4091720113,10575.0961813493,51294.9612469058,20591.6331142412,36028.6597591199,57599.2398022493,59473.7952379731,56386.2556036986,43016.9186281072,24953.5875153304,16191.9455539813,8278.34719972007,38381.9409403779,20289.457133202,32134.4752393101,81168.5597804999,76393.0114403923,53441.7017064055,62957.9563478715,18906.1495556631,60044.5232886122,34781.8210127402,"Completed","Organic compounds","Organic nitrogen compounds","Organonitrogen compounds","Amines","Aralkylamines",NA,NA,NA,NA,NA
"undefined","11-(3-Methoxybenzyl)-4-piperidinylamine","0","0",13543.9056738329,24690.8779390203,7629.89863323849,21779.2839208846,12270.3708748629,14022.3456796205,28912.1337469109,12659.6681473368,31319.6208631461,22098.9770750662,18492.3486544175,13106.3124890363,10517.4063232827,4176.61666720788,5858.8055154267,11973.2756758948,19553.0319368652,7737.71019891269,4532.51663522579,79356.5329127055,11165.7669711554,15779.3466588589,7379.37461670808,9274.00798140777,21170.4571615787,29945.8550255678,10992.3443193432,38981.9122301252,64927.5203805667,7784.06696739188,18838.6182189815,24877.6421700817,2582.8031558201,36318.2866997572,24161.4517300912,19146.5306974887,5092.60090537239,25205.5188396472,5915.61400781299,13106.4380631911,11803.3325173506,20902.2157235639,17009.8800317016,25383.873772348,9343.93371849981,3901.96283074859,13709.9424725157,14085.6061470484,27230.6882025299,7765.78944432157,25927.8427188001,7646.58449476083,25684.8145379059,19412.0509989297,9599.66179216254,23309.4245983241,20220.4584011675,NA,NA,NA,NA,NA,NA,NA,NA,NA,NA,NA
"UPJONISHZRADBH-XPUUQOCRSA-N","Val-Glu","7009623","0",66561.9954036731,652364.162512415,372406.66838984,242725.401229176,141594.27130048,121226.339276963,406409.687924115,160877.586310784,357165.922700848,1063328.01008946,536478.839746681,603982.639328344,91154.1587619605,122698.892217157,97961.4347675334,175306.828764045,209646.810717308,440054.137051113,425287.040100265,743626.235357482,289775.177649445,414444.550978742,285072.474140967,108052.188065136,207860.066278817,170685.624041572,890334.886457702,438481.127592356,427658.948187787,246896.640819143,151875.155308021,357255.515804141,1670527.9630308,831990.391319023,181184.839325854,314542.856034149,55317.0524508239,208224.267688467,70693.1254797565,124298.876168964,456355.339337654,236059.808342568,222619.014956424,117324.490080904,219473.149586753,87907.5153120119,171279.882760625,92179.1330784521,275512.29847399,238379.74712953,367450.412609697,202001.864737588,134835.178504169,506729.396335558,442965.697314352,227149.929910941,145543.241626016,"Completed","Organic compounds","Organic acids and derivatives","Carboxylic acids and derivatives","Amino acids, peptides, and analogues","Peptides","Dipeptides",NA,NA,NA,NA
"UTTJAIFHRUAFED-UHFFFAOYSA-N","5-Hydroxy-3,4-dihydro-2(1H)-quinolinone","169153","0",221633.378307963,315151.704723828,488750.532877727,960536.400107465,1573339.44760751,6379565.28967159,289730.370298874,2462256.92634287,326070.739023611,36916.7826520369,980417.840345911,106499.849603022,1344599.96544369,3825212.48782046,523125.861188183,4696519.52324687,278715.90661289,2395.51483864613,210844.952780588,9015.64128473961,273054.616881424,708.233662875846,1606301.94912925,140262.303294042,36907.2301918789,1638478.55919978,3483.67596477679,3324.23523156725,4865582.46329422,965.319722316663,6156718.24459151,539557.004640845,2715.96469615629,9659.47310394971,643366.38163683,702183.926187764,7472.36784422251,3979.51618274082,634734.619028506,969926.689141392,1461568.90240673,1499462.16433601,289058.763387337,15899.9593664012,1123570.50949141,1249938.89821222,2014.63145404055,467374.230882501,22309.174810049,14107.8926746238,326597.065028132,3876.74940738819,515792.635563878,478737.743356739,15477.474123087,379528.294628531,3850140.11598452,"Completed","Organic compounds","Organoheterocyclic compounds","Quinolines and derivatives","Quinolones and derivatives","Hydroxyquinolones",NA,NA,NA,NA,NA
"UWHCKJMYHZGTIT-UHFFFAOYSA-N","Tetraethylene glycol","8200","0",462721.878011271,405187.297507969,308324.800372883,266209.960343399,697425.197158462,891667.870262227,321994.050565554,600568.641516585,211267.056102831,357463.559620923,294112.346064692,300249.062050725,524291.623919585,384201.450930288,416563.257879932,484921.5598886,297138.88582156,395517.798418159,567773.024839203,357170.008778418,656813.388349948,419123.655584529,360373.453780137,400983.938436305,559556.465503453,644592.914264754,379445.720494635,324674.908593571,278425.516448147,826326.382091159,541550.682851337,272718.498269219,401256.181889479,310975.534257185,439985.086253397,481940.113567904,517282.577295504,279131.739663842,343866.63085027,350179.784907238,405682.47479164,214132.281510482,417996.314048554,496185.807703196,566468.175055623,769005.395742417,401498.450978397,346298.55235246,210871.268586521,490937.03288703,362551.974722157,233817.034710172,394681.366592892,498325.054820716,439808.713566687,512918.440348981,307930.314315651,"Completed","Organic compounds","Organic oxygen compounds","Organooxygen compounds","Ethers","Dialkyl ethers","Polyethylene glycols",NA,NA,NA,NA
"UYTPUPDQBNUYGX-UHFFFAOYSA-N","Guanine","135398634","C00242",8087.33120679316,34422.9643380436,17704.7676799373,7826.49379057085,40939.1183936976,25243.2088784138,21098.8953435985,28599.0926537946,13620.3649172573,19009.5003537629,26129.3192402859,25325.4843651649,16952.0189479025,81407.4042872784,40277.8567837951,11778.5249329558,15458.198023148,8297.52138390131,31693.7664343683,31623.4914528759,11348.8719681846,34323.3192080385,16644.3084226614,57370.8767417976,24648.3072831243,22334.3373785891,48316.9159141957,16123.109864084,31035.7899649683,106254.598192441,32279.5773435356,14314.0786803881,182986.960734647,152942.968968477,16700.9057767337,25593.9806494773,16456.3183864883,19133.1100332256,7465.73759701833,8116.57920391421,17002.6803989103,18989.6161557446,18908.3275869532,13783.9999468055,15555.6079077133,10680.3897168371,21204.4148731119,12870.0187475767,14136.5313064041,63856.9829720173,18704.2204069399,21368.2305016616,22333.3481339387,10237.369345237,65095.3602420497,18517.8899865474,19923.3810095316,"Completed","Organic compounds","Organoheterocyclic compounds","Imidazopyrimidines","Purines and purine derivatives","Purines and purine derivatives",NA,NA,NA,NA,NA
"UZTFMUBKZQVKLK-UHFFFAOYSA-N","4-ACETAMIDOBUTANOIC ACID","18189","C02946",10019.3902298618,3150.87824359227,25031.0617737678,59834.7800410098,48276.3884420795,8847.55135156003,6317.74824834831,1209.36322636142,621.506521347503,34251.50041474,56952.7207562791,13101.2218242655,67070.1278878925,22824.3089605278,38686.824193526,13117.2558767085,22858.9314227369,9488.20000125746,17377.8947328043,33978.3225033958,12095.9297530888,4004.43412733428,1188.42860601372,1422.17798016773,6552.89191028649,976.121179827461,22797.7371968795,61009.6649404629,10720.8501665941,12732.2574811,10882.8625794983,148032.018780588,3848.49458303295,6147.6240082995,3487.24581418298,32399.1585675904,16148.3032891673,50468.3432540286,16198.4462833983,18510.6741074806,51442.4770300635,30840.8304584277,47890.3081635235,1547.7365547799,21129.2579431333,14004.6660437771,13982.1230358668,40274.9534527741,12156.4828801354,21403.4449643889,110186.022976721,2465.17531570379,41599.1032428874,46688.5009693418,11849.0401948167,53477.9607438965,40075.8860954156,"Completed","Organic compounds","Organic acids and derivatives","Carboxylic acids and derivatives","Amino acids, peptides, and analogues","Amino acids and derivatives","Gamma amino acids and derivatives",NA,NA,NA,NA
"VEYYWZRYIYDQJM-ZETCQYMHSA-N","N-alpha-Acetyl-L-lysine","92907","C12989",170363.956578519,297586.603849327,409881.115499717,247499.325480107,398279.08831824,287470.530828457,140042.342015807,424971.114931247,239455.558594194,127100.440769557,465515.316268496,116782.324780141,142797.759567847,338915.986396118,498712.474955093,366796.470512614,262757.366575044,87988.8828117712,123161.012766941,95569.1854030423,201972.087418405,404958.929529075,199418.115584455,325095.387944102,151417.855120121,233578.62746679,102565.909101745,241305.924418345,146513.287630579,157821.436741985,241980.603110615,508904.172634522,38281.2009686199,51815.9930361755,177619.895534831,169125.25744819,126761.095033354,237135.325616303,373919.501471015,241247.426838502,308117.757508791,318962.126722938,320763.239399911,123901.419404424,232847.705613644,232958.916222249,68114.7405141864,181230.41489402,80295.0679752579,101530.805616288,299548.918256657,132050.883634154,788529.663049216,357967.867022002,92764.5530202791,254877.840478645,216737.610010507,"Completed","Organic compounds","Organic acids and derivatives","Carboxylic acids and derivatives","Amino acids, peptides, and analogues","Amino acids and derivatives","Alpha amino acids and derivatives","N-acyl-alpha amino acids and derivatives","N-acyl-alpha amino acids",NA,NA
"VFMMPHCGEFXGIP-UHFFFAOYSA-N","alpha-Naphthoflavone","11790","0",34036.8590285267,49541.8357771922,29635.7371760772,1176728.74389794,0,239696.991451251,95527.6076338988,5916.95936735136,6031.62143833944,176479.100031641,14972.8480188759,9298.96462934732,4392.76523526416,650.829056688109,5188.51403346991,145295.739277132,13619.3513116852,127316.738179592,169489.267814423,0,11734.4838162327,23493.2789702306,2762.58698810552,707.687483569704,3255.70722229852,2466.58018674597,0,0,2211.54041983224,138923.972959702,9779.80969864413,3697.99747448152,24824.9455567174,11379.373738895,24850.4119378403,6732.84595955646,1519.20007187026,0,9256.60514313219,5829.79080458152,2751.73637223595,0,5254.20962387077,4116.37758158115,12798.0665429735,683560.944459247,0,471.643800809398,8870.16103473999,154280.82149852,0,1063.55595793535,53523.4940470868,5405.39347429641,424.268106518915,0,39208.7311902572,"Completed","Organic compounds","Phenylpropanoids and polyketides","Flavonoids","Flavones","Flavones",NA,NA,NA,NA,NA
"VGGGPCQERPFHOB-RDBSUJKOSA-N","Bestatin","72172","0",44938.4582988707,24757.4171742098,29614.7455638514,50382.2074863813,85109.6984781745,27228.3389661073,36119.8724377555,35027.3604322803,49655.4125498855,31118.863777058,60762.6224029695,40703.7423262821,37885.9106290629,75418.2935946785,52571.044195894,31885.5653877014,42374.6167604821,15691.507515231,16553.7843055508,22009.3978990592,43819.0872360634,41203.5800649988,32030.2286310411,52672.2959082611,16676.2435601446,79197.9225695393,12463.8511376805,116612.584565086,38397.4698979568,20616.8360039958,28508.1107974476,66921.8252640043,8000.61394783332,7831.15441519511,39827.853985004,31450.8483522288,9042.0163746032,57022.2015527518,34557.4575477893,61032.2917581063,120321.111304423,56059.3777964539,88493.5638882982,39797.1057241136,47627.6395296695,19443.1367301143,12498.4996011425,71879.9538083221,22129.347752817,28496.438655265,124072.470310617,38285.2131969335,111815.1786213,81649.9822170201,20703.3301866477,90801.6703732695,28375.0042805046,"Completed","Organic compounds","Organic acids and derivatives","Peptidomimetics","Hybrid peptides","Hybrid peptides",NA,NA,NA,NA,NA
"VGONTNSXDCQUGY-RRKCRQDMSA-N","2'-Deoxyinosine",NA,NA,32292.8139455954,114079.546181709,71294.0432481187,99226.3403758137,415675.625643704,446228.594919823,221822.59082165,75003.6288858675,140970.261023547,93323.7809313947,133070.848665397,329553.997332557,389132.302051595,204034.199001346,111191.023519848,90662.4654390159,108068.368449155,261728.908081343,284689.254912951,169080.308152227,114087.356256291,206355.780350618,159934.47147324,344475.893502374,90311.6005848602,346525.707877812,163635.714760428,146313.908590812,354920.546587122,148237.835461194,198746.087931615,264215.337270092,180378.825219975,436078.871497812,274248.747835915,228571.114376596,36331.7114929834,73422.5125963984,2212.61882659311,59079.290039471,27845.8298589881,76338.8456488557,100376.300260635,27345.1199145398,112369.801941956,5405.83493631436,150667.331337045,148863.082288626,25043.6089913661,45125.3595980057,87178.5391799982,73788.8504623614,8782.4129823455,36582.7159119218,59753.8406904756,67953.0319510567,212549.002449409,NA,NA,NA,NA,NA,NA,NA,NA,NA,NA,NA
"VHRGRCVQAFMJIZ-UHFFFAOYSA-N","CADAVERINE","273","C01672",17976.4099563248,37327.5466045774,38215.7824679582,30895.5243092961,20671.0233271265,149107.760157578,406588.281687887,15361.1264906562,195088.361234497,34042.305316834,15253.6996152419,180166.574190567,11331.9826869091,139694.616244517,12368.1268324419,447125.309452697,86346.9387432294,14747.6658573402,14387.3835239642,68921.0278383819,154452.096533779,62174.9754261008,169977.49614036,23409.9092925605,1625273.887158,13921.7082179664,45551.8227320854,229439.066472678,94870.1919686843,17269.270390509,56829.0764803074,192380.647272069,6182.44892114416,80939.7336417946,23054.6499148646,332792.576649463,29580.2386086831,97071.79220551,5395.33956760515,157603.282973905,6077.01753098508,8933.68028370543,23047.4509105056,23537.0960236864,25883.1768081477,295398.322805062,261706.828153297,16178.7181780915,28705.2104721505,28419.6996099174,14927.6469789043,20940.5670874962,21274.0868330162,53425.8646297574,13594.4558737676,20388.2294914634,38229.7469242815,"Completed","Organic compounds","Organic nitrogen compounds","Organonitrogen compounds","Amines","Primary amines","Monoalkylamines",NA,NA,NA,NA
"VHRGRCVQAFMJIZ-UHFFFAOYSA-N","1,5-Pentanediamine","273","C01672",52698.5490331579,91671.7793563174,99006.3866522446,71311.8158270612,61489.6076257862,345071.161025936,843191.776251865,47503.8325178738,440553.979673452,85727.1219468806,47262.3476190937,395443.144579394,28078.5553838085,306213.216957918,35502.5503874942,927227.76220727,236933.513068386,37117.7208094854,36871.6899691084,167263.755253094,355203.079766698,137436.066409326,396269.888002002,57288.7742846874,3472470.91929716,37230.6035025075,93568.3670553402,492058.42405284,222487.545188317,152556.510590345,132804.083157235,438463.660384249,34972.7367397265,270381.943045123,52831.977906269,749943.630134395,140495.723590088,219066.028554428,39560.9194522045,423998.935358995,17392.6543222242,74716.260779962,55721.0549849843,125317.191415585,69937.7825572855,604954.929743432,600461.978209142,42382.1791027983,180865.776633508,80647.6880389297,38702.4725914273,47603.2333060089,56064.1055181267,148307.826731779,31872.5456200614,47876.6142915073,96445.9466735495,"Completed","Organic compounds","Organic nitrogen compounds","Organonitrogen compounds","Amines","Primary amines","Monoalkylamines",NA,NA,NA,NA
"VLBPIWYTPAXCFJ-XMMPIXPASA-N","1-Hexadecyl-sn-glycero-3-phosphocholine","162126","0",13442.5252921546,8425.4101137799,12917.5752707536,14188.9051570838,18331.5139396281,11946.6203873231,13733.5739200138,22338.9824543718,11309.524562034,14983.9111672839,12069.8714582399,12356.7868590089,15799.5375661788,29819.466922103,14808.862120002,20563.7309469378,14805.6302964573,11326.0998946897,15870.0140588625,14999.2811156461,11843.6192449256,14464.5841675144,14161.9252411121,11657.6564916407,16947.353442559,15053.4219710926,11698.7931830542,25075.6651062847,22828.967583211,14863.4518348241,14394.4142346647,9321.89462780136,15831.5630634157,11982.1894949645,16497.8326290792,25761.6768437051,16872.710432765,11100.1806693023,14717.4805656735,14346.0744649236,12792.4232877229,9614.75633255514,9878.22918790697,12702.8484238323,16087.659660579,18237.6089109083,136997.622803193,16125.2857649279,12573.7372715538,11895.5617531599,12714.4638743864,11610.4080605515,14197.5346911054,10515.8368954295,14522.8402978638,15114.5855686103,10435.1861628194,"Completed","Organic compounds","Lipids and lipid-like molecules","Glycerophospholipids","Glycerophosphocholines","Monoalkylglycerophosphocholines",NA,NA,NA,NA,NA
"VMLNPJDEXLLCQG-DGCAKLBHSA-N","Asperlactone","156698","0",530791.746180413,143482.699487146,102180.539385128,52398.0712633212,756206.805449063,637147.114013706,820351.830473205,7702.43740195415,789439.312979701,6353.13759009855,393877.91763867,247022.356282333,13951.422387199,218872.328393142,612377.881585614,567212.512563795,717291.930952274,757794.008671694,705705.054601847,865627.148318744,6647.56022327041,5362.29781348663,17601.2499425251,535493.643305212,20071.6858319695,779777.607390095,687483.589845361,6261.39181268225,869712.308581851,7851.79981248967,771138.33947909,984965.266055634,476790.277377198,7797.3618502075,505197.083695208,5418.35777871483,589505.146825163,661007.723188155,37154.8173495466,171994.485361328,260798.486045702,171016.634895726,341718.809417354,392609.855071708,6955.10541951573,210263.25476753,794672.28115618,756917.399597002,116575.531065256,574304.918138676,909447.014269559,767190.814496206,2574.9440584864,662246.149366712,389386.355929865,731292.553836311,830211.56458162,"Completed","Organic compounds","Organoheterocyclic compounds","Dihydrofurans","Furanones","Butenolides",NA,NA,NA,NA,NA
"VNYDHJARLHNEGA-RYUDHWBXSA-N","Tyr-Pro","11902950","0",129372.916685249,347816.011723477,154310.446293719,299916.861423054,27644.7816828934,81332.5915968958,541100.902354815,62509.5039633563,190643.860575627,803004.199248748,352277.302050822,459559.609559109,177266.77465391,129797.749891033,44501.5257803489,160154.24720967,172799.019747152,797642.488441554,809500.475382136,793099.237735232,199314.033421796,238678.270149661,177411.495325855,96092.8942854161,110580.585475201,143294.509799945,683174.775072179,744524.425739835,418423.953505582,157351.214490441,110305.300486631,309093.769024497,555214.406933191,533538.817679345,160673.388202557,505750.889965717,250332.374633412,167875.165744204,28469.3103708585,85491.625753063,279785.741000493,171527.64732321,177468.522961192,224377.58604616,116862.82552843,23646.4815156644,752468.90619792,59241.1330023186,364491.005406155,287765.361707838,328575.772700227,444776.487072407,41925.1381820771,334207.905239382,157670.422731608,198788.040502879,90071.1228911824,"Completed","Organic compounds","Organic acids and derivatives","Carboxylic acids and derivatives","Amino acids, peptides, and analogues","Peptides","Dipeptides",NA,NA,NA,NA
"VODZWWMEJITOND-NXCSZAMKSA-N","D-erythro-N-stearoylsphingosine","5283565","0",618073.838325578,698466.209131331,164176.504039855,210804.17293262,192246.141866712,45033.7811017134,112254.298429109,90677.9491585752,1218155.04031816,77781.8801314615,42501.3648518681,164476.735136136,19596.6888895436,55674.6246613024,101903.040112518,225514.544047456,235710.662862503,371046.212277566,182361.299125017,265801.610508259,270744.384117157,472243.575055205,160013.570167149,83582.9785922508,579863.431717958,171082.34672895,211385.19888597,299244.296363146,306912.383778205,643943.973672946,46211.0536631673,258368.407440571,231261.191046047,547437.37263393,239726.255990785,105640.269633375,713731.297552547,118056.758638649,154366.362636164,88157.8570925991,26025.96461985,200709.578873442,100241.356920381,1112460.36169406,101170.301368286,69739.2509216774,1008271.2228773,195211.211307555,812892.383259152,553844.875035011,102893.113299126,115088.146556144,111625.339608361,127881.668050061,210181.943263733,101541.598091689,36412.5473717512,"Completed","Organic compounds","Lipids and lipid-like molecules","Sphingolipids","Ceramides","Long-chain ceramides",NA,NA,NA,NA,NA
"VOXXWSYKYCBWHO-UHFFFAOYSA-N","DL-3-Phenyllactic acid","3848","C00217",26459.2641260945,295842.412696548,307175.334908881,95016.3805706771,88355.0114820618,63885.3548520601,35795.8717476947,202919.925084167,127106.218517676,82323.3848949748,396251.663554193,124331.155571688,15622.0375518002,122352.397302731,271668.420761316,104147.837870243,80929.9988761789,13783.3160803739,39726.5994498301,49058.0763488778,121762.483023811,170981.632603184,156055.753934932,299579.284477816,218377.770846187,69155.3620997596,67651.8721292546,55886.9456551456,38617.651488775,67103.8571822972,57252.9476601503,210582.315935647,26364.2422503147,35361.2455022843,51457.7540917434,238524.035460244,128501.864391967,111953.282912938,368178.205595857,259098.265705871,240262.357717836,333003.999704263,226762.042995846,244120.846304679,194054.771099851,252836.353968144,36552.3558596855,63914.7508615352,236591.647386921,197274.576338219,205988.490566097,77065.7534428515,529257.012805395,277571.978470538,130640.095578584,183251.378931492,137612.13506487,"Completed","Organic compounds","Phenylpropanoids and polyketides","Phenylpropanoic acids",NA,"Phenylpropanoic acids",NA,NA,NA,NA,NA
"VTAARTQTOOYTES-RGDLXGNYSA-N","Eglumegad","213056","D08908",11578.3437889873,87550.1137242063,36106.0738486954,49570.4719339233,94871.7161308176,31893.6197528858,39368.2782059651,76453.9844203027,76830.3541590384,18846.9652299285,64005.9242090805,40218.7604032862,46853.9459594881,130187.290107753,70336.2668508267,103379.219140573,70078.0703234132,10435.1988497515,20180.9188155974,33650.1834768878,49679.320679413,19482.8462574103,43751.0315286828,158540.936949403,49272.5911845284,42154.7208693256,66447.9698841658,23447.2626931975,27047.1874519012,22549.7071535311,28371.6460222922,30179.2185723973,23816.8401419726,52223.5157068672,15654.2351742822,78870.1563015112,42923.7405899527,13119.0375359931,63916.1815618237,107094.85096369,32152.3675002663,92759.4302878705,72723.8527387194,36657.0864765856,34115.1374676009,38861.3537259006,58841.895351198,92131.0372966537,42593.4025059975,29883.3401583367,62160.6927214256,81451.4048188661,109622.592675384,75299.5868046614,9689.89548778416,54640.9057313829,128007.288334457,"Completed","Organic compounds","Organic acids and derivatives","Carboxylic acids and derivatives","Amino acids, peptides, and analogues","Amino acids and derivatives","Alpha amino acids and derivatives","Alpha amino acids","L-alpha-amino acids",NA,NA
"VXUOFDJKYGDUJI-OAQYLSRUSA-N","1-Myristoyl-sn-glycero-3-phosphocholine","460604","0",8125.8300859115,4790.82493364525,5992.55287962432,5595.67224732423,9799.99589846611,6102.73191452423,7802.73288779646,32736.0425256997,5189.7818282013,6315.44862251259,5883.54575450225,6377.89187952908,211443.839804338,15516.9884925767,16693.7967066848,6263.18389292092,6252.53595923721,13542.9521872447,16068.6007971746,5473.80457234055,7325.41249704059,10136.9615978427,5516.06988141318,8226.30923524026,12580.9317240252,4989.69814778021,6223.02954611202,5680.19184333001,7100.20871630349,7548.30456426304,7652.2652380669,6933.08879320019,7707.13964339926,5043.81284508739,6927.87764458853,4426.76289110689,7747.41564890646,7685.93457498498,9007.83638766006,4348.85816417598,13719.4104824854,7083.51953339233,11838.8204851701,4433.72146847575,8992.03492935837,6954.45528446818,15449.8298660846,8532.74536366284,3930.78008470954,4555.87595537368,3495.18168241724,5134.76225872387,16834.0754505987,5337.72846210011,7766.72823085329,6767.87700961442,5557.63243429766,"Completed","Organic compounds","Lipids and lipid-like molecules","Glycerophospholipids","Glycerophosphocholines","Lysophosphatidylcholines","1-acyl-sn-glycero-3-phosphocholines",NA,NA,NA,NA
"VYKSGWCIVDQIQR-MEAIPJDCSA-N","1-Hexadecyl-2-(8Z,11Z,14Z-eicosatrienoyl)-sn-glycero-3-phosphocholine","16759365","0",10734.7707941645,1692.41098199425,2675.87814794434,2735.21063269085,2584.0214088611,1331.05262148758,1331.33532993736,2641.3044125977,3340.1720834323,3647.6808898738,1667.39821626304,2759.22368190239,1475.0680390005,1321.12735866176,3685.56232547983,2206.52591749981,1809.13259431046,6546.43199725691,838.351969124412,1217.63180788833,6696.06485824502,688.685114513748,1751.02089945465,945.963092791785,3022.81547308788,1278.32865933144,801.688636448336,1503.85492069892,1043.3545001268,3902.45392140329,1268.6468820479,1319.69518312294,1805.55480267051,817.562056152051,2150.87422882176,1639.46465661229,2894.5556186631,2070.09785927182,2311.14198632169,1781.17147173154,1515.14458730151,1810.72570767765,2398.22328325936,2757.89114312694,2905.26679499371,1952.31496384687,1124.44850169479,4089.63469982877,2245.17315910475,1503.47945424455,901.564342869277,1901.14129091868,2560.80711071431,2242.48790419776,4179.51755494898,1970.22684632299,2480.8247412309,"Completed","Organic compounds","Lipids and lipid-like molecules","Glycerophospholipids","Glycerophosphocholines","1-alkyl,2-acylglycero-3-phosphocholines",NA,NA,NA,NA,NA
"VZCYOOQTPOCHFL-UPHRSURJSA-N","MALEATE","444266","C01384",515297.855086558,341018.274696699,105948.391376087,695472.682388827,353396.327258006,770570.948029174,809662.971119612,186099.98248641,753640.10937032,249195.746777168,248943.147436238,264280.768758482,221602.982682815,336684.102954564,75136.5476010348,545494.757762431,499826.622185197,315255.356309313,474129.81444343,743983.3276234,196179.698033609,647880.696625198,420998.162387288,686648.724746799,139488.266544718,550754.191145376,328296.708190988,391405.647250839,615763.791313818,188114.829680577,120264.023669241,605289.879255707,116891.833552104,193590.816261354,712346.135246698,504674.339856437,582363.790384438,562147.88036564,100088.924317428,309136.56094342,366223.667586365,373772.570600105,432759.990715038,743263.756285084,272975.74685287,188083.485019939,516276.618931944,528402.949250406,441378.024691398,271741.320781608,287802.960236314,945372.481204955,222180.419589419,242114.722333181,344283.191353984,267308.710883588,550037.702170751,"Completed","Organic compounds","Organic acids and derivatives","Carboxylic acids and derivatives","Dicarboxylic acids and derivatives","Dicarboxylic acids and derivatives",NA,NA,NA,NA,NA
"WAPNOHKVXSQRPX-UHFFFAOYSA-N","1-Phenylethanol","7409","C07112",76282.9623810546,996464.584769439,895188.408191904,8504.37241581384,173931.847083518,20706.4797863278,12838.6950074232,196636.363855248,6734.71688110515,47416.7957061227,543628.326180299,863280.42518421,18227.0472161894,267847.678462381,201292.487167699,872576.808723704,133033.531042772,14371.4727410278,9426.10006738269,5622.06764761876,764441.535510986,12209.6072295611,332792.092806983,36740.8495568281,695356.241626509,31203.1018029612,6052.43522791218,329585.010477509,165380.544553244,26513.5011916435,200627.442632433,17587.4329066334,20804.576862771,5919.14928654085,55395.3776915825,128200.094917724,4180.32378580246,180895.688627026,263183.968625237,740822.73869272,176828.972094119,574045.235320168,277547.956046755,126926.643220179,795848.536627454,1595087.99965943,11848.8182446077,10308.3455549453,834075.304172592,39771.0199756778,465695.008321668,360673.395259168,879733.17181882,175964.59921678,20294.5550166028,384748.711703651,6089.62948639655,"Completed","Organic compounds","Benzenoids","Benzene and substituted derivatives",NA,"Benzene and substituted derivatives",NA,NA,NA,NA,NA
"WAQBISPOEAOCOG-KZYORJDKSA-N","Epitestosterone sulfate","12133250","0",163810.373569489,41021.9790708022,22174.1621072068,38743.6033258995,81598.1552971143,118168.896627968,35709.9596038669,255086.506620918,109409.010136689,14683.4795354138,19817.6079955228,77412.0063109407,86446.8077983264,51121.3769752756,131405.956329185,42570.8983209611,50316.789636642,15440.5640652384,112536.859161407,23065.3314144642,119045.440000749,6753.40802382449,107568.816602664,114160.55118207,34055.4532001196,55513.8669337411,60589.5296280473,159049.854491141,28921.2490293507,4652.9218414594,146321.392148736,26267.1128088412,12695.9234109308,42282.44732981,142172.416159653,26578.7269606368,59958.9523185169,63276.1609659731,63074.8183161205,92852.6772854377,55088.613351161,55570.0729655089,43045.5496905947,30911.0879052638,121258.106782956,150510.784457282,37539.6220629696,193299.426344194,8712.56163160181,52433.2290539744,94573.1370264774,31132.9970502482,10358.1090216907,44182.9593293135,43212.7535572005,62855.2414036917,48695.8169811108,"Completed","Organic compounds","Lipids and lipid-like molecules","Steroids and steroid derivatives","Sulfated steroids","Sulfated steroids",NA,NA,NA,NA,NA
"WEQJQNWXCSUVMA-RYUDHWBXSA-N","Phe-Pro","7020642","0",133583.410764825,222981.65615075,99200.8352707575,220638.913886364,38542.2118180859,74281.0989132783,340895.383072577,87901.2984018537,150338.679953935,648104.579711934,292286.388989219,338583.057061747,174373.406618949,136701.915112054,104251.141949932,102697.909274067,126217.569708301,616423.770504148,848865.78291755,644918.814861051,137813.794121613,188750.246919459,113251.904587085,76479.3312161917,89448.3464468259,87787.8311919134,446315.553456245,636127.517884378,226985.693570836,152720.632484236,66603.961307515,206564.181915013,392198.601892082,384763.235031761,109884.900295199,332691.542296418,171534.596154819,140404.136190462,31759.4777819415,59178.3630235688,202655.839956867,132679.200946964,135851.471620895,189891.671277208,79800.5568113113,22942.3679221458,610051.719258164,39008.7442486431,337919.668910863,228624.800851856,299477.64468951,436161.590436839,47980.8007384469,266961.895618609,120023.778864119,170182.548292815,57253.6690003675,"Completed","Organic compounds","Organic acids and derivatives","Carboxylic acids and derivatives","Amino acids, peptides, and analogues","Peptides","Dipeptides",NA,NA,NA,NA
"WFCLWJHOKCQYOQ-UHFFFAOYSA-N","1-Acetyl-4-piperidinecarboxylic acid","117255","0",9443.90875073557,43983.705065964,11656.0471911804,12241.6334358897,78072.9679325235,47533.2059512631,25191.4922035825,31280.581503685,36393.3827413137,178928.55709408,16792.4625774123,25670.007210622,14129.1839633221,18181.787976615,39307.3627507781,26366.213277321,10891.4639364258,7433.10042915578,11308.9487893178,25104.7886710809,12475.6373362552,10794.3897739292,28316.8937882449,83963.1999829794,9323.73199373029,36423.034106785,18743.0852959671,48289.2483142088,32222.4654663569,13360.9943155796,113895.778742051,27158.7585134273,10131.6650438072,8000.11091989133,13385.8325572894,25426.0066817313,8477.53074220567,27958.07679549,12052.3570877504,19529.282556437,18092.2103609332,17344.6463981058,34953.9530831767,8547.67849716824,16492.8819091485,17461.9011968835,17187.2813821029,41782.7204286129,7309.4546200777,6713.80305523062,20109.8314415263,9172.81286035622,12153.6019219514,6602.09468827648,4639.53555073376,24445.8039841829,7347.97616298393,"Completed","Organic compounds","Organoheterocyclic compounds","Piperidines","Piperidinecarboxylic acids and derivatives","Piperidinecarboxylic acids",NA,NA,NA,NA,NA
"WHBMMWSBFZVSSR-GSVOUGTGSA-N","(R)-(-)-beta-Hydroxybutyric acid","92135","C01089",25647.5775622523,130530.814104414,206701.949502115,47917.1251095723,100282.53777958,283592.596912105,54851.6981570115,9860.87704406253,3724.70051362535,87237.7817425637,32276.4215773638,54093.0296873107,36717.8715946869,39085.0537713858,91822.9084550416,82339.3609365534,37255.1536944396,56162.9154363521,85342.6829354069,24347.7435154365,63987.8404416157,24622.232237805,3380.07616515589,859455.88455976,206009.412190266,4570.02188737402,57844.0956060137,25917.3878506687,30537.9709142993,161388.802054763,300337.849012301,40702.1116810668,58515.4488435256,99402.0524978325,41225.1140279256,79979.6177620031,40647.9992313817,46981.5104918037,113395.980261693,30232.8780684092,218522.372322852,63903.1427215389,68016.5656732604,4761.36561865922,138794.077427624,93450.7843926841,32448.4257597594,68528.2403044776,26892.5065989048,34708.8268871385,29800.9894121322,66648.7429938002,86156.7304580325,18230.3390525206,77909.3955875214,32403.0385063263,38195.8910013824,"Completed","Organic compounds","Organic acids and derivatives","Hydroxy acids and derivatives","Beta hydroxy acids and derivatives","Beta hydroxy acids and derivatives",NA,NA,NA,NA,NA
"WHUUTDBJXJRKMK-VKHMYHEASA-N","L-Glutamic acid","33032","C00025",4833464.9753255,256103.730224001,4212547.02450177,2902548.48343732,2009004.89890436,324979.932189555,83192.2223243787,3049251.9651347,2427418.26693681,2337453.47174945,2785541.7970384,617447.270074692,1834494.45297037,1130501.19675027,2100002.39646499,623416.6032223,4918580.09791955,5097991.09230817,3646360.55052144,1693000.71904243,1215540.70385424,227863.607250933,2569493.18370731,2844580.62862984,845597.694833951,2246431.67634105,1734635.47177418,2325634.31450781,235071.058355165,3473899.0925866,2010170.9846049,2842712.70456439,1417471.71934451,1383192.90974222,188141.423645765,2289523.85046302,3649857.98396302,2610303.91241199,4138391.29419013,2291157.51901309,1502584.13913445,2857984.88211609,3291623.60001548,2396988.39790054,3187033.23637705,3089891.8206329,2448066.9108803,2988975.2833399,982325.047343988,4183427.03767619,3565172.32535534,95230.7444477565,4600140.5898319,3947547.31652659,2300554.47937546,4010233.15468743,2703385.98220175,"Completed","Organic compounds","Organic acids and derivatives","Carboxylic acids and derivatives","Amino acids, peptides, and analogues","Amino acids and derivatives","Alpha amino acids and derivatives","Glutamic acid and derivatives",NA,NA,NA
"WKZHECFHXLTOLJ-QYKFWSDSSA-N","N-Nervonoyl-D-erythro-sphingosylphosphorylcholine","44260126","0",1084.38509516665,1263.28113185895,1046.26614620285,1316.82789123359,2403.79423818531,1361.91472415484,298.929668773598,2557.90919046081,1494.31218102472,2022.98080069516,980.872091812804,661.244320255152,1546.25336281298,602.619496933434,829.53775018566,1814.10317047756,908.56627446419,1412.96343091127,1118.17873674602,576.010568322262,1844.38874490957,1124.7425155695,435.984984208524,1556.37701304611,1529.91964481453,1265.8711836408,1272.654545589,4577.98761573701,872.976481512724,2175.26637140971,1018.46341307262,244.582506934667,950.35233740562,1205.63151213889,1521.45379211267,95128.5305517158,1350.11966520031,36080.1528961395,11673.4069772082,1524.21860688506,581.764377402689,15461.0014032603,1228.87061667742,1618.54475264291,856.327087569456,1226.86459476716,1620.50150326549,1618.38559101264,670.097835178955,1292.44707953863,1490.26549488659,3625.80139127565,1550.01534501044,374.760067548716,2040.30055719209,874.52386660379,2311.71914906888,"Completed","Organic compounds","Lipids and lipid-like molecules","Sphingolipids","Phosphosphingolipids","Phosphosphingolipids",NA,NA,NA,NA,NA
"WNLRTRBMVRJNCN-UHFFFAOYSA-N","ADIPIC ACID","196","C06104",262876.217645342,202491.630020473,196164.006978264,235362.460097163,523402.861045225,429620.119676847,325082.576348592,313032.50186545,339986.844902997,250906.557609052,295291.793485102,187738.44083977,353924.317419664,310285.086897472,266478.821234743,340739.909877727,249546.273138889,504764.395106022,529361.353001637,210095.963951153,202070.08973443,276263.480521764,370922.69610912,483828.823376405,98270.3965692201,433439.483948867,292230.233642791,307891.152437573,343171.319863091,163836.432815114,537991.732711079,330204.488382231,163461.462500472,120331.809980634,246002.056741033,185420.018902893,205057.173003851,234463.649575187,200719.494589307,261401.962160099,337891.959336723,290331.301547264,262444.74235733,160290.793417072,315205.501101209,323487.089060447,123305.953703171,257578.400056488,158508.779974468,182308.271926644,304929.047403097,234531.245469024,283163.859235041,246076.431138024,309969.573563537,280994.048450276,358961.837159016,"Completed","Organic compounds","Lipids and lipid-like molecules","Fatty Acyls","Fatty acids and conjugates","Medium-chain fatty acids",NA,NA,NA,NA,NA
"WOPKDKPJTJHLPB-OQLLNIDSSA-N","7-Geranyloxy-1,3-dihydroxyxanthone","5317563","0",823976.385977282,991362.696711617,365573.674441826,419141.027500397,473572.89970235,449300.831700479,1217889.26863142,569167.710174013,924198.63635519,745815.813780036,254516.251492382,1146732.80395054,1180243.72036892,374811.189721749,625074.022184884,730409.094927193,739587.353606262,560020.937384126,2039248.44646107,683540.291192084,1731144.86733852,1287579.66461776,1002392.63313867,1126514.24339813,867616.678172978,911077.358454854,795606.955466047,574058.057175922,1006132.38943666,442185.09573015,495740.547100456,494998.463879337,650316.57081953,802776.335992866,890325.45599936,592200.500901312,1758790.67892278,1084482.06229993,584254.78322286,417349.467436865,269917.32667727,440383.278895484,1021096.22544497,817039.908374964,747388.418540431,993249.601452965,637180.7779641,987291.365841741,658368.486244739,834578.967822138,407007.693487722,1654822.46022818,544193.010089202,506145.024158755,720133.96381093,440211.538143549,202515.788538479,"Completed","Organic compounds","Organoheterocyclic compounds","Benzopyrans","1-benzopyrans","Dibenzopyrans","Xanthenes","Xanthones",NA,NA,NA
"WPWUFUBLGADILS-WDSKDSINSA-N","Ala-Pro","83525","0",272814.607096311,774114.569184619,560086.044370743,611601.391115776,114871.288458687,314918.886720031,1453797.16926057,203257.397639001,510313.234583485,1633616.07656459,837181.49924682,1195363.55443821,824649.537485911,282094.530476806,79411.8465820769,527506.731093374,400889.154410753,1886231.16556776,1431611.79649199,1616352.11747015,618623.264002688,764047.256582356,821800.336684319,477320.482770566,334983.131847949,438873.03551167,1538367.23198071,1462312.61503238,1331919.19559356,448293.742943846,616798.778504234,696112.575112703,1381573.85071542,1360078.79529069,571103.357395753,1319746.13356499,654739.900741851,244507.138592881,141299.315641741,155332.151200746,727844.773266991,430021.065545018,500148.590459767,499290.140166972,405682.855951453,99973.4618918524,1248828.23900654,258295.367872025,727268.003405718,396330.916389083,512830.902604966,622236.261166961,84697.4834484955,637706.304943522,483347.440351674,379465.894453525,307451.334151905,"Completed","Organic compounds","Organic acids and derivatives","Carboxylic acids and derivatives","Amino acids, peptides, and analogues","Peptides","Dipeptides",NA,NA,NA,NA
"WTJKGGKOPKCXLL-RYDYYDTQSA-N","2-Oleoyl-1-palmitoyl-sn-glycero-3-phosphocholine","6506401","0",3644.56055653643,2561.27838642548,2251.62661664351,1421.76790313138,3775.58703409336,1902.49929668121,2536.60447368267,8355.92783115793,3227.67681258979,2569.9801410644,2462.72270687308,3082.05631469711,3133.9564078459,1882.02704426903,2853.94292472908,3936.88626851357,3501.69442133117,2450.85336788017,1742.14729519259,1561.02272361891,2673.81800297542,3256.7007408824,2597.70171565543,2038.28273956268,1857.16241037204,2852.76193315569,3183.72954579091,3836.95765481291,2011.64145739889,2881.2510260828,2856.42543318239,1685.06843734743,2875.13107625247,2605.2977522712,3172.61922827688,11336.6793663076,2767.11441662082,4739.21830155305,4855.00313098827,1849.32384448652,2268.6070855075,2552.59744725701,2316.82373386406,1793.12935517518,4571.0811995643,3217.85246431864,6726.3306257759,2525.70906838671,1986.49850795319,2560.66077633591,4119.982433379,2532.3650201235,4490.50048160353,2581.6804653356,1828.16650393263,2920.17584827489,516497.839014028,"Completed","Organic compounds","Lipids and lipid-like molecules","Glycerophospholipids","Glycerophosphocholines","Phosphatidylcholines",NA,NA,NA,NA,NA
"WVDDGKGOMKODPV-UHFFFAOYSA-N","Benzyl alcohol","244","C03485",148174.485950677,43284.254659152,30788.0662051053,321570.894361996,224815.602289727,186830.209582249,236583.254373568,262239.693846404,241169.236553361,3557.02364351838,115406.390957184,73180.0127830021,232810.249908663,64390.3568007966,177321.240085483,160266.22888686,214845.638368299,206744.988350517,205025.010634886,264007.116045409,325563.109949587,12792.8477332402,109337.143824006,160932.417370209,8870.18985326892,230167.195662277,3288.38863671106,91927.1537239379,262819.902089742,86186.1377227943,220472.704573039,302555.313355982,138009.730812124,145547.847649896,143463.204741392,222383.902188914,174343.349776067,194976.371904472,12616.3208084332,2997.78342320898,77750.0235118457,48780.3261766608,97058.8971182165,111066.723233888,298641.970005271,58408.0895502247,237744.506666975,223134.784917567,33466.512730587,159314.297038754,8002.07776602145,4186.05913909058,454098.958078954,198234.195730769,113724.11254092,211280.073730264,253111.765842416,"Completed","Organic compounds","Benzenoids","Benzene and substituted derivatives","Benzyl alcohols","Benzyl alcohols",NA,NA,NA,NA,NA
"WWNNZCOKKKDOPX-UHFFFAOYSA-N","Trigonelline","5570","C01004",240120.075653044,361387.122691913,84732.0903386852,148476.57618868,63943.9113895113,391404.13709477,143628.542994225,67546.0285265085,180073.992419383,767229.220043705,41226.1467926928,703423.74525949,78644.4644519764,48185.4549747974,35015.4441552647,233437.978023932,185958.945093636,201426.782093125,614586.463395061,438423.286550718,1255005.28748546,602474.259724163,94126.2245489632,118739.786177659,435931.553439131,257749.963376067,660308.856887945,237569.63890108,234744.641062078,655390.824494472,378290.209756367,208412.055272621,598011.21448449,230714.922163367,249177.131433195,251654.700016182,1073017.06737354,210104.431558004,42836.3747325875,568097.917769301,213626.253930747,97285.4286182617,56220.830712992,267490.889923582,214438.474760538,229558.367617188,453408.176459928,301083.427805585,265740.99785334,349931.056509365,105718.138324215,451236.258904713,44933.2787115795,100494.688113689,551283.966790188,113286.514775693,172291.175884637,"Completed","Organic compounds","Alkaloids and derivatives",NA,NA,"Alkaloids and derivatives",NA,NA,NA,NA,NA
"WXNXCEHXYPACJF-UHFFFAOYSA-N","N-Acetyl-L-leucine","1995","0",100697.668221937,43732.6712441248,85048.0693437686,110064.300381995,164670.236809554,66632.2752102947,70852.0617805332,17689.3570365433,225128.348391809,55636.0465020992,92127.7575899225,116013.7580833,41371.2882557299,119500.373348818,53437.0108309686,71544.6066798163,128002.702438758,28197.6893878767,28216.2418464255,58865.5534052887,129815.3798143,111369.279905912,171826.638950414,116471.259590983,32767.2719556061,161250.523606956,23510.6181843021,249732.286116864,105788.723904126,31639.0539889472,115483.31031499,173721.852954691,5378.83373595557,17794.5106728348,54899.9217397135,111400.269348156,17232.3217454585,122359.494021485,65513.1180069418,171205.207206585,198690.343996612,122175.513028335,205924.229954639,81957.4686460468,190479.331604966,71867.5942839039,12150.5221224287,168131.253297684,55033.9915082025,58445.8705507301,246807.404198804,60547.988569273,184134.754513354,233635.142111621,45523.0144180043,188126.595695565,47533.2967460383,"Completed","Organic compounds","Organic acids and derivatives","Carboxylic acids and derivatives","Amino acids, peptides, and analogues","Amino acids and derivatives","Alpha amino acids and derivatives","Leucine and derivatives",NA,NA,NA
"WYBVBIHNJWOLCJ-IUCAKERBSA-N","Arg-Leu","6992563","0",64028.7691576861,173174.627769541,94241.2906769828,104912.9306044,327276.470734554,167003.797497788,298410.123278988,87943.6795803167,112071.538655673,417426.707050189,362249.642217284,242549.436587204,375301.642260101,223383.630657877,95832.9470647358,183006.299386142,52758.557854547,170851.014791416,264443.065404861,490786.566809753,25662.5897491922,92831.8976449098,208207.613328742,123545.457172643,44495.4615825215,342318.974502992,473279.921640912,533370.325445814,538418.999031078,82335.7859899277,212292.493116977,264371.932656802,560367.403020813,225777.93742695,114447.135251142,86260.4224917431,39844.9334464443,138051.876779132,54289.0997492962,69084.4025013063,114084.26839503,207088.197019725,93472.9406249634,40930.0870509637,107201.822593776,577.426488624107,416529.96749241,205382.893190371,194058.183842237,52080.5686840024,127131.679913474,134064.076474636,27221.7027171279,35112.9363289394,99383.6121877118,88249.4468744631,206131.490086962,"Completed","Organic compounds","Organic acids and derivatives","Carboxylic acids and derivatives","Amino acids, peptides, and analogues","Peptides","Dipeptides",NA,NA,NA,NA
"WZPMZMCZAGFKOC-UHFFFAOYSA-M","Diisopropyl phosphate","21884945","0",117050.708775438,91848.2529800809,92075.8401526348,71710.4186141891,93334.7155348114,83917.0438073534,88490.8223319056,126174.236823527,82815.2685518971,84760.4508593379,75443.6546490447,82661.5985531529,94070.9548781759,82811.9712685925,86113.7205763623,99556.5797904594,99060.0094817699,105821.108298399,99789.8360018345,83208.8166100205,107777.298913585,91255.7203892045,86953.2094143399,75651.1673009929,109730.232011416,86219.147522254,97345.5136466484,90486.6080856149,75344.1962710808,124442.16965591,88692.0097003133,54908.7728068328,119533.459856796,102004.492539238,95653.8318064297,105373.62226864,104818.49598865,77657.433764408,108941.99036681,93203.8956104984,86167.7978705908,71326.4902400899,87492.2619043388,89953.8071599467,106005.606914646,121320.905840801,81413.7734107741,223064.911761892,148900.651492394,100465.546499949,103056.949940489,91046.5528344919,82445.6696247995,83087.4299761132,116248.269421839,94395.5761467485,82908.3584577685,"Completed","Organic compounds","Organic acids and derivatives","Organic phosphoric acids and derivatives","Phosphate esters","Alkyl phosphates","Dialkyl phosphates",NA,NA,NA,NA
"XABCFXXGZPWJQP-UHFFFAOYSA-N","3-Aminoadipic acid","224389","0",891604.52457349,192092.021634943,764958.655586292,574902.007116197,368789.561009385,255929.461902526,193474.348977074,490992.788167876,541334.742978898,475332.24057341,504443.203000836,189175.595302525,338527.66441059,281603.163810075,316985.421448611,272194.349622524,930913.57626403,881257.006653824,656570.633541966,375508.617434382,348094.725511169,257955.961449232,483320.207760852,520650.946928502,148753.334645819,434446.798572051,379342.107994624,486291.052214107,174836.524586325,697821.544284095,430756.835118203,489618.166734944,255637.900458102,265161.536795907,303526.310290789,524592.234421536,722507.075376349,482617.702194937,754825.927558086,438669.19408351,329863.141850955,514706.176477866,632489.378288999,529504.187942713,586448.339752405,470274.535304395,553519.261047443,560010.736717909,296269.212172626,817965.523257258,624436.052449354,233928.152496822,712300.211316198,722091.515153554,504382.081025997,698596.77692149,513963.997384444,"Completed","Organic compounds","Organic acids and derivatives","Carboxylic acids and derivatives","Amino acids, peptides, and analogues","Amino acids and derivatives","Beta amino acids and derivatives",NA,NA,NA,NA
"XGDCYUQSFDQISZ-BQBZGAKWSA-N","Leu-Ser","6992130","0",18041.7738343975,151595.571735549,41082.8034126836,81913.7390441509,43402.2017075233,56997.6575426117,139559.789700372,30080.021649308,122920.540217711,272637.745436571,116117.044999019,264220.85758035,45084.9083737936,25224.7613914981,19800.9110649282,64676.2434437789,89737.8412413274,528215.224579084,170911.829706771,259584.668943742,117351.528361724,152729.552236908,121175.789882907,38838.6778205742,65107.2478027519,86101.6862740644,277636.79081939,122758.911558723,170226.277739098,147042.293043597,58824.794186042,92053.2077825627,344363.885258845,244978.177421638,72521.1702328149,116088.85616766,12859.5154020407,33782.4728756476,12805.5681889678,40134.1383945209,107832.228466146,60826.5268414261,46754.321317926,75150.3803513799,69589.7416879294,25310.9704639135,90018.2133980423,48870.6127306773,108939.888006763,89557.1679913221,82369.8013314383,56282.0422450694,19473.8563162856,142726.228425939,123249.375165098,68405.4931149678,63803.7029640463,"Completed","Organic compounds","Organic acids and derivatives","Carboxylic acids and derivatives","Amino acids, peptides, and analogues","Peptides","Dipeptides",NA,NA,NA,NA
"XGILAAMKEQUXLS-UHFFFAOYSA-N","Indolelactic acid","92904","C02043",9738.80722013856,115749.56142772,88648.3725141237,35756.4862997957,3922.47509113009,7608.84510466848,8884.8543967537,55104.7069365557,16176.5240128737,18695.8782870811,160051.727551533,31798.3409478614,10072.8075460556,26624.67050697,170081.911216772,13606.2787482539,15120.6814641776,4938.12269370036,14641.8127901998,14356.2977240471,35839.143411721,67133.0441613584,26229.7234691918,30631.5257266895,138600.958216519,9156.17800912536,152665.336240644,6749.41074461858,5812.73397030726,13632.9532889519,6950.1834305408,72437.8210564193,14280.4117363842,35712.9698663955,4838.13035773541,49628.891478119,56161.6702594695,41602.9685169446,125679.49186165,79367.4600280215,73226.7076747866,108795.168693107,32509.7705858501,102710.52281342,42726.3718632279,120263.881877187,18708.2797345014,18141.7667568335,162591.164025768,43109.1342379252,48019.1254322653,21016.8773088828,348623.294558248,140238.013141208,31877.5012540429,46044.1436170719,48203.9068428702,"Completed","Organic compounds","Organoheterocyclic compounds","Indoles and derivatives","Indolyl carboxylic acids and derivatives","Indolyl carboxylic acids and derivatives",NA,NA,NA,NA,NA
"XHAGTHLWALCIKI-UHFFFAOYSA-N","(E)-3,4-(Methylenedioxy)cinnamaldehyde","18321857","0",191833.498166848,54099.2912193032,35808.3759921652,396411.74123433,286712.729951118,246441.854211594,316790.000197671,258.388475145427,305818.393785373,1887.50424153481,145418.715451731,93564.34031003,315810.535313925,84814.5222122482,226234.824238526,214048.594056917,267232.769758442,277877.956382281,263108.246589957,337869.394306425,0,1699.19596834572,144397.012890557,196588.979042374,6037.27072953742,295674.352447807,283.626136393602,483.641403068113,342449.695947844,108152.420409892,296109.865069422,388237.967357435,172368.005726941,196745.76377162,183554.734855287,238.524400485524,216670.232177137,245940.774957705,12593.5838791696,743.229254233379,94346.2908056631,63429.6229523415,122722.512041008,139920.465981565,174.14786493348,76009.5958397157,303217.024570183,278006.790597355,41704.9549585088,919.858819890385,8324.19726429508,291466.623197415,0,255058.925973156,140234.910376631,285804.184488542,325810.716955009,"Completed","Organic compounds","Phenylpropanoids and polyketides","Cinnamaldehydes",NA,"Cinnamaldehydes",NA,NA,NA,NA,NA
"XHHOHZPNYFQJKL-QWRGUYRKSA-N","gamma-Glutamylphenylalanine","111299","CSID99868",64053.1517811277,184157.458922779,221848.196576063,319500.021707852,74963.023563504,185366.748584802,113641.981524087,332667.642508397,267329.074327198,254845.668471058,165209.053916381,127773.34784679,97137.3302824024,164542.00876346,325012.266027572,204475.621287746,147703.162110725,86275.860585706,160415.207874048,302035.742767632,134012.243355478,198701.582066978,230424.639333781,350199.106623567,97290.2296535801,251133.127249618,148403.451152043,172406.743765813,207875.521453316,111725.3279888,177601.698718121,369185.29016846,89944.1423890321,50287.6970325419,164825.224022404,261361.289047293,62764.1611087793,213574.379447388,134783.179208084,145454.662041324,142914.94008396,156514.39796654,243802.153606585,114257.438704126,169270.523695584,62803.4653158253,80565.1155704003,139252.06152917,162871.38539628,136713.638459603,202140.167104862,231544.255779869,331080.248348278,134483.344239982,154468.151938866,142011.260240295,170933.760725931,"Completed","Organic compounds","Organic acids and derivatives","Carboxylic acids and derivatives","Amino acids, peptides, and analogues","Amino acids and derivatives","Alpha amino acids and derivatives","Phenylalanine and derivatives",NA,NA,NA
"XITLYYAIPBBHPX-ZKWXMUAHSA-N","Gln-Ile","57315376","0",32022.0843546667,130505.619951707,124089.15361871,115377.31162953,71235.6501674258,95605.8163046501,194200.184594543,75824.029674686,83545.5503517831,311931.212294098,297835.105663369,252224.895037639,135980.187922717,109609.069636845,90875.4962439902,115446.292906859,63852.2092082878,153241.594156415,138031.3231318,254330.820166906,60955.7747725934,97252.8826304247,150079.991176597,73233.6069063014,42498.5641226231,164628.41605384,160530.30001696,249004.748298086,239592.82349274,67986.8432669041,141601.873491437,215693.261499004,220242.14802175,175658.113136605,74391.7542839495,154986.697569629,25098.3460378499,89893.5657953928,28791.6397798305,56925.6508106136,123869.234705066,116349.807042336,110590.47812522,52440.8499856303,91935.6604477794,29211.3792917115,242867.919757824,74804.3508826218,103524.358680894,67523.2918359273,120205.185069849,112523.099834064,42155.3684743653,76827.5488477995,82275.8350273774,79898.6612811242,127906.89948994,"Completed","Organic compounds","Organic acids and derivatives","Carboxylic acids and derivatives","Amino acids, peptides, and analogues","Peptides","Dipeptides",NA,NA,NA,NA
"XRHGYUZYPHTUJZ-UHFFFAOYSA-N","4-Chlorobenzoic acid","6318","C02370",183894.963500188,95243.1347755046,175123.466796684,48403.9732426214,20823.5100548391,36668.157791647,94000.7080555953,11348.6469094316,28810.5693194282,30746.6452255722,4319.292373248,40728.9717267271,84535.4198704543,220412.454431386,198647.435343525,151904.753575099,130832.201246331,84735.3836521571,38411.9697605933,31428.1396753375,72934.495196569,31873.4781501782,151583.415714299,20312.7584106489,27279.7349866928,50829.5608861944,84023.290652521,165563.414385753,19934.0040431541,241087.590899923,27457.6962886093,2838.69206409564,31349.4807849196,16896.7952955385,23127.5496666834,3403.87526066812,63686.5956408414,73936.6594530555,167257.920010777,2685.07118156184,99042.1721846333,146093.6615146,114994.093254928,61893.4951703421,31262.9417064129,75241.7246950916,61672.3350124341,94485.1888018744,51074.0019122154,107187.770200147,97390.9022851577,95780.9619620721,12367.5763494652,141527.696631205,60834.957496572,96927.1336123459,10300.5325606642,"Completed","Organic compounds","Benzenoids","Benzene and substituted derivatives","Benzoic acids and derivatives","Halobenzoic acids and derivatives","Halobenzoic acids",NA,NA,NA,NA
"XTZDZAXYPDISRR-MNXVOIDGSA-N","Glu-Ile-Lys","145455411","0",2966.9802840536,13405.2450488331,13008.1706498335,15233.2275335505,6787.79146627973,11531.4753288636,31857.4982788527,1520.25388551172,16250.8793337914,13126.9655481161,51523.195261259,28105.4801199549,18284.716339278,9615.02585030253,2435.53116114736,10270.1804288926,8074.23991080441,43349.5389207787,19581.10373107,58779.4926546962,2512.54009168484,3530.19770023475,18148.5071964852,9114.26515724764,6936.59117648928,22347.7531216405,3256.99090943502,14347.3363862953,35160.2875442893,7442.7976324761,24091.4860931752,36334.0068353957,72915.7544278462,25400.0179605319,5454.26831134732,7935.88387466903,2268.70575516837,2144.975682148,4880.41499310639,1401.72853152813,2739.86362983998,13031.6384642391,13697.8811616821,4608.30607100801,302.656979056806,4096.66090774425,25990.0306774442,7865.86774552493,11642.6620435216,4237.81280689346,3377.62657816221,1958.1008286132,1470.24256829655,22853.4241192208,9518.62181676005,15780.1614251281,1478.07428392423,"Completed","Organic compounds","Organic acids and derivatives","Carboxylic acids and derivatives","Amino acids, peptides, and analogues","Peptides","Oligopeptides",NA,NA,NA,NA
"XUYPXLNMDZIRQH-UHFFFAOYSA-N","N-Acetyl-methionine","6180","0",344448.569992532,527698.270055607,490412.603655376,733732.95908716,73186.9218628467,714813.223175282,620584.447533566,87042.240074579,636701.433838876,118795.953840796,700027.537183646,671256.435495226,214388.132006633,330498.616449219,245910.141923024,792041.09003155,539961.447743531,190388.795123416,211954.483146693,555989.809439374,440029.658756159,712964.110590647,592473.807166282,155917.65673278,321906.068792645,567445.056608707,188060.681749984,211730.005049907,263327.260308127,436418.757695726,325982.34743784,816165.316552457,53068.7702247793,70482.9731860635,348050.831984295,396075.196759223,173249.351521006,462813.14668231,161099.023516037,619893.240348782,1027680.31890909,405306.98587538,353954.136836161,349767.172019119,236769.638307908,186038.561666953,64860.9006493713,221071.707780293,163875.645404115,511550.861917805,895464.547689746,533368.930384234,837192.414948127,835974.043527405,506977.8854158,790942.66093456,586864.132876363,"Completed","Organic compounds","Organic acids and derivatives","Carboxylic acids and derivatives","Amino acids, peptides, and analogues","Amino acids and derivatives","Alpha amino acids and derivatives","Methionine and derivatives",NA,NA,NA
"XXKFQTJOJZELMD-JICBSJGISA-N","1,2-Di-(9Z,12Z,15Z-octadecatrienoyl)-sn-glycero-3-phosphocholine","24778990","0",515.88498018579,415.629135749014,1168.90135446949,1080.71286446356,870.14137179774,1132.93783339781,1572.00713994039,2739.738117415,1297.44545705032,1857.96423991338,1249.91611355681,1471.35516287141,1102.02089902114,238.266478018296,1566.44205022512,1207.45460622232,993.137223282241,1510.37057709929,1059.50538224471,946.6682565178,2071.14791341588,1725.55712105438,844.657684023474,1270.80324918444,1889.40896026275,1045.46969065262,1509.18409106854,618.562824524883,852.733548608082,1362.47223023626,879.582038562716,632.463353821855,1756.2602905976,1249.23482180033,1288.6107589382,1421.77208149668,657.394715485385,1307.62246778882,1580.88531703255,956.896152600348,1101.42517919567,1524.00008518241,778.984935073294,1171.17170865397,558.474187545297,1785.62140477524,1537.20902165847,2000.63285441372,2112.3817209765,1379.28336769513,1004.30935524966,1083.16497910887,1779.23585531491,1221.44022015878,1326.43371504369,1704.20035543303,1822.68405822196,"Completed","Organic compounds","Lipids and lipid-like molecules","Glycerophospholipids","Glycerophosphocholines","Phosphatidylcholines",NA,NA,NA,NA,NA
"XYNPYHXGMWJBLV-VXPJTDKGSA-N","Tomatidine","65576","C10826",2216.25214124592,99785.708702471,1160.06278090073,546466.649053569,9457.90865731079,4020.03776033423,12812.9087420658,4938688.29623767,50635.9963273961,2098.35873586709,3882.16185607424,1343.2607133979,1467.85939861442,1315.5647171516,4660.81561522131,1086689.67052579,2629.69936797749,2281.79039001361,2860.32603193861,3620.51613136286,39548.2541265489,29244.4037861699,2205.21407325889,2082.90364016606,172399.610249006,675.57848937681,959.72386373776,3201.78911687796,1809.21212835246,4278.89223358138,3827.61008046441,7497.27911594519,13632.7985481636,6612.44191015779,2635.6980787193,831.1898322596,822.689739916451,2964.06601287884,0,381.284896223815,228.321969153332,6758.18043164988,8609553.31631127,7769.01481268597,3676005.61153727,248.040015898577,42661.4836070985,262088.041660233,16354.0715650891,3009.98808133177,1090.39301427106,553.72140742376,1734.80544803123,49506.4989233105,2847.12501818452,356.740505024856,7317.24467706461,"Completed","Organic compounds","Lipids and lipid-like molecules","Steroids and steroid derivatives","Steroidal alkaloids","Spirosolanes and derivatives",NA,NA,NA,NA,NA
"YAMUFBLWGFFICM-PTGWMXDISA-N","1-(9Z-Octadecenoyl)-sn-glycero-3-phosphocholine","16081932","0",24095.1651442,26765.1662707979,35577.4682576811,41140.7161160273,121181.535319864,47949.7520279192,157417.509632415,550974.459906132,30370.9107457076,22692.8329697315,51722.2372334583,75398.29706679,11696109.1344107,104967.045296621,119742.785455282,60694.0690369653,45131.1725516866,142190.921364739,342740.400319372,43617.4629908998,241083.799830182,13412.3348218937,86239.0437557524,198931.576324052,271396.518413468,34784.1469303387,66952.5136434373,62341.9995697327,198147.948737097,36901.37503116,109682.796737055,30915.6790283952,282598.559409978,156073.686602168,49872.0007174208,91276.7260408186,30389.0486137236,632178.848236646,56307.3365880458,24110.28332909,72650.2240088369,107231.274996277,708885.91882039,19240.6780707438,127509.865684536,35801.7758431672,34888.4441291277,39063.2042082137,32062.6078731502,78305.1277072659,50016.4571529172,69576.5421753106,380489.890593689,45591.4707176453,146236.635613792,35123.6508661616,51143.0155754859,"Completed","Organic compounds","Lipids and lipid-like molecules","Glycerophospholipids","Glycerophosphocholines","Lysophosphatidylcholines","1-acyl-sn-glycero-3-phosphocholines",NA,NA,NA,NA
"YBTCBQBIJKGSJP-BQBZGAKWSA-N","Glu-Pro","11218768","0",11642.0610453868,50543.7816520025,59859.2394944775,48457.7430746427,14831.4334084786,21515.8633175689,67162.7157406852,69559.8180708958,30267.7900807686,163098.497917879,59806.2088585879,109160.705036467,45683.857366699,27140.1279280452,9145.73175769309,47069.307060947,37686.6433543788,72349.9975479291,126602.43067519,62185.2829528975,94194.7885048197,68786.1328491602,47968.4639238241,47670.2929506215,41985.007957697,19454.7439593305,10326.712501091,99648.8104596177,47554.8666706946,34434.3364039444,30325.388357524,30533.8002062181,147153.289609647,96010.1275435307,31445.5047907229,83046.0718371652,33117.047413876,12326.533304945,16018.8353994068,8147.89245626109,48447.1819907071,36980.2112313913,35841.1843891195,35738.9230100432,43107.001159948,23114.3956751077,129226.434269258,11898.9873929691,104824.640161757,7355.84138628041,3203.60799863508,8970.66030543012,30076.3563851048,70228.4751583479,43920.0913751168,21997.6387984184,15387.6948024617,"Completed","Organic compounds","Organic acids and derivatives","Carboxylic acids and derivatives","Amino acids, peptides, and analogues","Peptides","Dipeptides",NA,NA,NA,NA
"YBZAVRDNSPUMFK-UHFFFAOYSA-N","2,6-Dihydroxy-4-methylbenzoic acid","68074","0",11571.1860591474,23400.9538222767,22187.0931557881,17133.8849283916,80790.2380920252,16368.0926445689,79486.6848319187,8698.83194211744,42624.7177590125,23821.9777971029,5337.24526083367,12187.0932031005,65751.2580509648,13934.3751615459,5900.05688750367,10498.3386882553,9128.39952996035,5281.33973198592,15483.5745955508,42146.4866173116,22133.5598982926,3078.89027501257,40628.5867396557,10084.0167840579,1237457.38111022,7640.90449718934,2400.57694668229,10098.8810465568,6407.95478578651,7021.11904028089,8344.38557119925,3920.29351107296,10960.7822726183,8938.76183024945,46383.7550041814,17483.3483361304,7754.86460640078,69286.8986962664,9294.17443361752,8763.8946835803,53630.9781791986,9087.68429278575,480318.445857304,3304.10884871858,429873.357913608,8295.54202964879,2682.48800332097,7483.33425431655,2840.97057799174,5760.64388594442,13187.5757482363,6655.39285585808,2764.20025747478,15751.1636053369,168456.531820783,12203.5502926166,8262.77564055835,"Completed","Organic compounds","Benzenoids","Benzene and substituted derivatives","Benzoic acids and derivatives","Hydroxybenzoic acid derivatives","Salicylic acid and derivatives","Salicylic acids",NA,NA,NA
"YCCILVSKPBXVIP-UHFFFAOYSA-N","4-Hydroxyphenethyl alcohol","10393","C06044",1544015.51318472,11640793.2905369,10078709.4069144,1325047.06377836,311834.33124455,139641.059052323,1346239.79131398,23019.8155793582,226857.963181013,4905.67751064849,11632186.5953555,11773706.9835267,271134.085441179,9167378.76452125,5206448.49391338,6258198.27390168,1389476.68921671,13436.5880620968,11443.5607952352,32499.4365183127,22764.4378094592,7230.64451171292,7481744.09331345,6299595.70312828,9388985.48539386,587727.412539082,7419.28295532931,5532.81613681569,285162.195827704,5611528.14555207,75383.0371302579,864659.18226115,12136.7674259509,16277.1154966166,4929240.23105499,10364.8747128011,417351.009777247,4232014.19227347,9709972.82531587,10120204.6252081,9722491.0262597,12747903.332477,10191017.0219941,9272611.06257306,29766.0736862853,6409816.75213922,797143.291443855,1132354.08541254,12744456.4006693,3848157.17772534,3127615.56596477,3237571.7186902,90259.3626148261,8093916.99388996,4003262.75903463,2705799.26696101,152599.058198441,"Completed","Organic compounds","Benzenoids","Phenols","Tyrosols and derivatives","Tyrosols",NA,NA,NA,NA,NA
"YCIMNLLNPGFGHC-UHFFFAOYSA-N","Catechol","289","C00090",26400.5707414075,25236.0624781025,31188.8271081811,32334.4633465197,22715.0740065708,26990.3053221211,52671.8377912327,10271.3342628367,9551.45973296005,24533.9863241744,30200.8641786331,74400.9864551794,53702.5790887002,13911.3839534451,9086.739765112,15350.7841796391,52328.8201077781,18668.2051109932,30384.6101413748,45352.0862410984,99697.8613898968,14779.0684294957,13096.4594934439,2617.5823881773,61210.285550523,29098.0916994847,49053.3377031952,26981.1431247702,32311.8468099355,43860.7892798218,22867.120347443,20848.4615021827,146859.101116948,91289.7350323352,23918.6691863411,19172.986890641,109543.046803733,25081.9763525579,31456.603025615,43414.9265552354,30314.5509231379,22687.2598786003,5259.38997610398,96170.4310716266,10612.0856741478,28468.8215487916,56034.9620281353,12847.2383961235,78178.8257271883,104868.353056595,30468.0078879002,51057.5733656343,31078.6938901233,51631.0321480025,3743.75305425387,31919.246019456,58544.9754282892,"Completed","Organic compounds","Benzenoids","Phenols","Benzenediols","Catechols",NA,NA,NA,NA,NA
"YCUWMGPYKGLQQF-UHFFFAOYSA-N","Hydroxysydonic acid","16745403","0",59058.4289088367,60019.335811197,21525.0234684257,14498.9184506053,36489.6917491183,34005.5525817445,89492.2439108434,44542.8613982327,50923.4025667433,127959.784044998,34663.7227751134,182683.676762271,90738.0014467064,24937.7970533509,57146.8581530543,32025.0607224453,131800.283884063,22709.7608475395,43579.3332628156,98351.275937222,191921.939514587,33875.6952138454,61833.9047536527,77228.3667595889,64364.8265326478,59997.8395711028,89315.9175035719,121473.86412906,87187.0807043417,375960.393050883,38635.8160877022,30817.8628787124,212122.32105391,374401.954323637,132786.194982773,96658.8610029146,50187.1922240062,181621.645406079,53982.4143465482,39566.421078894,71821.51131733,37840.5803336247,28350.8909630934,57158.7412531062,25251.7593794722,36527.4596635814,330279.261320233,49686.9344215839,90885.3688681689,99392.8989419782,38701.8080492409,53261.5252373663,28433.8535173841,101483.476258691,62671.8264318825,37597.5875510654,47823.7446647644,"Completed","Organic compounds","Lipids and lipid-like molecules","Prenol lipids","Sesquiterpenoids","Sesquiterpenoids",NA,NA,NA,NA,NA
"YEMITEDRQMFNKS-UHFFFAOYSA-N","2-Amino-3-hydroxy-3-(4-methoxyphenyl)propanoic acid","15594562","0",4350.37334037271,15746.6546581106,14071.0091214778,11566.2511500575,15288.3150258606,19595.4440903067,7736.83465410516,18828.1803158879,10265.1934643794,4603.14714921522,14667.5378750787,4035.84066145258,8275.51916321354,9969.18069311572,33497.920893319,16018.2486067396,6325.67840145823,26185.7279890276,61131.9937216575,5181.53885498177,5487.08683150284,9990.87687658222,35808.427972152,25557.0670295954,9309.6983851126,10575.4385939893,8119.45227358511,5430.06828509092,8924.60304433443,5641.36446381764,28010.6987823589,11208.0308929356,7626.89276328057,6322.4799009092,7554.10845070619,5680.83877837576,8644.55123952087,16837.4655611439,6992.27448176493,28497.8225696945,155368.533569459,19008.5121136741,9556.13204621374,7947.23659443766,10279.528110108,347186.677737435,5637.05006075964,16598.9846585512,9838.08012999848,7272.03427096658,10543.8597840081,8531.79173630842,7406.75085058734,6606.01369070248,135595.371784839,7512.95503582347,9941.58065056273,"Completed","Organic compounds","Organic acids and derivatives","Carboxylic acids and derivatives","Amino acids, peptides, and analogues","Amino acids and derivatives","Alpha amino acids and derivatives","Phenylalanine and derivatives",NA,NA,NA
"YFYNOWXBIBKGHB-FBCQKBJTSA-N","(1S,3R)-1-Aminocyclopentane-1,3-dicarboxylic acid","104766","0",13080.6358284422,78091.9893572046,11006.2337365077,90715.5625431304,6234.48257286745,10692.2252466542,21061.6485158599,42658.7068251997,28187.5650307725,45129.9921323258,39228.1364870139,10051.0867684857,6227.36421352012,27162.3784940858,22577.5820288925,23372.0366601194,24251.2909989058,9143.9558956041,18357.9899564659,34921.9188344964,16201.7606973944,65853.4546103218,57410.4217952913,30665.2677306711,21994.5356587856,18799.2890845309,10697.2056829484,25534.3979392378,18980.2799647158,36395.9838023534,92766.8483268911,20604.9508296126,7647.52767531109,10964.0522143698,30951.1120490511,20262.0749460476,41780.5255645913,13996.6740127563,160644.430045767,10964.2432114602,12385.0968947533,55729.9308777703,11854.575236666,32764.6197033607,19323.2068890673,11431.1775068957,16926.8832065825,9019.80236057712,30948.0808895536,36657.0302934144,36828.9959692842,37361.7216759519,32111.0670823009,10743.9894365529,9723.60528395458,53522.2875981721,14120.7739876695,"Completed","Organic compounds","Organic acids and derivatives","Carboxylic acids and derivatives","Amino acids, peptides, and analogues","Amino acids and derivatives","Alpha amino acids and derivatives","Alpha amino acids","L-alpha-amino acids",NA,NA
"YGPSJZOEDVAXAB-QMMMGPOBSA-N","L-Kynurenine","161166","C00328",1397788.68250485,1053446.11495306,798169.835750416,925386.493127146,29532.7092840112,43981.4304156216,264192.664978373,34346.3557972637,2109167.52550152,2298107.49182501,395157.825662899,561611.24904031,120006.205134098,288462.172778669,234735.507298877,33841.8940399089,481500.369072901,158746.985965229,207536.301894242,2075315.70377852,385426.176335395,1557512.50421153,53776.0976117795,77440.325977787,897089.703452912,656805.858226989,2584829.74551642,1241448.9926987,287973.920246775,24050.8668332843,59447.1621012041,279562.451215695,1707951.99289799,1516231.94604697,460538.773499789,393115.784652452,879827.625204445,1166282.14426657,963641.044255949,309356.696229071,84890.2471199152,59659.7821961092,175377.30034567,498300.915747371,607488.93549511,26179.1842617757,44837.6487029326,134365.856565415,705054.850883976,1719393.02426809,146675.036012746,2015852.60968188,814879.394544319,125282.355239981,1272127.49376248,126907.523646325,55739.2251743154,"Completed","Organic compounds","Organic oxygen compounds","Organooxygen compounds","Carbonyl compounds","Ketones","Aryl ketones","Phenylketones","Alkyl-phenylketones",NA,NA
"YQUVCSBJEUQKSH-UHFFFAOYSA-N","3,4-Dihydroxybenzoic acid","72","C00230",93783.4394540228,170193.883600965,55626.7847870202,46392.3132353572,5345.59530559905,123925.814571442,367392.383777555,11318.9355289842,28866.9713074039,185776.323982777,88071.0414662351,38387.6042329821,373051.580063889,13775.1397572921,82998.0201511904,61667.6192870521,325329.192472071,27045.5026169019,45828.3043129834,66923.1362618845,150299.64170219,28856.8176112342,60371.2233924051,2723.56199727634,83918.5840490242,152522.295646869,121007.663224633,252226.469517619,180316.547437808,308564.381921944,6229.80482007755,45428.8983225505,304968.701454319,388756.839797562,121448.696131873,69566.965706194,429439.752417552,181902.621297383,163687.758159103,79180.1519340902,100283.49724676,67789.6588846778,36698.9530457373,86574.2515383798,43061.9243057206,119480.276620346,232797.094189238,99163.4289738406,153800.777934184,148733.571804551,107447.369211678,242700.766805681,72666.8800703824,346505.259682933,25074.7024560629,93408.8103459251,287849.598488504,"Completed","Organic compounds","Benzenoids","Benzene and substituted derivatives","Benzoic acids and derivatives","Hydroxybenzoic acid derivatives",NA,NA,NA,NA,NA
"YRQVMOOPIMHYOQ-UHFFFAOYSA-N","1-(3,5-Dihydroxyphenyl)-2-[(1,1-dimethylethyl)amino]ethanone","29978824","0",17581.1547973764,302773.771183883,36463.5352579501,31592.0213237467,32082.7322678143,21137.5536719704,43181.488958241,66176.159467801,17773.3153325268,15592.0277523871,29255.7963205525,17718.5781731197,40428.7585252507,42293.6905086251,11413.6900483513,31360.7121354806,22787.2993038258,138712.25466122,180656.386843258,20097.315479954,14113.6361617374,940078.247319886,21331.9056774695,13852.1123833152,35873.6895950772,26801.7798147234,62815.3397793638,18286.0040357448,25981.8043831091,30189.3105929119,64614.3132471603,54208.7866750229,35477.1457004725,44948.4717644982,19926.6855148677,12929.2724158376,25844.0663389091,237277.776108604,14240.0050511383,402754.735597655,21480.5308579454,30816.0211294378,20959.9463373036,12791.0500199033,33238.2218071314,30344.8954933985,8724.42471232656,15033.0039342952,15814.4624263368,23605.334238636,44902.3473024524,38964.9925976156,16837.1047965499,36298.8090426873,98649.4853517128,28350.6775636182,27459.0918299839,"Completed","Organic compounds","Organic oxygen compounds","Organooxygen compounds","Carbonyl compounds","Ketones","Aryl ketones","Phenylketones","Alkyl-phenylketones",NA,NA
"YVYMBNSKXOXSKW-HXUWFJFHSA-N","1-Palmitoyl-2-hydroxy-sn-glycero-3-phosphoethanolamine","58177710","0",593892.692351347,341711.760147395,931559.138427382,207321.687860367,492628.586138895,403192.464761962,279424.746647837,901913.858871241,912773.503167891,292245.347765279,346500.867866105,420717.564265377,615732.326136893,117475.571839122,343692.998198629,389562.832362192,186968.082226154,762416.92943733,186425.557257973,260742.772129369,378994.603221744,472499.497912751,1118836.60295576,213502.085207082,403306.405166376,1536412.09974907,247592.011389795,386741.876034949,416219.160730051,482186.216587009,503660.691967316,774110.386726021,896323.259405709,785330.489650313,478149.016279872,459374.038735944,237913.797301728,174307.353358103,79646.1257438986,1095934.36084459,64500.0429979396,378393.200664723,342041.78182302,144982.510160196,656344.086618155,206169.26095673,146615.12801275,188006.055901726,152440.733068391,243929.191777299,90190.6826243878,276942.874848226,510344.82435415,348586.720331095,380885.500863012,69836.5405222516,156308.412214622,"Completed","Organic compounds","Lipids and lipid-like molecules","Glycerophospholipids","Glycerophosphoethanolamines","Lysophosphatidylethanolamines","1-acyl-sn-glycero-3-phosphoethanolamines",NA,NA,NA,NA
"YXIWHUQXZSMYRE-UHFFFAOYSA-N","2-Mercaptobenzothiazole","697993","C14437",69807.9075823661,179965.090539625,30872.4474528921,15008.656369295,3376.94567558365,3924.61385153758,137541.495455822,3828.36639173011,21426.2475090725,11964.8192763923,85117.6791597408,182944.580279939,114138.207695443,14261.3612323131,7489.93991078175,31333.087961605,18978.0526807475,168452.323276422,39169.6978154947,266260.274178554,345444.17151195,20499.2652798639,20577.2673320976,5432.3096405926,41051.0000534156,111353.107594091,79774.5275834468,3827.96605935802,26567.867719304,5152.41084700958,9139.4973368296,30686.0401436909,32216.5245959889,9685.36692216649,44154.8519352456,32844.4699336135,47992.9150480168,7637.08082336239,3819.92626105051,54876.4439936822,26171.0652207132,3686.91307920162,2716.16893791205,300886.798844777,6769.5308469742,24454.4716948081,28178.5685668444,1583363.45197404,805303.333423015,19817.3729471075,51525.6260473201,33550.7651483423,3047.31608163426,124652.579890894,288262.807367228,47226.4403040331,104780.14614996,"Completed","Organic compounds","Organoheterocyclic compounds","Benzothiazoles",NA,"Benzothiazoles",NA,NA,NA,NA,NA
"ZCKWIRNYRQKPNV-UHFFFAOYSA-N","2-[4-(Acetylamino)phenyl]-4-quinolinecarboxylic acid","700796","0",24363.4808289781,31282.2975068809,20429.3326186372,27492.393307153,2377.79669167523,2064.10159754304,9432.3840298052,2417.6260312248,88023.979464983,51811.9648498836,9968.96508178258,7852.22957250195,3196.19101624449,12087.4147774471,8705.32593852073,2081.3158859595,8372.95314488696,3423.76506763225,8088.60455598685,59540.4387940981,5726.25297610943,35301.0525018926,1700.12963417746,12243.4937651619,7986.77417488867,28000.9637618274,62302.4574364542,67530.018892483,7265.42635660068,1412.30179736427,2711.22085876728,8751.88332077252,42248.1056032815,25585.2502163591,12817.0390652673,10245.5542670347,12260.3594785371,53355.1754150314,46397.4120476828,10823.318211186,2380.23056467148,2449.08676010841,17359.8302078036,11238.6537450937,34530.2637750276,1338.1166179945,2701.84616416968,7544.61619428546,16410.3829743092,33107.5952806835,4728.85075204357,71495.8891208316,25818.1253116536,1376.31526648575,45160.8230782809,3484.22741496515,2032.2790789228,"Completed","Organic compounds","Organoheterocyclic compounds","Quinolines and derivatives","Phenylquinolines","Phenylquinolines",NA,NA,NA,NA,NA
"ZFAHNWWNDFHPOH-YFKPBYRVSA-N","S-Allyl-L-Cysteine","9793905","C16759",57596.8897529817,13366.671579158,34426.2440503492,18148.6980253884,10131.751645761,11021.7528590045,37644.1272344413,14512.1357866069,15988.3903684922,207212.925166875,39953.4589280792,48196.4021174455,16270.8024314184,27746.455852652,7851.98593149387,24847.2735378829,117485.047817508,11764.9918637208,12963.4263435671,18324.1231830921,71463.0913239684,51676.6463598769,17185.4962800896,30716.1355573589,494964.237439047,13987.8286658628,7555.33977352551,17725.5612081552,3557.69545799099,4284841.00095756,16403.7617807654,55037.0660850102,1546563.72900745,738705.470629332,16491.4533678964,21757.8000076075,98124.6783962312,5622.22872498307,25793.0400498922,42950.7304838016,25027.7409707116,14250.0169689967,20664.1071147701,39477.0339528044,29745.6563503965,36905.9539784577,129909.432618435,20737.9415859156,158384.876980906,8315.07945312549,18304.3479263244,16178.3762310692,16483.6811022478,112247.580232091,43884.3384447922,19768.520271306,18038.5392201365,"Completed","Organic compounds","Organic acids and derivatives","Carboxylic acids and derivatives","Amino acids, peptides, and analogues","Amino acids and derivatives","Alpha amino acids and derivatives","Cysteine and derivatives","L-cysteine-S-conjugates",NA,NA
"ZFXYFBGIUFBOJW-UHFFFAOYSA-N","theophylline","2153","C07130",148632.622612185,15029.188122154,17210.9123817824,154113.716666512,4173.92351959971,104945.08679244,78186.8217044349,17500.6924356434,16852.7290327989,568147.944288688,10726.3381458944,14887.5177391477,45476.6089555993,21037.9101914054,6840.30375686343,41144.9894607401,158968.241063421,796757.986769272,607519.709178875,194915.670879121,16468.5361897547,68523.6197034365,123952.250672834,29773.7421366154,93278.519983844,76276.1653864047,217818.593204831,91623.0615971161,125491.845264645,217018.640802738,67336.7821772693,52198.8586502438,394280.435239161,227112.198702591,207678.974228479,39959.6074245705,220087.170544765,232545.862960502,24142.6064786417,8703.24219641317,7584.85581527368,18665.0986173904,10737.7384084036,35626.1704542411,14567.168646746,20664.6671309912,436641.399912435,110519.808896855,11897.4987918371,68692.5525531974,14119.5713409938,188093.466148082,9406.11917835325,43826.1078994471,100586.102410963,18211.093152226,98057.4772626394,"Completed","Organic compounds","Organoheterocyclic compounds","Imidazopyrimidines","Purines and purine derivatives","Xanthines",NA,NA,NA,NA,NA
"ZKQOUHVVXABNDG-IUCAKERBSA-N","Pro-Leu","444109","0",31987.4353634602,39059.4953929886,17227.4847072238,20328.7421435232,16171.0837790432,18208.6405736783,22963.1468242568,28358.4769309079,18910.4550286265,134876.591541212,15911.5502013245,22133.5091647709,59083.8187643632,33671.5961678852,9540.20453977636,17079.6401557576,31675.248884339,20206.9445333492,57611.5924515792,36805.0303078577,52110.9545849731,42591.9341076549,14682.8817767673,54433.9290640828,65369.7282117707,28842.8892932661,475443.225050232,23129.6830660429,51651.5302172717,11863.6683298202,23690.6015582424,10783.3876446993,22337.292273038,98073.6541732585,56628.7015202692,30937.3438568604,87588.6978313503,22821.299381968,30672.1175765714,24702.4721896502,27955.7419031339,54070.3728335285,42457.3047534105,155535.78566535,51707.5036481456,57733.3140231027,156755.524912396,16960.6809938125,445217.453660188,14917.6665258623,22980.6344357449,133758.736002076,26407.8184382495,29531.4403229014,27931.3809339433,33056.594454189,25037.6825670802,"Completed","Organic compounds","Organic acids and derivatives","Carboxylic acids and derivatives","Amino acids, peptides, and analogues","Peptides","Dipeptides",NA,NA,NA,NA
"ZOMBGPVQRXZSGW-UHFFFAOYSA-N","2-Despiperidyl-2-(5-carboxypentylamine)repaglinide","46781210","0",27266.1894875808,55605.5852101152,78020.2985349024,75790.384721925,65976.9197924846,63691.4154916153,49513.4496737968,185051.263652167,44332.5113178539,25701.8386521351,38782.8222441272,40521.1211854787,82492.977338092,44006.0569868344,48358.8242774481,58639.448698958,33007.8127535531,40116.0695162844,49199.8644168248,15783.2008240137,64519.6528273529,48142.0551341907,49347.2285026552,39883.9457953306,44172.9960836144,64982.0262718017,25134.9272753828,48181.4774593006,54256.1209176691,34466.9002717799,152172.617542786,67511.524191767,46215.3246443549,22342.3358705233,37473.9066085278,47891.3249341656,59238.708450303,38480.8089490842,72389.0329095343,88221.4045753031,57567.2747265678,53186.3706277839,47445.4341297956,40227.2021668103,120040.723808527,64215.6931482801,16668.6765136007,42996.6518541797,53983.1737116847,37278.0107261615,44678.3446628483,60368.7060899722,45181.6850795746,23355.7067097548,29242.321712513,42206.4787787836,99249.4431663112,"Completed","Organic compounds","Organic acids and derivatives","Carboxylic acids and derivatives","Amino acids, peptides, and analogues","Amino acids and derivatives","Delta amino acids and derivatives",NA,NA,NA,NA
"ZQVKTHRQIXSMGY-UHFFFAOYSA-N","4-Ethylbenzoic acid","12086","0",34072.2255837892,36434.2074312379,23793.1293895851,50596.9907822691,114596.755270113,131122.575221699,59316.5650944479,10854.5576568054,67629.2375436966,86391.8758050645,44230.0187831633,61992.6084167229,113368.055844174,44390.0621590925,18015.3805347457,80463.1539812642,54012.8137469233,33209.4004473364,74807.1295103964,59610.2006343793,48548.9519952316,37305.2451127365,49234.8993919968,3850.5924639317,19761.5955031619,95208.1170605264,46531.9575295186,97942.1610080825,126701.492266603,72287.2336549878,161537.552594235,93863.5187585406,69072.7344215637,49229.5429755525,43507.0593471094,34686.7866707605,32769.6244126797,50309.3187044364,4017.77885200749,31861.6860811006,92790.4822677853,44309.0126472619,46826.7524896037,20285.5677609633,31596.5767063771,30979.7427123241,17644.9636135974,58913.9133074686,10389.9431962671,68087.399824299,56625.21497543,65377.455566471,36836.3527202663,50959.0708903641,72910.5174031423,43552.381932315,59470.7305882298,"Completed","Organic compounds","Benzenoids","Benzene and substituted derivatives","Benzoic acids and derivatives","Benzoic acids",NA,NA,NA,NA,NA
"ZRALSGWEFCBTJO-UHFFFAOYSA-N","Guanidine","3520","C17349",135609.73510242,435247.602425761,202424.326337,206215.586283348,426667.737559082,328269.235002865,425906.01462809,410837.675481229,278110.808576862,429878.327043994,314610.295608474,412611.262820993,412909.119154252,303539.440605371,344998.193102936,487027.789173486,149835.721441732,223507.974473816,421420.240371881,468913.502773019,268721.740838716,316410.719199323,381315.906513476,409587.74049065,215477.417952999,483110.48995648,417000.542089511,503833.950574751,440176.671822696,420033.515881508,445929.379039838,332554.183109917,452568.329805372,526407.496384217,161304.935059661,509299.591417482,290441.023042498,574344.861506615,241624.009817653,379372.024896625,400217.360137986,248012.73407805,293725.460041092,251697.348458045,349929.11673806,174297.452462236,361988.199592097,421638.254913125,334374.214270895,207322.647697929,362526.982692119,232758.147566801,399555.58422831,169473.095546718,376030.252924928,352513.639669605,387559.85245404,"Completed","Organic compounds","Organic nitrogen compounds","Organonitrogen compounds","Guanidines","Guanidines",NA,NA,NA,NA,NA
"ZSBLNRQSHLZWNV-UHFFFAOYSA-N","N-(4-Bromophenyl)acrylamide","263609","0",481818.60534994,633332.976911471,556771.579282456,458725.797331574,31602.8917751871,23089.8305535988,76848.8010464419,31630.0304812941,845685.073479777,1137347.1051868,328074.304270296,224064.888226354,47687.8593940277,209833.963046058,130272.814838755,28122.9810341183,209854.809537374,44349.3616971684,59850.2065925521,914391.214612405,182519.303561837,750127.469570821,29951.4603188635,80526.4469009188,479902.710006763,200973.580514951,1105792.37057137,633501.739451412,110400.738784234,7117.15895412136,27310.3820640856,136757.633524739,817578.142329241,644294.494467635,167290.80846958,234714.259625367,344095.030896374,502231.126067588,690265.08564736,154273.947467023,99215.0284758888,68273.5606893957,149306.904662335,185552.516468437,399686.16429895,30096.8554775,11277.8020095907,101965.485058645,344709.686608449,863086.062473089,177117.5912519,872216.731901594,703851.365458411,82148.7948069287,603462.985070294,126410.488326265,25183.0219679113,"Completed","Organic compounds","Benzenoids","Benzene and substituted derivatives","Anilides","Anilides",NA,NA,NA,NA,NA
"ZXZKYYHTWHJHFT-UHFFFAOYSA-N","Quinoline-2,8-diol","97250","C06342",2161545.23401876,2013031.73326005,2145126.22442664,1491147.63793294,107270.752808722,190568.506211783,448725.904422583,342178.799236369,2254258.98383188,3415898.83232386,2630709.07102019,1405606.35916395,165156.258805305,2012809.38170736,2063237.32500977,262919.345490051,1800353.21554262,302933.985400001,241054.963633649,2083009.29482169,1671918.3890986,1834860.34561675,902620.420903169,297910.550460495,1600421.35172557,1061459.33983524,3223629.77761331,2487661.44953525,743604.740774689,8714.09103277304,129716.188766536,988722.533524127,1872457.77300946,1866502.89485707,1235414.09993431,1703170.46177603,1152240.07045697,1817403.46994836,2082001.88813617,1320507.48080838,804644.064099282,2522742.65529181,1227685.50925934,1312487.03286618,2081859.65899547,57651.9675662758,17626.5400520814,1731769.17174578,1805517.5942346,2270888.08275767,3337567.13090277,2299312.7372391,2579464.85242751,2115175.31625027,1587173.87707948,2825362.37610797,194473.259154884,"Completed","Organic compounds","Organoheterocyclic compounds","Quinolines and derivatives","Quinolones and derivatives","Quinolones and derivatives",NA,NA,NA,NA,NA
NA,"3-(1-Isobutyl-1H-tetraazol-5-yl)aniline",NA,NA,45097.5869992265,32861.7031529447,35459.2523361989,41903.2237831234,36369.1542761161,36629.3336592316,76547.9612839381,124715.504003526,39369.5949525184,29259.8809163991,64918.0452717241,163921.082186393,19222.740669516,44032.9430874668,104251.141949932,28426.7921931033,36662.6491632846,36695.623176004,54481.5946556827,48555.305066976,105476.966599914,48929.5945713619,47370.6283654315,58293.6369662757,125062.869326115,39221.8830782877,81891.5522813793,27505.2885495947,24175.9660769075,57188.6646926607,38558.7884251004,48833.9735471703,83481.9757714742,42884.9451347705,57570.7057549386,88581.0878379516,122206.018405902,42952.4760054822,50624.4417385777,33647.0106247364,42103.484399751,26728.7432729513,122768.901031523,28309.9844543732,48724.1705688713,42472.1853029774,20572.3174849164,25946.5743229589,67926.2747151506,206274.553894366,39444.8284466441,37729.6242636837,34605.2285820897,75855.9486726732,110731.592272749,39292.4184820235,28973.7294851864,NA,NA,NA,NA,NA,NA,NA,NA,NA,NA,NA
NA,"Atropic acid",NA,NA,142899.781615268,139971.834223445,111939.777218754,175148.237840341,196744.887233444,140059.656826747,205054.335525598,71019.0026414137,154576.155969067,149990.431621514,115650.796597854,180193.497632522,207420.265257477,102735.78763538,104767.263709823,149218.906104006,138817.280221795,177279.305146778,165882.623387492,142433.007679372,162189.850920306,124071.277116941,152308.820188099,160619.504766571,91049.0257495128,200888.696751461,120882.729972784,187040.400430752,178282.385211971,112188.461842295,130990.069136258,159031.438794739,73287.8526330925,96699.3852214566,161265.369131934,161491.106623126,137009.615718034,158539.671057596,73837.2156895623,160631.173130688,128538.185987597,129284.640658282,122766.401432093,168594.708729202,117887.2428178,88098.3179207061,242541.162725013,201799.11579158,125438.673522994,132025.809586665,148632.657678837,166951.773019294,159372.374876529,135169.677556689,100569.603843302,140025.211361752,164357.146857142,NA,NA,NA,NA,NA,NA,NA,NA,NA,NA,NA
NA,"L-.beta.-Homomethionine",NA,NA,687855.623319515,1008784.95098366,962695.223466757,1175425.45665341,331831.511583226,794144.621385412,892575.33955201,585139.158286472,902668.615464462,862220.697671513,1185979.78377509,1082357.41940843,826724.724837052,649766.592159669,756989.105516662,860852.813998771,839244.381998562,839029.329347762,765217.889406016,892573.53620724,990070.546022383,824437.362293808,862285.234684304,536521.708855114,645892.422727494,855554.515481513,734849.154623093,588159.838985232,673349.955218051,535801.973700761,889945.938013732,1181469.30430351,517192.288748954,469541.150006504,720396.143648084,767229.87882635,566341.131111381,915381.384661244,562851.346453532,1035061.39828225,1024705.34440865,1020845.08994318,740954.715490222,944420.863167138,747421.017938848,541894.0895724,654436.43176251,665221.213329836,947204.398491052,920323.293059594,1324935.81113617,922878.038747759,1371286.96323792,1182774.87068953,620518.324599485,1018307.61752477,1004366.55831717,NA,NA,NA,NA,NA,NA,NA,NA,NA,NA,NA
NA,"5-(2-Chlorobenzyl)-1,3-thiazol-2-amine",NA,NA,97434.246568672,86479.7903380513,127568.237139717,57068.7480831914,72023.1395883404,89087.9393316664,73402.0369103271,114794.206838815,74934.0373687887,21380.8494494418,79457.3866223354,19118.9620869585,87409.2700813948,78418.4115824886,121717.231016263,103610.316504736,58817.9520522943,25375.1213931641,45617.404791024,40874.5960982528,35051.8744644025,106385.923662613,54696.389979441,68676.0281186715,3014.45525644954,84095.627050681,23178.8488660853,63357.0238019229,41633.8087960866,34931.9123044705,77064.3882386863,93492.7886554098,38471.5007129013,12812.8325440149,65044.0102306618,92722.4547214907,102175.037391832,47963.8112730974,116003.813102793,116740.409639232,55200.9458382627,111339.913500858,74345.797045012,86114.7644938465,92202.2868340913,110723.196129263,12156.0749545358,38907.0171543509,36074.7514979846,28686.2668200723,75438.9054864949,87351.6529876524,190079.341051515,65734.8243483888,23040.3800655342,87703.1242724822,94440.4457589362,NA,NA,NA,NA,NA,NA,NA,NA,NA,NA,NA
NA,"6-O-((2Z)-3-(4-Hydroxy-3-methoxyphenyl)prop-2-enoyl)-.beta.-D-fructofuranosyl 6-O-acetyl-.alpha.-D-glucopyranoside",NA,NA,54192.3055429496,46654.6115720123,5770.48371870904,117360.170080147,67553.046578076,223669.604649958,58311.3413950184,144503.412941383,83397.4315785071,366812.460823732,57398.3070338884,58713.9950228652,113172.049741177,217248.964179095,4631.67250731015,131500.570401043,102264.562731578,64552.9473634076,122031.550692791,283484.112451785,24286.2707317876,21683.1464842359,55837.4365274392,3043.14542115093,22804.282356041,242525.011547388,164089.755699155,233772.119815616,183090.580478193,47441.6477721464,328459.375587356,75500.9693339366,189146.481975757,134628.488827929,134776.777430727,174625.900937116,45013.2419965943,195831.074858278,14023.3354899207,29556.0263034171,53598.1256148063,78117.5332072693,93718.8898010933,36850.0812615767,66708.2404275881,6052.97651700883,27597.5755724597,264939.482939636,156016.12335048,127457.495976689,51579.8474764349,197679.476213195,13559.3524773942,26225.3972270028,88161.9591231553,46479.2107703956,142254.366379535,NA,NA,NA,NA,NA,NA,NA,NA,NA,NA,NA
NA,"Dihexadecyldimethylammonium cation",NA,NA,1128702.43821574,968649.255786737,407676.996216006,462160.043849971,1833415.42102813,611517.631076102,904822.860549941,773434.632793243,1139720.52510499,495200.438215685,711579.267603544,1562604.28255751,740652.657547274,471692.530815839,1215359.19252044,596414.412713796,302683.997222441,540202.118800837,891235.843203675,657954.03627258,1176384.12465511,491532.250168404,1055914.15754341,503516.521096802,875219.13670022,1487125.53458011,470298.184140597,966610.274743119,813075.112681273,1053206.66462919,417189.799284874,624993.083817105,1561615.75094971,3029148.08416622,657390.307365347,151643.189597758,449979.742882308,1435522.00755896,162023.357932281,2409789.61748528,95246.7926520038,1133685.99975435,99599.7884289106,436901.605016222,2493714.55548412,765820.881989912,361455.127709812,1610058.35493038,1120647.67103959,530880.71571474,1774959.89099297,106720.697092528,1395346.02878204,502930.613150846,613302.191495631,1037980.32748901,461441.628627485,NA,NA,NA,NA,NA,NA,NA,NA,NA,NA,NA
NA,"2-(4-Bromobenzoyl)benzoic acid",NA,NA,70389.1152453642,10033.3653180634,5237.9367453304,72863.4699523893,4728.90987932917,105325.597798811,154852.151301712,17743.1962346239,16305.5977930489,92074.3733381473,7521.50280001179,11346.4040906126,139319.618225786,11579.9051467773,6962.28451337311,75669.0026070183,64714.0804322274,151388.132487212,239342.364288984,132297.731920983,8128.14964772422,81687.8879862895,158203.473563582,30620.1300697972,37935.4286938131,138010.896344007,69072.6006792051,64206.7542405454,115511.14449308,67720.4770328147,57275.000066593,49896.9521425015,135493.768633575,140712.402735421,85096.6977756761,49835.8552368041,139453.541195483,156358.205457054,7598.71485467433,11664.2736225993,8387.75225147745,13163.7515859946,3662.20873125284,37346.8617774779,8616.9867232126,7691.56721374466,144404.966302488,116737.470588698,3422.76508465495,6226.80125303071,14308.3219081023,109073.365283287,6376.29237907756,12846.3624736626,44906.5032200848,19062.3454921897,169588.485186983,NA,NA,NA,NA,NA,NA,NA,NA,NA,NA,NA
NA,"N,N,N-Trimethyl-5-[(tricyclo[3.3.1.1(3,7)]dec-1-ylmethyl)amino]-1-pentanaminium cation",NA,NA,34251.1694556188,71146.836142206,53758.4140886358,3651.74315595947,7680.8917133228,6022.0922269098,42540.6525117647,3651.61702176421,62096.4520444772,33185.6452698125,60330.8025310794,16666.9919831852,3142.06612828023,105242.396051373,9090.56801771839,8427.83840068883,317711.340546881,1316.67590709323,1476.98886619631,54750.8270229984,108193.226158492,4224.3747215628,134012.275424467,3268.92717820407,483001.961746258,3814.86236341713,13534.5136377936,26357.4186101241,25765.0363099219,605499.071306384,3622.73542870512,51430.599487357,108664.593136721,546795.313899166,6424.97922133955,344169.878075242,481383.273936051,15532.5825258993,133122.045905415,404288.163984642,5838.649395189,294460.641795501,8048.92748644271,424485.18445592,37990.6569901782,4912.79257295892,182652.082916037,10651.5460548807,653085.179487195,99299.3149555216,9571.94750473428,11185.5459351252,22440.385024213,210559.637952371,6713.20855062093,11770.3981486487,7005.54193691732,NA,NA,NA,NA,NA,NA,NA,NA,NA,NA,NA
NA,"N-(2-Chlorophenyl)-3-phenyl-2-propenamide",NA,NA,355861.822538458,508214.141999889,476133.958149502,617171.674650544,487800.334674803,411352.006486503,525968.184777443,336052.668246281,480141.065482932,624239.314264056,554545.27231652,530815.609090897,515413.282204087,458446.027166324,430511.357491272,490495.326151516,477672.718833584,481214.814238587,443010.906494621,514432.823143349,524686.762679108,537228.210007504,472740.238039653,484748.970303018,343880.790984459,491870.97016908,440393.942091983,673168.637359702,539163.770270862,322225.98500559,473379.627452721,596137.599770435,281714.697344671,323754.574236212,458630.603480707,631600.113390446,385798.587022108,524164.849305219,308865.134448627,528613.748515901,550027.623690376,550339.023752546,543216.829465628,501614.297688183,486382.976561627,268447.308174362,490251.217490767,498345.621741496,513883.676042134,457169.833485521,605938.247697917,540286.426631158,666862.041612758,584616.162874277,362852.914571614,507992.363603881,515175.159058036,NA,NA,NA,NA,NA,NA,NA,NA,NA,NA,NA
NA,"Propamocarb",NA,NA,574043.9535739,613457.996661384,562323.308305338,152715.6448951,197000.924930018,448581.657820198,178985.332986773,268639.251794318,201369.34718987,614622.515805162,195158.123546882,452132.727998756,145384.760386399,315170.924003104,380723.480100894,191942.437225902,358441.39520805,345983.465525626,460421.096109142,345657.466191729,765165.467187982,869640.148900983,390595.002244671,447974.208861731,1541891.47504062,184677.285776878,704027.052347109,310765.547898466,228667.543912997,295095.072879785,292055.710902877,668469.500057464,656922.741947623,909012.367587736,183678.067238156,170695.977081082,538808.784293931,367178.92792441,377895.789159287,179021.547579173,344845.629466796,280151.472262551,129821.778117838,596613.781720274,664449.76896599,259536.537280629,728505.65923958,145243.684628341,565890.329793239,188688.186094112,140076.62584266,310487.373735732,214087.917496445,274652.284504765,342490.428987394,141626.999753454,188624.033834642,NA,NA,NA,NA,NA,NA,NA,NA,NA,NA,NA
NA,"8-Hydroxyquinoline-5-carboxylic acid",NA,NA,169679.712038189,130682.633672233,108219.945576868,109261.750626494,4530.26601605954,5256.52967740314,49921.3669179413,5787.11665826636,188741.660185341,195904.577426952,126762.822276039,118024.054609379,14541.6349547598,105115.803436927,128356.621953898,18911.0434078001,125891.346812697,34170.408154536,32298.8704905994,154631.855898426,122440.923085952,117515.423810794,74931.5514884612,33616.0482668011,94976.9638555415,111889.570887137,200396.033484183,158191.862098526,60627.0706855721,533.147294333889,4463.16203727483,76799.434158651,123752.330876142,124496.399077165,109071.794887813,96076.1392725186,103401.69858782,135373.794186014,109748.440416525,101620.433991573,48554.2454498683,130807.511669185,73973.6599969532,122826.840153331,129324.78750048,3150.0410657069,3221.75105553498,159453.295273064,117625.248856235,129242.130024674,174196.528564085,164109.274951187,127867.187739728,112341.074472078,113436.953105957,155445.751314682,7445.48173604276,NA,NA,NA,NA,NA,NA,NA,NA,NA,NA,NA
NA,"2-Phenylbutyramide",NA,NA,705.81278383628,45360.4716644133,23615.5637540505,81416.5234243164,50888.3469812583,29094.9984016265,50102.7135895582,36595.4640354115,3823.90174805511,3113.92361919693,17018.9320212301,5064.92377242559,23112.7032378514,29938.136607653,3362.90648789193,8286.64411205799,13860.4928008826,31709.9447624953,14358.0468467135,3713.39357507162,4845.61303396362,20617.7165622609,37806.2709972375,10996.3747446985,32645.451656019,49161.9904120546,1701.75681836161,15195.2656272967,37497.5028392379,16668.7926676228,60700.0254294132,82735.6598688169,72987.976619953,3629.97552931511,17563.1692466172,14406.2488345646,51289.4057486563,26270.2449551791,14193.1937261839,83092.4780364856,43828.6851986735,58898.7008662062,44701.4815775992,43703.4362057731,33925.2051088,49997.3993337068,946.757874266476,16484.9270073751,82034.4055405678,16484.7586098029,26417.5013814057,53009.720572423,2320.47899858892,16605.6879930961,8854.80907706613,22374.764475159,57373.4140413038,NA,NA,NA,NA,NA,NA,NA,NA,NA,NA,NA
NA,"Quercetagetinidin cation",NA,NA,47351.2459827316,24646.2061244442,27838.82345572,25091.606943998,7498.06462998336,8994.72437099268,15937.3438154498,13106.020041824,24815.7900556885,22760.7503482403,2393.45403588814,17329.7914291472,7338.95097449058,28413.7271077038,21897.6989924583,7740.16333108383,42391.547998609,33441.9475018482,33469.6457934733,17848.6960245456,31283.7466718885,22743.4868726867,13384.9591450536,3104.17693748149,33862.6035296887,3467.51587159094,52326.3824003921,2931.15048155711,10560.7495182061,33208.6140455548,6293.51177202328,3301.29979879828,24002.2589885682,6734.55055454642,5831.26185174222,8963.05753288812,34456.7213551769,20136.6055434593,36430.3429111571,4302.2931265874,32675.9362888464,4500.40334575184,6710.96978401126,14451.2183409161,4508.86610583765,8589.71941842968,11572.0320102027,3127.69146445091,6618.85698489566,21310.592480701,23931.2268253738,32701.3052083156,22464.4036722529,23197.7297844347,48262.0838591974,31444.6686275737,5208.33139687276,NA,NA,NA,NA,NA,NA,NA,NA,NA,NA,NA
NA,".beta.-Gentiobiose",NA,NA,113080.191042366,43674.8110396122,36149.7658962588,141415.128936461,16174.52761033,151963.002430148,294169.715197982,66941.7549497133,37796.5360819039,573204.37766968,15148.2748418313,22783.5019455453,1023304.3481653,14442.4715741985,14237.4490398866,43910.4500104751,300106.86898481,1336855.9806897,915044.81346006,292304.06125756,13951.1456345724,119386.365473434,836717.901793653,86018.3873471836,153860.232695176,60097.7375337115,210430.707976778,71549.8676556132,536657.020412837,592737.942779018,54453.3184993294,15888.1096605995,1208254.34626707,761553.604891928,240069.672884462,94075.4817792666,1593476.84216155,587439.349068131,33150.4428663018,8356.03348656685,17010.8999897998,27945.4786509325,18360.412340486,23802.6101067042,21103.1181706633,12875.4105026923,364540.651417343,61463.7158806426,16878.3290924972,99030.728296805,8939.74170783519,462335.89865184,25018.3584286506,18361.5083095744,203170.793627074,12997.5854859342,115297.106820346,NA,NA,NA,NA,NA,NA,NA,NA,NA,NA,NA
NA,"15-Deoxy-.DELTA.12,14-prostaglandin D2",NA,NA,38027.9094971282,94120.2303439432,53292.1793328833,29708.1788520976,46790.1877499682,62145.3237031559,32764.7928006895,43956.1177400834,22762.4805943923,78539.733966163,33666.7688400546,33350.428524073,28889.5274272419,65386.9967380327,38718.7005105477,83750.6094935234,38602.0667328012,43331.624962859,42064.2818424739,44071.6251697693,39662.2400187392,41407.8789984909,41591.551300969,53906.5100189508,43422.9652194899,67729.3787952674,38401.5136404208,52055.7979692862,44883.6429828194,33181.2787696353,95991.6541435253,31071.7316708566,32196.1946876198,38851.638991087,35251.7972964974,39665.8786868547,39273.3407283735,21226.0364970329,38834.6751821971,28178.2432001542,27613.2589494039,29909.8367122108,32006.6529278205,25689.3968267795,43242.7163926203,60832.4806733624,13642.3830152122,14626.0955571263,22090.2011438891,32487.8787376214,29385.9991715307,36301.9007696687,34268.9711815109,30118.737928759,25520.4416657193,35823.8815145961,42110.0347011883,NA,NA,NA,NA,NA,NA,NA,NA,NA,NA,NA
NA,"(4-Bromo-1H-pyrazol-1-yl)(3-methylphenyl)methanone",NA,NA,221931.921861568,60529.4886141395,42317.9854255624,455643.607627285,322435.591889078,272425.753554022,364478.355312278,2711.02828684329,346929.79051477,2513.95600005824,167901.180930196,112376.914321896,353406.298167448,93507.0766787834,5921.2550323792,240294.177929103,306381.119106582,318847.178144488,299825.354836629,381996.405107764,15814.9362334718,1997.95569904387,163158.529136764,231161.252829878,6292.85449533782,343840.703071972,1736.29431836526,4101.6112122858,378914.809208945,122859.565679106,341181.303482178,434139.951833745,200753.619992925,217135.761452052,210130.736943092,4409.05583954246,256778.880586223,288331.667291616,13416.1257319403,531.404311886815,5595.71482000985,67647.5293875579,141833.025605491,158338.232253914,13237.6397744608,86197.9061701734,344269.11233823,330559.624036562,46810.1333110578,245331.698803454,1909.57622108759,4173.92022122126,21864.8092934925,294556.208092352,162501.83538281,325002.831180673,366383.261893946,NA,NA,NA,NA,NA,NA,NA,NA,NA,NA,NA
NA,"1-Tetrahydro-3-furanyl-4-piperidinamine",NA,NA,2553.75898151672,2439.77195694897,3634.86338015561,7391.50051544613,1235.18748819838,1304.17272561611,6201.11929503824,1000.74266564261,4622.61817103696,8438.25425627327,4430.37067780968,3421.33350519452,2136.46079442283,2709.00641544538,884.701490160365,2371.09029528334,10132.5139489302,4785.26600928271,2780.21433636952,11221.1289559702,1452.71381748959,7710.63716728311,4697.71291569463,1083.39546665021,6285.6885953621,1836.99853068843,1498.71818197652,17570.9205020239,1482.79483526509,14033.7244823762,1564.13916823919,1352.70631902824,5988.71002485761,2465.76716135459,4029.56664717473,439.551515305202,4303.97960560585,551.539085575731,3283.48007894662,1394.36070744651,2001.92702553641,2064.58879464335,3513.30958357776,6156.83512367704,16720.5970731304,1253.53556421862,2660.7320513354,1246.41379168148,5045.30706830616,1170.27044155099,752.537793380618,595.74073850988,7784.40931249868,6605.14619054612,6747.7697166014,3403.30441793713,959.788496054696,NA,NA,NA,NA,NA,NA,NA,NA,NA,NA,NA
NA,"N.alpha.-Acetyl-L-lysine",NA,NA,3522.64743932834,9687.72690889698,7601.17326914,8604.23468520045,10589.7812069052,8939.05870481452,16497.4795475883,50.583987197782,8354.64878123735,7331.01350584244,15279.8449590478,11265.3875293731,9499.18586874969,9987.7228314829,10864.1342991693,8004.25553479632,9185.09075203609,20236.0547149686,14206.8501254986,24056.9620938497,0,2483.44026142836,9937.62525490612,5568.68839530259,6825.51972686575,11023.9077188522,25951.26818456,5450.8254268535,19338.7485682355,10888.0548494693,13539.4565532845,14066.4951610984,38348.8376247199,3506.79617952153,7593.4472280005,107.283900655061,3469.93371897276,10640.8691460497,3482.76257660977,6882.46867024292,15745.9962806904,8764.4382257283,5648.95367523937,3278.91706630917,2556.97106512675,12576.6956448359,13224.0696631414,7292.49685042331,7252.86877961735,8528.13127639319,13566.0441571788,10128.526317581,1300.59919503156,6081.17609610301,6802.5908764325,7361.08550654146,10847.438173982,NA,NA,NA,NA,NA,NA,NA,NA,NA,NA,NA
NA,"4.alpha.-Mannobiose",NA,NA,66793.0717738093,23866.3679072307,24022.4399844267,110394.795015706,11927.526297518,123485.521954973,170827.963241264,46747.005658835,36033.2777411612,178519.627164936,17214.2738142426,13021.9844596402,271874.553524157,7857.03248689711,12060.9771175464,31131.217592998,220053.945452311,844386.760247739,465971.419145544,111973.782452385,9244.29297576389,61405.9328958714,199163.300643975,70728.2840681813,67596.3075387269,36249.5910872289,66860.9723696165,33513.1440323461,146708.1800397,251071.985684721,34825.6503078711,15818.7282025751,239237.720336172,134819.40127292,140624.033875816,43621.8532034986,542759.058265473,178104.56871111,15289.4997269227,9694.64211940397,7946.1191105625,22244.9739084371,10936.3678297373,31953.2021330008,12983.0033606748,10906.6917725447,253282.176544496,32085.1424942877,22433.8450614768,43855.7440047219,8713.89834331794,223745.619715701,21328.301354739,12030.5171350725,116372.442643272,10057.35466991,68902.4775372574,NA,NA,NA,NA,NA,NA,NA,NA,NA,NA,NA
NA,"9,11-Methane-epoxyprostaglandin F1.alpha.",NA,NA,140098.704407619,64597.060991377,202755.772845829,14145.7443457387,184585.91314111,41818.1491141256,51790.2814001746,34933.0281318304,29176.5859535963,20450.8487087396,122174.661410149,22587.8982591871,89201.5182973826,29353.1321421684,208407.568799153,57393.0439441479,67792.758282945,38220.548843913,18968.4185100276,17929.6070689897,52312.2488201177,54240.2684607941,56632.5274731188,20660.3693973798,84899.1942789114,44722.337729384,128870.925013615,246477.566288492,131967.053427518,214387.480281631,25353.238155212,129456.920718048,329915.559079962,259894.256988805,73991.9872498234,236114.158290225,28843.3508661812,50487.7417905334,130258.530284631,157227.523945742,54701.3773697552,54901.7949824259,127567.098125986,61862.9627535437,60058.1940266454,224453.544064179,9240.83809829009,25638.3104008612,53974.7303254453,41968.1800108935,65118.1227113487,33839.567968022,86027.3663210549,56835.1402442631,43685.3137993184,61135.1299754025,42265.429029121,NA,NA,NA,NA,NA,NA,NA,NA,NA,NA,NA
NA,"15-Ketoprostaglandin F2.alpha.",NA,NA,7476.48232478213,63415.7484825776,11323.3175632872,11607.7193805655,9184.69804189145,9719.5712367863,10458.7182196155,20517.9589152517,13237.8809963928,54762.0699024031,12293.3719778705,7384.47191154052,80417.7899869508,53965.0395038482,12697.0276217251,17680.4461977247,15028.4861750995,8518.08699078682,7647.84609249699,33811.6499431889,12067.9531816832,10827.8434750822,10280.5461589588,15713.6963564884,10880.2247964562,10929.0392501312,17273.9829563705,14405.4563832305,15335.7085863424,7644.69361305605,32899.12617025,12154.1000378577,13849.4651244841,17236.3883091683,10251.4727208598,11687.6956237907,8711.42632574107,24971.7539292045,12362.202187252,9331.34919937125,8769.39019124116,15200.5658091887,6990.73334430382,4876.54803844041,7459.53371794374,7594.55855130322,35833.3510593584,10330.9515758991,9475.78210227286,19367.5214317426,11844.3709767508,17399.7381213058,9432.37350992997,8322.7965001444,11356.3224354459,9262.00276903105,13448.9220404312,NA,NA,NA,NA,NA,NA,NA,NA,NA,NA,NA
NA,"1-(2,8-Dihydroxyquinolin-5-yl)ethan-1-one",NA,NA,325300.21112489,238747.470199902,229814.043666419,272120.814706922,266797.979790679,427968.102533715,109073.801349554,459542.620116369,363339.437232163,350509.041434825,309439.219311629,202122.921447235,205353.143621924,562778.791891754,260850.496995718,369865.378032907,220956.848133198,55491.8911043571,79356.3464415149,244519.556472146,199010.543905803,188079.005644632,393190.595144478,129783.996781508,153301.498897234,506975.290682068,365883.031885644,339426.255184683,627758.571179549,1871.400856374,175815.260632226,322501.455518369,210452.497918376,203093.847546911,243987.579790121,253428.818934069,152394.520780105,269608.075035073,407589.070458906,298038.07362517,300095.045068807,278461.380023338,234407.966169369,187613.559502416,382535.536769266,98483.040078644,7358.86657405888,353422.197904843,189278.153604137,215708.636773242,386134.668813456,317761.872189608,231295.439079839,224852.399217953,202507.592672607,359300.239620358,381431.941692012,NA,NA,NA,NA,NA,NA,NA,NA,NA,NA,NA
NA,"Silodosin",NA,NA,2353.56481010134,68549.877296331,57651.8057456778,123932.461470456,72351.4515043485,9940.58371395178,57147.1392664721,85407.644546482,3831.40143277794,4244.5926467758,5334.49353457952,5750.40217771627,21561.9444747971,16273.5077379578,2537.53203883644,29890.3440262905,19157.6056086078,86991.2992801214,41416.6182754787,2497.46594046235,11740.5468956045,62300.190901467,27911.1315180547,13615.6216101172,86749.1907893077,110183.497681595,16349.8431835456,8395.22598587547,75800.505716973,30311.7507359733,99047.0443827431,59384.0324812663,140794.297552242,6811.92705185889,28642.882711052,35891.1519298262,74121.5696194971,86222.7261860974,9826.36584114899,52048.1512685814,48853.5950958001,69965.1597057787,76437.677938074,67546.0552838909,200055.062136791,89399.7560528211,1448.36370794432,24691.9401600214,102184.163010537,35010.1699912836,23888.6781938093,115534.48522857,10370.460972806,16577.9279880925,11278.8577530759,19386.2983016365,145857.686619009,NA,NA,NA,NA,NA,NA,NA,NA,NA,NA,NA
NA,"Methyl 5-phenyl-1H-pyrazole-3-carboxylate",NA,NA,1625.93599476467,2500.52517168722,5940.62625990782,2073.41152539993,1755.20601250494,2379.36856047519,31752.4431236926,1394.47748491183,1851.4846659497,3410.3422561568,7189.96954660718,1979.40544558054,2146.37267495369,2072.08396253265,1460.27787140587,1123.71178675851,10302.798697226,903.535252571631,1675.57560450841,3178.2831654468,5193.63378990645,2552.6382872886,1105.6417348954,1783.94360612338,2613.16485780967,1722.00644739025,2755.67386392751,2858.25842070726,2349.02367247627,3014.11160685154,2774.67256733614,3370.88712778362,2287.03608338264,2645.63081370804,1753.23361509001,2293.58397322762,45389.256632323,1573.3474245811,1730.68155688673,1218.45390749784,1544.36979935314,4148.89511060441,2576.77713354582,365808.39069859,1636.98993037471,1888.30463716336,5807.3369120451,1851.63862539986,644230.3700638,1744.80355737715,2066.93344725574,2031.86809874216,1955.94770246594,11714.7221115228,1505.19836666683,1011.10451709902,1876.61503085742,NA,NA,NA,NA,NA,NA,NA,NA,NA,NA,NA
NA,"DL-.beta.-Homophenylalanine",NA,NA,15177.5414444212,59379.999217822,35186.3613772632,138895.722360495,90453.3766915234,81110.5835680314,59018.0760751861,17909.4657375931,6103.80590379672,5724.64859008399,46500.759055975,31017.8978394033,53181.7444482647,51386.7551638915,11475.0987400212,80979.3064215002,23226.1539571519,45746.6504149,54653.101384225,9482.02012468954,2997.58644143095,8631.0807493605,69467.278005921,25914.0342344225,79861.5665959858,69835.6504543458,8007.46704630055,6197.04467321825,50387.1903662692,37156.6757549901,180799.910228998,34823.7473677286,71403.6739296097,7836.60482890279,26987.4644340992,2532.10837371314,45524.268598843,7457.64852963078,33796.4391506729,30802.109551221,6946.46758952096,110368.004012572,74986.4902725105,54197.6075486112,14889.0419419334,99878.7799502997,5615.76420434895,36069.9615246456,82947.0588349868,13103.1919931038,7313.40849385026,56032.3111218846,10485.5761189501,28573.7201502769,519008.604821802,35239.8463449411,42905.2880264908,NA,NA,NA,NA,NA,NA,NA,NA,NA,NA,NA
NA,"(2Z)-2-(.beta.-D-Glucopyranosyloxy)-3-phenyl-2-propenoic acid",NA,NA,69421.3901710127,188330.929457051,178570.884348458,63230.391703162,74925.796874901,117052.834563937,29465.3007913123,130665.149100439,88342.8676277686,76005.7793745931,306770.254856871,100018.812962268,17308.341605289,87510.4987152844,167441.657992285,66865.5113985122,68543.6700278469,17752.0257516514,49265.1422762862,165961.69551447,117575.851285497,104300.00097172,110368.331740507,196782.482348817,184361.287268589,45218.8808814837,46708.5160920488,77400.813726071,59542.7080118277,93975.288615656,350537.702011844,127462.759468731,323299.882879114,340824.145551033,35398.366410247,153916.572340104,131154.706079585,87304.4777261408,231575.683564147,191028.187157697,162499.692588309,209431.022832748,139679.080018826,237309.315208368,122952.167256912,162352.075190644,49605.2871748144,47126.9680991091,272857.845738635,144448.145440056,144836.081587111,62801.9859077569,358464.662615534,161187.836655696,158587.479833703,125501.300151156,130729.775402448,NA,NA,NA,NA,NA,NA,NA,NA,NA,NA,NA
NA,"DL-.beta.-Hydroxypalmitic acid",NA,NA,756280.00869768,334277.651808551,479598.798761791,684987.399812671,281681.445367,645963.231801027,522952.348562744,950618.918680975,963006.458043309,202734.250070996,436016.089146148,464160.886263091,350584.55939165,111472.44671369,1887289.96050325,1465804.49591105,124993.786751223,107945.260755484,439251.535104285,89410.5640364881,561948.620697528,190048.626179882,775190.253185774,1224424.58785168,742784.986581001,901597.15123865,183311.153167301,709048.213227553,461728.30552581,76499.9050791563,530709.538050205,489145.861954285,185917.159745845,90321.9535764832,596461.232598295,446073.908724172,88212.5703516305,463171.195821575,464475.608232125,589188.23002299,360153.874807333,933507.723739524,781425.912925142,138014.670389644,662799.482673078,635078.217253334,104507.7967933,952912.197519183,176358.537669807,129633.436920216,726474.641251046,598170.72687973,520104.875302039,102319.661231761,74193.44267971,610424.479176511,739885.435189239,NA,NA,NA,NA,NA,NA,NA,NA,NA,NA,NA
NA,"Isoprocarb",NA,NA,92843.8968817949,75031.1845384868,83769.7906413856,64979.0246251968,92101.8239341376,83155.4467576615,72214.9136570186,98102.8581983362,72426.330289591,78265.7249856056,68806.1109151094,68163.5571806476,74947.3330139685,72277.2553552777,79219.2939048067,76815.5355374626,83156.0997013376,83414.1058080442,80209.8606045048,65157.361151578,87731.5458944529,84128.3237256005,81590.8975784016,81458.1313055175,93596.2082161006,78450.4740281011,81380.8159176889,79624.3958012568,67108.6964010419,100271.964393707,80868.3589362554,58325.4253730306,84648.9946852002,85035.1745017456,79062.4366800019,77035.0486266763,90710.3763843461,69156.9745795993,102306.819421126,70575.4658998241,71384.4070118509,63631.7275458481,65238.6754164304,67386.9286930412,90150.9450871508,100878.941304729,66546.0654439208,78937.1425315442,55807.7127199555,78712.0465924644,70396.994833919,69034.9596857562,76257.7256285624,69546.6200354468,87997.495643662,79657.096996293,69602.9476496046,NA,NA,NA,NA,NA,NA,NA,NA,NA,NA,NA
NA,"Glu-Glu-Lys",NA,NA,8728.97919209887,76583.7666929088,26576.4858995876,38017.0581812309,15369.8190329815,13697.7958257649,108973.71244752,19119.3800259724,23836.8104309383,131530.422392026,85152.8545810731,170108.563397786,108395.424405354,40265.1805712553,9780.63518004347,35695.8636733046,25575.854913502,126549.796856157,92038.1832052198,102537.549941118,60435.5625624907,34817.5908213258,36550.9174812218,26939.4225302883,43116.0258371969,24933.158461128,231250.540933523,156373.927468396,72561.6364522301,28238.0836322103,31580.2455995496,29689.7654813669,175197.281443126,113315.191065416,22702.72733961,82801.2978890688,12393.3414500911,18949.5680527609,10008.2612752576,8460.10400171973,120212.430047106,30946.6497081677,42455.5542254665,19113.376798064,29409.3708181112,9121.4715523993,212917.794315975,11952.4198061327,45265.7612098206,68415.8881002336,49401.8383401193,23806.2854675696,6516.12314094616,49279.2138823434,56800.680406736,28147.8451050469,17504.7139994737,NA,NA,NA,NA,NA,NA,NA,NA,NA,NA,NA
NA,"1-(3-Bromopropyl)pyrrolidine",NA,NA,101372.681902478,76917.4272055983,130973.297607084,251078.287660072,6683.32858391351,32750.6642401474,53646.8925059122,8462.56434471001,145441.385829924,204040.940165181,158317.647328073,189529.586044651,80179.9048542103,84144.2239102746,67504.8053498009,58519.6769920504,104602.835181331,110726.173901269,65585.5269950546,266245.547647454,133379.257869059,279786.291036091,131195.063867574,18233.8848225677,50188.7691132247,103238.934117746,28128.1772756991,184391.917419527,117224.294084174,54173.2505310958,48035.2260432548,168952.494069465,114708.32959366,56003.0008464155,71511.5178598871,187198.949139128,119047.747824597,132715.462182932,70978.0058287649,148866.885569124,53315.9196609328,97680.6006080044,171109.730204667,184395.89347666,83909.2454039832,19779.1909452027,77206.5776176017,81998.2032779738,310199.26430645,138870.409523583,179420.560538408,101255.382762593,119189.616448409,151932.242385063,176829.226328232,90929.0776964927,90333.465080104,NA,NA,NA,NA,NA,NA,NA,NA,NA,NA,NA
NA,"Octyl .alpha.-ketoglutarate",NA,NA,31096.8279598559,313497.195753556,267322.657587371,74281.448905685,19461.090601698,11740.5411856418,30198.581874189,5460.33634778219,21587.8424746784,2786.94635987007,230427.348942779,127382.140474074,4858.62362021422,958420.881633627,252699.888697711,9525.25883715056,33962.0930544054,29017.2529627001,18343.3216178406,33522.7925723882,3403.81275934331,3700.44681147818,27826.1599666081,28087.0720938074,1249397.35278199,9712.03970189215,134920.2204688,2400.56344484237,31904.5491687926,22935.3833938816,9463.63295241946,167919.395566247,68178.8957328401,117460.775731477,15035.9186080066,3458.08301140585,144881.719810869,126375.502131356,305669.92715388,256780.641958576,179671.12396614,329235.77689286,107414.145170859,423223.992561585,3634.285788198,468866.308117358,248308.769750799,17147.6944398851,136928.697385537,125799.528707468,348251.905386441,90087.5783228154,4757.08292530565,241970.083613954,88235.8485124929,297363.596109933,176660.498752391,NA,NA,NA,NA,NA,NA,NA,NA,NA,NA,NA
NA,"5-Phenylisoxazol-3-ol",NA,NA,5117.78433079834,8923.97220933034,10871.445489584,25644.2922623138,6771.72025360801,93201.5589517013,7413.07376683918,54912.3359401651,10113.324848742,4217.0898866455,15060.5614303536,5594.6116310593,36914.5463370393,89336.9497600041,4786.75547440885,92866.8917705019,9571.37427501584,3617.49987739645,8154.46794194095,1983.65769682578,9569.9644804907,4853.74724248206,52935.2534190999,18144.6430213609,5603.73378100684,137936.836985611,2958.71250031259,4510.52690500863,139135.582042374,3136.55174991293,91002.7593783291,67205.4209315543,6323.45415335272,1395.30590916617,58927.361966494,54407.5199098749,3635.22874340383,4169.41633234898,28504.0844979675,22950.7720142451,238480.470204902,41981.067575599,31443.8581938293,2152.30080309313,31216.9055541449,11216.4762028115,1234.57967181963,17677.908385893,3654.45108051203,3048.35760400557,11570.3842770698,8176.02806644594,4597.53737187787,13139.1573682705,2543.22511042518,11971.1920900484,49906.2595419983,NA,NA,NA,NA,NA,NA,NA,NA,NA,NA,NA
NA,"Ganoderic acid H",NA,NA,942008.540411194,1161167.51426159,2192729.67684633,60371.8195867163,2059505.24089398,945725.331963165,592314.335448475,224196.434069304,59535.3097116293,124024.206117946,368083.427478736,236462.353728102,1855777.0626302,978214.614340595,1382170.17890282,1636368.77370278,709477.118141222,363938.849472951,283861.689077312,179215.122459142,805224.232597639,1218930.91419755,3446956.96755182,433683.026816478,3663996.31658134,1141306.00940805,1171442.92512377,1189111.26658165,416934.411026015,705608.216360914,363537.264881123,1388263.06366368,1149684.44123644,1215008.40388158,821776.42557633,1750231.6384692,533357.833869945,420443.541170632,994437.050402698,2729296.22976272,452764.29140681,2108765.90115571,248933.826274377,1163341.77108936,290808.919142539,3876645.41299679,100961.593371924,610171.442121638,433983.144478425,2812792.96817116,529544.091285508,1332697.24364525,522350.122358599,775357.759754541,42700.916451047,1114148.50234616,626178.812006031,NA,NA,NA,NA,NA,NA,NA,NA,NA,NA,NA
NA,"1-Amino-3,3-dimethyl-2-butanone",NA,NA,337458.07502392,255410.372106591,266291.858944914,183083.930273651,265607.783881855,243242.151051189,222782.827172998,309213.078066095,230544.058222286,229211.05878813,188702.7538214,202809.864644121,218119.040801843,203092.968642669,5034707.1181676,235495.519623084,277810.995464657,281990.329347207,273200.063564181,193608.569974082,307303.540113395,264802.172483943,240972.238940144,208544.703150046,306585.864560865,230514.088446893,254158.322754125,237511.518904145,185937.242917909,336848.464218431,214391.473323223,158653.019667013,259835.958672311,256871.457546525,268783.790678723,244948.935429606,321245.201908419,211412.967169974,331659.574768581,213996.608494621,208782.17503319,184169.043178036,200463.458033378,215010.030966538,289533.436159371,344030.168502854,224619.462509744,255008.246916057,161409.911996302,245592.207667924,212689.580673323,213096.835670149,318490.286575256,202687.074033379,296764.814630884,243112.538622925,209664.425836725,NA,NA,NA,NA,NA,NA,NA,NA,NA,NA,NA
NA,"9-[2-(4-Morpholinyl)ethyl]-9H-purin-6-ylamine",NA,NA,158154.678714122,121312.597791393,190314.375726093,148578.131038904,158665.34298914,150272.555645342,123807.500356119,219538.605842741,161461.649858489,114543.902838958,247845.208306595,129757.080807556,113668.544847768,131574.086746609,167654.054861237,643314.286628386,158147.674289754,141897.580303805,131619.002485052,102189.046505551,177507.562153086,136780.332735698,180531.165143254,1655705.81504328,139241.796744724,136159.251031293,123108.395467552,157608.97740327,125536.548408143,170143.604330929,164286.816302342,196225.694351946,121773.494196109,127432.852651049,143940.586119909,129937.469153575,153644.879693875,117518.003571613,742501.174430798,129719.752737015,134614.979861298,112601.834865192,145762.960839737,123845.952421328,160689.237523517,211224.743216255,106368.200900238,138748.563789743,94295.737521265,121260.818064869,146268.169877005,108620.904620533,170205.821829918,138780.940014603,153029.692375471,148973.815639794,495075.359782087,NA,NA,NA,NA,NA,NA,NA,NA,NA,NA,NA
NA,"2-Hydroxy-3-(1H-indol-3-yl)butanoic acid",NA,NA,2652.5727712538,20834.495308254,24947.9787195422,61471.1508403875,7376.68661632227,60466.823538737,19296.7219091711,52087.8354658241,66020.6620757002,4486.00576347507,76877.4315674297,16892.8882758378,40712.5987404523,13472.7177375949,52451.3492884017,35190.4854953777,9788.51590035948,5991.0993017482,8177.03461674914,5547.93610997966,12873.1301222617,9511.98260237489,32249.7384722783,17377.1635309827,6684.59036067674,40665.9919910407,2941.96704576537,10219.7787468063,36688.6289785898,6236.63196785012,95725.7110859531,57341.0933205819,10291.0891832211,2532.26220858829,22847.3239264216,8370.22743363176,14771.823290187,4771.17834790264,39627.7927735679,29724.5652792841,85509.3173115526,11762.3230294106,50058.0970861931,5495.77780054705,37927.0029429956,13936.9150868604,1121.67208564122,15770.7822545156,8157.07868779697,10488.0061055998,6261.89197075016,39087.3155392219,6004.16367520004,7809.23640757764,23489.6752232804,4688.5894946124,52293.8476864696,NA,NA,NA,NA,NA,NA,NA,NA,NA,NA,NA
NA,".alpha.-Hyodeoxycholic acid methyl ester",NA,NA,205522.41628536,172492.841693034,648436.425764143,619407.573936302,443202.719510764,455899.958359132,720655.443273183,756605.203539062,933673.249569249,238206.498592228,771275.834697785,318837.470776013,626940.86085719,101774.089069792,577640.337780788,685528.457667861,516513.641354264,258077.434769233,311132.387249275,626424.274350053,488491.391445179,171523.233624349,700920.212222718,499281.105211528,809480.3646397,182906.407694086,794905.680765801,916584.525238213,853249.74339715,1113344.31319303,300474.286136467,1186659.55517153,1378927.99643951,2186816.07787825,665138.98328213,1249143.95261254,600095.384535468,396226.044335278,571358.970397393,606809.386472141,739991.502025948,383296.29096573,425510.455248109,298295.979322479,300979.154454654,139797.2199283,3260790.52374476,284165.903760866,680605.245563566,1382007.60380497,162261.217840142,576155.061409183,130291.159577428,555687.635160048,1432846.35333322,117911.910237987,402378.072748843,NA,NA,NA,NA,NA,NA,NA,NA,NA,NA,NA
NA,"N-(3-Acetylphenyl)-N'-(1-methyl-1H-pyrazol-3-yl)thiourea",NA,NA,44519.6480580757,42640.5581790825,34531.9342013989,31898.6770429767,1904.90570374231,1613.99744644483,18610.8784405373,2808.27566303399,84427.2680779178,62984.2562105013,32463.0576675659,21058.7791131596,3239.99112152991,52373.972053657,59595.4163455236,4829.77555694129,28622.549246055,5992.98975422699,8379.16193042272,52820.9094376271,17438.0981133728,34490.0903858241,28447.4903383563,77383.3476933252,10610.7287580561,55962.936457243,67234.7396189494,85648.7994188764,15815.5867505724,341.968214042444,1815.64813045328,25635.0187005395,36933.116506265,26892.8880363063,42694.4972156493,31545.0089569517,16039.2463995822,66106.4077044216,49221.219076044,37348.6546265216,19580.1617225317,43254.2754878954,58494.822972003,18094.8924997961,66277.3597198943,520.667944744942,1037.04433118079,100333.567148341,23536.9878922928,37050.0359401267,65348.4205532936,61687.4325468108,42682.8036597857,15146.2478095033,45806.4042567784,58408.9580719787,1633.49224079455,NA,NA,NA,NA,NA,NA,NA,NA,NA,NA,NA
NA,".beta.-Alanylleucine",NA,NA,878938.393343555,750022.544362305,1492195.38400278,235794.28270141,149222.357600739,1052427.56750424,158984.74153803,941660.568595596,569122.94979818,528115.130367177,425752.465330743,989644.734086792,145318.981542876,839963.503567963,315437.714253472,253314.238848295,642471.783962812,260442.077214625,672302.990884498,698083.056561245,1527963.9081892,959400.972255334,733346.97476051,906068.43798031,1365102.75105649,304897.675795682,1212684.88649176,737262.539694197,195011.137592415,418786.971020766,381388.938864226,1545418.57816554,759543.598627404,1080375.55472269,378168.982181264,455615.977439212,796831.793842666,702378.633471423,1089608.48643434,519508.95990704,296521.741339432,578434.026940138,338454.950065795,810396.264700256,776036.514696814,205487.817687246,366311.079387501,429621.262949047,562516.045619761,250829.647512898,436482.102098922,720775.327615565,126738.7465587,501232.915344844,673232.445070116,484177.386747007,572862.104008051,NA,NA,NA,NA,NA,NA,NA,NA,NA,NA,NA
NA,"1-Pentanol",NA,NA,17225.6818135171,11694.5116687431,14150.5562835967,10076.7800134437,15835.8842004615,12082.0154183794,13508.1828598523,16726.8941449963,11073.2844932648,10745.4302449815,12383.6155839101,9796.62887561265,9180.20353166589,11285.6725171857,17556.6408659118,13769.8512795079,13018.2118646812,13617.9668860331,14034.2150632159,8031.76866420953,14079.6829172551,13418.9251100709,13363.7995971666,12339.4638528604,14829.8299997361,12668.2945100162,13564.8647741604,13053.1285973984,11836.2115604522,15101.8193473798,12879.5237807907,7964.68679024058,14313.7506451708,13717.6012194899,12520.3632815645,11475.2110050176,12857.6816713936,8827.36480175594,24621.4194596042,9731.97463380931,9862.59577954732,10208.7466622516,9644.53370738498,11212.514238674,13875.3812660448,17496.1559601577,10187.5959725566,12775.4844781334,8447.99172277157,13538.3831581672,9391.44951001199,11418.9866633814,13374.5623743735,10824.6669510946,13766.0699393258,12638.8064637378,10175.5862267437,NA,NA,NA,NA,NA,NA,NA,NA,NA,NA,NA
NA,"1-Stearoyl-2-arachidonoyl-sn-glycero-3-phospho-(1'-myo-inositol)",NA,NA,630.098321570207,328.838828980079,0,266.581481837134,0,0,0,0,0,371.79657213179,0,0,0,0,397.595257930893,0,0,328.049354403331,0,245.400952184632,394.100159168713,0,327.747412722881,0,0,309.520357544269,0,0,0,734.64085836831,296.477260478586,0,419.576544620576,0,0,4943.39216028078,0,1860.98784172738,441.363920998934,0,0,289.190312659951,0,320.981066114015,0,393.396799409034,0,0,0,286.761695772634,0,345.492277819209,0,264.587547690644,0,0,37451.8612003362,NA,NA,NA,NA,NA,NA,NA,NA,NA,NA,NA
NA,"7-[3,5-Dihydroxy-4-(4-hydroxyphenyl)-2-methoxyphenyl]-3-methoxy-3,4-dihydrooxepine-2,5-dione",NA,NA,47483.2342085931,134304.14237796,57835.2061472298,131682.789123359,36279.6146626593,109566.437778936,37968.8431685724,225518.453410392,57948.1889321595,384761.576981361,54039.052053931,55022.6245701319,49666.6311800051,135320.525803699,16938.3906480821,74189.3217689291,138592.35665157,18843.2444867169,123835.756343706,273700.453656702,61409.293109606,134156.299659823,95789.2391987052,5873.00293741768,138863.198362674,131103.432435616,708739.851211243,91629.2887396449,110968.384361102,57976.7102942792,224107.259693192,85330.7853028262,99816.8014116342,151965.164749319,79400.5375226936,81378.4842163036,45121.7562874422,303354.715364285,38785.1889243881,26083.0182269436,80903.6065497916,59865.6809741629,184257.070327966,86835.835274097,98066.866313196,13595.5266778817,13730.3028569085,72459.4899818657,232425.698494494,133096.806085457,81215.7669483503,259601.030027528,23571.3408459796,80147.4719461998,104455.761236432,55513.9188747966,120358.391489541,NA,NA,NA,NA,NA,NA,NA,NA,NA,NA,NA
NA,"3,3',7,8-Tetramethoxyflavone",NA,NA,2670.53891484236,1857.31256485522,2345.53646081166,16561.9034906435,3096.0043268318,2259.90235660196,2239.58489863925,2438.96846380657,2014.60280867135,2417.18702922942,1769.44939692456,1972.48142128467,1370.54275340242,2085.06345938968,2466.75591962361,2008.85391341664,1997.70295316151,2390.3937599014,2374.01418982202,1875.44269360547,2254.25291044504,7967.65840619255,1944.23002238697,1830.3493427509,2217.84604248289,2100.52205491343,1823.16136382898,2031.08632146845,2602.0603337843,3532.5283827923,3039882.80403854,1434.48390570271,2478.4822116658,2903.98042345209,1981.82380747591,1990.48091409536,2619.48450930453,1909.38448334247,3040.06118918357,1294.89508234465,2352.62957015593,1574.9370152532,1554.46881425862,1785.85499673633,2388.82829898408,2700.43565696032,1599.21564685481,58257.7710908271,1218.15036017068,2501.08704376343,1815.16188538671,1429.59101984111,1604.54357213133,2249.42790544866,3024.6979054635,1879.5128321881,2253.21775502364,NA,NA,NA,NA,NA,NA,NA,NA,NA,NA,NA
NA,"3-(Carboxymethyl)-1-.beta.-D-glucopyranosyl-1H-indole",NA,NA,96697.634681541,37401.8005337019,63469.796797319,104601.49573038,6847.48454191757,38110.7145872597,38024.2358867477,8278.00114817756,31996.4674093819,253.63656564607,180980.600018616,25683.802622476,69162.3991041437,102563.057057315,107776.417181901,68688.5870346147,62697.9300419873,81153.5882430601,33106.4402773612,26044.0281372336,710.592902378048,1260.94180456425,57540.9138207273,6500.37279990129,16086.251128811,27474.4835020177,62045.0488701915,804.339243299974,35797.0964752479,73599.5515270266,24452.9716566159,30656.8417127742,30699.0171814054,795.76040132133,29914.4821068359,807.233233084198,58434.9456215809,73405.8344557315,92927.1673666847,25861.9835044951,55579.0470191806,102167.158271175,57279.0248551309,11717.1728553688,2213.47941429244,81505.149095189,2496.92350417493,32258.7919011117,8688.24444030996,21106.2666434344,75151.9599564236,83080.6214234766,762.385397708717,106921.129272024,82251.9997404943,54277.558210239,26844.8271925089,NA,NA,NA,NA,NA,NA,NA,NA,NA,NA,NA
NA,"(2E,4E)-5-(3,8-Dihydroxy-1,5-dimethyl-7-oxo-6-oxabicyclo[3.2.1]octan-8-yl)-3-methylpenta-2,4-dienoic acid",NA,NA,12221.1079286084,39499.6353169866,7650.00834069486,92884.1090006141,64848.3268561926,56255.6602363053,73943.4281488236,45695.0027066953,41258.0542042169,13469.3557192385,63120.5991658143,47565.6101989707,107001.223873102,27969.2304177547,43692.6336378558,61600.6890044124,40234.1982794249,51932.2401072812,56238.5192627471,44218.6716508503,43062.3415572013,30320.6980692287,51901.4434969986,4795.29242030914,4919.16542762128,61093.6229892287,1782.10572471984,46118.0616826713,34629.8684675774,26676.2133584133,43918.5925644327,55887.1082258368,4254.09830996087,5874.66000793099,34989.8282274851,18369.7300075478,18485.799753889,35104.425419804,44593.2314905405,19745.555819533,40439.3389051157,25819.1615049835,17870.5438774899,6415.54897913238,20350.7762765503,40087.526735775,38125.8977915305,54041.4209484312,5181.74899570941,14870.6095049174,48607.0324143957,34303.4756646757,35487.0037794136,45511.0621288835,25857.225096666,36971.8826013798,37456.3824416666,NA,NA,NA,NA,NA,NA,NA,NA,NA,NA,NA
NA,"5-Fluoroindole-2-carboxylic acid",NA,NA,50681.021904243,28308.1272848487,3012.0722495366,82599.5522369994,59314.4646055544,187110.871139368,53023.1799913642,78896.9201459828,74321.5503477351,228292.370642496,21300.4419869085,43010.4280423409,105182.302834165,130064.670331215,2729.18390944316,101003.194106861,72609.4034015446,60451.0270861158,121142.484927788,175101.357848598,17757.6214974783,15243.3220160391,42477.1215444143,1879.14382155175,10078.1439169182,260140.327982613,127324.536239601,147168.989244538,144937.250781764,33931.5940886288,215442.209876161,52399.9465584058,92056.2432700298,67353.0579091108,105146.668369454,98825.1947721013,36523.5465035789,145945.51209633,6162.81436782816,14456.5159300703,27909.7396641669,39289.4976839321,49993.7685165297,25903.8301654532,37487.9188752847,2946.98056725637,32373.7585679144,228396.634001105,70462.1149524463,73048.3753813393,25268.366188425,140733.646692663,5631.02090365519,15338.3443573708,54592.2801676553,29639.4315194232,114353.221401511,NA,NA,NA,NA,NA,NA,NA,NA,NA,NA,NA
NA,"2-(4-Morpholinyl)benzaldehyde",NA,NA,1265.32982702286,91799.0718062451,41848.4362047216,160163.000578169,99640.3706209394,73834.0962004527,118720.920752643,330515.772350307,2127.09807951386,3468.40363865409,24356.4962506122,12092.808432729,52878.0804720013,58485.6128377673,1971.3230851338,18912.2446468144,19945.0297131435,88357.2385714937,40875.018080082,1049.77073990093,19544.9426630194,89301.699944675,62017.0937630074,21700.0363814387,71856.0620064528,93451.1912943487,28199.3454575248,61040.5267812189,82163.5342933324,46244.5999905144,103407.525552639,246548.17002721,112225.261845987,6763.9634112313,29615.7200414385,53311.7658954174,152727.555397987,53003.4540103366,35437.5104569326,163237.826440323,84660.8728741788,87549.0809042473,75621.056652205,107995.125383086,237209.809375288,134901.763485484,0,46704.0392906073,179032.794238998,52672.2671126037,53253.3878582702,134609.394015842,62604.4634266822,20259.5986516961,29417.5110711037,43328.6824817333,177740.032289382,NA,NA,NA,NA,NA,NA,NA,NA,NA,NA,NA
NA,"2-Hydroxyimino-4-methylnitrosamino-1-(3-pyridyl)-1-butanone",NA,NA,179991.137645518,37308.6217726666,17619.8467968743,65031.6417578064,53506.355230253,181166.307596118,194162.727321524,39092.4737183709,27234.5676169537,227196.764128793,29902.7933532554,31819.5997530048,124438.532455064,45854.687267737,59971.8895785061,48647.5202722401,51599.0182958896,314316.762776043,263705.03041509,161419.424580603,28397.0936332918,140139.390079286,20211.5969917857,47750.0815104072,22543.4270185992,51068.8853627913,235540.479983612,94882.894015411,186689.14257119,47954.9835274717,135862.425826415,212399.177109638,281139.219118261,187356.879525665,82529.2271519653,48808.6703525107,208094.998651088,131882.083370121,36950.4405636232,48763.827794305,35535.4903923588,37978.4357009483,30857.8964154465,27321.7016172873,34404.6712894089,30017.8086844078,256187.283397577,139691.604027618,50759.681763161,30876.2932492034,36051.5730123814,200921.463172228,48992.8658589185,39562.849023152,39005.6647289053,37956.9762555977,220258.516130476,NA,NA,NA,NA,NA,NA,NA,NA,NA,NA,NA
NA,"4-Methylpiperidine-1-carboximidamide",NA,NA,145557.8454666,114523.667128578,125345.335887172,91705.7223328112,131362.648547402,116667.708047501,107007.270952297,153812.233720564,108888.859951421,112473.046863221,95681.8375511427,99951.7527229659,105069.537947229,103794.255044896,121805.701165279,116279.826086638,132416.391686533,129009.607202997,129732.428471087,89210.9148988696,139522.369888594,124453.198700311,113089.042446812,101915.029396146,135618.239990339,110085.754410791,119903.734103577,117005.932401487,90198.2917454002,149542.398983494,102105.389544823,87652.0683594393,125446.508537542,126293.716186144,130970.484924953,123181.708186112,144985.186925399,97034.3532940719,150087.807535328,104907.684164151,106737.780715553,90461.5231155528,100984.456032603,141069.814614902,140884.421711427,150076.211554892,107811.937248093,120274.306938432,156508.142494065,116575.697401542,102925.510375102,106730.968484571,125023.12696836,103446.791145791,133484.757131342,114922.424805879,102334.477617916,NA,NA,NA,NA,NA,NA,NA,NA,NA,NA,NA
NA,"4-Penten-1-ol",NA,NA,330818.301671976,260975.559443964,267450.816904118,392490.877725278,353020.257547135,322682.198868393,346891.167291621,9553.53790643514,347016.036889082,17114.8657670091,314620.416386721,327334.114090077,343962.078181642,301982.828089446,289504.511513665,335541.897532035,360153.385496286,314420.191293598,303686.512896311,304446.295870862,14327.0565556257,14640.3251855722,332934.723625483,345540.684600574,277958.094157895,339688.530597546,294748.257985686,14360.828528441,315905.306721093,276273.157270881,320779.531069245,328027.906225448,140822.957152284,227883.977283598,326464.007083967,13782.3356647356,319420.647669279,320469.776756579,269745.578917421,316671.841962042,320240.740782957,318014.864136299,336158.257403286,338098.540815421,13193.2020434088,288159.821695936,300317.52073824,351868.881424765,292498.856426465,307414.596213949,354019.510540875,328207.392536206,17562.1282608609,374242.169955367,287215.206941176,356726.235404655,335330.90475159,NA,NA,NA,NA,NA,NA,NA,NA,NA,NA,NA
NA,"4-Hydroxybutanoic acid lactone",NA,NA,216065.975979903,1000224.53372602,396973.483624229,495939.725905619,156004.409348207,1477831.78622133,988931.927864808,128481.960347577,603556.814742483,145016.961063327,212096.089342133,555536.106833211,202752.021658828,1094061.25932416,133546.210352348,1030564.45391818,327264.429211342,88357.2385714937,160182.771123524,361092.163580175,830907.436816695,1586168.13258189,90027.3587577499,119725.908080994,633223.111570435,167971.810875735,311035.30571468,152189.28768906,851281.961627711,499993.44207416,197278.530055598,60104.2754464726,144499.410645722,271073.055503257,1579337.08166557,520675.851251992,505439.37806413,144076.80208812,130687.857007784,136497.229914095,497415.848982312,200441.749208876,516319.092342327,676629.905957954,207207.134796645,210791.339962668,162396.276861227,100725.236545406,657848.784487334,532920.358762137,223009.437817727,1597352.73232098,110746.829282524,177670.104524189,806419.261115419,238539.125348506,153524.111491781,NA,NA,NA,NA,NA,NA,NA,NA,NA,NA,NA
NA,"1-Butyl-2-methylindole",NA,NA,37302.8472737327,67403.2809102392,37282.2081347572,94763.3696149622,31002.5171875219,43363.2453508861,74852.7530984009,45458.5988733364,41830.4290021983,52200.2387273032,69806.3811652297,54946.4603028774,67553.9712180008,40400.5381813358,60431.3567296482,73345.0772982882,57622.5302622446,51279.8241673275,50147.664758769,60349.8883313499,52659.0569601862,64627.6610093691,45056.1651545983,58029.4812347036,55940.5981603963,39767.1372065932,44839.0943229191,62962.6381084338,71094.8672721812,38065.8589449565,56033.2172561655,70604.8176767107,28695.1379464416,41836.2855374128,41015.4597752136,80873.3124510832,35848.8315962673,50536.1384321485,23592.9077770339,74019.9236579813,52714.9762381212,73477.3431904983,52466.8235371164,58343.0825639478,48877.901097916,20577.9864802739,101943.519182869,68104.7483090329,77636.1688904241,45948.5131261601,78835.9703102426,66788.3261170183,78803.3860095209,79635.6468539458,34154.7743391168,59126.1713028197,65822.295059431,NA,NA,NA,NA,NA,NA,NA,NA,NA,NA,NA
NA,"17.beta.-Methyl-epi-testosterone",NA,NA,52879.4937650141,12363.7613676058,96155.9466763171,149552.211310632,132471.562221751,103210.83573288,302078.458287804,136263.691567301,48927.9431317706,62482.196533052,134272.365008569,80771.3399203816,24701.3073629326,70855.0733425148,280213.064216416,160634.307791015,461297.954581354,244100.069102437,583112.722040073,196670.969356553,175774.734068618,209176.845124582,90029.3818899272,268308.152582197,1415819.40813459,84087.0026444336,704301.25916532,192478.899850228,50147.6489935643,518913.04928657,118297.381853818,230440.986464693,524403.044119619,934778.653349424,239972.920756522,304179.022912616,36573.1013979729,226500.848479523,84325.9207729145,89686.6805895352,59581.9877823768,45244.3173536823,288359.216628806,91341.3910321563,45702.4048573359,187542.255891831,1318290.46677872,69161.0660154209,281312.137239869,617415.096311256,51844.5778686942,571957.797115136,238808.390239898,432485.262953407,140510.207940131,49547.1791136094,241749.698217693,NA,NA,NA,NA,NA,NA,NA,NA,NA,NA,NA
NA,"6-Methoxy-2,2-dimethyl-4-chromanol",NA,NA,7264.73848963124,4899.79498547736,3285.7397241893,7857.80653605648,8774.88211876244,18508.3016350603,4643.43785807422,11816.145982444,7246.57036343859,22763.1178011756,19770.0969081547,7750.57969618441,6441.82126500584,15105.3530208253,3873.95170161986,8846.55249800786,8337.09556253618,5047.25764385739,10099.7153104073,27852.1559863162,8342.79721563305,4458.32995185216,6584.28367102849,5765.91277596955,13428.8965544844,13888.1688603377,10938.9681829739,18770.6832959011,13598.1901786939,9939.79501810031,36075.6682468063,5395.82021433782,40998.1310526384,37514.1074672223,8708.75472480427,11077.3231404522,11107.5732829517,13571.1488242161,6259.34287962125,9532.12240559538,9682.67806785449,7249.47533781651,9718.93114500434,13599.4131014199,6277.73027591241,3777.9428227993,3966.57306852993,16385.2550058969,25305.596139954,13313.2146435288,8984.17198345913,13783.2743591604,9838.30586738547,4247.28076555211,15345.1576953302,6753.60738941342,13489.1417488373,NA,NA,NA,NA,NA,NA,NA,NA,NA,NA,NA
NA,"N-Acetyl-.beta.-D-mannosamine",NA,NA,241808.893150368,16162.2837938596,13024.7429752749,212341.036332672,12348.431050697,604544.786976701,163637.729864755,15812.2809710688,136654.567716534,157419.687261345,21351.4685093147,8355.56631903565,104415.353832193,94254.3248549809,11953.8783699903,340335.68706948,186316.657350123,219580.339199936,559582.450217569,295495.1257226,8893.32482259488,257250.800614275,132544.493029834,158856.653074139,15706.4584300982,340085.253284925,472170.535277158,143152.666022721,186277.155499599,349883.129235615,572758.608170286,133575.810175322,220954.052486803,231462.718924061,343164.912860701,396838.982157997,358027.761123609,233399.652770127,10527.1982490382,8857.04552411698,202868.636032118,78721.3822976246,24995.7885121608,140205.075255485,15178.4877036505,20763.3497179616,575618.607361821,205107.510753297,8154.00836552811,155826.709372562,33993.789006031,316774.399429129,9188.00626986969,66676.0620180424,292945.20990787,26735.1527051485,251572.447911601,NA,NA,NA,NA,NA,NA,NA,NA,NA,NA,NA
