Name,X622,X628,X632,X634,X638,X640,X642,X644,X648,X650,X652,X653,X654,X655,X660,X661,X666,X667,X671,X672,X676,X686,X688,X690,X692,X696,X697,X698,X699,X700,X701,X703,X705,X706,X712,X748,X762,X767,X779,X784,X802,X803,X804,X807,X811,X814,X815,X816,X817,X823,X824,X825,X830,X1000,X1001,X824m,X824s
L.Threonine,1041579,539221.4,857663.1,778593.1,179816.2,740628.7,611895.7,249329.8,712128.8,537805.3,519317.4,374877.1,422168.6,414674.5,101638.7,664671.6,1232236,988721.7,739623.9,527256.7,628088.9,772001.7,573626.8,510284.6,164890.941,463688.3,492263,513835.8,450553.7,976767.5,581719.9,488340.5,247638.4,328666.5,938718.9,725646.4,1060798,554853.8,811658.9,463406.7,440345.4,525904.9,627896,726885.7,572306.3,151195.1,846422.8,535479.1,551720.8,1119857,594578,694366.6,502551.3,917407.4,739647.1,669201.4,602897.1
L.CARNITINE,320386.4,83088.22,137479.6,331973.5,54747.73,244228.7,94414.02,757003,125538.2,297193.8,357567.1,66467.17,96581.36,143118.4,542697.8,119086.2,173765.9,229558.4,475096.2,207530,92625.66,133838.9,112648,791573.9,185039.063,86268.02,232560.9,105634.1,131558,259926.1,156165.7,68393.82,155886.4,301437.3,247184.7,185146,284572.4,120037.4,467440.5,41758.06,117305.4,134576.2,114604.4,91970.62,58875.19,196445,197542,58492.05,94251.22,113454.6,56156.17,370325.7,282294.7,91860.46,313875,51982.19,96632.42
ASPARTIC.ACID,1777426,427651.7,730749.9,720552.8,174541.2,883490.7,1049239,673758.4,710081.5,501799.5,414447,631675.4,118343,75780.72,668634.2,694142.6,1103889,1778037,921343.2,522590.3,1059241,616939.7,725082.7,1024184,159406.74,596756.9,464406.8,678546.8,302241.5,834986.8,449914.4,394236.8,223559.3,223897.4,1176745,513211.6,813602.5,411457,1023840,813720.4,309605.3,531787.1,376745.6,836197.1,620796,471569,1381398,886652.5,464809.2,586323.6,526936.1,803943.2,537724.3,803999.4,430121.8,665702.1,786382.4
DEOXYCARNITINE,5798293,2810950,1022446,5322541,2340554,4425888,3936556,2425800,6133852,4351948,3075118,3437290,1194239,3567588,3047954,3112619,4505394,1891107,3776322,3964807,3118072,3980564,1793734,2456948,3172016.676,4699050,4697432,4305951,5200052,4403732,4807563,1306588,4082247,7512711,4969623,6201379,2847202,4074769,3167583,3230329,4030518,4557856,4311221,2259941,1984234,2454719,1665263,3032269,2099547,5676299,2931315,3374886,3048484,3578409,8139691,2967129,4238727
L.Serine,639803.7,216148.8,111097.5,262744.8,955613.4,748247.3,447926.7,229879.2,299154,156683.5,117273.1,79155.23,371996.7,267178.3,173696.4,489985.8,258525.1,357385.6,342192.6,159703.8,28967.2,209977.9,299256.1,557150.8,20030.386,385936.3,152354.6,180881.1,253308.7,593353.9,320060.1,176590.1,97538.74,130158.5,420239.1,260938,952442.4,199152.4,254606.9,124220,180706.6,157237.7,211003.1,243245.9,310788.7,146363.7,526980.3,499127.5,135008.1,203210.5,74965.12,412452.5,80931.82,115618.8,138046.3,133282.5,328924.6
XANTHINE,44691.43,56008.98,35629.35,84832.19,83098.36,82001.13,71514.81,58346.55,50888.69,42807.36,50404.73,77818.82,106414.8,54047.22,70678.16,65968.43,47536.49,63156.14,73187.7,55232.43,71319.37,40251.77,36879.28,54544.17,59977.247,65854.57,63719.06,61390.13,73583.44,59748.85,53125.47,67397.44,46336.8,60493.35,55683.08,55270.35,24250.05,70348.36,40058.29,62532.9,79024.47,68252.77,61640.41,56119.82,79179.83,40298.4,135973.1,94968.51,68715.22,55218.8,62067.62,74885.02,47895.34,38090.86,66677.11,51472.76,75084.77
METHIONINE,4887687,6946568,6734379,7889286,2181045,5461728,6176328,4020998,6346676,6097912,7902139,7360124,5756373,4505602,5210682,5949796,5992412,5733604,5209384,6384703,6869532,5855394,5958442,3803335,4412813.755,6048861,5196576,3896301,4753152,3658129,6175440,7780491,3324851,3201362,5149023,5368227,3722486,6325315,3552770,7245327,7324923,6980675,5218622,6532192,5011872,3358595,4501389,4503010,6485598,6285364,8759714,6629071,8673264,7724965,4250203,6985855,7001977
X1.Methylxanthine,164922.8,251495.2,207393.8,234267.6,232634.2,195837,183954.4,205412,230600.3,120846.1,189636.4,178976.5,158981.2,218943.7,354047.1,209779.7,209098.2,205947.8,270365.7,214746.3,155070.5,138910.1,155406.9,207528.2,249313.603,216668.1,315707.3,124840.7,231222.4,237937.7,189904,232388.6,225883.5,168285.9,217503,140956.5,150920.7,298926,220287.4,247176.7,306227.3,168981.6,201589,220508.5,213193,141225.5,255287.8,257180.5,210289.4,291915.3,297382,325935.5,98756.68,141254.2,308115.2,207375.3,281548
L.Proline,8624593,9142484,10814390,9126731,9451817,9236996,6698575,15204750,8657024,5949558,8972234,7721244,6629868,9492115,7710534,9380425,8522610,4870665,6072480,5415343,9642979,9504456,8373208,9914645,6154987.357,8779667,4453931,9487230,6453257,5945301,8013230,9638310,1780844,2796369,8461736,9830339,7911335,8306631,8084952,9459746,8632285,9594934,9905348,13468790,11251530,2201695,5232967,9756507,13745900,8248583,10091180,8519228,10510870,9849646,6433649,9930247,8954719
BETAINE,152373.4,1274597,148963.1,94387.62,156123.8,213579.7,182473.2,125405.9,136208.3,535922.9,136946.8,363642.8,132977.8,900778.9,1272128,209212,141361.5,154494.5,338244,80932.89,510847.2,371694.4,237021.1,466572.2,2492136.39,266220.1,353305,129598.3,113342.7,340272.9,355042.8,48434.09,123047.1,451075.1,232563.4,110418,170739.7,74746.33,216283,181608.6,347525.2,480080.6,127893.6,62504.02,72438.31,975350.7,577336.3,171612.6,65450.06,160070.6,246997.2,244404,128878.5,98642.58,203228,304725.7,222944.2
Succinic.acid,418951.9,3042231,2633730,865891.5,560500.3,294281,850614.9,2696811,3668.299,938781.9,1505712,1987550,52665.98,8589990,2792935,242900.8,633115.4,1241775,535334.9,661829.7,1748968,2156314,6663.986,6110.351,10883750.933,2453.748,2057314,461189.4,958462.7,442129.9,111544.7,2122115,1108946,1825457,330299.7,2425598,1980549,1806874,2711613,3157614,1665454,2979673,906512.3,64914.46,1629224,5015149,5104954,447129.2,1566376,1748075,3146182,1395466,4183760,2118730,1031452,2948747,2773904
Nicotinic.acid,727723.8,1104064,853579.7,1808870,340945,799779.4,1651943,1481556,1572553,2195932,1249327,965839.1,770373.9,1095000,1375880,776757.5,1544531,1302560,1455519,3198346,805550.4,3198627,974581.2,2056775,1038957.563,1238612,2680926,1202492,1769121,1486891,1148379,2396928,2021891,1842023,1644058,1855449,1678837,1887595,1020464,1033846,1598003,1318517,1591991,1141728,1065618,501607.6,1071504,1053171,1817741,1431341,1472475,2250314,1483319,1663241,2089823,1069216,1411138
L.Histidine,91501.56,97743.59,114629.4,246610.1,67338.79,96765.03,434089.7,31702.04,274756.9,241306.7,96859.35,264369.7,359631.7,46386.04,14300.05,117133.4,199328.9,369578.9,298355.4,315607.7,235977.9,344033.6,176716.1,117659,76348.485,109335,155306.5,154721.1,229128.6,243148.8,201028.5,112200,114591,161644.3,357503.6,200030.5,613966.6,114290.8,57972.77,76822.39,69998.44,65216.36,76309.93,235980.9,62671.61,22438.19,443134.6,96822,195860.7,180430.4,123938.2,358380.2,30740.26,139077.1,41945.27,124127.3,148682.9
Lysine,1693598,1046175,1220917,734292.3,1041132,1171081,865820.7,1551463,854204.7,667578.6,959885,575796.7,1111236,905021.4,1494302,1150269,916177.7,1158187,763013.1,653640.8,881868.8,1036006,1087826,1302455,30490.904,1256231,415585.6,1163926,1001321,660404.4,1037053,1452055,295662.8,341035.7,1170707,1061551,1457482,810632.8,1747988,1408658,561281.2,1562255,758628.9,1563832,1232346,1527786,789296.2,1291621,710627.6,654652.7,911579.7,1231608,2151908,905117.6,361047.4,1111236,1571609
L.Glutamic.acid,4833465,256103.7,4212547,2902548,2009005,324979.9,83192.22,3049252,2427418,2337453,2785542,617447.3,1834494,1130501,2100002,623416.6,4918580,5097991,3646361,1693001,1215541,227863.6,2569493,2844581,845597.695,2246432,1734635,2325634,235071.1,3473899,2010171,2842713,1417472,1383193,188141.4,2289524,3649858,2610304,4138391,2291158,1502584,2857985,3291624,2396988,3187033,3089892,2448067,2988975,982325,4183427,3565172,95230.74,4600141,3947547,2300554,4010233,2703386
N.Acetyl.D.glucosamine,887843.2,53507.19,26668.19,721845.1,33580.8,1908407,592840.6,45480.47,444233.5,552376.6,53861.94,26654.9,370466.4,291185.7,96797.79,1077917,673137.9,777265.4,1798438,969026.2,20890.95,900953.9,435683.5,504283.1,54254.223,1138493,1524258,488306.6,645772.3,1174985,1780619,480513.1,781691.7,780693.3,1112581,1279416,1179085,741525.1,33458.06,24309.21,623316.2,248627.3,79923.85,490256.3,46211.64,53007.22,1768844,704675.9,37731.19,473569.8,94028.35,1021273,32910.81,223935.6,921333.9,72557.96,840451.1
L.Kynurenine,1397789,1053446,798169.8,925386.5,29532.71,43981.43,264192.7,34346.36,2109168,2298107,395157.8,561611.2,120006.2,288462.2,234735.5,33841.89,481500.4,158747,207536.3,2075316,385426.2,1557513,53776.1,77440.33,897089.703,656805.9,2584830,1241449,287973.9,24050.87,59447.16,279562.5,1707952,1516232,460538.8,393115.8,879827.6,1166282,963641,309356.7,84890.25,59659.78,175377.3,498300.9,607488.9,26179.18,44837.65,134365.9,705054.9,1719393,146675,2015853,814879.4,125282.4,1272127,126907.5,55739.23
SARCOSINE,1402562,875797.1,1953453,830096.7,869049.7,1070654,500931.6,930271,925845.5,538668,980576.9,370847.3,521980.4,1253073,908234.5,1062625,1393654,1024579,736381.1,444710.8,857249.1,828214.7,614947.2,757269.3,962631.173,607462.9,535786.5,516419,528979.9,1109214,596125.2,814233.9,304852.2,301538.7,1039032,810858,1193951,550485.3,1916797,645568.7,710690.5,1168694,1106396,1057421,920875.9,2211483,683405.6,586479.3,488436.1,1111609,828612.6,914932.7,1227932,1266672,637685.7,1043566,814940
Orotic.acid,717492.3,487354.1,359821.9,767192.5,388277.6,1303256,988174.3,1100927,919870.9,68398.05,595691.8,571030.8,600452,448289.4,601738.6,814532.9,609447.6,457494.3,858515.9,464417.5,604295.3,1281579,864467.2,1237973,228795.65,2095521,431469.9,418552.8,685972.3,556597.7,627605.4,1360131,9712.366,47966.14,902285.9,1072126,962810.7,1015003,372327.2,566444.8,242670.4,484224.9,702436.8,689068.5,706759.7,299264.3,141450.1,637836.3,242922.6,407955,640468.8,553458,368624.8,745102.6,451729.7,598591.4,1162996
Trigonelline,240120.1,361387.1,84732.09,148476.6,63943.91,391404.1,143628.5,67546.03,180074,767229.2,41226.15,703423.7,78644.46,48185.45,35015.44,233438,185958.9,201426.8,614586.5,438423.3,1255005,602474.3,94126.22,118739.8,435931.553,257750,660308.9,237569.6,234744.6,655390.8,378290.2,208412.1,598011.2,230714.9,249177.1,251654.7,1073017,210104.4,42836.37,568097.9,213626.3,97285.43,56220.83,267490.9,214438.5,229558.4,453408.2,301083.4,265741,349931.1,105718.1,451236.3,44933.28,100494.7,551284,113286.5,172291.2
Hypoxanthine,5231751,7111297,6678943,8552213,6689235,7066882,8342402,8647062,8239131,6735874,5376679,7094712,6350244,7357673,8630619,7119137,9016184,8723257,10031680,9312729,6973220,8209636,6841705,9299453,7441794.291,8860528,11259090,6602511,8557665,8447310,7505010,7574304,5210150,7227597,9580387,7722728,7546059,8198413,2672715,5107698,7665947,5482025,8122947,5875181,7678666,596505.6,7070332,8736590,7725717,7715754,7540904,10337400,2395324,4935393,8366343,5639128,7041103
PYROGLUTAMIC.ACID,3845768,1583330,2392545,1247310,1788877,3287166,2576024,4382214,19881.7,2275708,2416341,3358156,1203833,725580.4,2455434,4732642,1791051,879710.1,2574817,1368137,2807442,1538468,2437529,108202.9,723768.81,30285.3,1029929,3199584,2747532,1215327,3808710,7576788,286933.6,231897.5,2453997,1949091,1089292,2358343,6091388,5436146,2885854,8750581,4987527,17572.24,3082540,8663044,749296.3,2192702,1701878,1064003,2983763,1816879,4760034,3785240,640612.2,2822729,7964699
Malonic.acid,10437.4,12513.08,23045.71,37962.71,8498.696,56388.12,12897.08,52975.39,22778.81,21318.64,24030.93,33802.47,92364.69,17700.68,26121.91,23028.34,26906.5,38657.45,24502.25,21340.23,25693.18,34213.51,18462.79,76136.66,39681.068,22250.45,13262.54,40872.08,24025.9,20013.22,16223.22,26714.16,43768.33,21322.48,18539.96,19401.16,16955.06,18601.97,25892.24,29287.65,94311.21,20383.21,33163.87,16942.07,11863.22,19318.08,63215.46,9950.8,13834.62,140208.2,53313.39,23362.08,67107.91,42331.3,48247.67,40091.19,25489.49
Adenine,3013.179,5319.281,59523.37,86652.52,4666.391,65369.92,77517.33,102890.6,83735.85,384982.6,3443.595,4477.247,3662.89,69113.97,81593.42,3943.703,85737.8,83809.33,5276.089,5697.903,37330.38,331444.3,5287.456,88753.65,29998.846,82946.66,6404.09,343990.5,5039.647,76992.71,70832.46,73793.39,4353.966,217135.8,94686.31,237906.7,72068.63,81254.31,2644.171,46187.05,70065.62,3032.39,79940.48,54828.66,71608.4,1084.175,4004.517,83935.13,73446.71,70306.09,72340.82,103031.4,50668.84,2723.083,79170.1,3513.384,71076.45
CADAVERINE,17976.41,37327.55,38215.78,30895.52,20671.02,149107.8,406588.3,15361.13,195088.4,34042.31,15253.7,180166.6,11331.98,139694.6,12368.13,447125.3,86346.94,14747.67,14387.38,68921.03,154452.1,62174.98,169977.5,23409.91,1625273.887,13921.71,45551.82,229439.1,94870.19,17269.27,56829.08,192380.6,6182.449,80939.73,23054.65,332792.6,29580.24,97071.79,5395.34,157603.3,6077.018,8933.68,23047.45,23537.1,25883.18,295398.3,261706.8,16178.72,28705.21,28419.7,14927.65,20940.57,21274.09,53425.86,13594.46,20388.23,38229.75
CREATINE,70437.55,161389.5,11226.09,5751.39,12498.81,22284.43,11911.34,53531.53,10490.18,134282.7,8652.422,212640.2,5314.57,22494.4,20194.09,14937.38,8449.095,11654.15,85519.8,28919.82,399366.5,11992.13,14844.73,32588.43,24481.103,16644.15,20855.42,13037.56,24398.64,19194.45,23583.24,13727.38,8393.824,44808.94,30476.92,13067.8,36224.85,9429.127,101151.2,40666.71,8057.939,33050.67,10587.19,33580.26,12997.44,58088.04,2336529,23241.04,403036.6,5758.458,9359.978,25354.46,11779.11,11706.91,9795.111,8517.944,10082.35
Putrescine,159760.1,170290.3,217658.7,97082.21,37060.22,163537.3,169454.9,144085.1,165355.9,297922.1,133620.4,147157.2,94316.05,60211.89,81670.44,103627.8,234460.4,437580.9,203782.7,282907.2,251927,242911.4,269246.5,156515.8,280486.463,230834.1,220217.4,214255.2,347414.3,196691,247498.4,139794.7,73610.46,229867.9,282937.2,148108,236740.3,195727.9,110718.1,127900.8,377903,225017.2,145579.2,265068.5,238512.9,55056.88,402872.8,147175.5,167417,110454.7,545937,136647.8,203963.8,180223.2,259721.2,630100.6,149022.2
X2.Aminoisobutyric.acid,312916.3,2534672,1141038,1104616,674450.3,3964702,2432051,972618,1375325,138887.9,536316.1,1350073,499271.3,2951654,1594157,2722579,246877.5,157929.5,194497.7,816846.9,2108112,4302328,188281.8,278843.1,2623108.738,150698.1,616836.6,225128.8,2145730,332242.6,173231.4,258138.8,56305.8,154085.4,4158243,1070962,1187584,151628.5,434070.7,279037,1284155,458158,586904.8,1713559,735472.1,3003521,458767.6,193716.1,1614567,271484.6,523279.4,4307123,550489.7,323128.2,562325.7,539171.5,110657.2
X997.55.7,59681.15,85230.51,78489.74,257715.2,30153.84,68566.68,138791.7,124246.4,136344.2,186607.8,359489.1,147301.3,105105.7,106945.7,26256.29,66746.76,69216.84,118402.9,33627.74,141893,102641.4,125054.1,135065.3,235778.4,58037.759,309271.8,68795.89,194177.1,130194.2,43654.8,35093.95,269003.5,17045.89,20225.23,60424.15,118220.4,39585.02,156035.3,40783.1,165299.4,172560.6,116420.3,259782.5,99494.76,77495.36,16843.61,58164.36,64487.1,144562.3,49761.35,156497.3,68162.87,136422.5,232527.2,36399.66,72344.02,133323
CREATININE,491327.8,321387.4,8923.645,7909.43,16957.43,23153.55,40667.81,105272.1,16189.94,1443824,15893,1371160,11023.81,10491.14,182296.4,6391.719,10013.66,18015.84,527223,75066.28,1633029,8454.241,7703.076,70269.89,8437.847,14221.65,22968.48,19560.49,162434.4,20229.98,55151.67,4867.642,7296.734,67755.18,5830.645,12857.4,13766.17,12239.78,68232.19,69378.19,7178.443,102435.8,6861.194,8350.054,9605.756,25132.05,288802.8,20952.7,31312.68,13009.29,12175.75,16966.47,13487.66,13659.66,16712.11,8374.229,9407.755
GLUCONIC.ACID,121781.6,399689.5,155256.2,556250,428606.7,1950462,1801623,252470.8,265510.2,1523337,103632.9,661469.7,112074.7,2218457,113508.2,587535.6,170374,193355.9,228037.7,356221.2,184432.8,1620601,375715.6,294294,246690.7,227689,128730.8,429575.6,670215.7,373500.6,5899680,147381.1,110570.7,179456,531412.2,184261.4,257211.3,121767,180531.7,73319.53,148336.3,117221.6,151270.3,429127.5,96106.05,144372.1,347593.8,123673.9,116396.7,130905.9,90255.36,2952833,60717.06,120053.6,265158.8,100380,202365.7
URATE,7325.053,38629.4,12924.2,25717.07,13040.64,17870.15,14033.46,42107.75,29283.46,61496.17,19109.72,39879.78,7116.73,19524.87,66053.89,17931.67,7159.959,9737.356,11383.76,10623.82,31400.69,5512.776,9570.427,5540.131,21721.037,8973.216,6214.657,9852.377,20697.56,23296.19,32996.64,10550.06,5627.599,7456.166,3882.844,16262.36,46026.46,22516.31,47241.99,11164.1,42217.65,15315.58,22566.93,12046.34,33793.09,148584,7711.958,21010.24,24481.98,40697.95,45412.37,9081.778,122238.1,8295.904,105847.7,42811.92,7425.107
XANTHURENIC.ACID,80304,117516.6,34594.87,126764.5,67575.97,142241.5,35048.31,119100.8,181921.4,199842.8,89008.32,47584.94,45654.31,173163.8,24626.88,38352.13,69470.08,15831.41,16906.45,128624.5,34073.01,60037.87,62496.39,48458.89,84224.346,133582,181528,276812.2,139392.7,1774.465,616410.1,67379.43,119108.4,71941.66,66579.31,45785.64,24088.43,177717.3,52998.05,84955.81,60889.66,131483.1,138183.2,39145.81,214267.5,7975.331,2058.879,146928.7,77958.95,83584.29,196350.1,213633.4,29328.32,48287.05,116447.6,133852.9,107532.2
Citric.acid,134970.4,201282.1,272713.2,410192,190097.7,947957.4,1006518,2677480,1304390,1326532,865061,1286401,2863673,637247.3,941743.3,227228.3,77324.8,118949.2,699293.3,1641050,147757.7,613676.1,2138578,3149885,40238.633,1959465,272251.2,1315526,1759824,34281.64,627818.5,959356.7,1511292,618995,342420.5,1089219,391310.6,2451547,35973.91,609282.3,1454599,592990.6,836195,682446.4,1362976,47932.69,721236.7,652532.4,723481.1,68662.52,791235.2,496856.7,294915,207257.1,449466.6,384429.8,873468.1
CYTOSINE,27580.6,58506.31,150984.9,143359.1,33024.05,80267.35,170226.6,64669.58,198347.9,407285.3,68193.8,114368.4,65786.95,110676.2,27496.52,49524.14,291736.6,123051,282829.3,379230.5,87070.67,247085.3,80729.04,69061.55,139768.49,144963.8,150971.8,38305.23,108540.9,473653.2,184292.6,91732.69,554078.3,181475.9,238490.8,439367.2,252268,63406.91,8940.963,26511.27,61406.74,26524.17,154129.6,26826.92,47031.93,11195.14,43136.25,111480.6,49296.33,478065.1,90114.78,72628.08,14603.47,46754.79,638898.9,69989.43,46757.24
URACIL,570842.1,908242.2,973206.5,1359973,562625.6,642103,969323.9,1131052,1026019,1194219,953756,992353.8,646695.2,767564.8,993579.1,751375.6,1008079,838409.1,1076254,1430901,968264.1,1515338,736245.1,1123937,794728.165,927842.4,1093097,1044527,923626.8,901546.3,665764.8,1236809,812843.6,801252.2,1052406,1371547,972563.1,952940.8,706753.4,728963.3,873024.7,809297.4,1125190,916344.6,961107.7,382072.3,675464.1,871036.7,1086029,909754.5,1041296,1020499,1066140,1112546,1073141,817816.4,794501
L.Citrulline,432514.4,366136.5,295290.1,293822.7,915672.3,475625.8,443230.6,840526.8,419813.6,308809.1,452559.9,239222.4,579694.5,303357.7,987224.9,479088.8,324301,1260905,616458.4,340585.8,88987.82,292396.8,429506.9,1047213,111399.887,317566,236880.2,517816,412616.8,292783,303362.2,574741.9,59167.17,332595.1,543368.5,569266.1,459473.5,338571.9,851427.1,269987.5,244255.2,554895.4,462606.8,384475.3,254547.7,371135.9,641385.4,585867.9,181133.7,740209.7,317627.4,544723.7,752705.6,565210.2,84205.3,251858.8,561910.5
ORNITHINE,482238.2,245094.9,324056.4,197878.8,171159.6,240013.6,173033.5,348311.8,207610,68172.21,254632,152612.4,244917.2,200539.7,307411.9,287558.2,241037.5,204892,188170,151625.4,249218,254196.2,222637.6,259518.7,65120.116,314389.3,78135.34,166317.6,259958.9,142620.6,203906.4,282129.7,16135.35,28479.5,314422.1,273984.3,370035,203881.4,408248.3,348275.2,107500.4,400025.8,191163.8,387475.1,315611.2,287046.3,119726.5,305582,189626.2,161408.5,105025.8,320301.2,532763,218668.2,74252.88,106751,326789.7
L.Pyroglutamic.acid,22584.07,26137.02,20462.09,27586.59,28044.36,18614.93,50322.72,24609.83,715.8714,84886.43,19052.61,28148.59,21285.63,17736.44,28775.01,21535.36,19862.79,40381.94,48080.12,40958.81,41750.33,23985.12,1468.618,1704.79,24430.956,1161.665,45758.61,57147.73,58030.1,29518.32,27396.44,31432.76,32114.33,18741.73,24980.64,18932.09,51265.94,43569.8,28546.6,43264.31,18957.45,22904.81,26964.35,749.3855,26777.08,42478.69,53814.3,58710.41,42275.3,18605.55,23351.08,37538.78,28134.73,18101.52,16358.84,29563.87,43514.87
X3.Hydroxyphenylacetic.acid,54229.82,85918.26,120579.4,121817.7,209127.5,265030.4,120306.5,109482,57613.55,54036.65,51847.23,84657.39,127792.9,85626.92,3330.948,60451,24187.11,82131.14,150635.5,81693.7,65915.92,71680.75,131952.4,130136.1,18629.478,153165,30714.99,243353.4,106355,186786,177285.4,54969.26,53399.57,203563.2,228779.1,148963,44238.99,364733,149632.4,81324.54,5951.805,77318.91,297280.4,27924.19,122217.8,112529.4,28647.31,249579.4,31207.61,7116.48,91697.2,94664.47,53644.99,17153.85,176096.4,83199.41,64543.21
N.alpha.Acetyl.L.lysine,170364,297586.6,409881.1,247499.3,398279.1,287470.5,140042.3,424971.1,239455.6,127100.4,465515.3,116782.3,142797.8,338916,498712.5,366796.5,262757.4,87988.88,123161,95569.19,201972.1,404958.9,199418.1,325095.4,151417.855,233578.6,102565.9,241305.9,146513.3,157821.4,241980.6,508904.2,38281.2,51815.99,177619.9,169125.3,126761.1,237135.3,373919.5,241247.4,308117.8,318962.1,320763.2,123901.4,232847.7,232958.9,68114.74,181230.4,80295.07,101530.8,299548.9,132050.9,788529.7,357967.9,92764.55,254877.8,216737.6
N1.Acetylspermidine,551559.3,345019.4,471683.7,494813.3,195763.4,370508.5,338450.5,3111.599,658278.3,571262.9,359089.4,441418.7,159365.9,156635.6,79600.24,325489.8,748778.6,671990.6,275803.1,775476.4,542021.1,756451.9,502425.7,18112.52,276613.294,351201.2,543987.6,428642.2,269313.7,1418265,152603.1,375422.1,816416.9,439283.7,356523.1,468878.6,681737.2,247355.2,183028.3,452946.2,201233.9,231960.2,334642.3,590782.5,273824.1,244168.7,371054.1,417772.6,405991.8,617520.1,562516.9,395049.9,265985.7,376594.8,712167.4,606324.3,308082.1
Urocanic.acid,393274.3,272478.8,90726.82,772135,427852.2,344666.9,561051.2,359947.9,558417.6,284490.4,191591.2,432502.7,713776.2,207688.1,241425.1,265060.1,443847.7,241879.8,263687.9,400774.9,432035,501222,360564,580487.9,58707.237,514573.2,250616.1,598013.9,714557.7,194899,369120.5,423711,26937.36,34208.97,392922.3,312520.4,293876.8,509022.9,148576.5,223915.2,271668.3,131162.9,234940.1,375000.4,177294.4,74049.4,283862.5,528896.7,436086,384147.8,424726.3,500994.6,116146.6,174210.5,173928,378502.7,423295.8
ALPHA.GLUCOSE.1.PHOSPHATE,76720.57,3583.475,4821.442,25239.77,3403.653,22510.42,45456.41,10589.83,6233.175,98433.4,5300.758,3385.848,65037.25,5462.514,4183.077,9781.356,46290.02,123504.4,178635.5,77162.41,3687.565,46639.47,77793.48,4595.06,14569.469,22709.98,53131.23,12485.42,50827.47,45549.04,19267.08,8132.743,175521.7,53589.56,74035.58,20112.09,209235.7,92629.35,8217.394,3804.56,4086.05,6606.191,5510.662,9359.371,6021.913,4340.7,62093.62,22062.45,3044.992,12434.75,4705.907,61171.74,2163.963,5842.614,55973.6,4111.689,34882.37
BETA.ALANINE,286906.1,94221.88,157557.9,146985.9,118747.5,176031.2,172906.5,132217.8,135390.8,89854.21,97074.01,105222.4,38903.01,64507.37,145699.1,146263.2,190663.1,276708.6,163115.2,85485.81,175103.2,108496.1,115570.8,185406.2,40197.665,103784.8,77225.27,114302.3,63725.95,162329.9,79883.62,100487.4,36978.42,41588.71,202401.3,95751.27,171559.6,69872.27,282707.8,142506.7,76261.6,125472.8,88912.96,169634.7,121779.7,242691.1,237060,162214.5,82065.52,99664.82,106782.7,146693.4,121028.7,158592.6,73456.22,129280.4,147540.2
TRICARBALLYLIC.ACID,48669.7,8748.291,8697.423,55334.3,17946.14,21004.04,22357.67,27003.24,51804.14,41235.88,131204.5,13715.79,102034.8,33809,25276.08,9128.427,20238.91,9681.522,11316.07,18056.26,9561.628,27282.31,12220.28,3382.231,3737.087,1742.497,20912.38,29111.57,12690.19,19006.16,12014.89,19442.63,23821.05,19860.56,12794.47,15903.13,14766.04,23616.61,5514.406,22811.04,72166.46,28971.89,57236.15,9403.511,16321.27,25838.15,12380.93,17183.22,40035.02,18991.18,25808.19,18462.69,28424.39,33564.92,28702.11,18252.34,17643.03
.gamma..Aminobutyric.acid,71148.5,949112.8,388644.2,408826.8,118856.9,1354609,914890,70254.32,496029.1,21000.9,159471.4,514702.5,173788.6,1016781,23783.9,958230.1,70817.88,40623.26,58820.04,277984.7,753494,1473171,42919.74,67995.11,602821.781,16248.38,217937.9,21076.8,747437.4,112917.2,59273.78,21138.38,10593.73,32848.55,1487529,398908.6,448241,19638.99,61495.37,58173.58,435256.6,90491.92,184091.6,622122.2,174354.4,181267.9,134012.1,17926.57,611396.3,92296.88,114360.8,1515937,27147.99,91384.2,206332.5,116949.7,30431.69
X1.3.7.TRIMETHYLURIC.ACID,1367.126,13361.78,5122.419,46016.39,21235.62,284010.8,37746.21,145177.5,1339.547,2157.739,3318.431,39431.22,60028.04,36312.48,1422.891,182389.3,7380.294,61228.52,41853.08,1825.004,27102.59,8772.417,9496.744,2750.912,12823.004,130597.2,2720.654,64958.95,34349.94,23995.67,162267.7,8886.981,14802.96,3221.623,28736.49,5038.38,55308.92,19651.73,11886.83,9681.125,114759.1,7783.802,5233.522,24448.7,77827.07,70107.94,3055.824,117401.2,15472.71,32129.8,119162.9,26979.54,8633.213,4359.462,8662.32,139638.2,83933.67
D.pantothenic.acid,709959.5,871502.4,784442.2,1231798,364078.6,844117,1579091,1182098,1266138,1308549,1007313,1025787,948370.8,598856.3,898504.3,705946.1,1027261,1341745,1550139,1866093,846822.3,1749027,1079835,1967339,648082.809,1582220,1809139,1111489,1151937,1019454,580813.8,1785866,938634.4,1032284,1155417,1160274,1295633,1399598,533189.2,911169.9,961157.6,792376.1,891109.6,1265782,835494.9,324488.1,1523630,1194904,965212.2,972773.8,1141213,1503822,990387.9,1044375,766370.8,1020023,1385972
MALIC.ACID,2679725,1758076,560269.6,3710995,1824639,4164140,4241854,988427.2,4073065,1268601,1249605,1320286,1205850,1864581,384162.8,2851765,2628703,1625822,2490800,4033868,985287.6,3437571,2271836,3497015,773946.696,2947324,1736925,1982360,3242937,1014840,640287.9,3199353,634851,1046415,3640563,2594631,3038879,2854216,524191.8,1527946,1890219,1896771,2165809,3808332,1413012,1008402,2698789,2674806,2186787,1424459,1435654,5077257,1117342,1228026,1814607,1381138,2819783
X2.ISOPROPYLMALIC.ACID,20250.65,54805.2,562467,60657.05,30653.42,24996.11,28522.83,3395195,55273.95,88748.65,218983.6,39789.72,47743.33,159155.4,931421.5,139501.1,37631.27,15045.51,27001.9,34295.27,30559.35,195950.6,83125.89,837381.4,355255.073,107284.6,141972.7,40507.14,40163.65,45896.44,52443.07,165765.9,287084.2,40127.87,31889.68,420656.4,136009.7,242078.3,263713,95085.89,331197.8,60040.32,208632.8,85696.07,124649.1,17982.57,20698.02,38818.06,89665.11,75717.41,48882.37,86262.75,597723,54859.76,97536.3,48587.51,50061.99
Tyramine,696965.7,5754752,4800466,559269.3,141004.2,66194.23,589305,11704.04,95538.48,3785.195,5796630,5890942,113346.9,4508727,2219094,2644050,622178.2,13967.29,11228.05,14591.13,8746.598,6883.556,3299016,2875671,4332868.586,274974.8,9648.522,1073.144,133678.4,2395122,43075.88,389344.6,23032,9744.25,1991749,6020.398,194735.2,1751518,4368283,4996351,4779394,6385876,5085706,4381762,14652.44,2664082,358370.5,498058.9,6323017,1588813,1230461,1321713,39876.29,3832947,1698930,1089415,78675.23
N.Acetyl.D.phenylalanine,369101.2,129025.9,142726,317496.3,796179.4,263655.6,291574.3,180247.9,414959.2,194625.3,301202.6,340302.3,355920.9,514517.7,331145.3,244232.9,288806,119181.8,107455,120026.5,275642.5,231859.1,261327.3,445603.2,83450.949,911550.6,59642.72,843054.2,351691,129619.4,283141.9,474299,18556.63,23742.47,303018,162486.9,41270.81,473205.4,161573.1,434287.3,685823.5,316383.1,516667.1,352272.9,243521,110390.7,70791.41,647302.6,123476.4,154134.2,732636.8,258513.5,495724.9,505012,110019.6,596524.4,235180.2
Methioninesulfoxide,800991,399281.7,514912.1,499924.9,1246432,568066.8,549112.8,216010,858937,713374.7,428684.1,200728.3,296003.9,1067059,377936.1,605153.9,727269,1133550,498689.7,545286.9,411964.4,582326.7,479912.2,843781.2,227880.396,541556.2,455244,1401931,972610.5,660439.5,430709.6,516637,310212.7,297220.9,817407.7,1039015,949088.7,734211.8,539031.1,529466.6,608084.4,785707.9,1515521,576438.3,815995.6,530437.6,800884,956437.1,455350.3,632831.6,741988.4,1080667,509229,501105.4,659454.5,690354,403437.5
X3..3.HYDROXYPHENYL.PROPIONIC.ACID,249524.2,2761384,2914395,837799.6,1182318,2102766,382929.7,1878952,1192808,1125013,4944653,1565533,225861.3,1360695,2633050,1017971,982228.8,232262.7,592694.3,3020779,1786368,1555467,1749825,3128206,3130737.537,732721.5,651404,1245362,1014981,1568177,6596362,1931164,5909048,6312800,472440.6,2347428,2043141,1253107,3395493,2858126,2714749,3135750,2162926,4021439,1749060,2583877,793373.5,620487.7,4578164,2368283,2154771,925815.6,5475140,2514479,2671860,1964689,1896735
Ethylenediaminetetraacetic.acid,2712.888,3111.915,8131.488,3169.358,2752.769,13704.76,2538.515,15780.84,3310.173,5126.718,4146.145,3123.6,2433.817,19506.33,4075.872,11697.7,2413.701,4157.158,21375.15,5552.197,3224.346,2762.429,3623.43,8614.511,4219.521,7656.556,19855.92,1996.837,3748.316,13043.78,30318.49,2180.235,5197.705,7348.248,5482.975,33220.51,8089.362,3721.976,4567.448,2843.98,31133.07,3172.056,6091.837,3239.817,8093.672,1881.637,15372.09,4452.359,1651.066,6718.705,3360.965,6941.593,1172.357,2639.803,11680.48,3124.028,3473.52
N..4.Methylpentanoyl.phenylalanine,2368868,2286798,1791728,2772692,3097334,2348537,3455627,1084750,2407843,2408641,1904822,2970101,3559481,1689691,1693305,2442460,2242677,2954325,2619503,2334624,2635873,2030850,2638348,2663670,1546971.11,3330976,1890677,3042502,3023920,1859686,2134329,2632833,1138189,1573230,2580852,2599200,2160137,2518171,1179386,2694610,2203318,2150520,1978258,2729147,1875370,1459160,4140719,3164232,1956416,2210847,2391456,2635988,2590117,2277611,1645062,2362657,2638880
X.E..Ferulic.acid,456278.1,222085.5,25574.17,616495,491144,1573513,465054,605193.3,584703.1,1730673,168873.5,380831.2,887869.5,1067990,20549.91,835505.8,592086.2,560826.4,958766.7,1369188,136504.3,120146.9,386929.1,17638.2,89128.523,2079939,993838.9,1108396,1180942,313265.8,1682686,429164.1,744742.2,570911.2,806206.1,749349.6,286328.2,1092432,54983.43,133024.5,251463.8,331529.2,410860.6,213841,300091.3,27574.57,275762.5,1740733,537587.2,607340.5,204064.2,1071856,41188.62,125350.9,435791,246918.5,904182.3
X4.Hydroxyphenethyl.alcohol,1544016,11640790,10078710,1325047,311834.3,139641.1,1346240,23019.82,226858,4905.678,11632190,11773710,271134.1,9167379,5206448,6258198,1389477,13436.59,11443.56,32499.44,22764.44,7230.645,7481744,6299596,9388985.485,587727.4,7419.283,5532.816,285162.2,5611528,75383.04,864659.2,12136.77,16277.12,4929240,10364.87,417351,4232014,9709973,10120200,9722491,12747900,10191020,9272611,29766.07,6409817,797143.3,1132354,12744460,3848157,3127616,3237572,90259.36,8093917,4003263,2705799,152599.1
SN.GLYCERO.3.PHOSPHOCHOLINE,2250.901,3352.035,4996.004,4841.627,16734.72,5438.699,7125.605,62026.91,3409.544,2442.653,12967.25,3420.468,75918.7,12345.36,4606.693,2116.941,17630.76,5402.178,21288.27,3513.153,1970.501,3208.372,4222.277,5540.131,4811.902,4313.161,8362.261,1801.72,13564.45,20777.05,2413.187,14299.07,11421.42,10485.51,4805.71,2957.078,5549.37,11720.21,7281.167,9459.365,13091.07,5790.379,11912.34,2459.642,2661.46,6857.106,6885.512,2136.269,2536.854,6057.336,7383.756,16103.68,11557.96,2786.411,13434.76,6529.371,22322.85
X3.4.Dihydroxybenzoic.acid,93783.44,170193.9,55626.78,46392.31,5345.595,123925.8,367392.4,11318.94,28866.97,185776.3,88071.04,38387.6,373051.6,13775.14,82998.02,61667.62,325329.2,27045.5,45828.3,66923.14,150299.6,28856.82,60371.22,2723.562,83918.584,152522.3,121007.7,252226.5,180316.5,308564.4,6229.805,45428.9,304968.7,388756.8,121448.7,69566.97,429439.8,181902.6,163687.8,79180.15,100283.5,67789.66,36698.95,86574.25,43061.92,119480.3,232797.1,99163.43,153800.8,148733.6,107447.4,242700.8,72666.88,346505.3,25074.7,93408.81,287849.6
ADIPIC.ACID,262876.2,202491.6,196164,235362.5,523402.9,429620.1,325082.6,313032.5,339986.8,250906.6,295291.8,187738.4,353924.3,310285.1,266478.8,340739.9,249546.3,504764.4,529361.4,210096,202070.1,276263.5,370922.7,483828.8,98270.397,433439.5,292230.2,307891.2,343171.3,163836.4,537991.7,330204.5,163461.5,120331.8,246002.1,185420,205057.2,234463.6,200719.5,261402,337892,290331.3,262444.7,160290.8,315205.5,323487.1,123306,257578.4,158508.8,182308.3,304929,234531.2,283163.9,246076.4,309969.6,280994,358961.8
N.Formyltryptophan,998917.6,1821948,1034447,2677362,851994.7,1132502,2057081,1209927,1182528,1296705,1815660,1502098,1839094,1023297,1687054,1907693,1509577,1408642,1304287,1663161,1481056,1697958,1216375,1549928,1546493.177,1107290,1200850,1592996,1927801,1097006,1540952,1874467,765961.1,1168586,1052142,2198340,1001333,1370780,695125.4,2055619,1449649,1935752,1345103,1567234,1343903,599638.1,2806491,1752059,2132568,1335492,2020255,1789613,2160874,2213906,970810,1571521,1741595
DL.alpha.Hydroxyglutaric.acid,143455.2,2056705,3466702,819748.4,99493.89,252104.9,90150.05,2113569,385029.3,500833.3,3021286,848257.2,239085.3,730630.8,2286855,741010,570207.1,126841.8,543859.3,134509.4,1069397,110573.4,858367.2,454284.4,1262442.904,153049.3,787066.1,234520.2,139431.9,296933.4,231224.4,1489665,173789.1,209899.6,98984.74,1290974,930422.1,738168.5,2421917,3622534,3008719,2510833,1222787,788849.6,1353289,3601031,194228.7,303906.4,812376.3,902693.8,1690788,93578.95,4085920,2898726,736349.7,1831349,1414169
TRYPTOPHAN,1471033,2796999,1511680,3951053,1249587,1682076,3115796,1783616,1724623,1890616,2841271,2276914,2836307,1543283,2585021,2937646,2236241,2111809,1915681,2573888,2220509,2552651,1809919,2383632,2330123.752,1638652,1774628,2443546,2958923,1612533,2328125,2816345,1094338,1725115,1526554,3372073,1486687,2086839,1001138,3167690,2219262,2963944,2027714,2422411,1952093,848567.6,4216739,2660626,3196540,2014006,3130934,2762612,3339101,3289437,1433727,2392622,2698048
X1.Phenylethanol,76282.96,996464.6,895188.4,8504.372,173931.8,20706.48,12838.7,196636.4,6734.717,47416.8,543628.3,863280.4,18227.05,267847.7,201292.5,872576.8,133033.5,14371.47,9426.1,5622.068,764441.5,12209.61,332792.1,36740.85,695356.242,31203.1,6052.435,329585,165380.5,26513.5,200627.4,17587.43,20804.58,5919.149,55395.38,128200.1,4180.324,180895.7,263184,740822.7,176829,574045.2,277548,126926.6,795848.5,1595088,11848.82,10308.35,834075.3,39771.02,465695,360673.4,879733.2,175964.6,20294.56,384748.7,6089.629
UROCANATE,1585551,1194072,546545.3,2501807,1290136,1162297,1389384,1974769,1779557,916565.1,936915.9,959967.5,1565121,709322.1,1122921,901388.2,1871277,716300.8,753493.4,1020151,1551862,1868917,1154990,2181574,214539.879,1323200,855320.1,1910622,1739350,777356.8,1921792,1203453,49097.33,83702,1552962,1487805,1314458,1860037,930692.1,817060.4,1059970,611215.2,1077859,1272747,946272.7,253000.8,651630.4,2011526,1498924,1713161,1735059,2067443,687715,667098.9,621334.7,1616640,1382781
GLUTARIC.ACID,952102.6,667892.4,897704.4,1326224,137593.5,177673.4,437033.8,313074.3,612250.1,837669.4,54013.03,480462.5,138620,1641930,529481.4,114936.6,1248346,877678.8,848571.4,734222.7,743795.7,653515.9,308617.5,63339.34,917656.671,67512.36,3620757,86762.05,330989.9,684394.2,210693.6,67601.32,906526.4,173635.3,107358.6,218754.8,702269.9,488473.7,809741.1,82606.73,2367785,80065.97,152694.5,380660.2,83261.11,182939.3,279728.2,53097.91,280352.4,537244.5,955329.5,1010047,771515.4,1273806,1761395,920835.9,105303.8
Ortophosphate,6597967,761623.2,1655823,2457348,358894.6,1960834,1722610,2760119,2716287,1449666,834192.2,2144842,1115452,1259128,130725.1,1941548,3403088,8098762,5204364,2508210,3370692,3067977,2017413,498003.9,2136282.732,2207368,1296756,874109.8,1429281,2870775,1631512,682760.7,1633907,1295964,3949946,1722996,4317485,2153118,951465.3,1244756,1202213,1436914,1482362,4078058,2622556,798008.2,2923182,1650831,2520696,3451375,1277879,3028803,85747.7,1442199,4522225,1864246,2123059
X4.Pyridoxic.acid,1021729,1127015,902066.5,1501837,2047520,1997131,792729.3,1962792,1467531,1699590,1145408,1472470,1633003,1308284,1260794,1284580,793110.8,353557,542409.4,1307318,1112773,862158.4,1389968,1364044,750106.28,1738901,1906292,1534846,1909248,347236.4,2029536,1045281,1145261,1475652,1254866,1369158,790749.2,1476452,899767,1273909,1386173,1153885,921463.5,795527,1314833,881199.3,290929.7,1326170,1048546,1192176,1598162,1458772,819135.6,827244.6,1126711,1404567,1717768
X5.Aminovaleric.acid,8810633,10170100,10472230,11938790,10728500,9587359,9946935,7302313,10632910,11029130,10959860,10456080,10218930,9943155,8624880,10478080,10643500,8776357,8231953,10121740,11907580,11840860,10089560,11852200,8321580.494,10402860,8446287,12863780,10907210,7147451,10046660,11677080,2764225,4912214,10237050,12348720,8870915,10536440,9028704,11134490,11275890,11400230,11247660,10918500,10213970,9434853,9001865,10118890,10079840,9256512,12463040,10922310,14410930,11464110,7650901,11023360,10825140
L.Tyrosine,1941202,328005.8,287072.7,4667557,4249997,3526568,4733178,3369.491,11092.75,3488588,934421.3,951063.9,4824319,606220.3,2228077,2379245,2695869,3266420,3347628,3455861,305828.7,3106929,5430.442,57821.56,40219.648,12821.34,2055536,4042870,3896398,1207309,2521531,3965528,1176076,1544407,2104333,2413541,2427932,2733093,90213.93,459878.1,719944.8,473657.4,831475.9,4871.006,249979.9,863251.8,3605271,3305340,286472.6,1998472,3052166,3496106,205833.2,2091089,1176944,2015696,3653264
D.Pipecolinic.acid,497741.7,328550.5,370900.8,227612.3,319219.1,360732.2,277741,472814,264044.2,222510.6,292185.2,176829.2,344238.7,276599.6,448952.7,353018.8,289010.9,358611.7,237238.9,208938.5,266226.2,318002.3,331063.3,387629.8,10671.219,391493.4,126211.5,368815,314333.9,196453.9,320329.4,445258.7,100219.2,104437.6,357702.2,329469.9,439123.3,249389.7,528211,438161.7,162054.7,463945.9,241349.7,477622.6,385995.7,478533.2,250038.5,386665.7,220470.6,195493.7,288874.5,360458.6,651032.7,280772.5,99841.25,341822.6,469713.2
Glucuronic.acid,3145608,2039810,1897072,1717619,1361170,7188808,5776522,829343.7,4543529,3306540,2078210,554999.8,3798109,2475305,606741.5,2092059,2779744,4183919,5111065,2432865,544442.7,1595927,3598996,2749632,602576.282,4364753,2450657,3438724,4894104,5725364,2599842,2236530,4032013,3623746,7029473,3837807,10837760,4970733,3394711,801587.9,173370.9,1795576,4157412,3271676,2578354,2106658,9166862,4622558,4023032,3877440,431192.5,3978347,313742.6,3268319,1331017,421598.9,3761169
Dodecanedioic.acid,387818.7,927346.3,594066.2,369862,2096530,1103043,589071.4,371099.5,372258.5,893225.1,840858.5,238130.5,3431575,289700.3,1557348,933506.9,970917.4,219524.4,594320.9,323910.3,472487.5,378075.3,2000652,1070600,188400.139,995606,529929.7,1226455,531103.9,971442.8,622151.1,662540.2,384442.8,597138.4,807345.9,648260.5,203971.9,795598.8,808230.8,738831.9,698401.4,696843.8,602673.2,100510.3,415129.2,1554782,83425.38,670400.1,163379.2,403680,628295.7,1059748,756717.7,1239460,483607.2,484216.4,791522.9
X3.Hydroxy.2...9Z.12Z..octadeca.9.12.dienoyloxy.propyl.2..trimethylazaniumyl.ethyl.phosphate,13502.84,26311.93,23951.43,41695.88,111165.7,23716.03,109053.9,681031.4,34836.04,12887.59,33676.05,26607.29,8886032,39121.13,98522.44,29093.81,28496.98,75498.38,1561345,22043.48,149703.5,18519.81,38972.61,137422.6,139666.973,24904.41,29371.53,32865.82,109268,16571.1,41980.59,31072.48,96448.73,28156.84,40040.5,34194.4,18489.07,430796.8,48394.89,14277.92,36343.38,65364.4,651924.6,18333.2,166049.4,24822.67,42451.4,65649.94,26520.68,38762.31,36558.71,41156.53,667330.6,35813.01,66953.32,25653.72,31762.6
N.Acetyl.methionine,344448.6,527698.3,490412.6,733733,73186.92,714813.2,620584.4,87042.24,636701.4,118796,700027.5,671256.4,214388.1,330498.6,245910.1,792041.1,539961.4,190388.8,211954.5,555989.8,440029.7,712964.1,592473.8,155917.7,321906.069,567445.1,188060.7,211730,263327.3,436418.8,325982.3,816165.3,53068.77,70482.97,348050.8,396075.2,173249.4,462813.1,161099,619893.2,1027680,405307,353954.1,349767.2,236769.6,186038.6,64860.9,221071.7,163875.6,511550.9,895464.5,533368.9,837192.4,835974,506977.9,790942.7,586864.1
Acetyl.DL.carnitine,37522.29,7691.55,10408.53,13273.22,15281.43,9198.898,21583.1,139614.5,6705.656,13569.05,17277.86,6393.471,14456.93,21494.05,22814.89,16876.13,10623.94,42289.26,19141.05,11648.02,8316.12,119604.9,35721.43,23553.59,17537.346,12859.95,58559.9,12490.61,10468.97,6844.925,27282.8,5495.604,28262.95,22548.36,11226.44,2686.264,79496.81,14910.73,15208.33,10991.87,22734.48,24541.74,10693.98,5232.082,14438.66,15682.53,0,8897.524,9545.632,13936.21,16161.51,10575.8,17581.31,7578.481,10193.16,13693.74,7987.268
L.Isoleucine,22071790,20431700,20970130,20434810,23668230,20337860,20368830,16110680,20875440,21499350,19858280,19796430,19795010,19806670,20314340,21022250,22323370,22051390,20380350,18379910,22584530,20918350,21247560,20875550,20258300.199,20989060,19794010,22611150,19850550,18915040,21122070,18212830,12774190,13730890,21061620,22164490,22097350,20633930,20151230,21717810,21811470,19756160,20463150,20721750,20477870,20115200,19195160,21639130,18411020,20801460,22442280,21166470,24289270,20527500,20654510,22597520,20439360
Maltose,189048.5,119092.1,51467.3,582671.8,74541.85,501504.3,1326489,185309.9,129315.7,2342613,65505.17,86969.77,7102586,37511.43,74880.62,150990.4,579615.4,3487355,3486831,1224856,32815.71,273228.1,3310516,619171.6,393834,319432.3,502287.4,352323.3,2640301,891328,224951.7,98212.85,3121140,1844805,475000.1,327864.5,2296965,1837506,42997.68,38045.75,64320.3,102414.3,35487.58,89103.43,48247.65,34565.84,1488865,270300.8,75795.73,167065.3,29248.76,854192.9,151475,46901.69,441629,37489.77,622016.5
L.Alanyl.L.norleucine,31153.29,239138.2,211818.6,405254.6,213071,142070.2,387145.4,321502.3,206396,565940.6,349568.3,469197.9,119848.2,149986.4,250155.1,148169.3,196883.5,154261.6,184690.2,447179.3,167488.9,272338.2,267017,309851.1,185584.866,104478,370258.7,347679,352293.7,299211.1,145545.7,159661.4,1455453,521376.8,141460.1,446805.2,40537.66,219020.4,89306.65,84176.47,390722.8,171754.4,199229.3,95908.78,203259.4,66572.07,322249.4,114160.4,255037.1,449828.1,282362.7,189804.1,89684.8,206531.8,419502.2,180012.3,205083
X2.2...2.Hydroxyethylazanediyl.diacetic.acid,7932.052,4021.284,7119.471,4255.995,4590.627,3205.676,4382.71,5715.991,5200.094,5554.539,4220.365,2424.274,4009.806,4890.489,8111.151,3951.493,7459.386,3025.22,4109.391,3656.304,4721.926,6975.82,5044.68,31939.64,7318.773,5441.042,5758.343,3911.683,3488.532,8398.873,5115.956,3825.54,5383.419,4431.186,4485.684,4494.466,10135.99,5401.248,10204.87,4171.109,3320.715,6533.072,5725.102,4246.407,8112.888,9378.846,3009.635,5668.974,2973.607,7031.72,6578.458,5123.557,8050.992,5131.263,9706.921,7534.359,3352.861
N.ACETYL.GLUTAMIC.ACID,52104.38,23043.79,192398.1,69207.09,132432.5,23980.85,9351.819,88948.52,94765.08,34715.61,250391.4,55983.33,86258.59,136644.4,403.8402,55412.43,80932.11,33139.7,50902.52,54714.19,66417.4,3884.975,121685.3,174859.5,58773.517,125247.5,2125.626,51684.25,24245.13,61240.91,88125.65,8726.194,24021.33,28887.19,2322.051,38679.49,62448.71,1968.739,147078.5,1600.66,2863.157,155505.5,220611.2,77955.66,114416.3,95095.34,32028.74,117059.1,52213.13,1961.894,1473.604,1043.013,353246,139179.1,72968.16,216005.4,2228.537
Choline.chloride,1582620,1286631,2237897,780735.9,1520424,1438590,1722327,5394473,1185150,659864.6,1161523,996270.2,2722612,2150624,3251305,1575617,958833.4,1429509,3620479,1477454,2340796,1647478,1394403,3903290,1543704.448,954689.2,1171014,1657281,2580566,566324.7,948573.6,1775896,1075322,862340.5,1798314,1974048,7007438,1962982,5886116,854975.2,1199606,1250771,3482010,1576748,5104632,1247564,1899110,1854738,777510,239198.6,617865.9,1679203,1896124,1123654,881780.5,756763.8,1530139
Indole.3.aldehyde,246167.2,345903,366589.2,351826.6,423430.1,199669.6,165882.2,91653.01,729402.4,92606.34,382881.5,56003.42,64787.66,574045.3,488411.3,359887.4,258878.8,72858.67,299061.9,347199.5,94636.92,352601.6,167511.4,236278.7,141136.981,292952,201015.5,117017.9,82402.72,104639.6,93983.68,799167.6,45107.35,104737.3,270424.1,472287.1,240365.3,683572.4,313771.7,172985.8,112790.2,232059.4,559360.1,815757.2,200027.6,315660.1,1114395,508362.6,293137.5,636615.6,400028.8,483769.4,825497.3,99976.84,155505.8,388228.3,291952.5
Palmitoyl.ethanolamide,151576.5,985551.2,138243,67423.11,280193.6,87845.49,709420.3,167733.8,383961.4,123251.1,117183.4,228472,170469.9,136504.4,334371.4,172329.1,385249.2,117527.9,115251.4,219266.6,405997.1,232247.2,342569.9,182268.3,320955.883,168598.5,96269.62,283563.3,157140,158868.7,183967.6,213383.2,127207.4,185931.1,207898,170853.3,1067653,140695.4,83203.79,121409.8,90726.93,249590.1,1247416,484502.3,485144.7,363223.9,766425,135622.8,500269.1,141119.1,124510.3,126999.2,130124.5,581468.9,118299.3,125592,224212.1
Deoxycholic.acid,274131.3,195006.2,1293462,1319248,795853.3,805451.1,1478525,1248498,2260650,283976.2,1750313,530829.5,1104201,88514.61,1187088,1469072,1005343,236153,205704.3,1393731,917147.5,194556.3,1458225,937242.4,1642065.979,214214.9,1702450,2146631,1468991,2587147,444938.5,3115913,3410217,5675255,1409580,3066170,431650.9,725367,1060627,1333283,1604308,659461.5,771862,492464.1,429739.3,125864.3,2955308,409338.5,1621740,3500527,199760.4,1122411,129818.6,1117090,3578831,113275.3,733222.7
PHENYLALANINE,11595980,14553320,13875730,16365370,14552800,12140740,14575670,11011850,13964680,17085590,15271050,14624740,14329400,13188660,12701900,13930820,14033220,13959790,13146350,14425420,15683550,15460310,13616320,13546080,11178351.316,14081640,13051890,18349210,14762750,10536030,13572800,15329810,9169281,10188290,13394850,17376700,12314060,14642750,9951382,15127480,15103090,15005210,14900090,14127170,14139230,9415630,13997340,14398330,13664380,13184610,16404130,15162320,18452510,15806630,11445780,14556920,14433140
X1.pentadecanoyl.2.hydroxy.sn.glycero.3.phosphocholine,13338.58,8897.935,10340.03,16225.93,14991,18767.15,13585.54,90967.78,11527.02,10819.79,19753.23,9044.507,72537.84,23117.41,27098.93,17798.27,12265.07,14649.14,23428.72,17951.76,12260.76,12976.28,8439.496,21420.71,13248.555,12222.7,8387.38,15927.99,11686.92,7461.033,23636.43,25035.2,13852.9,13038.48,18740.14,11199.19,7784.008,21005.06,25007.95,12043.63,21278.69,17816.42,15039.66,5628.535,14903.45,15047.76,7897.053,13789.67,3165.502,10564.75,11779.58,11962.44,38172.79,11196.82,17365.2,10896.89,14365.75
X4.Hydroxyquinoline,214346.8,212497.6,215452.8,283151.1,42379.33,110293.9,95880.52,82487.6,176318,161792.4,521740.2,259182.5,237283.4,636526.9,344013.5,115446.1,252007.1,26431.91,89005.98,121830,236239.4,79120.66,132845.2,446196.9,46213.975,713789.3,142170.9,489971.9,409321.4,1991.224,96263.65,372377.9,86234.51,74195.5,357617.6,271439.8,48739.23,193201.2,430349,287292,368415.4,240680.4,467668.1,168963,555577.1,145162.2,10324.81,532703.1,143012.6,91210.51,569502.7,121364.4,384052.8,259918.7,92732.02,496515.8,98896.94
X1.3.Dimethylurate,6161.374,424599.5,108714.8,125978.3,3093.804,6708.637,706705.6,7877.918,4507.82,90928.1,1837.648,270017.7,3847.109,2332.33,371.5326,2217.335,56558.04,1486948,877477.6,4062.551,115130.2,320019.9,44792.24,3072.269,320143.443,59125.25,206829.6,8916.715,166639.2,549148.4,10787.3,446564.7,551487.3,167393.8,39018.78,32278.71,624001.2,289154.4,1953.06,364111.5,9670.045,10928.63,27075.95,274084.6,479225.5,7842.561,3567.432,56052.16,312412.3,1161083,14316.85,722849.8,2117.182,39864.18,211578.7,16514.37,289394.3
Gly.Leu,156678.9,614244.9,419685.3,340970.4,261452.2,421286.6,834197.1,246326.2,392128.5,2145007,905157.7,798678.4,535398.3,301904,203920.6,544282.6,142763.8,350112.6,562323.2,1176827,236376.4,383787.6,500331.7,354353.3,85367.366,461390.4,1376570,1363304,909313.4,113825,400516.2,786292.2,736313.3,508684.9,286546.8,395755.7,94568.94,453345,154320.9,196756.8,564595.5,507763.1,432397,232998.6,322896.6,89998.52,924961.2,455104.4,287117.3,188460,530973.3,575121.4,158551.9,202499.7,90825.55,350839,469860.3
N.N.Dibutyl.N...3.chloro.2.methylphenyl.urea,187317.6,230514.1,143674.3,99423.04,106532.6,83670.15,169316.4,268208.6,117953.2,106384.8,166857.1,163308.3,191636.3,147810.5,141946.7,179739.4,148719.2,281375.7,188761.2,171883.8,270497,124534.5,104326.9,102030.2,233036.262,182735.8,156028.9,139717.4,168241.5,131408.2,96356.09,63553.19,114296.8,150262.5,157094.6,149535,120527.8,122129.4,111265.2,211216.2,150735.4,85668.52,134707.5,277545,213088.5,207372.1,130376.8,1574372,922017,137927.3,181679.1,179544.9,228736.8,188951.1,283777,136212.7,185750.2
Val.Thr,15738.42,99863.26,34709.52,103923.1,24849.75,68574.04,285916.9,16516.23,92157.59,514731.5,72660.92,170272.4,69212.68,29571.8,16993.67,59695.33,33639.27,727418.4,326025.3,457271.6,37252.92,125297.1,94036.64,34708.89,21482.254,109454.6,360210.4,195809.6,328603.1,56435.53,34603.9,158102.1,644777.2,319591.2,60015.61,89784.1,14323.24,30587.35,5717.156,26876.78,46314.94,37126.17,22212.72,29678.43,29051.17,6853.292,375865,42442.95,64234.65,49919.58,56796.62,72794.27,8499.297,54927.56,55193.59,39375.18,91619.08
X1.Myristoyl.sn.glycero.3.phosphocholine,8125.83,4790.825,5992.553,5595.672,9799.996,6102.732,7802.733,32736.04,5189.782,6315.449,5883.546,6377.892,211443.8,15516.99,16693.8,6263.184,6252.536,13542.95,16068.6,5473.805,7325.412,10136.96,5516.07,8226.309,12580.932,4989.698,6223.03,5680.192,7100.209,7548.305,7652.265,6933.089,7707.14,5043.813,6927.878,4426.763,7747.416,7685.935,9007.836,4348.858,13719.41,7083.52,11838.82,4433.721,8992.035,6954.455,15449.83,8532.745,3930.78,4555.876,3495.182,5134.762,16834.08,5337.728,7766.728,6767.877,5557.632
X5.Hydroxy.3.4.dihydro.2.1H..quinolinone,221633.4,315151.7,488750.5,960536.4,1573339,6379565,289730.4,2462257,326070.7,36916.78,980417.8,106499.8,1344600,3825212,523125.9,4696520,278715.9,2395.515,210845,9015.641,273054.6,708.2337,1606302,140262.3,36907.23,1638479,3483.676,3324.235,4865582,965.3197,6156718,539557,2715.965,9659.473,643366.4,702183.9,7472.368,3979.516,634734.6,969926.7,1461569,1499462,289058.8,15899.96,1123571,1249939,2014.631,467374.2,22309.17,14107.89,326597.1,3876.749,515792.6,478737.7,15477.47,379528.3,3850140
Acetyl.L.threonine,48031.23,133636.1,120051,156012.4,462567.4,100389.2,134447.4,293268.9,1603.118,115189.8,135856,243531.2,104662.8,110758.9,481503.3,115157.9,104816.9,47414.38,48732.45,98663.91,132890,120091.5,1650.265,2390.809,105237.965,1729.052,59959.7,143388.6,105896.3,111857.3,36801.79,241817.8,50042.02,50006.36,80241.64,110887.6,55042.19,196045.1,182877.5,163258.3,552633,188635,107205.5,597.1666,172874.7,136615.5,85232.6,102560.5,198168.3,102206,299587.5,86986.44,353063.6,154712.3,124572.5,248972.5,88552.59
GLYCERIC.ACID,136177.2,131012.8,70785.42,179930.4,131299.1,675038.5,243183.9,136194.8,228519.2,462796.5,151586.1,462078.5,127732.1,121575.8,177663.7,238508.2,166975,372006.6,470039.2,334754.3,326030.9,158040.8,342084.6,424822.1,76392.451,677801.9,164906.7,225620,433056.5,228757.9,909143.5,188694.8,326582.6,118297,302751.6,165534.5,141846.2,115294.7,27329.12,40566.68,81309.66,100659.5,229351.1,296268.1,165844.4,70514.06,94025.35,310672.8,300740.9,94293.59,82267.42,220411.6,46754.87,157254,183354.3,81964.58,408549.4
Hexadecyltrimethylammonium.cation,28477070,20825260,20939810,15862450,26343950,20015650,19028260,26535770,21443590,19413020,17712570,20918170,17759460,18264970,23421330,19973350,20502210,22641120,21768460,17162140,27055740,20412490,22672710,17865730,25821687.575,23267630,19493160,21741350,16214170,29035730,18013140,15831390,26133470,27366680,21660440,19391020,23821530,20646260,27034630,22926270,15599190,18210580,17217250,17929670,29505830,28430650,20480580,23651090,17173010,21382240,22522390,18411430,22639520,17723540,24244810,22356470,16297910
Pentadecylamine,1069163,2310973,628663.4,1204574,3656945,1484714,3479062,1426425,1896468,1813025,2725472,3252922,2404405,1457407,2668670,1741679,734823.3,821800.6,2589504,3092089,2292254,1908825,2440332,1445289,1908492.946,2290528,1164785,2831376,3487147,1579715,1452256,2969152,3714356,7116736,1275151,1204597,812522.2,4456402,527657.3,4735964,1102939,2723517,521277.5,728264.2,5313340,1218611,2083069,2128280,3130382,967074.5,3834648,387816,3528477,1405067,2015560,2580853,1871621
Resedine,6099814,8398934,7900973,9755026,8244475,6817598,8399841,5857831,8106607,10024760,8830925,8461262,8245823,7515158,7266395,8009591,8003771,7944075,7605048,8321442,8830977,8782517,7764655,7695192,5877155.86,8022164,7513849,10756180,8369371,5455654,7766237,8968970,4867183,5445221,7703545,10080350,6697696,8446722,5350617,8641025,8667307,8726428,8690015,8108591,8123397,4612493,8009523,8278835,8151728,7485815,9597962,8792584,10692660,9098398,6194631,8284709,8397227
X4.Formyl.2.hydroxybenzoic.acid,22017.51,14887.43,18498.03,13571.11,17773.61,17150.37,17165.06,21130.44,14728.44,15039.94,14073.79,16461.87,16645.65,16273.51,17625.34,16545.05,18196.47,16741.71,13981.18,12308.39,19178.73,13096,18992.15,15287.12,20597.185,16780.22,16782.09,17179.65,14240.06,23064.34,18416.06,12001.8,20600.52,17238.57,16916.74,16322.78,19792.5,14566.48,20863.14,14681.31,16915.92,11712.21,14574.02,14955.17,17623.76,22998.38,13622.95,14621.99,11849.14,15413.44,15419.16,13657.22,17403.59,14589.62,18205.39,18216.19,13589.69
X1.Pentanol,17225.68,11694.51,14150.56,10076.78,15835.88,12082.02,13508.18,16726.89,11073.28,10745.43,12383.62,9796.629,9180.204,11285.67,17556.64,13769.85,13018.21,13617.97,14034.22,8031.769,14079.68,13418.93,13363.8,12339.46,14829.83,12668.29,13564.86,13053.13,11836.21,15101.82,12879.52,7964.687,14313.75,13717.6,12520.36,11475.21,12857.68,8827.365,24621.42,9731.975,9862.596,10208.75,9644.534,11212.51,13875.38,17496.16,10187.6,12775.48,8447.992,13538.38,9391.45,11418.99,13374.56,10824.67,13766.07,12638.81,10175.59
X3.Hydroxypicolinic.acid,88629.87,103473.7,44413.84,192844.7,56460.81,313599.9,537992.1,86682.4,853070.3,478544.8,54721.29,128245.7,707779.3,131881,139969,186700.9,223703,161187.3,134912.6,190810.7,269313.3,68240.34,198804.8,110810.2,147296.18,254809.3,270408.2,366473.4,593903.7,285069.6,71930.05,68052.46,219289.4,306146.9,360322.8,341970.3,356792.1,419790.7,33200.06,24591.43,209149.8,55956.36,325765.8,32962.32,154581.3,15068.13,985011,336225.1,67379.36,230059.1,182086.7,176080.1,21335.58,90784.08,115434.4,141276.6,103977.1
X4.Hydroxybutanoic.acid.lactone,216066,1000225,396973.5,495939.7,156004.4,1477832,988931.9,128482,603556.8,145017,212096.1,555536.1,202752,1094061,133546.2,1030564,327264.4,88357.24,160182.8,361092.2,830907.4,1586168,90027.36,119725.9,633223.112,167971.8,311035.3,152189.3,851282,499993.4,197278.5,60104.28,144499.4,271073.1,1579337,520675.9,505439.4,144076.8,130687.9,136497.2,497415.8,200441.7,516319.1,676629.9,207207.1,210791.3,162396.3,100725.2,657848.8,532920.4,223009.4,1597353,110746.8,177670.1,806419.3,238539.1,153524.1
Asperlactone,530791.7,143482.7,102180.5,52398.07,756206.8,637147.1,820351.8,7702.437,789439.3,6353.138,393877.9,247022.4,13951.42,218872.3,612377.9,567212.5,717291.9,757794,705705.1,865627.1,6647.56,5362.298,17601.25,535493.6,20071.686,779777.6,687483.6,6261.392,869712.3,7851.8,771138.3,984965.3,476790.3,7797.362,505197.1,5418.358,589505.1,661007.7,37154.82,171994.5,260798.5,171016.6,341718.8,392609.9,6955.105,210263.3,794672.3,756917.4,116575.5,574304.9,909447,767190.8,2574.944,662246.1,389386.4,731292.6,830211.6
Azelaic.acid..Not.validated.,316005.2,509562.9,566229.9,466035.2,2395635,1173760,595599.4,574093.2,858587.9,353528.1,652893.4,744246.6,820170.4,929740.6,908474.4,680166,482278.3,296094,530757.2,363867.4,628743.2,420607.8,927711.6,2007863,152606.041,2247262,311831.3,1330559,1247583,212255.9,3003622,985429,230292.3,229990,710662.3,529713.6,204531.6,412065.8,824656.5,806008,1356038,964868.4,584930.5,201016.3,621994.4,859914.4,312158.6,559684.5,145017.2,219290.1,647650.9,273828.9,710153.5,580430.6,285458.1,613499.6,1075052
Sebacic.acid,275880.4,345898.1,350487.5,652779.7,1266063,1258814,485626.7,687915.3,520648.9,535441.3,689407.7,405407.3,679910.3,476519.2,480057.7,701210.2,412152.1,548432.8,547861.6,368112.6,362924.9,316993.3,673783.2,920665.4,119572.791,924382.7,394300.7,651093.9,558026.4,369007.9,1073169,516681.3,260019.4,260564.1,466941.1,322588.6,184216.8,378717.5,317917.8,362662.3,648755,432120.6,599048.7,141488,578431.1,723776.6,216252.8,387814.1,144870.6,281131.7,521326.9,383048.4,434379,503311,336745.2,467962.8,468827.6
Tyr.Pro,129372.9,347816,154310.4,299916.9,27644.78,81332.59,541100.9,62509.5,190643.9,803004.2,352277.3,459559.6,177266.8,129797.7,44501.53,160154.2,172799,797642.5,809500.5,793099.2,199314,238678.3,177411.5,96092.89,110580.585,143294.5,683174.8,744524.4,418424,157351.2,110305.3,309093.8,555214.4,533538.8,160673.4,505750.9,250332.4,167875.2,28469.31,85491.63,279785.7,171527.6,177468.5,224377.6,116862.8,23646.48,752468.9,59241.13,364491,287765.4,328575.8,444776.5,41925.14,334207.9,157670.4,198788,90071.12
X1.Heptadecanoyl.sn.glycero.3.phosphocholine,8392.756,4386.768,11939.81,10543.93,17839.05,11207.92,7940.26,25611.9,8367.773,7143.587,14319.21,10773.78,29959.11,25199.69,15642.56,10408.45,6398.821,21173.18,13553.54,6046.407,15311.7,3731.201,10799.48,11256.96,17502.711,9201.283,12689.91,7085.45,9354.765,9446.127,7249.411,6538.456,32316.57,8266.097,42262.61,8871.233,9780.166,29521.04,12283.29,7723.322,12937.64,9024.052,9628.779,6316.871,17038.87,8996.118,12055.2,12478.52,7543.014,11533.07,12418.26,6164.703,13431.11,9010.724,12507.57,10269.03,9935.182
X2.Hydroxyimino.4.methylnitrosamino.1..3.pyridyl..1.butanone,179991.1,37308.62,17619.85,65031.64,53506.36,181166.3,194162.7,39092.47,27234.57,227196.8,29902.79,31819.6,124438.5,45854.69,59971.89,48647.52,51599.02,314316.8,263705,161419.4,28397.09,140139.4,20211.6,47750.08,22543.427,51068.89,235540.5,94882.89,186689.1,47954.98,135862.4,212399.2,281139.2,187356.9,82529.23,48808.67,208095,131882.1,36950.44,48763.83,35535.49,37978.44,30857.9,27321.7,34404.67,30017.81,256187.3,139691.6,50759.68,30876.29,36051.57,200921.5,48992.87,39562.85,39005.66,37956.98,220258.5
N.Acetyl.DL.valine,151653.7,85784.69,70604.39,127471.5,290703.4,95420.85,128847.7,25733.36,255230.9,81383.39,90310.67,298151.8,96230.05,122947.6,100603.3,98169.45,174701.5,70914.24,66872.35,122507,314386.9,126008.3,129182.5,288098.2,98952.865,262356.1,44097.31,308592.9,285132.4,69878.65,83140.02,150063.4,24424.72,40768.74,120256.9,74306.78,39937.16,126695.7,81956.03,142491.3,178540.2,99212.78,127826.2,87491.82,144664.3,111560.9,47809.13,172928.4,42593.4,72775.5,254468.3,83923.35,305107.9,236402.3,84021.31,228210,73874.17
Xanthosine,2107448,3171079,2695232,2407449,2915677,2504957,1878280,1799196,2817227,683978.4,2451749,1962146,1803728,2842819,5501932,2459102,2091256,2204280,2952317,2138930,1427476,765741,1717907,2241171,3437971.888,2395298,4743223,864042,3080813,2615195,2327201,3097414,3313266,1617573,2286955,843282.7,1477114,4619478,3400250,4115746,4612032,2189125,2345056,2951206,2139857,2503639,3539238,2816541,2474078,4448807,4483806,4909665,1246174,1690288,4161587,2862076,4275860
X2..Deoxyinosine,32292.81,114079.5,71294.04,99226.34,415675.6,446228.6,221822.6,75003.63,140970.3,93323.78,133070.8,329554,389132.3,204034.2,111191,90662.47,108068.4,261728.9,284689.3,169080.3,114087.4,206355.8,159934.5,344475.9,90311.601,346525.7,163635.7,146313.9,354920.5,148237.8,198746.1,264215.3,180378.8,436078.9,274248.7,228571.1,36331.71,73422.51,2212.619,59079.29,27845.83,76338.85,100376.3,27345.12,112369.8,5405.835,150667.3,148863.1,25043.61,45125.36,87178.54,73788.85,8782.413,36582.72,59753.84,67953.03,212549
X2.3.Dihydroxy.2.methylbutanoic.acid,20954.97,313615.3,822057.8,34670.98,30548.16,152129.1,107449.2,359719,72445.1,151950.9,1327892,121581,497533.9,27117.7,212678.7,78627.97,127223.8,837675.1,695456.2,763245.3,1061550,1317465,76962.92,735315,1927595.407,180441.2,73222.24,10729.76,13895.36,341770.3,44947.7,183129.6,3481267,8711878,42682.08,585141.7,1991391,1393831,1071413,1207984,385184.4,185231.7,385314.6,108375.6,176535.1,363288.2,1185418,26456.45,87237.44,184413.6,379753,315405.1,932330.2,1032523,452131.3,359486.4,569864.2
X3.4.Dihydro.3.oxo.2H..1.4..benzoxazin.2.ylacetic.acid,14038270,9541333,9046673,8260821,257787.8,567586.2,3944950,531730.3,13599300,13694260,9507378,9523558,1252150,9171453,10067160,1427302,9774476,2779551,2191952,11158530,9549983,9515857,6696338,2320410,8155476.668,9473173,15166170,11862100,5113791,14164.75,321672.3,6152729,10027950,10613530,8320365,7707480,7708921,10380970,8594191,7885650,4477718,9561554,6050658,9540233,9379452,133291,200370.8,11714190,8692167,11041740,12335030,11951230,9264616,9006123,8959272,12637130,643104
X4.Oxododecanedioic.acid,48841.49,93035.53,100953.6,21080.61,183701.1,123294.2,102711.2,27292.65,49404.89,71287.71,103856.5,46195.38,89413.05,105814.1,110551.7,73127.81,13855.55,28695.75,36677.17,50995.91,36244.02,49234.59,81473.25,114499,10125.107,127050.4,80259.81,158249.1,53886.15,13315.22,163698.7,145405.4,74843.9,71023.51,80515.88,53041.25,40167.1,63246.89,57100.06,99400.74,16839.41,112936.6,68834.74,40136.83,87413.33,95582.92,42944.7,57972.72,58537.59,26921.54,35133.26,82592.08,59607.16,63400.15,6783.236,28285.73,92647.82
INDOLE.3.CARBOXALDEHYDE,62941.82,154830,162456.3,147839.3,211384.7,100586.6,43402.1,78770.21,253124.7,42764.75,290912.5,17765.32,24755.37,378808.5,231014.3,144496.3,77828.13,13707.54,63511.65,114895.4,32871.59,102733.8,50525.7,87115.17,53172.172,113261.5,58173.71,68466.39,45422.61,29368.7,73006.29,436852.1,15727.24,26193.6,75181.72,204826.8,50942.41,244245.1,133889.8,69784.35,78482.48,165332.2,233097.7,210664.5,100557.8,105339.7,193986.3,163054.1,109153.8,250932.6,265817.1,191435.4,500959.9,41862.96,38182.94,188616.9,144247.1
X.R......beta.Hydroxybutyric.acid,25647.58,130530.8,206701.9,47917.13,100282.5,283592.6,54851.7,9860.877,3724.701,87237.78,32276.42,54093.03,36717.87,39085.05,91822.91,82339.36,37255.15,56162.92,85342.68,24347.74,63987.84,24622.23,3380.076,859455.9,206009.412,4570.022,57844.1,25917.39,30537.97,161388.8,300337.8,40702.11,58515.45,99402.05,41225.11,79979.62,40648,46981.51,113396,30232.88,218522.4,63903.14,68016.57,4761.366,138794.1,93450.78,32448.43,68528.24,26892.51,34708.83,29800.99,66648.74,86156.73,18230.34,77909.4,32403.04,38195.89
X1.3.Dihydro..2H..indol.2.one,17945.61,94919.67,103231.2,60682.41,711637.9,104715.1,77645.31,250111.8,12512.29,29391.28,201072.9,81830.72,190726.2,14579.68,48426.48,230871.2,36839.79,2732.998,11316.06,31369.57,67280.78,3071.074,48570.35,34532.11,11065.344,82235.63,1599.191,82602.01,219752.2,2183.082,144351.9,232703.7,1015.696,2012.293,16028.96,27760.49,1705.946,8633.778,45804.21,155688.6,222630.4,277807.6,72636.41,11575.32,57191.36,91762.8,10142.25,32209.47,12170.76,2213.316,33773.49,2792.885,71207.81,68045.84,7429.459,25922.8,97424.02
N.Acetyl.D.tryptophan,564986.8,622630.3,345020.2,916935.8,522212.5,662690.7,1033830,393139.9,574780.7,355986.2,498877.6,649684.5,1016771,370268.3,601456,916359.8,623905.8,732279.5,665017.5,569492.6,634186.1,583726.8,574185.5,813792.3,487136.269,659703.3,440407.3,579647.6,806942.6,527053.8,640915.2,655573.3,199163,458609.7,524941.1,663881.2,486174.3,593885.5,233963.6,804875.4,476393.5,577991.7,442166.4,791601.3,464838.9,229242.3,1654050,903028.7,654517.3,463918.5,601231.8,741752.7,632738.4,672419.3,378632.8,581851.2,799475.6
X.S...alpha..2.Hydroxyisocaproic.acid,658604.2,15800460,16610870,3708237,9806742,590028.9,1047350,17135970,4060368,3056835,12444560,4788807,1328854,9345436,8909281,8633262,3651363,1543930,1535257,2095070,5763961,4411290,6637316,14179730,9265756.187,1671755,1989357,2376920,1249055,3062942,963092.3,4455617,7564611,5537456,2229171,7537030,2425572,3779061,15692130,11683290,10689570,13530330,9930050,7663849,11110720,11200780,1324050,1626555,8724035,4239093,6605601,2213126,15294940,7921550,4104425,6321076,3002588
X4.Hydroxy.6.methylnicotinic.acid,42393.8,50668.74,79733.71,50783.63,105598.5,80339.3,80603.54,88964.68,51235.78,27634.44,85209.29,63270.07,91044.6,91255.51,35319.32,43280.14,55612.39,199629,130146.9,43013.77,93512.02,43007.66,118733.6,68379.64,35790.101,87612.93,42637.34,57703.87,60494.47,60832.64,75310.19,53040.23,31424.28,27019.12,90897.49,36167.77,120569.6,45946.39,43855.69,64920.6,74523.75,81342.56,77258.93,28312.72,166919.1,109845.3,54910.81,61931.76,28619,47100.84,63119.34,63193.82,69077.35,57534.8,61890.33,60276.86,44251.1
Kynurenic.acid,498874.9,450480.3,483517.5,330530.6,4666.391,9464.71,96154.12,19048.29,493393.9,706855.6,541471.8,315636,26054.73,419328.6,459752.3,39039.73,419076.5,63307.93,48696.63,460718.1,386584.4,425015.4,190362.6,59148.57,370087.682,229199.3,682955,548667.3,129311.9,1163.181,13403.53,218752.8,421139.1,429100.2,280311.1,377671.6,257504.4,412050.8,463271.6,300439.6,167977.4,528778.7,279709.9,292706.5,456162.9,5270.184,4358.973,392825.9,381773.1,518183.4,688416.6,496207.2,555531.6,474116.6,360542.1,614183.8,14121.69
L..beta..Homomethionine,687855.6,1008785,962695.2,1175425,331831.5,794144.6,892575.3,585139.2,902668.6,862220.7,1185980,1082357,826724.7,649766.6,756989.1,860852.8,839244.4,839029.3,765217.9,892573.5,990070.5,824437.4,862285.2,536521.7,645892.423,855554.5,734849.2,588159.8,673350,535802,889945.9,1181469,517192.3,469541.2,720396.1,767229.9,566341.1,915381.4,562851.3,1035061,1024705,1020845,740954.7,944420.9,747421,541894.1,654436.4,665221.2,947204.4,920323.3,1324936,922878,1371287,1182775,620518.3,1018308,1004367
N.Methyltryptamine,143948.6,432608.2,646508.5,476481.8,3478901,798074.1,240172.3,1434778,314655.8,4227730,451361.4,3707274,441759,953387.6,62190.35,77862.32,271908.2,352843.4,1322414,82078.95,3057071,363082,1596035,412751.4,156848.413,3087907,472540,4439191,316436.7,114837.1,23970.33,634877.7,101453.8,11179.89,1496176,452689.1,31315.21,440693.4,597288.4,192603.2,3557976,438107.7,175564.8,1060340,676863.5,1087920,74858.66,753031.2,1162209,553581.3,816425.8,1091274,137803.9,325814,903204.8,670331.7,56742.7
Bestatin,44938.46,24757.42,29614.75,50382.21,85109.7,27228.34,36119.87,35027.36,49655.41,31118.86,60762.62,40703.74,37885.91,75418.29,52571.04,31885.57,42374.62,15691.51,16553.78,22009.4,43819.09,41203.58,32030.23,52672.3,16676.244,79197.92,12463.85,116612.6,38397.47,20616.84,28508.11,66921.83,8000.614,7831.154,39827.85,31450.85,9042.016,57022.2,34557.46,61032.29,120321.1,56059.38,88493.56,39797.11,47627.64,19443.14,12498.5,71879.95,22129.35,28496.44,124072.5,38285.21,111815.2,81649.98,20703.33,90801.67,28375
Caffeine,848.2586,8780.286,5274.419,8225.097,4761.671,12982.99,4792.425,9669.744,1062.143,7846.436,488.3276,5996.205,4140.463,2868.469,520.4126,7350.867,4706.259,41074.47,27262.8,358.7285,5394.928,26288.66,16290.26,17027.34,28356.661,8768.146,10845.82,12409.66,17314.46,77427.76,79783.9,18630.28,32206.51,8554.969,12499.1,9047.262,19503.55,39204.93,1829.654,28553.08,29223.39,11612.8,25293.38,11991.78,48477.96,34938.97,743.154,52937.14,18675.24,32980.62,13092.12,33007.59,2031.681,4113.686,11628.04,10284.32,46388.86
X1.2.Dipentadecanoyl.sn.glycero.3.phosphocholine,5228.148,1184.206,3242.652,1377.761,1385.568,2247.956,1973.127,4605.877,2546.143,1552.378,1486.911,1301.717,2113.934,1576.082,4428.712,2055.594,3161.125,790.4534,1564.999,888.7264,1966.863,1253.253,2200.156,1132.478,2547.477,3169.948,3220.36,2486.706,1406.884,3322.817,1441.017,1399.972,3389.857,950.5522,3748.879,1735.291,2750.711,1100.339,4168.883,1539.875,1757.166,1747.465,881.3908,1711.293,3241.552,2372.383,1940.715,2498.993,1050.818,2152.732,1452.315,2043.073,1639.886,1337.685,2879.303,1354.595,1867.474
X4.HYDROXYBENZALDEHYDE,530791.7,143482.7,102180.5,1039047,756206.8,637147.1,820351.8,6551.31,789439.3,8907.838,393877.9,247022.4,788476.6,218872.3,612377.9,567212.5,717291.9,757794,705705.1,865627.1,4618.854,9004.53,398932.3,535493.6,20071.686,779777.6,8002.234,5786.053,869712.3,295026,771138.3,984965.3,476790.3,519311.1,505197.1,4405.931,589505.1,661007.7,37154.82,5250.496,260798.5,171016.6,341718.8,392609.9,6759.339,210263.3,794672.3,756917.4,116575.5,7713.284,22751.08,5834.151,4641.968,662246.1,389386.4,731292.6,830211.6
N.N.N.Trimethyl.5...tricyclo.3.3.1.1.3.7..dec.1.ylmethyl.amino..1.pentanaminium.cation,34251.17,71146.84,53758.41,3651.743,7680.892,6022.092,42540.65,3651.617,62096.45,33185.65,60330.8,16666.99,3142.066,105242.4,9090.568,8427.838,317711.3,1316.676,1476.989,54750.83,108193.2,4224.375,134012.3,3268.927,483001.962,3814.862,13534.51,26357.42,25765.04,605499.1,3622.735,51430.6,108664.6,546795.3,6424.979,344169.9,481383.3,15532.58,133122,404288.2,5838.649,294460.6,8048.927,424485.2,37990.66,4912.793,182652.1,10651.55,653085.2,99299.31,9571.948,11185.55,22440.39,210559.6,6713.209,11770.4,7005.542
N.ACETYLMURAMIC.ACID,178179.2,4856.4,3919.907,392886.9,4839.731,217373.7,242307.8,10580.26,293430.8,165550.3,7838.543,10083.98,149312.6,8941.019,4432.875,183956.7,306021.1,239135.7,248671.2,395709,7230.828,394167.3,104410.8,90799.96,9829.226,231245.2,3912.157,167556.8,289295.1,222006.1,255058.1,473868.9,230375,160855.9,298396.3,179461,276995.3,227752.8,4808.192,5162.082,39946.3,7069.553,30348.03,237428.7,10546.15,4067.323,129397.6,174379.8,12364.19,11263.47,3359.114,4250.489,7734.93,382623.1,273269.2,89400.19,237407.8
Propamocarb,574044,613458,562323.3,152715.6,197000.9,448581.7,178985.3,268639.3,201369.3,614622.5,195158.1,452132.7,145384.8,315170.9,380723.5,191942.4,358441.4,345983.5,460421.1,345657.5,765165.5,869640.1,390595,447974.2,1541891.475,184677.3,704027.1,310765.5,228667.5,295095.1,292055.7,668469.5,656922.7,909012.4,183678.1,170696,538808.8,367178.9,377895.8,179021.5,344845.6,280151.5,129821.8,596613.8,664449.8,259536.5,728505.7,145243.7,565890.3,188688.2,140076.6,310487.4,214087.9,274652.3,342490.4,141627,188624
Tomatidine,2216.252,99785.71,1160.063,546466.6,9457.909,4020.038,12812.91,4938688,50636,2098.359,3882.162,1343.261,1467.859,1315.565,4660.816,1086690,2629.699,2281.79,2860.326,3620.516,39548.25,29244.4,2205.214,2082.904,172399.61,675.5785,959.7239,3201.789,1809.212,4278.892,3827.61,7497.279,13632.8,6612.442,2635.698,831.1898,822.6897,2964.066,0,381.2849,228.322,6758.18,8609553,7769.015,3676006,248.04,42661.48,262088,16354.07,3009.988,1090.393,553.7214,1734.805,49506.5,2847.125,356.7405,7317.245
X....Dihydrocervone,99762.15,128734.1,112519.5,123027.8,140773.5,166212.3,50980.4,343623.9,151866.7,197546.2,187467.2,76239.57,94618.81,231698.9,134771.3,124063,106608.5,13514.96,27315.83,131188.1,89224.28,108966,165299,154833.6,55329.108,182456,154242.4,182543.5,196378.4,4896.303,361001.9,105060.2,58221.4,54802.82,83504.53,159719.7,87017.11,132879.8,151423.9,102870.5,184117.9,220479.7,155627.2,56850.02,168134.4,80683.68,5158.581,130937.2,81605.33,106312.9,200862.8,122872,177563.1,150997.1,109843.7,144288.3,158607.3
X1.Hexadecylamine,53263.2,31743.07,43515.61,30126.25,46494.02,39839.99,38216.2,43342.27,39166.17,36034.73,31258.87,35164.52,33050.72,36025.52,37736.16,33249.79,48176.87,43389.85,40244.28,29678.18,47951.68,37510.82,43775.52,31609.45,50124.276,38920.03,37110.02,38798.21,32247.84,54626.54,31238.46,24919.66,48942.57,52737.11,39529.09,38227.44,46177.88,32778.22,47133.65,37649.58,33841.88,25249.11,31281.06,38766.87,50041.69,56341.09,22621.31,39208.09,28388.2,36676.22,36671.64,31934.69,36736.88,35243.06,44459.96,42608.07,32047.79
X3.Hydroxy.5.methyl.3..2.oxo.2..2.pyridinyl.ethyl..1.3.dihydro.2H.indol.2.one,322252.4,296326.9,252016.7,231253.7,13275.04,10202.77,132173.9,17025.72,589824.9,450648,242169.6,160242.1,28061.27,361967.6,417049.3,33651.9,215560.8,38639.23,60215.17,384897.6,128294.1,250181.3,205487.7,542670.3,77029.954,416642.4,482495.3,606710.3,110646.2,1708.495,10376.88,175587.1,272141.1,191087.7,280577.7,218904,108711.3,481660,353682.1,268777.5,135699.4,315991.1,423442.2,116218.6,462936.8,3177.376,6696.541,713466.3,154463.4,268505.7,465844.9,447112,299776,108255.8,326500.4,432444.1,12216.68
X3.Sulfopropanoic.acid,3161598,1618278,3037870,813177.2,368091.5,595590.8,1525532,202377.4,506116.7,529956,76538.57,691902.6,1387743,3653267,3374301,2618373,2194462,1381729,679313.2,536106.8,1190741,563881.4,2726769,350886,484141.603,896268.8,1388391,2833537,339388.8,4204487,474572.7,54504.2,520139.9,309574.6,433410.5,60965.25,1090263,1220741,2836438,32986.5,1717652,2406627,2032964,974529,542930.6,1259133,1053291,1579269,840660.6,1933820,1678064,1852365,239018.2,2392835,1033419,1673154,171262.5
X5.Aminopentanamide,212526.6,2167610,1052971,552468.5,500308.3,1659169,592282.8,3694332,3455645,260886.1,1636302,1344139,105795.8,985172.6,1496444,3701551,469773.3,692380.1,1482483,5347186,2593902,1026179,832389.4,1088805,1461740.884,452851.3,411223.4,2190672,1971306,554552.2,1350206,1690885,88153.49,3230788,468314.3,3275310,1738323,1889800,2743267,3549516,204554.6,1235216,756678.8,2082818,758021.2,6658602,4501844,376737.6,131051.3,455509.8,1524595,316582,6577055,444160.1,838474.1,1467437,985860.9
Ala.Pro,272814.6,774114.6,560086,611601.4,114871.3,314918.9,1453797,203257.4,510313.2,1633616,837181.5,1195364,824649.5,282094.5,79411.85,527506.7,400889.2,1886231,1431612,1616352,618623.3,764047.3,821800.3,477320.5,334983.132,438873,1538367,1462313,1331919,448293.7,616798.8,696112.6,1381574,1360079,571103.4,1319746,654739.9,244507.1,141299.3,155332.2,727844.8,430021.1,500148.6,499290.1,405682.9,99973.46,1248828,258295.4,727268,396330.9,512830.9,622236.3,84697.48,637706.3,483347.4,379465.9,307451.3
N.Acetyltyramine,7368.685,81976.34,54125.21,5434.877,14962.3,6494.979,17714.21,66170.69,23740.25,66274.52,22286.8,41467.98,5886.756,16322.64,359720.7,68292.27,5794.253,17691.15,7451.516,51904.86,15913.16,6756.144,50397.23,640949.8,54573.106,12421.06,5788.694,9681.131,10661.28,37652.95,22314.59,14488.89,25440.55,23919.69,8823.581,35151.62,7632.592,35688.41,882220.9,19494.34,17378.04,30289.4,55274.67,6044.992,18560.56,14136.95,24065.97,49794.9,86810.29,56064.94,74307.78,53127.37,197307.4,48884.5,25649.15,65375.25,29891.47
X.4.Bromo.1H.pyrazol.1.yl..3.methylphenyl.methanone,221931.9,60529.49,42317.99,455643.6,322435.6,272425.8,364478.4,2711.028,346929.8,2513.956,167901.2,112376.9,353406.3,93507.08,5921.255,240294.2,306381.1,318847.2,299825.4,381996.4,15814.94,1997.956,163158.5,231161.3,6292.854,343840.7,1736.294,4101.611,378914.8,122859.6,341181.3,434140,200753.6,217135.8,210130.7,4409.056,256778.9,288331.7,13416.13,531.4043,5595.715,67647.53,141833,158338.2,13237.64,86197.91,344269.1,330559.6,46810.13,245331.7,1909.576,4173.92,21864.81,294556.2,162501.8,325002.8,366383.3
X1.O.Hexadecyl.2.O.acetyl.sn.glyceryl.3.phosphorylcholine,5414.226,4890.152,5451.19,4575.892,62994.56,2909.998,3869.85,9498.853,4993.853,5025.875,2814.42,4534.37,15303.04,5145.443,7183.776,2750.854,4961.115,5791.807,6209.221,4239.131,6238.909,3777.334,5046.703,3412.606,6437.367,3882.899,4274.277,11334.44,6448.218,4755.627,4850.998,3445.912,10675.13,4487.871,6609.978,34224.61,5249.063,222336.9,13420.14,4949.336,3647.672,28242.06,5434.514,2554.209,6730.515,6226.338,10082.09,3977.632,2940.601,4716.422,5143.73,3844.302,4808.582,2550.45,4336.83,2219.945,30564.24
X2.Aminonicotinic.acid,842812.3,1051626,462372.3,2780984,811998,762865.4,1183807,1567283,1654721,1099986,1067227,1292625,1366247,733387.9,826867,642342.5,1425289,567539.9,594950.1,1378310,1498735,1840345,964159,1723672,250763.504,1084278,808445.4,1834603,1935854,617672.7,1635511,1325788,157823.8,148782.1,1025199,1445684,798870.9,1887728,608234.3,708364.7,1309886,597523.9,1233284,1054932,725915.6,450190,488336.4,1275744,1779297,1584501,1887322,1545517,622789.1,813458.4,738585.2,1296246,962905.5
L.Allothreonine,149086.9,223715.5,217120.7,271363.9,80868.05,173600.3,194692,147284.2,210299.6,203948.2,265885.5,242338.3,200819.2,145730.1,165613,194877.3,186889.2,177981.9,170434.8,204792.2,236116.9,187337.7,197756.1,128438.6,139291.958,186016.9,159405.2,136353.7,146869.2,122743.6,200403.9,271059.7,119901.4,106636.3,162519.1,182034.7,124785.1,209148.4,128448.9,230298.8,236589.1,244099.6,173353.9,206650,172516.9,123569.3,150057.9,147685.1,214661.6,197192.1,299489.7,210656,338543.5,279385.4,137428.3,236383.4,229754.2
N.Isobutyl.3.methylbutanamide,209806.1,175159.2,181500.1,144697,171101,156787.4,166751.2,212981.8,141744,158752,132405.1,147809.7,166955.7,164944.4,160267.3,174860.8,186514.4,194521,196375.2,148947.3,213892.1,179900.6,167386.9,140287.2,214253.243,171098.6,177456.8,157228.1,143266.8,229278.3,145684.6,121946.9,205785.1,189339.7,166079.8,168526.3,220069.5,138566,218798.8,166473.2,162280.3,123048,157732.2,163626.7,206189.9,231488,151139.8,330625.4,218364.4,180570,167604.9,168243.5,168911.3,155268.6,218978.4,180465.8,161113.8
X1.Stearoyl.2.hydroxy.sn.glycero.3.phosphocholine,22163.8,8287.51,13461.15,7130.843,25501.57,11005.82,7981.327,24920.13,11995.75,5486.291,7958.305,16103.55,62475.48,29344.79,13878.36,10016.03,9083.377,48326.26,17629.09,7163.492,23329.52,15196.11,13434.61,8501.174,17733.214,15675.34,7101.119,8719.037,34415.52,11583.62,8005.871,5171.495,40489.14,8475.393,12502.29,8517.092,18034.82,58822.92,10915.06,6619.99,7888.067,9190.008,22905.66,8627.389,24455.16,12859.41,37591.75,12850.5,5341.593,7517.397,7928.027,10181.75,8606.372,6239.929,10255.13,8582.157,7507.374
DL.2.Hydroxyvaleric.acid.sodium.salt.hydrate,274501.8,4830424,5100230,1340661,1489295,259180.3,503159.2,4391052,1397594,1677124,5038719,1236219,714546.4,2708019,3161449,2723722,1233469,745786.8,997022,763306.5,1893306,1385321,2128584,4599036,2950839.771,734293.2,1002910,926506.6,445002.2,1130239,365635,2239390,4416131,3377171,744460.4,2568707,1197973,1319510,5871417,4141353,2942008,4458481,3999148,2627148,3584360,6026633,651962.1,643247.6,1639460,1560150,2553627,722687.2,5730497,3380893,1226416,2438397,1513350
Tropic.acid,156062.9,217910.2,197178.6,266576.4,208323.1,171299.6,220412.4,147528.9,208339.4,267396.1,238453.1,225493,219249.9,191907.4,178520.3,202666.4,197153.2,201247.6,189568,219263.2,219957.6,231193.9,197390.9,210035.9,150538.838,214760.2,184857.3,284378,231218.2,138612.7,190981.6,253472.3,119251.4,138157.1,191188.6,268281.6,163787.2,225754.8,128705.7,234128.3,233635.5,235631.8,229442.6,213432.4,197051.3,118676.5,207813.8,210321.3,225852.9,192283.8,265810.6,237588.5,280871.9,245058.4,154015.3,215708.8,224881.2
X.2.5.Dioxotetrahydrofuran.3.yl.acetic.acid,1848869,174963.3,222615.8,1178039,693576.9,523066.4,504828.7,31456.65,16337.05,882899.6,1413033,264747.5,2218040,585489,530067.4,148097.3,585664.4,173509.5,194291.7,515365.2,345520.8,838850.9,6608.185,6504.641,192766.735,7202.591,463251.5,703506.2,284638.3,585506.1,634559.2,537664.8,405648,548703,394315,424442,554612.1,627274.8,247568.4,473156.7,1281002,597094,1036017,9814.395,638490.1,1126528,270964.5,502446,540954,535405.4,593676.7,485984.9,501877.7,737474.5,1007411,449840.4,329908.5
X5.Hydroxyindole.3.acetic.acid,691455.3,891268,769425.4,627095.3,32918.44,86845.96,114336.3,110007.9,1153069,1577439,764575,353330.4,179591.6,830812,381621.7,102164.3,329791.3,67865.91,96312.31,1231326,300088.5,1039308,117975.9,347543.3,679217.441,579747.9,1508959,949673.5,376148.3,12901.8,87910.93,393218.1,1114241,904208.4,339840.3,385674.2,487747.8,692441.8,1020487,309564.7,454960.7,288669.4,589091.2,286549.7,785351.6,136544.7,14258.75,442526.2,487967.1,1197832,696556.6,1195975,1019788,307799.5,835024,560097.9,81868.13
Gly.Phe,37220.72,176252.8,113608.8,87427.72,60293.45,86978.37,183618.3,61262.68,80897.22,364388.1,275351.8,277759.8,160131.8,93348.54,39301.56,135580.6,34619.23,73928.67,106351.1,166000.1,66944.88,95105.55,116374.6,46701.13,17946.996,100217.5,220446.6,384175.3,218480.3,15448.3,124956.8,144359.2,136670.8,92427.03,63912.75,104836.2,25976.55,68253.87,33270.81,58787.87,123321.3,134485.8,99735.45,59189.64,97761.81,17436.15,200847.8,118109.3,72810.39,24905.86,135289.3,61049.42,48453.38,66105.25,12716.13,90482.64,124214
Ile.Ile,77277.52,746892.3,300118.2,481480,113819.8,205765.6,588382.4,175927,490556.3,2378091,1032072,1015425,238424,221464.5,264597.6,220074.2,248629.4,1425644,779835.5,1674532,249147.7,682945,545419.2,280127.3,253830.509,426262.2,1041968,885192.5,962257.1,444805.5,304969.7,490097.6,3692938,1672615,264821.2,879295.7,45772.84,239879.3,108824.3,147708.3,289832.8,477696.4,310061.4,186671.9,400131.7,76761.72,480988.2,290973.4,810889,553618.7,470759.1,406795.7,138481.5,545591.7,728278.8,273635.3,283491.4
Tetraethylene.glycol,462721.9,405187.3,308324.8,266210,697425.2,891667.9,321994.1,600568.6,211267.1,357463.6,294112.3,300249.1,524291.6,384201.5,416563.3,484921.6,297138.9,395517.8,567773,357170,656813.4,419123.7,360373.5,400983.9,559556.466,644592.9,379445.7,324674.9,278425.5,826326.4,541550.7,272718.5,401256.2,310975.5,439985.1,481940.1,517282.6,279131.7,343866.6,350179.8,405682.5,214132.3,417996.3,496185.8,566468.2,769005.4,401498.5,346298.6,210871.3,490937,362552,233817,394681.4,498325.1,439808.7,512918.4,307930.3
X15.Deoxy..DELTA.12.14.prostaglandin.D2,38027.91,94120.23,53292.18,29708.18,46790.19,62145.32,32764.79,43956.12,22762.48,78539.73,33666.77,33350.43,28889.53,65387,38718.7,83750.61,38602.07,43331.62,42064.28,44071.63,39662.24,41407.88,41591.55,53906.51,43422.965,67729.38,38401.51,52055.8,44883.64,33181.28,95991.65,31071.73,32196.19,38851.64,35251.8,39665.88,39273.34,21226.04,38834.68,28178.24,27613.26,29909.84,32006.65,25689.4,43242.72,60832.48,13642.38,14626.1,22090.2,32487.88,29386,36301.9,34268.97,30118.74,25520.44,35823.88,42110.03
X1.Oleoyl.2.palmitoyl.sn.glycero.3.phosphocholine,32322.38,25977.3,28881.14,22801.6,30559.41,28698.77,25736.6,37305.01,27506.03,27238.94,21513.4,23508.79,26300.72,25876.48,29257.6,25970.99,30615.83,30049.54,29503.67,22161.07,32532.06,27220.09,26387.71,23973.92,31510.851,29682.33,27843.5,29670.26,21159.77,33671.04,25260.65,19712.9,32323.44,30358.8,28116.59,21245.34,32942.92,9601.711,33432.65,23926.09,23361.9,20490.61,23765.17,23247.03,33250.23,34960.31,28638.73,35023.92,20016.2,27391.8,25966.72,26173.37,28744.45,27773.89,31981,28145.81,1020781
X2.6.Dihydroxy.4.methylbenzoic.acid,11571.19,23400.95,22187.09,17133.88,80790.24,16368.09,79486.68,8698.832,42624.72,23821.98,5337.245,12187.09,65751.26,13934.38,5900.057,10498.34,9128.4,5281.34,15483.57,42146.49,22133.56,3078.89,40628.59,10084.02,1237457.381,7640.904,2400.577,10098.88,6407.955,7021.119,8344.386,3920.294,10960.78,8938.762,46383.76,17483.35,7754.865,69286.9,9294.174,8763.895,53630.98,9087.684,480318.4,3304.109,429873.4,8295.542,2682.488,7483.334,2840.971,5760.644,13187.58,6655.393,2764.2,15751.16,168456.5,12203.55,8262.776
X5.VALEROLACTONE,94292.74,125187.3,87282.02,100510.5,395491.9,267958.7,229240.9,260627.8,254938.7,483965.1,144898.3,559997.8,168644.3,176888.3,189941.2,219027.4,118249.6,426579.5,434929.8,1049026,734084.9,460136.1,238811.5,232954.1,735789.832,96290.54,590537.9,402188.3,550295.7,353745.2,207197.2,101659.3,346764,767577.4,180676.6,267265,261273.4,211091.5,1295473,300409.2,321182.3,91375.1,84344.81,537848.8,130553.2,2182779,522720.5,104366.9,56867.74,155168.4,146120.1,111411.9,512297.7,80823.25,271450.5,121029.8,132593.4
Decanoylcarnitine,1722.183,8015.567,8597.722,5690.457,2384.279,2451.048,3632.043,3058.281,6312.86,19102.19,1978.612,2949.634,4056.662,3672.271,3871.87,8795.917,12742.78,2825.927,2447.356,22748.16,6577.229,10771.83,4732.106,2383.649,5976.361,2505.869,14596.8,3606.553,5282.562,2972.43,2462.436,1979.918,4325.307,4170.657,5375.591,2520.651,2770.9,9057.477,3759.618,4572.656,2741.69,2479.478,2506.756,3179.804,3439.721,2875.131,1526.103,7690.157,2726.446,10996.91,7535.56,9108.857,2411.359,2051.638,11449.28,6010.568,2143.528
L.Leucyl.L.leucine.methyl.ester,18542.34,53327.82,81079.55,166313.8,27865.19,68508.89,74447.81,74131.52,48598.89,107237.3,99122.06,75374.06,50783.07,112756.6,45471.57,97784.35,57908.24,34529.15,54187.1,69628.26,58628.76,147457.7,87470.12,69315.89,47411.983,58364.23,24049.61,95728.82,115812.3,45816.06,59127.02,56445.29,31885.52,27748.06,21808.57,49900.55,28978.36,55590.39,26208.99,26385.1,102505.6,64160.81,79726.04,66799.52,30927.46,33320.04,41068.75,72303.3,167000.2,64976.77,158874.3,69716.61,40067.14,81292.57,37887.38,101431.5,68824.15
X1..9Z.Octadecenoyl..sn.glycero.3.phosphocholine,24095.17,26765.17,35577.47,41140.72,121181.5,47949.75,157417.5,550974.5,30370.91,22692.83,51722.24,75398.3,11696110,104967,119742.8,60694.07,45131.17,142190.9,342740.4,43617.46,241083.8,13412.33,86239.04,198931.6,271396.518,34784.15,66952.51,62342,198147.9,36901.38,109682.8,30915.68,282598.6,156073.7,49872,91276.73,30389.05,632178.8,56307.34,24110.28,72650.22,107231.3,708885.9,19240.68,127509.9,35801.78,34888.44,39063.2,32062.61,78305.13,50016.46,69576.54,380489.9,45591.47,146236.6,35123.65,51143.02
X3.Aminoadipic.acid,891604.5,192092,764958.7,574902,368789.6,255929.5,193474.3,490992.8,541334.7,475332.2,504443.2,189175.6,338527.7,281603.2,316985.4,272194.3,930913.6,881257,656570.6,375508.6,348094.7,257956,483320.2,520650.9,148753.335,434446.8,379342.1,486291.1,174836.5,697821.5,430756.8,489618.2,255637.9,265161.5,303526.3,524592.2,722507.1,482617.7,754825.9,438669.2,329863.1,514706.2,632489.4,529504.2,586448.3,470274.5,553519.3,560010.7,296269.2,817965.5,624436.1,233928.2,712300.2,722091.5,504382.1,698596.8,513964
X1.2.Diamino.2.methylpropane,1583220,1952421,2026675,2565848,1967641,1820390,1925487,1315566,2107055,2142367,2316317,2128701,2007473,1978733,1553027,2070872,1995063,1589648,1448946,2021463,2261903,2343326,1962644,2506442,1461253.603,2039145,1497903,2637730,2241674,1290210,1931278,2556833,521819.1,908285.3,1913524,2470021,1564217,2107039,1561447,2261770,2370605,2410160,2353512,2186236,1845638,1450366,1654430,1946635,2108595,1709484,2600515,2185575,3079734,2445854,1374058,2187544,2207297
Gallic.acid,4862.962,17475.01,4664.66,4356.102,5547.204,4396.794,24937.6,3822.864,741.9031,4282.908,4517.55,3909.688,13075.55,4679.137,1211.434,3938.091,6475.255,3083.35,4153.261,27291.52,3479.741,2245.209,808.5114,769.2068,19925.468,1001.667,33455.27,2405.096,3173.529,2512.255,1954.088,2624.992,7419.914,2858.03,18337.95,3639.678,215927.4,124934.8,80366.35,4683.668,33160.18,16480.9,32599.2,529.0406,48342.56,6514.858,3368.32,1422.204,24299.37,9271.984,60586.99,7127.53,33158.76,10398.07,69717.62,49404.89,3036.915
N.Aceyl.L.tyrosine,170614.5,36707.98,41452.63,152043.6,396751.1,125395.1,120425.7,56606.78,215292.9,65064.19,111024.5,92727.04,213969.6,135967.5,173409.9,91602.73,212464.2,79898.12,47655.68,28259.57,104410.8,115379.9,119294,130509.9,27184.809,353915.2,32727.35,288070,130448.6,54282.74,102858.5,240353.8,7330.366,7110.011,151627.5,69547.46,29076.14,188732.9,48007.66,119020.8,272687.6,105793.2,289599.8,120311.5,102363.6,56120.19,38062.29,376911.7,29072.35,50884.11,395572.2,91112.8,136063,314639.8,41609.61,329500.5,126347.5
Tryptamine,50226.92,158688.4,241008,169284.3,1136271,310278.6,78611.82,532315.8,110114.1,1323429,160314.8,1184476,163831.7,384020.7,25295.18,29752.07,96489.74,116537,454627.1,30207.32,1010215,123940.3,586188.4,148263.7,61151.402,1027170,171854.4,1410140,121454.2,42782.41,9130.712,239517.5,35831.38,6652.775,531206.4,160110.3,10783.29,163977,210534.6,71879.57,1208477,159030.8,64232.12,379553.3,239072.6,398157.6,27511.51,264945.6,410769.2,201259.3,310202.9,392958.2,47155.81,116124.4,332793,256120.3,20473.66
N..4.Bromophenyl.acrylamide,481818.6,633333,556771.6,458725.8,31602.89,23089.83,76848.8,31630.03,845685.1,1137347,328074.3,224064.9,47687.86,209834,130272.8,28122.98,209854.8,44349.36,59850.21,914391.2,182519.3,750127.5,29951.46,80526.45,479902.71,200973.6,1105792,633501.7,110400.7,7117.159,27310.38,136757.6,817578.1,644294.5,167290.8,234714.3,344095,502231.1,690265.1,154273.9,99215.03,68273.56,149306.9,185552.5,399686.2,30096.86,11277.8,101965.5,344709.7,863086.1,177117.6,872216.7,703851.4,82148.79,603463,126410.5,25183.02
X.2Z..2...beta..D.Glucopyranosyloxy..3.phenyl.2.propenoic.acid,69421.39,188330.9,178570.9,63230.39,74925.8,117052.8,29465.3,130665.1,88342.87,76005.78,306770.3,100018.8,17308.34,87510.5,167441.7,66865.51,68543.67,17752.03,49265.14,165961.7,117575.9,104300,110368.3,196782.5,184361.287,45218.88,46708.52,77400.81,59542.71,93975.29,350537.7,127462.8,323299.9,340824.1,35398.37,153916.6,131154.7,87304.48,231575.7,191028.2,162499.7,209431,139679.1,237309.3,122952.2,162352.1,49605.29,47126.97,272857.8,144448.1,144836.1,62801.99,358464.7,161187.8,158587.5,125501.3,130729.8
.alpha..Hyodeoxycholic.acid.methyl.ester,205522.4,172492.8,648436.4,619407.6,443202.7,455900,720655.4,756605.2,933673.2,238206.5,771275.8,318837.5,626940.9,101774.1,577640.3,685528.5,516513.6,258077.4,311132.4,626424.3,488491.4,171523.2,700920.2,499281.1,809480.365,182906.4,794905.7,916584.5,853249.7,1113344,300474.3,1186660,1378928,2186816,665139,1249144,600095.4,396226,571359,606809.4,739991.5,383296.3,425510.5,298296,300979.2,139797.2,3260791,284165.9,680605.2,1382008,162261.2,576155.1,130291.2,555687.6,1432846,117911.9,402378.1
Arg.Leu,64028.77,173174.6,94241.29,104912.9,327276.5,167003.8,298410.1,87943.68,112071.5,417426.7,362249.6,242549.4,375301.6,223383.6,95832.95,183006.3,52758.56,170851,264443.1,490786.6,25662.59,92831.9,208207.6,123545.5,44495.462,342319,473279.9,533370.3,538419,82335.79,212292.5,264371.9,560367.4,225777.9,114447.1,86260.42,39844.93,138051.9,54289.1,69084.4,114084.3,207088.2,93472.94,40930.09,107201.8,577.4265,416530,205382.9,194058.2,52080.57,127131.7,134064.1,27221.7,35112.94,99383.61,88249.45,206131.5
Hydroxysydonic.acid,59058.43,60019.34,21525.02,14498.92,36489.69,34005.55,89492.24,44542.86,50923.4,127959.8,34663.72,182683.7,90738,24937.8,57146.86,32025.06,131800.3,22709.76,43579.33,98351.28,191921.9,33875.7,61833.9,77228.37,64364.827,59997.84,89315.92,121473.9,87187.08,375960.4,38635.82,30817.86,212122.3,374402,132786.2,96658.86,50187.19,181621.6,53982.41,39566.42,71821.51,37840.58,28350.89,57158.74,25251.76,36527.46,330279.3,49686.93,90885.37,99392.9,38701.81,53261.53,28433.85,101483.5,62671.83,37597.59,47823.74
N.Methyldodecylamine,207660.4,118668.4,172837.2,90924.6,151995.8,127076.2,145309.4,146432.4,115191.4,128951.3,122965.8,145526.5,100291.1,118084.7,147859.6,148330,190259.5,152985.2,140198.9,125892.4,200139.8,169380.3,133124.1,140209.6,157459.903,143040.6,166873.7,130241.7,115830.9,206905.6,119736.4,98630.52,184786.8,156463.9,141313.4,140708.6,171226.7,118972.6,195398.5,128514.2,113859.6,96783.45,134182.3,157706.3,143846.1,182536.1,109971.1,131727.3,93611.82,135443.4,120069.1,127175.7,122561.3,142910.2,186531.4,159111.4,131137.3
Ile.Pro,663428.1,869958.1,776532.8,1527398,490421.1,556546.3,1923392,195344.4,785029.5,3616191,1550411,1876162,1873843,671254.1,125458,705851.7,1075161,3044430,2109927,3047060,1022850,1030135,1001139,537514.1,501124.523,741631.9,2956353,3395682,2340483,1132166,1272748,999494.7,1837499,1499939,917532.3,1046683,422391.9,806876.1,182961.4,271182.9,1346554,655924.7,841529.5,924673.7,426211.9,110545.8,1628126,793514.5,1234069,871253.7,1182427,246378,124513.2,1073477,934346.8,737555.9,936409.9
Ser.Leu,39376.1,217433,111463.1,129223.4,98568.86,109847.5,424159.8,31424.74,126700.6,649207.9,232943.7,539792,226859,71150.13,119571.3,151915.5,75595.93,398079.9,357241.7,509823,76060.79,101224.1,169356.4,109159,44331.443,243055.5,442491.9,312476.2,482645.5,102204.1,106389.4,158711.3,645234.4,425414.9,121594.3,198284.9,27078.96,96199.12,25780.58,47103.16,105292.2,104873.5,74927.09,72845.81,88082.52,20248.78,493176.8,121100.1,136884.2,108478.2,146713,163300.4,46227.94,76083.04,93144.91,96277.47,138936.7
D.....Ribonic.acid..gamma..lactone,275438,1004683,1098159,208566.4,2165452,723599.5,177962.5,725972.3,485786,296607.2,886305.4,873255.7,114005.6,1207187,599158.6,833433.2,170703.1,15287.87,175073.6,80837.61,964970.5,254039.6,256115.3,953717.3,287525.869,292974.8,113871,283127.8,155940,41445.47,2708871,1094245,36157.73,104252.8,278976.3,313139.6,214237.7,104386.4,673854.6,986578.8,250155.3,365758.3,459601.7,237244.4,385408.8,1652596,318300.7,160278.9,319611.5,413727.9,370410.1,368209,1046324,243763.7,76179.61,510323.7,686288
N..4.Chlorobenzoyl.tryptophan,53818.87,98286.17,59387.48,138640.1,47992.08,60622.13,111014.6,72466.35,63738.88,72895.56,100129.9,84332.02,99144.04,56459.88,92931.13,102683.3,84490.95,77824.95,72950.16,89417.97,82564.59,91864.22,68417.27,84402.22,82022.085,62985,66444.92,91983.2,102770,59888.86,84928.42,97172.78,44410.92,66820.98,59333.51,117955,56731.52,75691.43,40230.99,107700.1,81665.29,102084.2,77269.18,88813.55,72916.31,32789.29,146722.5,96615.05,112835.1,75319.37,109606.7,97969.47,114567.8,115745.3,54970.13,88358.51,92705.51
N.N.Dimethylaniline,44753.66,327546.6,188586.4,611437.2,504346.8,267313.6,461226.5,146462.5,24012.12,67345.09,124808.6,78635.28,151493.2,196099.8,24017.04,166300.6,140006.1,215332.5,145927.4,25908.55,111635.8,78717.7,296549.7,190587.5,214212.637,307576,21828.75,77577.74,321569.1,193531,563635.8,799313.6,649305,55035.01,180770.2,77478.77,421533.9,21650.65,156978.4,32445.13,30280.97,392888,384001.1,444555.1,104513.9,402822.3,25198.75,262372.7,769183.3,26027.66,20838.72,24477.66,14271.25,140264.4,91162.82,181751.1,46583.56
Tetradecylamine,596773.7,475184.6,433210.5,395122,546099.8,330368.9,379875.6,658171.5,488651.3,489158,351857.3,365749.5,284769.2,306774.1,379934.5,420251.7,541806.1,408964.5,595101.3,379365.2,572543.9,441339.5,366962.8,358881.4,412987.536,359179.7,484693,502300,292970.9,551146.1,309158.8,267051.1,503723.4,412494.9,564390.2,496823.4,717270.6,429106.5,682617.5,406981.1,300058,354912.9,361495.4,422332,636538.1,488642.8,338597.8,573164.4,366311.7,347112.9,456649.7,428624.3,522961,352373.4,557738.6,402944.5,419365.4
.beta..Gentiobiose,113080.2,43674.81,36149.77,141415.1,16174.53,151963,294169.7,66941.75,37796.54,573204.4,15148.27,22783.5,1023304,14442.47,14237.45,43910.45,300106.9,1336856,915044.8,292304.1,13951.15,119386.4,836717.9,86018.39,153860.233,60097.74,210430.7,71549.87,536657,592737.9,54453.32,15888.11,1208254,761553.6,240069.7,94075.48,1593477,587439.3,33150.44,8356.033,17010.9,27945.48,18360.41,23802.61,21103.12,12875.41,364540.7,61463.72,16878.33,99030.73,8939.742,462335.9,25018.36,18361.51,203170.8,12997.59,115297.1
X3.Acetamidophenol,78035,69130.17,57572.48,54549.88,5415.269,2834.307,31414.35,5929.071,138657.8,102285,56083.12,37481.21,7568.902,84294.28,101376,9429.613,47345.22,8913.837,14881.1,86614.92,31691.9,59154.8,46646.71,126259.3,18219.797,94733.5,110091,141121.3,27591.33,1724.651,3236.803,42261.06,61811.9,42650.36,67886.18,51018.26,26809.6,110670.4,82446.74,61665.88,34434.28,71649.61,96269.16,28056.18,107760.3,2165.979,2578.784,168179.6,37147.96,62599.63,108910.2,101257.9,69091.18,25795.93,78953.45,94368.1,4163.159
Guanidine,135609.7,435247.6,202424.3,206215.6,426667.7,328269.2,425906,410837.7,278110.8,429878.3,314610.3,412611.3,412909.1,303539.4,344998.2,487027.8,149835.7,223508,421420.2,468913.5,268721.7,316410.7,381315.9,409587.7,215477.418,483110.5,417000.5,503834,440176.7,420033.5,445929.4,332554.2,452568.3,526407.5,161304.9,509299.6,290441,574344.9,241624,379372,400217.4,248012.7,293725.5,251697.3,349929.1,174297.5,361988.2,421638.3,334374.2,207322.6,362527,232758.1,399555.6,169473.1,376030.3,352513.6,387559.9
X1.5.Isoquinolinediol,293271.6,400304.9,402809.2,270515,11124.72,10331.84,105309.2,19947.86,701339.6,617729.3,432136.1,154157.3,23124.42,608656.8,587493.8,30939.08,244476.3,37788.37,47851.51,481720.4,142245.9,303455.3,222482.8,639762.9,93338.236,347454.3,638575.4,953790.7,108518.1,9038.427,13591.66,205498.1,323173.7,215087.5,269308,255867.9,105609.6,567804.9,569260.5,295962.7,204982.9,540046.5,746426.9,151495.8,681933,7357.187,5802.71,755679.2,280817.8,325936,842449.9,551368.3,486240.3,150608.4,435543.4,633122.7,10401.37
X4.Ethylbenzoic.acid,34072.23,36434.21,23793.13,50596.99,114596.8,131122.6,59316.57,10854.56,67629.24,86391.88,44230.02,61992.61,113368.1,44390.06,18015.38,80463.15,54012.81,33209.4,74807.13,59610.2,48548.95,37305.25,49234.9,3850.592,19761.596,95208.12,46531.96,97942.16,126701.5,72287.23,161537.6,93863.52,69072.73,49229.54,43507.06,34686.79,32769.62,50309.32,4017.779,31861.69,92790.48,44309.01,46826.75,20285.57,31596.58,30979.74,17644.96,58913.91,10389.94,68087.4,56625.21,65377.46,36836.35,50959.07,72910.52,43552.38,59470.73
D.erythro.N.stearoylsphingosine,618073.8,698466.2,164176.5,210804.2,192246.1,45033.78,112254.3,90677.95,1218155,77781.88,42501.36,164476.7,19596.69,55674.62,101903,225514.5,235710.7,371046.2,182361.3,265801.6,270744.4,472243.6,160013.6,83582.98,579863.432,171082.3,211385.2,299244.3,306912.4,643944,46211.05,258368.4,231261.2,547437.4,239726.3,105640.3,713731.3,118056.8,154366.4,88157.86,26025.96,200709.6,100241.4,1112460,101170.3,69739.25,1008271,195211.2,812892.4,553844.9,102893.1,115088.1,111625.3,127881.7,210181.9,101541.6,36412.55
dihydroferulic.acid,211969,621433.2,792387.9,360829.3,86479.75,80552.7,100100.5,1659304,599599.8,318969.9,523027.5,957603.8,40007.75,390410.3,332667,114661.3,394537.5,42938.55,104026.7,178381.9,1037634,402975.1,903747.1,44778.09,1079521.495,85655.31,431934.5,344834.3,148501.7,157868.1,90297.25,406098.4,69558.41,151254.4,236147.5,337510.4,240772.6,725366.6,634887.4,316081.4,926557,414684,209567.8,453317.6,408720.1,81220.29,128773.3,108152.2,330906.6,1041129,1111438,452485.4,301040.9,366117.2,755319.7,901005.9,519310.3
pantothenic.acid,92205.88,201900.9,179695,363544.4,26001.59,151358.9,419995,309268,339223.2,307922.4,286500.8,225425.5,193441.9,111075.6,200480.4,121230.2,249911.7,315883,399782.7,654925.9,178410,605978.4,252683,666370.2,114779.527,417511,555749.6,264683.9,283522.5,208622.2,55821.99,599384.1,181910.6,217212.5,281259.4,345189.3,298055.1,430396.5,71326.84,213586.3,268972.6,205892.7,252118.1,419423.8,195558,22630.83,341715.8,308895.7,339570,258282.4,352468.1,459616.8,278915.7,307468.2,149679.1,287277.8,392927.7
p.Hydroxyphenyllactic.acid,99917.61,312360,167851.9,305839.2,95206.74,108300.9,100009.4,365032.9,475469.8,128147.1,477462.3,139228.7,49116.95,160119.3,786196.7,152509.3,410334.5,40933.89,107796.8,103145,158537.2,586198.2,289799.7,337541.6,400428.859,159882.2,281168,107813.9,67890.53,373238.1,118954.4,708247.5,44362.51,104919.6,144242.2,450667,513195.4,398387.7,531278.3,376780.9,621419.6,721342.6,418165.8,729672.6,324067.9,1806477,108433.4,191713,510114.4,889948.4,736601.7,192755.8,491853.7,901361.4,704536,738495.9,495389.7
X1.Palmitoyl.2.hydroxy.sn.glycero.3.phosphoethanolamine,593892.7,341711.8,931559.1,207321.7,492628.6,403192.5,279424.7,901913.9,912773.5,292245.3,346500.9,420717.6,615732.3,117475.6,343693,389562.8,186968.1,762416.9,186425.6,260742.8,378994.6,472499.5,1118837,213502.1,403306.405,1536412,247592,386741.9,416219.2,482186.2,503660.7,774110.4,896323.3,785330.5,478149,459374,237913.8,174307.4,79646.13,1095934,64500.04,378393.2,342041.8,144982.5,656344.1,206169.3,146615.1,188006.1,152440.7,243929.2,90190.68,276942.9,510344.8,348586.7,380885.5,69836.54,156308.4
Ser.Val,12484.51,36380.28,20282.78,26172.71,35041.37,73051.78,172832.2,1307.301,1516.346,204802.4,23453.25,107749.3,42063.92,5513.632,17022.32,121399.7,19750.6,236154.3,210312.3,236652.8,13637.74,22862.02,1045.96,443.2911,2814.806,786.5439,136719.3,159598.2,288528.9,31074.68,55485.08,76980.38,189458,79848.98,49589.99,32808.85,5199.254,26841.98,4675.002,10831.04,16435.47,18915.62,15949.64,1992.684,21011.34,2906.629,77150.57,54990.71,22400.6,14705.75,19145.76,54817.26,3080.067,10852.32,13582.95,16315.33,58790.38
X1.Oleoyl.2.myristoyl.sn.glycero.3.phosphocholine,9892.929,7680.942,7995.595,6728.009,8516.595,6391.442,7145.661,10103.13,6987.831,7134.42,5750.289,6576.092,6822.978,9386.03,7178.572,6471.567,9722.231,7467.881,7957.01,6056.632,7788.632,8595.933,7666.659,4529.914,7828.746,6112.787,7043.557,7965.553,6528.346,7244.809,8345.687,5142.985,8666.663,8005.568,7876.261,8628.542,10326.52,6013.968,10182.13,6399.876,6033.18,5697.542,5800.374,6987.931,8593.296,9144.142,6385.757,7973.76,5497.412,8552.365,6813.568,6896.773,7264.372,6338.824,8882.22,7702.537,7030.222
X1.2.Dipalmitoleoyl.sn.glycero.3.phosphocholine,6928.515,5547.829,6422.329,5863.1,5122.125,5354.077,4056.084,11147.62,4770.737,5508.701,3721.073,5440.552,4625.244,4151.585,6192.91,4770.419,4569.117,5946.314,6237.429,4757.2,6499.621,5848.881,5174.161,5566.904,7949.372,4866.082,5420.294,5355.343,3651.319,5741.661,6632.817,3902.066,7310.491,5718.574,5233.121,5439.19,8152.452,3154.913,7572.735,4688.699,4351.817,4193.26,3539.568,5535.787,6319.766,4679.422,5567.64,6512.589,4689.15,3899.555,4541.144,5364.468,5804.227,4711.393,5776.482,6398.905,6234.969
X4.Penten.1.ol,330818.3,260975.6,267450.8,392490.9,353020.3,322682.2,346891.2,9553.538,347016,17114.87,314620.4,327334.1,343962.1,301982.8,289504.5,335541.9,360153.4,314420.2,303686.5,304446.3,14327.06,14640.33,332934.7,345540.7,277958.094,339688.5,294748.3,14360.83,315905.3,276273.2,320779.5,328027.9,140823,227884,326464,13782.34,319420.6,320469.8,269745.6,316671.8,320240.7,318014.9,336158.3,338098.5,13193.2,288159.8,300317.5,351868.9,292498.9,307414.6,354019.5,328207.4,17562.13,374242.2,287215.2,356726.2,335330.9
X9..2..4.Morpholinyl.ethyl..9H.purin.6.ylamine,158154.7,121312.6,190314.4,148578.1,158665.3,150272.6,123807.5,219538.6,161461.6,114543.9,247845.2,129757.1,113668.5,131574.1,167654.1,643314.3,158147.7,141897.6,131619,102189,177507.6,136780.3,180531.2,1655706,139241.797,136159.3,123108.4,157609,125536.5,170143.6,164286.8,196225.7,121773.5,127432.9,143940.6,129937.5,153644.9,117518,742501.2,129719.8,134615,112601.8,145763,123846,160689.2,211224.7,106368.2,138748.6,94295.74,121260.8,146268.2,108620.9,170205.8,138780.9,153029.7,148973.8,495075.4
X3..4.Hydroxyphenyl.propionic.acid,16740.5,16724.21,12507.77,11212.47,105244.2,239450.5,25355.62,51550.35,38675.49,101465.3,303270.7,120975.2,22267.49,78776.39,34388.51,46391.32,72163.83,22571.07,56459.29,380737.7,164436.4,19029.46,100920.3,114509.3,232373.861,47652.46,12049.35,143281.8,114867.8,173400.8,800877.2,29454.6,725272.1,768967.6,15197.17,56940.48,195156.6,84537.65,61023.81,167880.2,111378.4,41592.83,52333,364220.5,31904.33,45935.93,82948.34,35338.87,451364.5,140472.5,115483.4,73162.88,136692.5,26772.99,272551.6,95366.1,169625.7
X4.Methyl.5.thiazoleethanol,180889.6,265297.7,348530.4,398579.9,412926.9,421674.9,287571.3,458989.5,374422.7,300559.3,476693.7,293621.9,316755.8,63307.5,320873.9,426802.1,236872.9,189819.7,153355.2,283860.7,271066.9,423736.9,296050,304652.8,148698.396,320131.3,10573.71,369414.9,368235,177389.7,584480.8,488849.2,131561.3,133439.2,171339.5,335032,138298.9,216732.9,37090.62,311501.5,418925.1,415362.7,17951.66,149410.8,313459,211802.2,91430.16,225401.6,205502.8,217640,48883.49,308329.4,508405,348667.4,235722.6,35328.52,328580.4
Hypaphorine,11671.58,16759.21,187673.9,26232.46,21133.64,7441.749,1131129,16929.23,10642.05,57959.52,32475.05,35492.55,9683.006,13310.47,5362.332,5404.333,454126.6,11466.05,18909.75,81358.08,201006.8,49616.08,6520.555,29476.57,105102.255,10189.26,49727.72,14600.57,45385.5,12332.59,19741.84,13235.21,13114.63,49960.67,11247.7,34168.36,1904613,19784.18,6049.361,10017.48,7189.402,22249.58,7369.723,5888.593,13337.32,8225.327,192646.3,5057.583,12099.37,7667.846,10209.71,11249.04,6382.832,454578.8,34840.04,8761.547,11952.57
N.Acetylneuraminic.acid,47982.56,98282.01,405496.1,175920.3,82878.96,1045122,46241.25,1051905,182987.6,237126,290040,18328.96,90685.68,983913,146561.7,588719.8,22235.98,172167.5,1630010,398627.8,16259.58,23594.95,237970.7,697021.1,44463.34,688579.5,979480.8,44055.58,256589.3,390596.4,1551192,50104.1,125837.2,236492.6,404352.4,1993305,305404,127762.1,74200.6,193407.2,1887937,169864.4,364916.4,247159.9,431469.6,58822.46,1557458,182076.7,10573.55,229865.8,60572.26,475061.9,18115.77,14069,695684.2,55508.97,201809.1
X.E..3.4..Methylenedioxy.cinnamaldehyde,191833.5,54099.29,35808.38,396411.7,286712.7,246441.9,316790,258.3885,305818.4,1887.504,145418.7,93564.34,315810.5,84814.52,226234.8,214048.6,267232.8,277878,263108.2,337869.4,0,1699.196,144397,196589,6037.271,295674.4,283.6261,483.6414,342449.7,108152.4,296109.9,388238,172368,196745.8,183554.7,238.52440000000001,216670.2,245940.8,12593.58,743.2293,94346.29,63429.62,122722.5,139920.5,174.1479,76009.6,303217,278006.8,41704.95,919.8588,8324.197,291466.6,0,255058.9,140234.9,285804.2,325810.7
Leu.Ile,48355.88,265058.6,147814.1,352876,151998.1,181180.5,531813.1,297334,248014.6,777332.9,319976.8,450938.3,216713.4,149343.9,288339.8,150797.4,167123.6,337711.7,282532.5,554835.4,158499.8,376726.1,265076.8,321149.1,153178.278,127622,618615.8,511202.7,677722.4,442970.2,194445.7,259572.6,2489345,931133.4,167169.6,646209.5,31568.83,248077.5,90373.94,102589.6,274919.7,220709.7,238573.3,126841.2,212717.4,77340.48,262016.9,155576.7,420443,468200.1,282329.4,208228.2,92947.4,201301.7,513192.8,185609,273610.1
Phe.Val,15023.55,80023.56,68042.65,111874.5,67883.65,43795.31,126274.4,82159.33,71943.54,237976.3,142674.3,240731,63335.11,99040.98,175133.4,56440.71,85920.66,69875.63,95012.47,210542.1,95523.82,82235.81,89307.12,123713.2,68869.076,64134.92,117057,138304.8,166277.1,120590.5,58997,76597.84,405105.7,180189.6,34991.31,202518.7,15641.2,67756.21,40938.51,36284.69,59077.85,48690.78,113471,45952.12,76271.96,25168.06,75202.01,54264.73,136080.5,197175.9,131936.6,72281.65,57989.76,86533.14,208234.6,83181.69,68825.98
X.2.Oxo.1.pyrrolidinyl.acetic.acid,115070.6,21621.39,20359.65,95121.35,10561.08,235372.3,79259.34,31584.92,75043.72,78926.81,23399.24,8279.402,46593.05,56815.89,26093.49,134627.3,88917.21,91832.55,212290.4,121121.6,12436.59,110451,61149.17,69161.5,24827.455,126721.3,199167.3,59886.43,74388.56,137586.2,216665.8,58468.72,105651.9,102633.5,136606.6,153140,163985.3,98088.12,25633.88,10676.9,68083.78,34753.77,24524.9,64164.39,18190.65,22515.63,227798.5,82082.46,14037.51,78500,21718.07,129816.4,21238.74,42770.36,116025.4,18121.4,101913.1
X1.Palmitoyl.sn.glycero.3.phosphocholine,160977.9,64549.81,254966.3,179331.5,550931.5,133936.5,254581.1,342657.3,155171.3,34665.7,129142,170106,6390489,387407.4,258958.4,150779.9,91106.91,647129.4,1078062,117823.1,610395.7,27971.38,188169.5,189914.6,900397.721,148957.9,117462,110005.6,702062.9,167238.9,149659.9,105226.7,1226548,321865.5,221620.8,199571,109826.6,1345819,189028.1,143888.1,116290.8,197234.4,1744939,53847.53,504964,129027.5,296167.7,174441.4,44036.1,154940.2,86348.39,124631.2,304562.4,82116.7,335342.2,55995.01,135832
X3.Aminopyridine,160175.9,3758.02,2528.937,2648.889,52400.19,659390.7,73316.08,149168.1,129032.1,6894.025,126443.9,159823.8,67301.67,38810.55,5089.636,404448.6,14251.35,11566.82,6115.569,119630.4,239802.1,9737.151,4729.071,5049.301,75530.974,2958.171,49678.53,3572.304,2874.496,56483.98,29774.79,54460.12,7121.337,218075.4,12209.91,624828.7,7529.125,14184.78,82842.67,657494.5,14523.1,28376.8,10125.93,8420.979,6286.137,10325.67,195007.1,411897.1,5838.985,39324.72,51962.13,20809.84,5788.07,4301.066,441796.6,60164.8,758403.8
X4.Hydroxy.4.methyl.2.pentanone,591940.8,656905.2,811587.7,663022.8,706932.5,669598.1,476280.9,1120408,638279.4,411430.1,663648.9,567036.9,466359.4,718303,560809.2,691891,636375.8,566306.1,409085.3,388145.9,693332.5,688565.4,613998.4,739894,410076.986,653932.2,341588.4,680684.8,473806.1,604522.2,597241.1,754916.7,253792.2,181431.2,622041.8,732577.2,540826.4,602472.4,557358.4,701334,655643.9,718214.8,733522.8,1052471,805371.4,471129.3,355829.2,730019.3,1124559,615566.3,759755.9,619578.8,795754.7,749309.3,435651.8,740170.3,661048.4
Catechol,26400.57,25236.06,31188.83,32334.46,22715.07,26990.31,52671.84,10271.33,9551.46,24533.99,30200.86,74400.99,53702.58,13911.38,9086.74,15350.78,52328.82,18668.21,30384.61,45352.09,99697.86,14779.07,13096.46,2617.582,61210.286,29098.09,49053.34,26981.14,32311.85,43860.79,22867.12,20848.46,146859.1,91289.74,23918.67,19172.99,109543,25081.98,31456.6,43414.93,30314.55,22687.26,5259.39,96170.43,10612.09,28468.82,56034.96,12847.24,78178.83,104868.4,30468.01,51057.57,31078.69,51631.03,3743.753,31919.25,58544.98
Cotinine,935.5228,183.224,1932.333,1117.103,1062.996,771.5526,981.7882,3147.144,1243.073,2791.021,418.3255,3611.744,863.2347,4431.571,1549.789,703.0502,1030.851,1790.276,745.8286,2939.699,455.9436,561.2729,554.3382,4149.744,11347.203,767.5722,3054.999,1890.976,1741.736,1100.659,1252.887,1877.883,1168.165,469.8257,896.2862,1319.696,622.0645,2596.982,779.7429,4671.2,1948.956,2554.241,458.6383,1054.782,2154.629,1186.858,2664.434,825.1198,4158.752,2489.98,4959.53,3962.89,791.6691,747.78510000000006,1413.433,829.6765,5075.91
DL..beta..Homophenylalanine,15177.54,59380,35186.36,138895.7,90453.38,81110.58,59018.08,17909.47,6103.806,5724.649,46500.76,31017.9,53181.74,51386.76,11475.1,80979.31,23226.15,45746.65,54653.1,9482.02,2997.586,8631.081,69467.28,25914.03,79861.567,69835.65,8007.467,6197.045,50387.19,37156.68,180799.9,34823.75,71403.67,7836.605,26987.46,2532.108,45524.27,7457.649,33796.44,30802.11,6946.468,110368,74986.49,54197.61,14889.04,99878.78,5615.764,36069.96,82947.06,13103.19,7313.408,56032.31,10485.58,28573.72,519008.6,35239.85,42905.29
Benzyl.alcohol,148174.5,43284.25,30788.07,321570.9,224815.6,186830.2,236583.3,262239.7,241169.2,3557.024,115406.4,73180.01,232810.2,64390.36,177321.2,160266.2,214845.6,206745,205025,264007.1,325563.1,12792.85,109337.1,160932.4,8870.19,230167.2,3288.389,91927.15,262819.9,86186.14,220472.7,302555.3,138009.7,145547.8,143463.2,222383.9,174343.3,194976.4,12616.32,2997.783,77750.02,48780.33,97058.9,111066.7,298642,58408.09,237744.5,223134.8,33466.51,159314.3,8002.078,4186.059,454099,198234.2,113724.1,211280.1,253111.8
Ile.Ala,27116.04,220189.9,207519.8,364651.3,114925.2,131569.1,234264.4,217021.7,285640.5,487025,380375.1,550067,115177.9,261636.1,288499.1,129898.7,243251.2,147583,216130.1,514656.9,268157.9,347487.2,283329.5,224145.1,176094.826,129471.5,289438.9,333575.6,317659.7,315876,152352.9,177493.4,1426250,501930.8,145768.2,482515.1,29986.54,112705.7,88506.84,72064.69,319260.8,170447.3,210916.7,106852.1,190286,74937.42,134462.8,105728.4,356154.3,359083.2,308076.8,159357.8,111728.3,339975.9,505965.9,196599.7,161681.4
N.Oleoylethanolamine,65057.97,464809.3,65492.73,45120.82,75281,59791.84,434598.9,58435.44,143212.1,121239.3,63704.4,93526.26,416594.5,60232.28,161458,104480.9,300213.2,73270.33,374913.7,268858.9,233623.8,588730.2,319705.5,189335.4,510689.805,82836.46,100465.4,91086.49,137714.4,80200.9,57939.14,211934.5,110826.7,401916.8,216064.5,103190.4,735055.6,190015.3,37384.86,37748.13,37208.26,105888.8,543773.5,546151.6,259583.6,159427.1,1956254,81713.57,756489.8,111283.7,94969.71,133992.2,59422.64,315572.3,132602.9,86006.06,44955.58
Pro.Leu,31987.44,39059.5,17227.48,20328.74,16171.08,18208.64,22963.15,28358.48,18910.46,134876.6,15911.55,22133.51,59083.82,33671.6,9540.205,17079.64,31675.25,20206.94,57611.59,36805.03,52110.95,42591.93,14682.88,54433.93,65369.728,28842.89,475443.2,23129.68,51651.53,11863.67,23690.6,10783.39,22337.29,98073.65,56628.7,30937.34,87588.7,22821.3,30672.12,24702.47,27955.74,54070.37,42457.3,155535.8,51707.5,57733.31,156755.5,16960.68,445217.5,14917.67,22980.63,133758.7,26407.82,29531.44,27931.38,33056.59,25037.68
X2.Oleoyl.1.palmitoyl.sn.glycero.3.phosphocholine,3644.561,2561.278,2251.627,1421.768,3775.587,1902.499,2536.604,8355.928,3227.677,2569.98,2462.723,3082.056,3133.956,1882.027,2853.943,3936.886,3501.694,2450.853,1742.147,1561.023,2673.818,3256.701,2597.702,2038.283,1857.162,2852.762,3183.73,3836.958,2011.641,2881.251,2856.425,1685.068,2875.131,2605.298,3172.619,11336.68,2767.114,4739.218,4855.003,1849.324,2268.607,2552.597,2316.824,1793.129,4571.081,3217.852,6726.331,2525.709,1986.499,2560.661,4119.982,2532.365,4490.5,2581.68,1828.167,2920.176,516497.8
Oleoyl.L.Carnitine,5084.419,6483.236,5085.494,3812.538,6175.937,3464.52,5718.821,10835.91,4098.578,6211.549,2624.655,3725.125,819.9828,4807.049,4169.546,3942.729,3386.267,6578.901,3898.393,3392.157,5045.695,6077.344,1689.315,4796.747,8471.288,4466.484,5565.77,5950.035,5899.128,6365.585,6877.09,5953.258,3034.478,4049.657,5020.479,6410.994,6398.558,4210.508,6116.234,2913.974,4697.953,3820.27,3371.517,7840.849,2002.1,8638.727,6448.689,4326.998,5404.535,5210.177,2170.604,4679.086,4228.967,3120.398,5608.443,3937.396,3443.355
X1.5.Pentanediamine,52698.55,91671.78,99006.39,71311.82,61489.61,345071.2,843191.8,47503.83,440554,85727.12,47262.35,395443.1,28078.56,306213.2,35502.55,927227.8,236933.5,37117.72,36871.69,167263.8,355203.1,137436.1,396269.9,57288.77,3472470.919,37230.6,93568.37,492058.4,222487.5,152556.5,132804.1,438463.7,34972.74,270381.9,52831.98,749943.6,140495.7,219066,39560.92,423998.9,17392.65,74716.26,55721.05,125317.2,69937.78,604954.9,600462,42382.18,180865.8,80647.69,38702.47,47603.23,56064.11,148307.8,31872.55,47876.61,96445.95
X7..3.5.Dihydroxy.4..4.hydroxyphenyl..2.methoxyphenyl..3.methoxy.3.4.dihydrooxepine.2.5.dione,47483.23,134304.1,57835.21,131682.8,36279.61,109566.4,37968.84,225518.5,57948.19,384761.6,54039.05,55022.62,49666.63,135320.5,16938.39,74189.32,138592.4,18843.24,123835.8,273700.5,61409.29,134156.3,95789.24,5873.003,138863.198,131103.4,708739.9,91629.29,110968.4,57976.71,224107.3,85330.79,99816.8,151965.2,79400.54,81378.48,45121.76,303354.7,38785.19,26083.02,80903.61,59865.68,184257.1,86835.84,98066.87,13595.53,13730.3,72459.49,232425.7,133096.8,81215.77,259601,23571.34,80147.47,104455.8,55513.92,120358.4
Phe.Ile,14058.51,65818.88,55392.45,114924.5,69119.99,40068.96,112532.2,82699.35,57488.83,189207.8,101360.4,229933.9,47607.66,63315.84,153670.6,43377.81,77598.42,46625.55,67589.45,151526.6,90422.34,49974.16,69316.55,98122.25,65975.247,49317.23,107495.4,107261.5,98654.78,131001.8,52684.3,62384.29,566316,167957.8,29225.52,169083.6,20770.39,55353.89,37759.35,40139.91,53815.49,44909.94,92853.25,39159.69,68396.87,31689.11,52243.82,49863.74,132178.9,218432.6,103803.9,62010.26,58758.2,66262.26,197370.5,66665.63,59489.52
X2.HYDROXY.4..METHYLTHIO.BUTYRIC.ACID,61885.73,1059723,1332873,311277.3,32361.16,82716.14,56522.5,532659,313999.6,167778.9,1562642,253439.7,36002.47,355730.2,754666.8,358597.3,172853,66480.44,128328.1,96828.57,251134.4,440817.7,254290.5,161022.9,482563.833,68776.21,60171.36,51238.84,26566.89,92641.07,83628.85,721639.4,294662.2,165048.3,79841,401335,311438.9,238329,1474733,672128.1,754541.3,839817.8,327410.3,724953.8,373328.9,707632,39922.06,29460.43,400283.7,492422.3,446437.8,229272.9,2184217,832584.1,162600,431383.5,463674.1
Indolelactic.acid,9738.807,115749.6,88648.37,35756.49,3922.475,7608.845,8884.854,55104.71,16176.52,18695.88,160051.7,31798.34,10072.81,26624.67,170081.9,13606.28,15120.68,4938.123,14641.81,14356.3,35839.14,67133.04,26229.72,30631.53,138600.958,9156.178,152665.3,6749.411,5812.734,13632.95,6950.183,72437.82,14280.41,35712.97,4838.13,49628.89,56161.67,41602.97,125679.5,79367.46,73226.71,108795.2,32509.77,102710.5,42726.37,120263.9,18708.28,18141.77,162591.2,43109.13,48019.13,21016.88,348623.3,140238,31877.5,46044.14,48203.91
L.Propionylcarnitine,8482.586,7827.521,5897.538,14783.85,6241.37,10649.42,23731,118649.5,17944.87,19232.58,20336.86,6068.907,10030.82,19472.03,15896.52,9004.301,7999.955,8793.514,10560.08,14538.3,7367.854,14925.9,10886.47,31357.78,20280.691,14856.02,9607.705,20258.97,18980.28,19656.85,25503.94,29723.53,6995.235,5402.45,16086.37,22694.19,13846.93,11750.34,6303.479,20308.49,27368.5,23044.03,17045.77,18312.29,14903.45,7997.29,5911.915,16684.27,17558.41,8658.386,12452.51,19922.77,14994.25,12003.6,4042.465,9444.45,36486.59
X1.4.Cyclohexanedicarboxylic.acid,133371.4,156837.9,139693.3,155077.4,309724.3,261841.7,208124.1,214314.8,176290.9,149311.9,131739.1,163751.7,249817.6,173485.7,259633.1,198802.4,128295.5,170557.9,230319.4,159980.3,150594,130021.6,194090.2,238416.5,158165.707,261683.8,163417.9,203631.5,166028.3,171312.6,217714.8,132491.7,157163.5,145762.8,154751.3,153031.9,135523.6,171185.5,147050.5,178371.4,148552.6,131290.7,144966.6,167255.6,196836,233983,201277.9,199872.8,132242.6,157636,132597.8,163309.2,126190.3,119750.7,104914.7,147215.7,212182
Enterolactone,142653.6,545618,143823.4,373220.6,1167995,1262340,612901.1,657200.3,796724.7,330355.7,392253,404872,1236533,530879.8,905558.4,811048.2,567255.8,67661.39,406927,145725.6,446707.9,282135.8,530162.6,909086.2,195618.512,796091.4,87225.09,863394.6,762510.3,407832.1,1344071,817698.9,424720.8,98167.78,735064,618338.2,42391.6,446261.9,343361.4,516900.8,573899.4,610450.9,422767.4,72275.25,323542.5,708169.6,240305.3,514755.6,77422.49,190185.6,442450.4,456407.7,245644.8,503190.5,255751.1,386420.3,833018.6
Lys.Tyr,7495.732,47892.82,36557.45,45745.38,29185.32,30530.58,57796.57,20211.72,59463.13,74418.39,77357.33,106198.1,40780.18,41551.08,27820.22,30087.04,25346.14,47389.14,57224.57,93721.86,18582.13,39288,46927.56,29492.63,15366.078,52794.78,57453.65,69535.39,113283.7,25750.2,43329.02,56860.18,186699,80256.25,29930.43,54597.09,12166.22,34651.08,12129.48,21220.25,56897.83,36751.82,53716.7,28720.08,40102.05,9058.795,56733.29,31126.44,67839.54,39948.73,64942.25,33997.37,20187.56,22597.51,27330.73,41110.78,30810.12
X3.Hydroxy.3.methylglutaric.acid,42555.57,141125,96475.11,84995.06,66449.34,77934.25,156719.1,666090.6,23572.78,160338.5,135220.2,196435.2,154188.5,135313.5,453179.9,185454.1,261278.7,68528.54,248241.4,327548.2,197729.2,198200.7,37198.65,37639.85,99944.092,34551.46,195868.5,155942.1,109761.3,32438.51,41446.27,239341,152950.5,179020.1,136262.2,103876.3,99031.54,253748.5,76241.81,90418.64,158228.4,107810.1,150312.4,3382.879,220785.8,104607.4,552929.9,91421.09,252510.9,109192.6,130812.4,125819.7,139253,325454.5,198931.7,104859.5,105720.1
Deoxyuridine,57711.34,143511,62925.93,91351.37,345570.6,230117.3,202570.6,21149,923.0402,110196.7,233487.2,234378.3,329424.2,148380.1,53273.43,122409,61695.5,651560.4,325441.4,156042.6,91803.88,218998.3,1259.663,1952.076,76378.462,1191.244,145234.4,138417.3,313913.2,153464.3,347472.4,249331.6,255317.5,151605.1,227163,166391.2,59605.5,109575.7,2939.384,123459.2,35412.59,121207.9,86587.03,1042.114,111276.9,19981.93,566595.4,150698.1,34458.86,38834.13,52144.56,90928.01,12657.24,77224.32,87198.76,45814.69,186981.7
Acetylaniline,51538.52,41750.38,33473.31,37824.49,10129.35,8038.1,15148.75,10126.08,58023.55,61609.09,41512.52,34063.37,6847.416,35821.15,39365.66,11920.07,36103.28,8832.585,10356.09,45362.42,33696.59,34701.47,22374.75,10211.65,24985.523,37041.51,62331.37,48924.01,22526.06,366.2022,4101.748,23871.38,34604.85,38014.28,32216.96,31042.87,32217.77,42194.19,36576.28,31927.34,15986.46,41263.99,22396.75,34029.98,42374.52,1642.707,931.9572,48431.23,38839.69,38211.64,56553.08,51042.09,42191.54,33828.58,33517.71,46756.47,10258.9
Gln.Ile,32022.08,130505.6,124089.2,115377.3,71235.65,95605.82,194200.2,75824.03,83545.55,311931.2,297835.1,252224.9,135980.2,109609.1,90875.5,115446.3,63852.21,153241.6,138031.3,254330.8,60955.77,97252.88,150080,73233.61,42498.564,164628.4,160530.3,249004.7,239592.8,67986.84,141601.9,215693.3,220242.1,175658.1,74391.75,154986.7,25098.35,89893.57,28791.64,56925.65,123869.2,116349.8,110590.5,52440.85,91935.66,29211.38,242867.9,74804.35,103524.4,67523.29,120205.2,112523.1,42155.37,76827.55,82275.84,79898.66,127906.9
Leucine,60411.24,22600.38,34587.11,47550.89,117509.7,39309.91,35204.74,7307.899,91454.74,25445.94,32526.64,68000.15,27218.12,63603.9,18023.29,40447.48,50768.78,14125.13,18417.63,29820.17,50382.93,44795.53,50127.7,83069.78,15592.845,114699.6,10471.68,120700.3,64583.42,19454.49,46034.4,60187.31,5420.341,8030.32,30608.76,28718.77,14199.73,57266.4,20685.39,59011.7,99193.75,46526.9,52579.86,66956.11,48470.07,28328.24,15190.63,82598.8,34789.04,32180.02,89473.55,37033.74,185573.3,65618.67,18781.57,73028.71,27864.68
Linoleoylcarnitine,2734.704,3741.627,4946.287,2017.556,7505.256,2588.434,5363.543,4871.101,2664.263,5688.997,2428.987,3095.039,3517.817,9283.122,2938.25,4013.813,5309.684,4266.881,8832.597,2739.459,4198.076,7511.83,3971.408,6963.538,7223.227,3807.196,5284.238,7597.114,4579.964,2784.862,5590.714,6188.087,23610.92,6043.419,3348.049,5925.613,2735.57,6136.329,2830.079,1403.57,3435.789,5062.474,3151.826,4433.721,5459.836,24243.91,11578.58,4753.43,9275.444,4248.92,3884.872,3693.032,3262.606,3705.961,8304.214,3813.046,3798.02
X3.4.Dihydroxyphenylacetic.acid,43556.22,33327.3,27330.2,38967.22,70356.99,51758.3,42087.97,38577.48,41095.36,28494.82,31434.85,24026.32,41110.05,34565.15,35321.29,47777.43,41505.74,67465.26,71564,24855.89,33686.74,33688.02,46684.7,57983.38,111959.726,51660.47,40278.07,31195.4,35138.65,76170.05,45220.91,33910.38,154481.3,22374.42,39034.58,27355.69,34560.52,29552.22,32688.77,36667.97,36013.18,36304.07,28911.12,21726.86,39911.57,50603.72,18040.42,36526.35,18270.61,50951.38,32309.29,37848.37,35348.72,34684.35,39900.42,35601.6,49410.13
X4.HYDROXYBENZOIC.ACID,44795.94,55239.92,48709.54,138081.8,449998,145741.8,83864.36,224438.7,69375.53,90467.6,51798.01,79143.63,63075.8,130671,114768,91506.65,62166.72,61105.24,120780.7,63357.53,91502.96,53160,66315.74,149795.9,147525.002,111710.7,614610.7,122588.1,49629.24,201071.9,113888.4,64111.7,114484.5,97382.33,65096.38,78594.49,37263.29,99202.05,64854.51,71463.83,111838.1,53042.72,90122.12,77220.77,77676.56,112819.6,72203.17,140620.1,169046.1,79992.41,51124.64,80749.97,69270.95,39079.97,89717.25,47730.51,72967.04
Indole.3.carbinol,144491.4,270308.4,245221.8,174152.2,94752.43,1278260,158814.7,241009.5,177164.1,117219.8,619007.9,192909.4,353195.4,1098809,344290.4,468341.5,422921,10769.65,94066.93,39284.6,282033.8,1669.54,192790.3,347123.8,9731.292,453088,53004.6,359547.9,1058159,2770.534,651498.4,603348.3,2879.717,5696.772,399132.3,443698.1,3145.653,122842.5,121202.5,335131,645558.4,697642.9,815277.8,249710.5,442004.1,88152.89,3178.996,711694.1,344563.1,14730.87,535012.7,15922.53,528209.9,501219,77314.52,433750.6,729669.6
Val.Asp,15516.53,119944.1,75393.19,115769.5,24482.11,39957.47,183110.8,37167.84,454596.8,943215,147934.1,226259.4,51675.61,25447.86,22517.25,49377.28,28622.55,545109.9,188425,570607.1,12391.38,165572.6,79862.16,83718.19,26284.511,82847.95,312322.8,216581,316365.8,37398.4,25653.07,239977.1,439208.8,234139.5,57136.66,98902.38,26356.29,53682.01,7332.299,41414.4,143013.8,85739.58,55513.32,41568.54,44610.26,10242.84,132633.8,36208.38,113000.4,31507.31,104042.5,54121.63,32533.57,164340.5,50591.12,48713.76,64794.1
X2..3.Hydroxyphenyl.propanoic.acid,12359.97,56019.76,56137.99,12649.25,40957.7,187368.4,12405.97,37361.51,19202.71,47899.08,376382.1,63530.97,11471.98,47660.77,48800.22,16871.83,30813.02,6686.428,14975.1,402376.8,86254.9,22519.26,50512.37,71329.97,208582.406,20612.83,7048.92,83858.08,62442.2,95084.67,1152780,49268.95,1032340,1127367,7722.726,45867.07,108979.4,40788.33,73701.07,117078.2,86777.23,75480.12,44323.44,364514.3,28409.79,45216.11,25906.75,12004.32,582970.2,102968.7,72660.03,36734.79,181277.1,51534.61,229236.9,57940.83,101614
Inosine,23939.74,211076.5,56038.85,18290.7,94137.92,235021.8,274032.8,200411,3407.982,111231.7,151048.8,216558.6,101977.6,147687,142344.4,29215.07,15461.54,94013.45,264324.6,243975.2,16361.35,163175.3,75956.14,9292.019,96057.122,8700.386,394523.7,126596.6,216216.4,17109.18,91328.82,204621.6,518286.8,258187.3,249083,64523.5,26687.4,89781.55,9073.794,31964.03,32449.79,114624.6,80763.71,8484.875,102892.8,13041.43,57966.63,177781.2,31648.87,49117.07,24376.42,182641.6,17676.91,25108.15,23967.84,32825.09,145752.2
N.Acetyl.L.leucine,100697.7,43732.67,85048.07,110064.3,164670.2,66632.28,70852.06,17689.36,225128.3,55636.05,92127.76,116013.8,41371.29,119500.4,53437.01,71544.61,128002.7,28197.69,28216.24,58865.55,129815.4,111369.3,171826.6,116471.3,32767.272,161250.5,23510.62,249732.3,105788.7,31639.05,115483.3,173721.9,5378.834,17794.51,54899.92,111400.3,17232.32,122359.5,65513.12,171205.2,198690.3,122175.5,205924.2,81957.47,190479.3,71867.59,12150.52,168131.3,55033.99,58445.87,246807.4,60547.99,184134.8,233635.1,45523.01,188126.6,47533.3
X4.Methylpiperidine.1.carboximidamide,145557.8,114523.7,125345.3,91705.72,131362.6,116667.7,107007.3,153812.2,108888.9,112473,95681.84,99951.75,105069.5,103794.3,121805.7,116279.8,132416.4,129009.6,129732.4,89210.91,139522.4,124453.2,113089,101915,135618.24,110085.8,119903.7,117005.9,90198.29,149542.4,102105.4,87652.07,125446.5,126293.7,130970.5,123181.7,144985.2,97034.35,150087.8,104907.7,106737.8,90461.52,100984.5,141069.8,140884.4,150076.2,107811.9,120274.3,156508.1,116575.7,102925.5,106731,125023.1,103446.8,133484.8,114922.4,102334.5
C16.Lactosyl.Ceramide..d18.1.16.0.,7268.588,2724.251,2748.796,1735.742,5301.204,1836.793,1187.123,3561.386,4742.613,2612.762,1113.286,1544.923,1777.831,18965.83,3331.682,3509.408,1814.847,3501.059,1501.812,3487.591,5895.738,691.9803,2621.979,597.0277,8545.336,1816.875,3554.223,13501.48,2045.38,4397.425,480.6675,898.0529,4574.072,1386.585,3459.686,1263.45,9397.842,1212.655,1604.96,849.1417,1095.945,799.3812,4330.806,5497.596,5290.492,1565.586,361.8596,2956.251,4557.126,2393.047,1192.212,5670.742,3651.372,2324.9,2652.867,1252.669,2829.091
Phenylacetaldehyde,71516.8,657188.7,537946.5,65766.92,13926.85,6303.833,65408.29,1769.072,10603.62,1469.87,643716.1,640635,12407.87,480278.5,260432.2,302566.7,66305.91,1650.323,1627.057,2282.74,1635.819,1185.153,368631.9,332224.9,468893.499,28266.01,1996.895,0,13216.95,267017.2,2919.464,43207.08,2712.345,1312.46,233890.3,0,18741.43,208521,506581.5,580687.7,535742,717318.5,561778.6,487713.9,2059.749,291681.7,37857.36,53983.18,709804.8,181737.2,153404.8,158055.2,5514.419,427893.6,193490.1,121782,7331.87
Ser.Tyr,20791.77,30550.58,26627.62,28725.8,28735.17,50005.71,90828.37,17611.15,43588.97,119365,50879.19,63385.06,81195.66,14643.7,18047,54808.34,12045.47,38462.72,60092.68,65392.68,10940.39,28681.98,38746.81,34169.88,5516.7,54215.06,92401.05,107673.2,83864.26,7415.594,39705.36,70015.07,43356.4,36920.27,25849.63,24803.42,10910.94,32100.52,8769.179,10663.04,26359.52,27096.48,25947.36,22556.08,17768.94,8809.702,112903.7,51456.02,23735.7,10836.26,43226.68,32145.96,5197.977,12867.46,5067.864,35511.29,56810.69
X3.METHYLADIPIC.ACID,76206.92,72439.5,59952.65,58750.16,456376.9,172295.5,75073.11,774847.5,104454.3,72395.98,86409.78,84679.62,134087.9,98436.43,94794.18,185440.1,93225.5,50822.74,70562.71,51621.18,111434.9,82893.96,120775.7,564062.2,44022.684,554352.1,84750.18,108273,104706.8,48637.57,578650.2,76847.74,60213.72,59828.75,92794.6,61676.05,50210.84,69038.12,73893.05,90241.95,138133.7,84044.39,83479.88,55592.91,73479.27,111363.1,103067,66475.87,61989.83,51521.76,79696.3,59439.94,69666.87,102813.8,74301.55,75473.47,255133.7
Cholic.Acid,8803.41,31494.27,18506.87,50778.27,7926.552,13178.12,78909.79,18705.14,34465.74,20153.41,17067.85,16972.51,821801.2,16622.1,40182.1,35824.4,25482.14,28887.38,136816.1,37269.42,21198.95,52705.83,59959.57,58841.58,114114.568,11839.39,34996.95,29170.01,1096475,48877.06,13255.78,32731.29,110704,688906.1,136864.9,117249.8,137038.4,84546.19,18342.01,14645.39,18994.56,29844.93,105311.8,44526.35,54152.78,15523.84,2331060,18590.37,335586.2,57289.74,28854.69,45170.78,11758.91,23116.28,195557.8,20671.58,23656.5
Quinoline.2.4.diol,4707.13,5670.3,10547.73,48352.8,4263.463,267073.7,10617.26,158326.5,10758.3,4179.401,30669.33,5392.084,70339.21,355027.3,7853.027,276056.3,7332.53,2649.027,6016.276,2063.754,6181.916,2930.481,115576.5,30316.33,3358.418,419690.4,3263.27,3860.828,472155.4,2973.732,346736.6,309375.9,3882.803,2692.504,107036.6,110626.4,2916.006,2416.18,23821.61,31376.8,765379.1,130235,62555.12,6895.183,38188.83,5282.185,1873.155,14770.98,13263.79,3399.742,16543.8,7736.226,6292.961,16775.72,3141.491,11735.74,148906.2
THYMINE,579389.6,570259.2,459354.8,658148.2,1283133,806150,727916.9,879091.5,16830.57,413665.2,491008.1,697847.3,751053.8,412573,703436.8,733707,560308.3,603842,717265.1,490610.9,685964.2,606577.9,14415.48,17955,409325.924,16801.12,534528.5,579702,692197.6,725845,753866.4,608325.9,101100.7,268831.8,705710.2,623283.2,582421.6,529393.7,527462.3,745210.1,644064.2,579039.2,617007.9,9340.707,675205.3,472404.6,406690.1,769212.1,618603.2,497730.1,603582.7,660631.2,784147.1,427935.4,503734.5,634450.1,589176.9
X....Riboflavin,33551.77,102072.2,80765.78,222960.3,106451.1,113134.5,109693.8,193446.8,123489.8,87315.15,148575.6,90845.8,88053.54,171493.5,170220.7,119146.6,87769.79,113012.4,134170.2,126132.7,75401.67,137773.3,67229.69,102948.4,100494.581,106124.3,84251.61,115903.7,100555.1,105757,145085.7,173037.6,87720.16,89396.6,68262.35,158236.5,49847.18,156891,64547.47,79814.72,164450.3,117259.3,154709.9,78889.51,136748.1,52237.76,106700.4,111712.8,124344.2,129791,139637.9,161422.4,130532.5,94243.48,112813.6,97147.57,108856.5
X2.Mercaptobenzothiazole,69807.91,179965.1,30872.45,15008.66,3376.946,3924.614,137541.5,3828.366,21426.25,11964.82,85117.68,182944.6,114138.2,14261.36,7489.94,31333.09,18978.05,168452.3,39169.7,266260.3,345444.2,20499.27,20577.27,5432.31,41051,111353.1,79774.53,3827.966,26567.87,5152.411,9139.497,30686.04,32216.52,9685.367,44154.85,32844.47,47992.92,7637.081,3819.926,54876.44,26171.07,3686.913,2716.169,300886.8,6769.531,24454.47,28178.57,1583363,805303.3,19817.37,51525.63,33550.77,3047.316,124652.6,288262.8,47226.44,104780.1
X2.Methyl.N..4.Methylphenyl.alanine,18346,172856.4,128359.3,252728.6,171579.7,127939.3,185844.5,290826.5,11887.94,22711.17,51363.79,23318.38,107310.5,97469.53,7980.007,40991.14,65863.63,137216.4,65855.2,7941.447,48783.54,170584.1,109732.7,22138.21,139379.143,180503.1,43742.27,120589.7,146668.5,73247.86,298647.2,207349.7,329140.6,23961.11,86877.03,68579.41,254951.8,112414.4,78647.04,414908.9,162471.2,197715,131401.6,128365.1,290535.1,200248.3,9150.142,50160.71,213121,87994.44,114080.3,185192.3,124084,69119.81,42673.51,98600.02,231906.8
X3..2.Nitro.1.propenyl.indole,88738.63,171013.5,106755.6,250700.8,83083.58,98214.16,181744.5,118720.6,264024.5,198925.4,167472.7,136343.6,166640.3,95444.73,148529.9,176266.9,134090.7,122843.8,119123.8,207268.4,130275,154018.3,103844.3,141240.3,131414.245,106373.4,227613.6,262055.8,180152,96067.32,146084.5,175998.9,172890.8,107514.9,102963.4,200169.9,91222.66,173566.8,222337.7,182509.3,135778.5,178653.1,123860.4,145424.4,150264.4,50049.41,244561.5,162363.6,198488.7,130707.8,193352.2,236789.2,199389.5,195906.7,189298.7,139248.1,163621.1
X12.Ketodeoxycholic.acid,42628.53,120296.2,568751.2,273574.4,531188,285807,230792.8,532829.8,329171.5,109456.9,248344.5,67593.19,93041.92,213100.2,241084.3,387494.6,57099.1,20786.91,32160.9,66047.79,68463.08,24647.68,189963,134507.9,320389.777,76762.97,93598.72,388513.5,96039.22,346031.5,345758.5,316917.4,130073.3,153788.9,92585.41,435926.8,21593.08,116151.9,97340.81,151636.3,587269.7,222272.3,259846.6,56572.69,344402,64253.03,146959.4,215910.1,77675.32,95665.32,71888.19,69100.32,117850.6,48125.44,217786.6,49566.55,134025.8
Aminomethylphosphonic.acid,641275.8,571739.8,795693.7,394922.3,480420.2,601293.3,488105.4,762136.6,495270.7,146886.1,523200.4,135117.1,584800.1,543169.7,816650.3,682329.7,413226.2,132248.7,149375.6,264226.1,247939.9,718495.2,386989.8,451297.6,4350.896,578051.8,150838.9,414419.4,306155,231034.1,498037.5,613598.2,50949.89,78648.38,441028.1,645907.4,642766.7,317287.5,776499.6,733120.6,344096.7,751445.4,457938.1,560342,650812.2,737054.9,71408.5,242097.1,249323.2,171834.9,518143.1,584859.6,1119779,449952.4,167795.7,563624.5,629891.8
Dihexadecyldimethylammonium.cation,1128702,968649.3,407677,462160,1833415,611517.6,904822.9,773434.6,1139721,495200.4,711579.3,1562604,740652.7,471692.5,1215359,596414.4,302684,540202.1,891235.8,657954,1176384,491532.3,1055914,503516.5,875219.137,1487126,470298.2,966610.3,813075.1,1053207,417189.8,624993.1,1561616,3029148,657390.3,151643.2,449979.7,1435522,162023.4,2409790,95246.79,1133686,99599.79,436901.6,2493715,765820.9,361455.1,1610058,1120648,530880.7,1774960,106720.7,1395346,502930.6,613302.2,1037980,461441.6
d.Pro,66144.92,153878.2,149128.8,160561.6,51190.26,96969.72,294708.4,47246.81,124793.8,556084.4,257323.3,302412.8,184415,80104.82,31465.19,124586.9,145584.3,549921.6,400086.8,522179.1,139905.6,171005.9,172075.5,69945.94,74577.91,111501.1,601385.8,486533.9,332553.4,143408.7,186878.2,191872,707058.7,377479.3,135611.4,229106.3,69864.28,108587.5,32263.7,49346,185027.6,122274.9,134746,119293.1,82953.23,23305.09,473577.9,83832.37,245664.9,157876.4,164913.1,92139.06,39391.6,196321.4,151145.5,97358.56,108477.1
Phe.Pro,133583.4,222981.7,99200.84,220638.9,38542.21,74281.1,340895.4,87901.3,150338.7,648104.6,292286.4,338583.1,174373.4,136701.9,104251.1,102697.9,126217.6,616423.8,848865.8,644918.8,137813.8,188750.2,113251.9,76479.33,89448.346,87787.83,446315.6,636127.5,226985.7,152720.6,66603.96,206564.2,392198.6,384763.2,109884.9,332691.5,171534.6,140404.1,31759.48,59178.36,202655.8,132679.2,135851.5,189891.7,79800.56,22942.37,610051.7,39008.74,337919.7,228624.8,299477.6,436161.6,47980.8,266961.9,120023.8,170182.5,57253.67
Val.Glu,66562,652364.2,372406.7,242725.4,141594.3,121226.3,406409.7,160877.6,357165.9,1063328,536478.8,603982.6,91154.16,122698.9,97961.43,175306.8,209646.8,440054.1,425287,743626.2,289775.2,414444.6,285072.5,108052.2,207860.066,170685.6,890334.9,438481.1,427658.9,246896.6,151875.2,357255.5,1670528,831990.4,181184.8,314542.9,55317.05,208224.3,70693.13,124298.9,456355.3,236059.8,222619,117324.5,219473.1,87907.52,171279.9,92179.13,275512.3,238379.7,367450.4,202001.9,134835.2,506729.4,442965.7,227149.9,145543.2
Hamamelitannin,61232.95,134407.6,42116.43,32966.57,3553.353,80710.91,213019.8,7950.545,22766.88,132000.2,59400.87,27434.49,233994.8,10438.01,63407.58,35097.38,237077.7,15017.5,22877.12,42851.86,94444.33,22821.52,42308.53,2422.717,59893.312,107406.9,91147.58,189131,121368.1,235826.1,4276.942,34067.58,222447.8,302368.6,75244.38,52082.77,267503.4,127345.5,122692.1,53669.56,68029.53,54505.28,23094.46,57302.44,31791.2,94204.45,147748.4,77262.65,116307.5,121058.8,78218.77,189572.8,60227.25,261208.4,16960.15,76385.77,187417.8
Sebacic.acid.monomethyl.ester,19074.91,23146.01,22191.45,24883.48,23861.16,23428.32,22815.11,54087.95,29997.8,19586.04,23481.05,18793.53,51855.35,24607.27,24323.05,24736.27,39389.49,17862.46,30374.74,30311.28,28572.87,27726.44,39496.6,24236.29,23325.004,20013.41,17748.09,22328.46,22974.89,21738.34,25058.73,20432.39,20495.05,18944.55,26869.45,37666.02,24043.49,33323.37,29737.23,18426.01,23906.22,17407.29,106891.6,15797.18,53845.32,28144.54,15133.32,31087.39,13180.13,17840.82,30432.89,17527.66,24411.48,46853.68,46996.04,26484.42,19323.74
X2.Amino.1.phenylethanol,43511.43,26819.17,14109.68,91059.16,72803.74,27712.18,39871.3,10778.49,52028.13,49661.84,44385.52,51351.16,44229.51,40812.17,23144.83,42401.13,36317.51,10715.91,27698.34,18147.74,47772.21,43803.45,24984.67,20900.43,9544.979,51077.57,9251.864,95133.09,52268.1,10451.7,15165.65,81994.41,4353.966,6799.936,38391.46,26581.41,10575.1,51294.96,20591.63,36028.66,57599.24,59473.8,56386.26,43016.92,24953.59,16191.95,8278.347,38381.94,20289.46,32134.48,81168.56,76393.01,53441.7,62957.96,18906.15,60044.52,34781.82
X4.Cholestenone,1620397,662474.3,209095.2,406970.9,199293.4,153812.7,284618.3,302586.6,1381733,386735.7,44537.33,109536.3,20009.38,155903.2,451693.2,332801.8,163435.6,206752.8,237141.9,139535.2,189311.2,347307.1,356709.6,246153,373738.708,577036,362964,181243.1,223848,172019.3,48248.97,204676.5,367372.5,94487.28,489799.7,345091.7,1425767,100676,832742.7,237511.9,57757.24,146151.2,62728.42,518540.8,283958.3,118375.1,609983.2,809362.3,180829.7,399125.8,162520.4,574698.4,95252.73,124776,100986.5,366296.1,170536.1
Guanine,8087.331,34422.96,17704.77,7826.494,40939.12,25243.21,21098.9,28599.09,13620.36,19009.5,26129.32,25325.48,16952.02,81407.4,40277.86,11778.52,15458.2,8297.521,31693.77,31623.49,11348.87,34323.32,16644.31,57370.88,24648.307,22334.34,48316.92,16123.11,31035.79,106254.6,32279.58,14314.08,182987,152943,16700.91,25593.98,16456.32,19133.11,7465.738,8116.579,17002.68,18989.62,18908.33,13784,15555.61,10680.39,21204.41,12870.02,14136.53,63856.98,18704.22,21368.23,22333.35,10237.37,65095.36,18517.89,19923.38
Lauryldimethylamine.Oxide,62383.58,58929.65,55235.56,53653.12,70046.38,55253.12,51075.91,82857.94,52975.9,61298.56,47760.8,47379.37,53990.01,48218.83,58227.93,57050.28,65884.2,59539.28,68246.14,46476.21,68540.69,60715.23,55994.23,47548.92,71003.32,54621.24,62346.47,63997.38,44513.37,70693.55,53124.59,39199.97,60563.47,70806.32,60981.48,64842.18,70122.94,52232.76,74880.73,48699.48,50714.88,44015.26,49032.29,50098.51,73307.84,64721.11,34890.3,61757.59,44223.39,53418.45,53878.19,56921.25,111933.3,45964.5,66974.77,52105.52,48729.83
N.Oleoyl.D.erythro.sphingosylphosphorylcholine,3892.237,2532.348,2810.666,4072.349,3004.169,2505.804,2185.147,24006.89,3114.244,2594.427,1691.013,1480.01,1824.687,1621.51,2518.797,2767.408,2214.845,1954.861,2218.304,1428.097,2620.463,1991.365,2434.84,2869.124,2775.592,999.4729,2809.05,2139.023,1780.535,3394.458,2197.478,1620.547,974.4264,2041.725,1896.767,2205.049,2375.958,1798.894,2253.631,1906.424,2041.198,2055.552,2268.684,2383.262,3422.906,1354.885,1956.448,2741.494,1152.906,1491.363,1886.435,2421.247,1804.48,1742.808,1688.73,1956.976,3304.415
Val.Ala,27775.66,148677.6,176174.9,254662.3,88154.05,92659.98,170854.1,157078.3,264815.7,223593.4,261551.3,472206.3,74327.39,134573.3,135036.7,97020.93,226866.1,107805.1,155148.1,334783.1,197377.5,205620.3,251114.2,165717.6,175340.018,123253.3,239276.8,162913.5,214991.8,268612.8,130635.2,124953.2,1239083,365603.9,173086.4,254611.8,31676.08,86656.47,83483.32,60236.57,334092.6,113329.7,176831.3,73227.33,135572.3,47375.64,103304.9,83912.52,180340.8,409005,266268.8,85577.5,57392.98,332461.6,536460.8,163343.3,103559.4
Ile.Glu,42828.72,358730.4,196543.4,234875.2,92733.19,91139.77,182221,169449.5,250570.1,1306520,439933.4,471247.4,96685.89,112239.3,87467.83,94630.36,202974.8,238072,294661,495181.6,214334.7,309538.1,182838.5,109806.7,204281.894,92213.11,432521.5,232824.6,246954.5,255530,99550.37,213735.9,1678025,755686.8,98091.77,195242.1,46317.94,117276,82761.09,70531.26,302720.2,209061.6,175264.6,94903.1,188036.5,87134.06,94280.61,73121.23,273367.7,188719.5,216028.3,135980.2,95688.96,406975.6,358045.3,148866.8,125520.2
LACTIC.ACID,1114867,54634.3,96366.48,1329021,60931.78,1132385,68901.54,71777.19,502922.4,1055877,58321.39,178971.1,1013783,55504.18,49378.27,1009041,1264241,1347062,94234.59,1219016,197344,1493843,486546.9,422045,223650.661,694791.2,992149.7,1087937,1246229,1202784,1011789,1295845,775538.6,809793.6,1324418,1114563,1359553,1107567,54755.21,56131.6,289037.8,55778.29,199483.6,813979.6,96224.94,61975.11,1142835,1091971,115847.4,900255,606220.5,1162591,38586.72,1073387,1136689,558449.5,1229176
n.Octadecylamine,19681.91,5901.741,9747.842,5564.36,18275.26,8325.799,8486.546,7591.699,8789.63,6809.48,6617.302,14537.85,8361.122,6040.102,12274.45,3937.86,5930.252,13165.64,5810.919,5523.226,16143.56,5181.065,17680.15,5827.49,14961.205,14293.52,7201.592,10272.71,6980.438,19233.52,4853.953,5330.548,20004.4,31120.77,9816.62,3342.466,9312.04,8787.186,6805.029,18655.33,4440.406,6805.01,3381.145,7093.409,21116.33,15405.15,4346.017,15105.96,9534.886,11757.23,14504.63,3255.098,9495.99,7239.289,7889.48,13957.73,3768.769
Salicylic.alcohol,8513.404,9424.428,1503.45,2276.653,8147.363,18153.79,6711.405,1791.486,1373.171,10123.73,30249.4,25929.94,13674.15,2087.942,666.9801,24620.63,31072.67,9633.892,3951.011,1309.111,33804.92,9798.714,38046.34,1230.731,23667.551,5132.031,2118.703,10653.08,8175.937,2335.885,43185.96,75545.07,6813.089,19528.25,3163.35,7122.437,6538.158,4097.565,4041.286,29584.06,13148.21,17980.07,680.7052,5987.633,1651.877,11170.93,27308.83,1645.362,2490.383,139405.7,6357.617,43814.91,4569.882,41676.66,1037.872,10652.65,14459.31
Ala.Val,31051.66,393197.7,277464.1,261168.9,109003.6,131212.1,539989.9,5885.054,24736.61,858694.9,854715.4,962390.9,219477.5,246854,190665.4,215458.3,67086.2,389576.6,356694.8,974019.1,103676.6,214093,2520.513,19789.7,67530.359,41897.92,527964.8,435573.8,654218.4,112157.5,68016.97,567251.2,846908,361602.9,142646.4,395722.3,31725.04,221851.9,49787.35,101512.3,420876.4,406044.4,191258.9,19135.94,162428.5,42174.1,643549.6,89917.95,372509.4,117700.9,294176.1,297743.4,116667.7,189831.3,96868.07,125695.7,229886.4
D.Pyroglutamic.acid,131281.2,62364.62,110450.1,33430.16,26774.64,93551,57851.01,45993.15,169664.4,85851.39,162101.1,111954.5,19135.34,14025.27,86915.16,229747.5,49876.29,11592.57,64816,42462.89,16651.64,16308.77,222370.6,844479.1,18617.008,90627.18,22693.23,64419.79,108678.4,16647.95,331851.6,698872,4952.379,6204.751,70111.27,12711.58,21927.46,105978.6,517925.8,387747.4,153499.9,1047237,432298.1,63218.72,20161.52,509448.9,7943.326,57090.48,48565.59,22506.75,171855.4,53341.21,160688.6,320268,9308.871,135863.1,560746.8
Val.Gly,37477.38,342448.5,183678.8,186348.9,70985.4,99475.53,302984.8,79394.99,217577.1,448441.7,397842.7,518837.9,64588.52,91244.01,47351.31,130147.1,144935.2,928345,265140.4,554918.9,213711.4,219446.7,286359.2,72279.61,135491.642,144851.7,687793.4,229500.3,368545.4,177934.2,226003.3,211585.6,763546.8,488681.9,167363.1,245933.2,38643.71,67525.19,34096.03,105803.8,310318.8,190850,134813.4,101076.3,127191.6,38627.57,191656,94833.29,170478.1,202212.4,240726.9,90602.08,38013.24,406433.4,244652.5,141626,127023
X1.Hexadecyl.2..8Z.11Z.14Z.eicosatrienoyl..sn.glycero.3.phosphocholine,10734.77,1692.411,2675.878,2735.211,2584.021,1331.053,1331.335,2641.304,3340.172,3647.681,1667.398,2759.224,1475.068,1321.127,3685.562,2206.526,1809.133,6546.432,838.352,1217.632,6696.065,688.6851,1751.021,945.9631,3022.815,1278.329,801.6886,1503.855,1043.355,3902.454,1268.647,1319.695,1805.555,817.5621,2150.874,1639.465,2894.556,2070.098,2311.142,1781.171,1515.145,1810.726,2398.223,2757.891,2905.267,1952.315,1124.449,4089.635,2245.173,1503.479,901.5643,1901.141,2560.807,2242.488,4179.518,1970.227,2480.825
X2..1H.Pyrrol.1.yl.benzoic.acid,15656.21,29767.15,16953.49,43806.53,13685.79,18748.23,32402.83,20955.44,20146.97,22782.47,29882.44,25241.53,30445.69,15957.36,28892.27,28848.43,24329,22370.05,21503.78,28728.1,23437.44,28054.86,20468.03,24285.37,22990.596,18261.7,18791.54,28105.17,29182.72,17859.33,24924.77,31518.88,12047.35,18667.67,17797.08,36014.06,15661.39,22885.22,10385.43,33855.15,24229.53,33148.44,23051.83,26486.85,23643.27,8581.384,43429.63,29296.38,33748.98,21490.97,33386.58,28624.5,36388.5,36037.69,15577.55,26796.31,28817.42
Cyclohexanesulfamic.acid,13206.01,21538.47,11112.08,2864.745,41927.2,13241.89,8457.858,6776.396,3635.759,42317.91,20057.57,11661.42,52015.06,15431.36,15425.52,49040.47,289985.6,2077.514,4502.215,2028.261,15708.08,5905.898,15013.85,10305.09,19372.898,9841.883,32161.54,27676.08,10436.01,40512.46,7184.184,2556808,18793.68,43410.99,1121664,15677.5,4258.474,23226.36,11903.48,17099.1,10729.47,157869.5,133042.8,7368311,84285.98,49430.91,95994.35,14617.48,8427598,7131.639,10089.04,25635.69,19930.19,187960.8,4535.542,6944.496,43285.9
X1..2.8.Dihydroxyquinolin.5.yl.ethan.1.one,325300.2,238747.5,229814,272120.8,266798,427968.1,109073.8,459542.6,363339.4,350509,309439.2,202122.9,205353.1,562778.8,260850.5,369865.4,220956.8,55491.89,79356.35,244519.6,199010.5,188079,393190.6,129784,153301.499,506975.3,365883,339426.3,627758.6,1871.401,175815.3,322501.5,210452.5,203093.8,243987.6,253428.8,152394.5,269608.1,407589.1,298038.1,300095,278461.4,234408,187613.6,382535.5,98483.04,7358.867,353422.2,189278.2,215708.6,386134.7,317761.9,231295.4,224852.4,202507.6,359300.2,381431.9
X5.Keto.D.gluconic.acid,40711.28,92186.74,75963.12,21490.7,19005.36,290022.1,139376.7,18532.88,130787.9,89062.09,137171.1,8116.687,60023.65,112682.4,6785.14,41680.55,73809.87,41795.5,73043.81,47053.08,6243.759,26157.95,96248.49,69050.84,7653.181,112719.1,76672.2,134981.6,127290.1,335018.4,69641.62,53756.38,135760.5,113443.8,187310,166973.3,245248.6,142763.7,299128.4,12441.49,1863.107,81185.25,248325.5,70852.25,121104.8,68872.44,139254.8,175560.4,169994.5,117885.3,6755.253,63340.87,4556.136,132357.1,37879.04,6998.229,114941.5
Methyl.5.phenyl.1H.pyrazole.3.carboxylate,1625.936,2500.525,5940.626,2073.412,1755.206,2379.369,31752.44,1394.477,1851.485,3410.342,7189.97,1979.405,2146.373,2072.084,1460.278,1123.712,10302.8,903.5353,1675.576,3178.283,5193.634,2552.638,1105.642,1783.944,2613.165,1722.006,2755.674,2858.258,2349.024,3014.112,2774.673,3370.887,2287.036,2645.631,1753.234,2293.584,45389.26,1573.347,1730.682,1218.454,1544.37,4148.895,2576.777,365808.4,1636.99,1888.305,5807.337,1851.639,644230.4,1744.804,2066.933,2031.868,1955.948,11714.72,1505.198,1011.105,1876.615
N..2.3.Dimethylphenyl..3.oxobutanamide,4925.29,59893.03,21146.29,170170.4,21444.74,74253.22,90235.69,365226,4710.739,5896.795,19118.15,10970.25,43955.59,44679.14,6753.915,13831.2,12806.78,94070.67,45770.86,3852.284,12257.12,79791.91,26285.54,10854.48,46426.672,85248.42,24256.84,36819.02,98275.22,40747.82,79033.35,232983.6,62844.77,10010.23,17990.58,30860.27,134830.3,61310.33,28278.05,58022.54,107381.6,64896.11,20320.13,117741.9,153018.3,64897.14,5391.8,41379.29,248981.6,40140.58,56905.93,95795.67,35166.67,14078.66,31517.4,45466.07,189277.6
Stearoyl.L.carnitine,25319.43,4229.581,27998.39,5264.773,5350.566,26425.92,23473.14,4514.279,3574.537,21192.4,2714.899,24874.56,17156.56,49993.31,4408.936,20650.4,3821.693,100967.5,3081.479,3542.124,25118.13,20696.8,23394.49,15935.91,27862.213,22549.95,19426.82,6944.302,22558.22,6455.461,32709.03,3407.65,3904.584,21804.93,5810.444,23853.48,4428.897,17749.7,4539.361,3753.906,22113.44,3071.826,1887.069,4297.327,5921.027,67808.27,2493.222,6219.738,3732.744,31452.91,2888.894,3406.367,4301.671,15209.01,5544.088,20420.85,18650.98
DL..beta..Hydroxypalmitic.acid,756280,334277.7,479598.8,684987.4,281681.4,645963.2,522952.3,950618.9,963006.5,202734.3,436016.1,464160.9,350584.6,111472.4,1887290,1465804,124993.8,107945.3,439251.5,89410.56,561948.6,190048.6,775190.3,1224425,742784.987,901597.2,183311.2,709048.2,461728.3,76499.91,530709.5,489145.9,185917.2,90321.95,596461.2,446073.9,88212.57,463171.2,464475.6,589188.2,360153.9,933507.7,781425.9,138014.7,662799.5,635078.2,104507.8,952912.2,176358.5,129633.4,726474.6,598170.7,520104.9,102319.7,74193.44,610424.5,739885.4
gamma.Glutamylphenylalanine,64053.15,184157.5,221848.2,319500,74963.02,185366.7,113642,332667.6,267329.1,254845.7,165209.1,127773.3,97137.33,164542,325012.3,204475.6,147703.2,86275.86,160415.2,302035.7,134012.2,198701.6,230424.6,350199.1,97290.23,251133.1,148403.5,172406.7,207875.5,111725.3,177601.7,369185.3,89944.14,50287.7,164825.2,261361.3,62764.16,213574.4,134783.2,145454.7,142914.9,156514.4,243802.2,114257.4,169270.5,62803.47,80565.12,139252.1,162871.4,136713.6,202140.2,231544.3,331080.2,134483.3,154468.2,142011.3,170933.8
o.Hydroxyhippuric.acid,18824.83,16886.82,5152.592,61484.61,8867.818,4463.022,9105.405,4750.52,7633.792,9544.714,12254.4,19997.77,20506.97,11015.34,12616.3,6825.809,9232.046,10261.49,12652.06,23263.42,21849.05,10055.54,8821.203,4968.506,13615.387,11495.64,20396.13,112839.6,41350.17,14397.67,8252.501,21611.56,3909.599,13548.94,6336.856,12847.02,43547.86,7189.275,2734.675,7541.565,5048.875,15736.33,7234.987,20369.66,6609.424,5394.12,66536.76,10998.37,28956.74,23367.56,14125.28,10260.28,6802.058,3927.056,3479.137,10214.01,10165.78
X3.5.Difluoro.4.formylbenzoic.acid,22241.93,65534.62,66462.14,63635.36,92486.51,24614.69,74761.52,67675.92,87943.72,13052.28,35904.55,79792.99,17932.49,61619.84,71819.43,93347.23,95346.52,47138.41,38488.88,46751.63,105321.3,75095.49,92004.08,64380.9,106251.175,70598.03,43103,54893.07,44742.73,154223.6,15339.9,23871.38,15899.67,64055.91,97815.55,64414.08,65978.1,33800.03,74988.09,62670.97,46493.56,44169,55042.52,83012.54,78901.8,94355.44,48667.8,62765.43,54443.12,89701.18,54379.84,35465.44,37329.08,51266.43,103161.2,77195.77,23746.44
X5.Hydroxyindole,36037.74,31440.75,14746.57,24640.85,6058.638,7397.897,12859.89,8125.512,75107.92,69487.33,24041.87,19462.44,6604.083,35875.65,16838.53,9023.713,22323.6,6931.583,8598.504,46533.73,16887.69,18631.39,20027.57,25833.95,11725.859,36004.89,80566.46,84864.57,21997.63,1210.352,5007.121,16106.12,45234.82,32327.35,34487.62,21257.04,12770.17,58540.55,27495.63,25266.32,14112.6,30831.5,46299.78,16980.39,54282.8,1923.868,648.4984,81684.2,20775.35,22721.38,47169.84,59085.84,18438.92,15272.81,40830.18,40013.79,7225.273
Aniline,6516.577,676235.4,344021.6,958329.1,1847901,837353.6,1790761,3187940,5408.21,116246,420289.8,407426.9,96501.17,277113.2,3189.089,620505.1,489159.5,342872,405627,7146.451,683718.9,1450980,978479.8,737692.4,528696.517,501326.2,220494.7,1100878,687622.1,503505.1,1016678,2309022,1733248,92611.25,681631.5,462544.6,1451177,566879.9,643131.4,1468312,1175690,559548.7,892282.6,1479059,2114206,2147077,3178.071,1054716,1659046,985773.6,688237.9,1044525,1542955,433574.8,355782.2,660025,1668125
Butin,7187.792,19530.8,10582.77,22492.74,8909.326,8746.983,8091.129,27882.48,30326.92,9022.695,33162.43,10283.46,3523.475,11814.93,52459.22,11271.28,28534.93,2782.159,8343.554,7104.511,11685.58,40941.24,20681.74,21855.73,22773.248,13767.88,17038.42,8676.011,5007.32,22681.65,9412.702,48710.55,3436.57,6155.176,10401.92,29802.78,37650.91,26432.22,35092.39,29790.68,38058.29,51070.39,28049.34,51708.66,24509.71,111715.8,7252.397,14252.1,36762.61,54738.43,53795.04,16165.86,33110.72,58939.74,47046.08,50049.02,35739.63
PHENYLACETYL.GLUTAMINE,1745.283,2034.751,1647.289,2396.694,3415.133,2605.359,2744.805,5366.004,2199.283,7265.822,3441.908,24723.96,2769.019,2188.899,1613.279,2710.93,1692.562,2052.268,2222.817,3542.976,2069.935,2506.506,2720.101,3766.004,2196.348,3875.233,2548.449,8069.339,4644.91,816.7018,3865.039,3097.795,3330.246,2270.642,1876.566,3228.933,2908.435,2815.224,2365.978,4543.185,3151.756,3463.711,1657.75,1683.105,3042.183,2663.096,4197.941,4571.554,1958.866,2935.268,2773.19,2749.932,2504.259,2159.208,1529.034,2523.684,3175.529
X2.Hydroxybenzenemethanol,25300.18,7665.513,6401.337,50111.39,35217.77,26746.49,37449.3,31796.82,38045.9,3564.154,19666.36,14936.85,34782.59,10869.4,30810.51,25959.3,34147.23,34899.75,34353.25,38822.77,17350.11,10551.05,19621.35,25715.92,3436.049,35896.7,32271.63,53435.11,40091.97,15181.28,36750.38,44496.01,23307.13,25176.55,23347.03,4826.734,31244.54,30181.24,2926.377,1248.846,1657.617,9747.028,16922.35,20256.36,14812.18,12994.1,36049.91,34190.58,7853.884,26177.1,2590.84,1776.017,25077.94,29986.01,19336.38,35008.47,38708.73
Atropic.acid,142899.8,139971.8,111939.8,175148.2,196744.9,140059.7,205054.3,71019,154576.2,149990.4,115650.8,180193.5,207420.3,102735.8,104767.3,149218.9,138817.3,177279.3,165882.6,142433,162189.9,124071.3,152308.8,160619.5,91049.026,200888.7,120882.7,187040.4,178282.4,112188.5,130990.1,159031.4,73287.85,96699.39,161265.4,161491.1,137009.6,158539.7,73837.22,160631.2,128538.2,129284.6,122766.4,168594.7,117887.2,88098.32,242541.2,201799.1,125438.7,132025.8,148632.7,166951.8,159372.4,135169.7,100569.6,140025.2,164357.1
X1.Amino.3.3.dimethyl.2.butanone,337458.1,255410.4,266291.9,183083.9,265607.8,243242.2,222782.8,309213.1,230544.1,229211.1,188702.8,202809.9,218119,203093,5034707,235495.5,277811,281990.3,273200.1,193608.6,307303.5,264802.2,240972.2,208544.7,306585.865,230514.1,254158.3,237511.5,185937.2,336848.5,214391.5,158653,259836,256871.5,268783.8,244948.9,321245.2,211413,331659.6,213996.6,208782.2,184169,200463.5,215010,289533.4,344030.2,224619.5,255008.2,161409.9,245592.2,212689.6,213096.8,318490.3,202687.1,296764.8,243112.5,209664.4
X4.6.Dihydroxypyrimidine,1953028,1557331,1536167,2454181,2022054,2357440,3215986,1777412,2152891,2172872,1424569,1947173,2422943,1630392,2128139,2007693,1956098,2921106,3204503,2650895,1608656,2773645,1851217,3093155,1224977.11,2935769,2345829,2267526,2620999,1885951,1716652,2847227,1794370,1822111,2488250,1966386,2552770,1951385,1276152,1801807,1367221,1360663,1530849,2146122,1537576,1168605,2659402,2460310,1810529,1458226,1542045,2324989,1665005,1708636,1600344,1596427,2441431
Caffeic.acid,32702.24,64308.45,21510.37,53960.03,124603.1,201966.8,132061.1,83886.23,11911.67,85157.85,28973.71,50405.59,94738.41,105660.8,6801.221,129713,64720.49,157367.1,117782.6,90616.32,22536.25,46034.2,48530.87,8039.636,96984.399,182131.3,124756.7,188791.3,118095.3,74996.05,216253.2,143116.9,298908.9,134546.4,81313.77,86880.67,160533.1,113277.2,14113.16,54429.41,30197.38,106151.5,13970.35,171860.5,40691.97,36753.95,150324.4,67680.7,196872.5,76768.16,25135.74,368929.7,19318.83,81641.03,21544.08,39981.53,135183.3
O6.MeG,92370.36,78997.5,73536.93,100464,70674.31,105074.5,129689.6,156483.6,87360.08,156281.9,48609.25,159105.4,105676.9,136699.1,173309.9,51278.84,117079.3,150357.4,134668.9,183447.4,148135.6,110323.6,82944.37,205970.1,119285.96,116020.3,200202.4,82101.76,139521,128986.8,106953.4,70703.1,119735.2,171922.4,128858.9,163411.1,17247.46,137387.1,36978.27,32949.83,146569.9,58685.92,90622.21,71223.24,223859.3,35564.4,152311.4,157225.9,158460.9,133181.6,107008.5,71736.34,78656.97,59430.7,133552.7,75797.16,137434.4
Bis.2.ethylhexyl..adipate,128645.3,75495.99,100663.6,66685.99,101246.3,79295.69,87643.7,108542.3,78773.88,74285.97,68430.8,77271.25,71300.66,74733.16,100273.1,92209.61,113209.6,126177,96118.24,58271.65,101215.8,130906.2,95713.37,84550.36,118017.595,90888.78,76541.38,83472.77,68403.4,117790,80564,65207.5,85918.04,97256.09,80554.12,79557.78,93063.62,63731.07,98973.85,91127.09,66764.08,71586.93,64282.01,87813.33,89965.99,140776,88796.26,87829.53,59868.21,85127.83,73672.8,74618.86,84752.01,79901.97,91408.33,92429.43,65025.21
Undecanedioic.acid,65819.62,51986.17,55025.92,50533.6,177752.2,97682.41,75107.73,45931.59,71263.91,58452.55,61779.28,59135.23,111681.8,41041.86,68123.87,88924.44,55404.03,62819.93,68798,45895.54,60196.24,60034.9,67227.54,86861.12,39863.925,103122,55471.4,101893.4,76873.85,60536.45,130422.8,62962.96,50915.38,49180.99,65752.08,49499.12,58116.81,53408.83,62544.93,68033.39,71697.79,55664.13,42648.66,44936.52,64228.57,77498.82,72121.59,61998.82,34026.67,48636.7,63376.84,59100.35,62021.29,47414.7,52052.17,55485.01,76209.92
Gln.Leu,22847.47,66736.73,53557.82,52685.24,47275.76,68718.76,152605.6,28673.68,55721.91,143146.3,112962.7,170163.2,110291.1,51378.54,48087.79,73057.64,34342.36,120437,105169,167144.2,34300.62,48775.27,95131.28,52276.44,20936.68,131886.6,93416,139023.9,163162.2,42359.63,61973.39,106558.6,126091.1,110423.1,50998.43,76365.39,12917.33,54526.88,12999.5,26321.61,57628.62,46672.66,40407.72,36063.11,40544.32,14512.32,253540.7,50462.79,48214.14,35907.38,61060.11,69928.55,18469.49,32195.38,44200.17,40894.75,86977.16
PYRIDOXINE,41263.1,87787.43,64001.22,9251.647,94372.46,65873.66,17674.1,198275.6,28320.68,25350.41,13270.87,106364.3,7383.45,35739.97,181157.7,88510.32,31703.82,11439.18,19590.13,24149.84,48430.67,33996,164733.5,98879.92,46906.787,184402.3,9810.743,56187.51,46011.34,7307.332,311527.7,46794.79,12418.78,15344,14494.74,51448.36,25063.02,158798.5,74150.48,74106.5,54586.3,54643,14942.51,22664.17,94905.78,108992.3,35854.64,89408.87,45472.24,30575.46,12794.07,25220.94,31395.13,59271.95,190845.6,11612.41,90493.43
X2.Hydroxy.3.isopropyl.6.methylbenzoic.acid,33022.9,409058.3,266051.2,116309.2,24523.62,86155.09,119529.4,5426.178,1378056,10820.36,6201.377,20998.87,804865.9,2174.798,16735.77,33458.66,119707.8,68094.26,559398.4,188578.3,55450.44,14933.16,223860.3,141596.7,1205683.15,3327.686,1489.906,144226.2,103300.3,4506.172,3467.128,38515.98,113832.4,100666.5,226002.9,72898.74,10334.13,1743267,188880.7,3882.298,217639.9,12511.81,2763127,1916.043,601388.6,127512.9,1309.441,583570.6,467.7023,10336.94,40466.3,26905.05,89638.55,138567.1,1000446,34875.45,1653.212
Laurylsulfuric.acid,23550.36,28518.02,20535.37,13033.09,27266.09,395902.8,23836.13,43892.51,47573.99,15116.84,8378.115,21798.01,363411.9,208746.5,24091.32,19827.56,11364.82,380596.9,50525.65,9330.861,31302.35,22470.86,576190.8,24830,54333.646,42246.15,11806.71,26669.59,43733.01,21293.58,38191.09,14131.23,12623.23,22488.78,25985.06,14157.51,41103.94,24367.83,13885.92,15770.57,201339.6,16630.24,15214.98,17965.03,32801.69,513435.9,22510.78,53006.57,18741.34,37903.71,23656.66,40868.89,21538.64,9268.847,12639.8,16579.8,14670.75
Leu.Glu,80965.38,149636.9,149891.5,275162.5,112257.5,251684.3,195223.2,203044.3,338478.1,237296.1,127589.4,179734.5,139025.2,145322.3,269112.2,241205.9,155142.2,115686.6,184354.4,293275.3,157355.4,177444.6,289047,501608.3,81540.438,391228.3,217615.1,188278.9,260774.5,119030.5,188181.8,412087.7,66057.57,43019.34,192138.2,237905.7,60703.96,265101.7,110218.6,155320.9,154701.9,133255.9,202727.5,157628.6,134787.6,64558.92,105179.8,169897.8,151427.5,138018.6,214848.2,267764.7,232403.2,134619.8,162873.9,160099.4,206663.6
X2.Phenylbutyramide,705.8128,45360.47,23615.56,81416.52,50888.35,29095,50102.71,36595.46,3823.902,3113.924,17018.93,5064.924,23112.7,29938.14,3362.906,8286.644,13860.49,31709.94,14358.05,3713.394,4845.613,20617.72,37806.27,10996.37,32645.452,49161.99,1701.757,15195.27,37497.5,16668.79,60700.03,82735.66,72987.98,3629.976,17563.17,14406.25,51289.41,26270.24,14193.19,83092.48,43828.69,58898.7,44701.48,43703.44,33925.21,49997.4,946.7579,16484.93,82034.41,16484.76,26417.5,53009.72,2320.479,16605.69,8854.809,22374.76,57373.41
Quercetagetinidin.cation,47351.25,24646.21,27838.82,25091.61,7498.065,8994.724,15937.34,13106.02,24815.79,22760.75,2393.454,17329.79,7338.951,28413.73,21897.7,7740.163,42391.55,33441.95,33469.65,17848.7,31283.75,22743.49,13384.96,3104.177,33862.604,3467.516,52326.38,2931.15,10560.75,33208.61,6293.512,3301.3,24002.26,6734.551,5831.262,8963.058,34456.72,20136.61,36430.34,4302.293,32675.94,4500.403,6710.97,14451.22,4508.866,8589.719,11572.03,3127.691,6618.857,21310.59,23931.23,32701.31,22464.4,23197.73,48262.08,31444.67,5208.331
X12.13.Dihydroxy.9Z.octadecenoic.acid,65019.47,267609.2,160746,122250.9,96915.15,150356.2,91246.13,95635.18,162748.8,1291540,125041.4,71487.09,160271.5,139667.7,146240.1,454770.2,90508.06,88777.1,125558.7,1078975,79206.86,267566.8,131184.9,125811.3,204684.378,222282.6,328470.5,288930.1,277889.9,45515.17,337315.3,172852.3,381195.6,793026.5,103770.4,236195.4,31459.05,138236.3,45298.65,113877.1,50045.44,203231.8,76251.25,44757.31,114595.3,64535.74,111524.9,91335.52,42672.87,313985.9,65839.19,477539.4,83913.89,102521.2,78184.51,63677.16,205846.3
X1.Stearoyl.2.hydroxy.sn.glycero.3.phosphocholine.1,3045.261,1307.641,2878.061,1707.814,3438.092,1970.197,2406.718,2747.941,1844.922,838.3249,2240.066,2227.805,3714.252,3938.35,2209.672,1276.591,1763.419,3443.958,1383.337,1813.24,3730.006,2220.927,2364.03,1916.021,3227.044,2592.113,1155.436,674.6071,2799.429,2339.388,1966.009,1385.717,4241.621,2201.967,2786.674,1186.372,1645.379,2491.97,2513.099,1959.841,1655.791,2007.901,2303.695,1854.052,3377.268,2207.023,3111.437,2482.552,691.5901,1264.175,1539.324,2100.967,2216.471,953.3827,2108.231,2358.564,1480.817
X2.Oxohexanedioic.acid,141146.1,29642.15,36265.56,25648,434014.6,300955.3,30405.21,130785.1,48494.86,179143,52895.27,13506.11,94027.88,504945.7,454334,101790.2,33688.42,56290.4,153467,63856.2,18619.9,44420.18,18425.99,152993.5,13480.492,301219.4,112071.3,121883.4,84601.9,24505.93,283014.5,350413.5,24085.49,32153.65,54955.16,32090.41,84976.34,214076.3,34103.13,38836.5,55662.16,61903.52,23801.77,47849.97,42793.48,195697,107729.5,97136.5,10668,20254.16,42108.26,151266.8,41939.72,13629.82,13255.52,42370.09,303004.6
Demissidine,500950,17656.04,2501.316,27293.71,7427.196,4440953,4619480,580588,226116.4,47067.41,1562165,12979.95,298068.3,13969750,1409736,1187.006,919547.9,5949.673,311680.8,936277.1,257360.7,5862614,403673.5,5011354,257194.899,40739.78,827.8534,739.9921,1524.968,68291.64,1383018,9000.036,3814529,4581413,204592.5,89911.2,842.8784,766057.7,996.4125,5673.225,3319618,2384.999,17196.31,5943550,9648.993,12398,6940485,2245520,10511780,664854,2246.506,28318.23,327204.7,911335.8,1490328,1139.531,1360445
X2.HYDROXYBUTYRIC.ACID,15039.82,118327.2,184015.7,50428.84,9466.714,20201.95,12807.32,117578.9,25833.2,39100.76,165201,52120.79,18124.73,45941.54,125785.5,48508.26,38826.95,16914.3,38360.69,22848.29,63173.71,16373.34,52695.71,36966.37,70368.147,18021.94,55253.54,20323.94,14792.12,24197.62,19903.52,88290.94,14245.65,13780.91,16246.73,78968.55,56477.02,54506.4,133857.1,201873.7,161425.5,141466.2,71994.37,50183.28,77180.9,178061.9,11263.68,24713.97,55943.7,60502.87,99433.06,22487.47,230733.6,158131.6,48613.19,103030.3,88932.75
X3.3..7.8.Tetramethoxyflavone,2670.539,1857.313,2345.536,16561.9,3096.004,2259.902,2239.585,2438.968,2014.603,2417.187,1769.449,1972.481,1370.543,2085.063,2466.756,2008.854,1997.703,2390.394,2374.014,1875.443,2254.253,7967.658,1944.23,1830.349,2217.846,2100.522,1823.161,2031.086,2602.06,3532.528,3039883,1434.484,2478.482,2903.98,1981.824,1990.481,2619.485,1909.384,3040.061,1294.895,2352.63,1574.937,1554.469,1785.855,2388.828,2700.436,1599.216,58257.77,1218.15,2501.087,1815.162,1429.591,1604.544,2249.428,3024.698,1879.513,2253.218
DL.3.Phenyllactic.acid,26459.26,295842.4,307175.3,95016.38,88355.01,63885.35,35795.87,202919.9,127106.2,82323.38,396251.7,124331.2,15622.04,122352.4,271668.4,104147.8,80930,13783.32,39726.6,49058.08,121762.5,170981.6,156055.8,299579.3,218377.771,69155.36,67651.87,55886.95,38617.65,67103.86,57252.95,210582.3,26364.24,35361.25,51457.75,238524,128501.9,111953.3,368178.2,259098.3,240262.4,333004,226762,244120.8,194054.8,252836.4,36552.36,63914.75,236591.6,197274.6,205988.5,77065.75,529257,277572,130640.1,183251.4,137612.1
X2.Despiperidyl.2..5.carboxypentylamine.repaglinide,27266.19,55605.59,78020.3,75790.38,65976.92,63691.42,49513.45,185051.3,44332.51,25701.84,38782.82,40521.12,82492.98,44006.06,48358.82,58639.45,33007.81,40116.07,49199.86,15783.2,64519.65,48142.06,49347.23,39883.95,44172.996,64982.03,25134.93,48181.48,54256.12,34466.9,152172.6,67511.52,46215.32,22342.34,37473.91,47891.32,59238.71,38480.81,72389.03,88221.4,57567.27,53186.37,47445.43,40227.2,120040.7,64215.69,16668.68,42996.65,53983.17,37278.01,44678.34,60368.71,45181.69,23355.71,29242.32,42206.48,99249.44
CocamidopropylBetaine,60171.18,61044.44,59170.94,68316.79,68518.47,66609.38,57446.07,90732.63,51010.98,54459.54,51032.34,46757.07,77191.02,57398.12,79001.76,61654.19,56392.82,62199.5,65773.96,50203.24,59689.8,56133.88,57066.49,51737.93,80402.592,60294.18,63212,63357.02,69795.1,62862.59,77545.06,52312.15,60975.02,82654.43,60761.4,58906.15,62607.7,56472.49,64205.08,54086.28,56669.51,56190.01,52435.31,43782.54,73842.3,69019.13,65016.26,55864.62,54996.38,74387.4,59600.44,56531.87,55812.67,48737.03,59191.36,54179.71,65803.1
Picolinic.acid.N.oxide,18814.4,39405.69,20992.72,43982.56,14375.7,42757.95,67779.68,43328.6,165954.9,49099.56,19761.66,31146.86,84271.71,46441.57,29943.5,25393.55,75582.43,18816.37,17734.02,18087.24,59524.89,21331.66,47842.02,12811.55,61207.535,25558.91,43212.69,50357.86,119718.4,53072.59,29196.61,27503.53,39991.61,41244.37,56282.09,55251.21,84130.12,75816.54,35979.18,28804.51,36317.81,24282.95,71664.86,27524.35,48117.66,37932.79,92161.28,43584.41,68281.66,64433.54,53232.1,44019.45,14308.61,47660.46,40536.67,33623.3,34867.74
Prohexadione,7843.44,52501.36,34251.76,200467,152259,131467.2,99699.12,183224.6,14473.62,9680.421,27087.53,27870.29,73741.13,46146.76,8517.583,35939.4,37646.23,62584.58,110430.3,6904.7,30002.37,50863.43,40623.84,6912.605,71335.393,149713.6,13661.09,39354.09,64581.46,38148.3,229171.1,58874,58456.45,13294.32,31908.86,28567.78,91594.65,61833.23,39929.98,108578.8,101851.7,69188.32,31201.57,80000.1,87678.89,104177.8,5373.272,74054.02,102217.5,89443.47,59280.1,119380.1,37046.69,35906.23,19345.81,51329,209746.5
X15.Ketoprostaglandin.F2.alpha.,7476.482,63415.75,11323.32,11607.72,9184.698,9719.571,10458.72,20517.96,13237.88,54762.07,12293.37,7384.472,80417.79,53965.04,12697.03,17680.45,15028.49,8518.087,7647.846,33811.65,12067.95,10827.84,10280.55,15713.7,10880.225,10929.04,17273.98,14405.46,15335.71,7644.694,32899.13,12154.1,13849.47,17236.39,10251.47,11687.7,8711.426,24971.75,12362.2,9331.349,8769.39,15200.57,6990.733,4876.548,7459.534,7594.559,35833.35,10330.95,9475.782,19367.52,11844.37,17399.74,9432.374,8322.797,11356.32,9262.003,13448.92
trans.Aconitic.acid,80651.87,548812,849886.3,239533.7,54226.81,114425.8,70050.45,619212.7,146567.1,190040.2,774047.5,266576.7,126017.8,211046.5,604021.2,226656.2,179944.8,81912.6,191319.2,105604.8,306391.2,88017.54,276862.3,220015.9,333526.011,121402,259147.7,108010,84641.19,118772,102449.4,425542.6,95986.91,82124.4,74203.85,375485.7,271802.6,283782.7,629706,932795.3,758004.7,636555.8,356269,252958.1,383016.8,882978.6,73610.79,121576.4,268617.5,274265.4,462878.2,100147.3,1019112,731417.8,227497.9,492854.6,418708.7
X2.alpha..Mannobiose,75742.69,31050.68,21038.01,188872.6,14313.71,87395.5,156744.2,42401.69,29626.57,588723.1,16286.86,27471.93,168911.1,8994.791,9684.879,29410.28,200586.3,851913.9,557268.2,204547.7,13894.15,70540.25,321675,59586.75,224972.235,49201.28,147167.4,88880.01,284359.2,240716,35596.97,20989.08,547169.1,317601.1,175177.7,50489.05,436785.2,375129.7,19342.44,7583.333,9158.451,22061.44,12855,28670.07,16910.36,9474.862,289280.3,72376.26,34690.8,105974.6,7243.061,227507.6,24839.63,18278.23,151586.5,10922.38,106172.7
Diisopropyl.phosphate,117050.7,91848.25,92075.84,71710.42,93334.72,83917.04,88490.82,126174.2,82815.27,84760.45,75443.65,82661.6,94070.95,82811.97,86113.72,99556.58,99060.01,105821.1,99789.84,83208.82,107777.3,91255.72,86953.21,75651.17,109730.232,86219.15,97345.51,90486.61,75344.2,124442.2,88692.01,54908.77,119533.5,102004.5,95653.83,105373.6,104818.5,77657.43,108942,93203.9,86167.8,71326.49,87492.26,89953.81,106005.6,121320.9,81413.77,223064.9,148900.7,100465.5,103056.9,91046.55,82445.67,83087.43,116248.3,94395.58,82908.36
Methyl.2...2.hydroxy.3.methylbutanoyl.amino..3.methylbutanoate,3097.876,76356.18,67093.61,62085.56,83962.9,94202.09,173533,2191.517,93552,1004.36,218432.5,70326.45,9140.556,141364.3,51429.26,57501.13,109496.5,12133.35,8233.451,14697.64,1633.394,1443.273,39059.6,83802.51,7284.137,47033.68,3779.24,1223.634,66020.64,28777.34,126748.5,75160.35,4680.686,1315.73,19937.32,1198.872,7325.976,1680.185,5308.404,63854.17,109910.5,59818.85,87934.27,14393.23,2075.362,77384.48,727.421,43746.76,19865.75,6395.594,43390.79,6871.561,1231.934,192778.5,9973.876,58031.49,2304.406
X.2E.4E..5..3.8.Dihydroxy.1.5.dimethyl.7.oxo.6.oxabicyclo.3.2.1.octan.8.yl..3.methylpenta.2.4.dienoic.acid,12221.11,39499.64,7650.008,92884.11,64848.33,56255.66,73943.43,45695,41258.05,13469.36,63120.6,47565.61,107001.2,27969.23,43692.63,61600.69,40234.2,51932.24,56238.52,44218.67,43062.34,30320.7,51901.44,4795.292,4919.165,61093.62,1782.106,46118.06,34629.87,26676.21,43918.59,55887.11,4254.098,5874.66,34989.83,18369.73,18485.8,35104.43,44593.23,19745.56,40439.34,25819.16,17870.54,6415.549,20350.78,40087.53,38125.9,54041.42,5181.749,14870.61,48607.03,34303.48,35487,45511.06,25857.23,36971.88,37456.38
X3.METHYL.2.OXINDOLE,377056.3,304050.6,220923.5,276491,16631.24,38746.98,68934.88,28922.38,578869.9,611204.6,217545.2,160971.7,86400.57,254043.5,129327,40723.84,145537.2,40091.95,62650.72,535983.7,118975.4,410854.5,47750.85,154100,230054.669,299975.8,658412.7,395559.7,153860.7,6741.082,37441.31,143222.5,456721.4,397391.3,157756.7,127495.6,238805.7,342213,299395,115157.8,131265.8,82407.35,172511.1,135884.7,244394.3,49018.28,11277.51,188527.5,208545.4,436239.9,204151.9,554530.9,265318.1,93824.47,349902.9,178927.7,34307.72
Diisooctyl.phthalate,24845.89,21190.34,19226.11,17458.13,20118.86,18894.58,18842.12,28387.19,18768.9,19037,18984.89,18256.92,16018.5,16747.26,19001.31,20168.39,21917.59,20880.96,26808.08,15548.02,25581.34,22635.44,19411.95,17155.84,22045.891,18141.92,24998.87,19521.05,15714.42,25932.56,19351.79,14113.76,24109.6,22438.26,22871.78,19868.35,26100.21,18513.09,41627.31,18788.87,18716.01,15823.31,17160.43,18447.77,25094.11,23761.17,11276.88,21751.1,15221.12,14222.98,17030.68,20280.4,22769.57,17544.32,21764,18390.48,10353.83
MALEATE,515297.9,341018.3,105948.4,695472.7,353396.3,770570.9,809663,186100,753640.1,249195.7,248943.1,264280.8,221603,336684.1,75136.55,545494.8,499826.6,315255.4,474129.8,743983.3,196179.7,647880.7,420998.2,686648.7,139488.267,550754.2,328296.7,391405.6,615763.8,188114.8,120264,605289.9,116891.8,193590.8,712346.1,504674.3,582363.8,562147.9,100088.9,309136.6,366223.7,373772.6,432760,743263.8,272975.7,188083.5,516276.6,528402.9,441378,271741.3,287803,945372.5,222180.4,242114.7,344283.2,267308.7,550037.7
X1..2.Hydroxyphenyl..3.phenyl.1.3.propanedione,78036.43,55964.18,59033.69,101617.4,135460.3,96433.89,95875.39,138357.1,75287.98,73249.12,71279.95,70318.33,219838.8,85253.1,65767.21,71554.95,70100.51,94768.53,91917.26,67261.61,71394.87,67719.78,91476.95,103533,83145.187,114134.9,76331.12,91925.54,92591.21,80855.29,117307.8,79214.82,85114.63,67217.12,72808.95,55931.96,78954.56,71829.34,60344.06,85762,85526.07,73374.24,65930.1,73151.31,83475.86,88638.51,80470.49,72548.57,71615.13,69978.56,82941.42,80181.08,58499.44,75083.38,67166.18,70419.91,90687.85
X1..3.Bromopropyl.pyrrolidine,101372.7,76917.43,130973.3,251078.3,6683.329,32750.66,53646.89,8462.564,145441.4,204040.9,158317.6,189529.6,80179.9,84144.22,67504.81,58519.68,104602.8,110726.2,65585.53,266245.5,133379.3,279786.3,131195.1,18233.88,50188.769,103238.9,28128.18,184391.9,117224.3,54173.25,48035.23,168952.5,114708.3,56003,71511.52,187198.9,119047.7,132715.5,70978.01,148866.9,53315.92,97680.6,171109.7,184395.9,83909.25,19779.19,77206.58,81998.2,310199.3,138870.4,179420.6,101255.4,119189.6,151932.2,176829.2,90929.08,90333.47
X2.Amino.4.methylpentanoic.acid.ethylamide,117481.9,152555.2,214272.4,169379.9,16831.15,21462.1,24878.97,26376.13,112215.9,0,43009.09,55971.22,28402.94,41289.63,62156,219814.2,172169.3,82162.37,69131.88,508288.4,2546.493,579.9454,50975.85,50851.76,225583.726,34677.78,54880.09,4548.928,250520.6,31532.24,19092.74,470558,14595.76,58075.25,60808.18,3669.526,35901.83,66125.34,48979.36,104074.2,47839.85,91149.99,40193,228095.7,1026.872,37744.76,566767.4,37391.39,358147.7,27032.34,82495.91,21408.38,1306.658,169817.5,14366.72,69793.73,53145.77
X5.Phenylisoxazol.3.ol,5117.784,8923.972,10871.45,25644.29,6771.72,93201.56,7413.074,54912.34,10113.32,4217.09,15060.56,5594.612,36914.55,89336.95,4786.755,92866.89,9571.374,3617.5,8154.468,1983.658,9569.964,4853.747,52935.25,18144.64,5603.734,137936.8,2958.713,4510.527,139135.6,3136.552,91002.76,67205.42,6323.454,1395.306,58927.36,54407.52,3635.229,4169.416,28504.08,22950.77,238480.5,41981.07,31443.86,2152.301,31216.91,11216.48,1234.58,17677.91,3654.451,3048.358,11570.38,8176.028,4597.537,13139.16,2543.225,11971.19,49906.26
Quinoline.2.8.diol,2161545,2013032,2145126,1491148,107270.8,190568.5,448725.9,342178.8,2254259,3415899,2630709,1405606,165156.3,2012809,2063237,262919.3,1800353,302934,241055,2083009,1671918,1834860,902620.4,297910.6,1600421.352,1061459,3223630,2487661,743604.7,8714.091,129716.2,988722.5,1872458,1866503,1235414,1703170,1152240,1817403,2082002,1320507,804644.1,2522743,1227686,1312487,2081860,57651.97,17626.54,1731769,1805518,2270888,3337567,2299313,2579465,2115175,1587174,2825362,194473.3
Sarsasapogenin,28350.57,28777.74,12673.41,27824.34,411362.2,140169.7,22881.97,74027.61,18453.91,11116.21,59524.51,102825.2,12964.74,227779,13924.16,97085.19,35469.51,99279.15,72822.66,13929.06,116392.9,20052.05,257963.5,18841.62,16566.366,25474.58,3313.507,12523.82,40625.04,48822.36,5404.554,6128.067,9293.735,6815.197,11686.81,99675.08,160352.6,24211.1,113113.5,13053.02,14524.93,143170.6,8062.932,6966.107,462411.8,584270.3,24413.95,531615.5,5191.147,1091560,10551.26,26206.06,7250.235,26279.18,5836.07,10233.36,97132.42
Glu.Ile.Lys,2966.98,13405.25,13008.17,15233.23,6787.791,11531.48,31857.5,1520.254,16250.88,13126.97,51523.2,28105.48,18284.72,9615.026,2435.531,10270.18,8074.24,43349.54,19581.1,58779.49,2512.54,3530.198,18148.51,9114.265,6936.591,22347.75,3256.991,14347.34,35160.29,7442.798,24091.49,36334.01,72915.75,25400.02,5454.268,7935.884,2268.706,2144.976,4880.415,1401.729,2739.864,13031.64,13697.88,4608.306,302.657,4096.661,25990.03,7865.868,11642.66,4237.813,3377.627,1958.101,1470.243,22853.42,9518.622,15780.16,1478.074
Hexaethylene.glycol,75026.62,94203.16,50340.1,39349.12,51897.39,82518.29,66099.75,180163.8,36049.11,44324.26,37603.75,34220.26,57509.63,39323.24,59494.61,41377.72,43835.18,47926.56,56759.7,36885.13,51863.58,107724.9,42097.33,61355.52,47945.842,42658.23,56542.07,43072.11,62227.62,70420.02,51924.89,30013.12,70524.4,59091.21,47938.02,45728.98,67812.6,36002.54,51269.1,78647.84,39110.64,34158.14,35921.71,49532.93,93202.74,58196.06,91028.5,55121.7,38461.16,89945.23,56449.59,34897.52,51001.06,34071.94,58608.59,41390.05,43373.3
Isovalerophenone,228768,332078,298559.3,415735.1,310640.5,261634,345694.5,222957.8,326658.1,412336.7,378927.8,354975.7,344118,302998,267151.7,316993.8,312974.2,301115.7,286291,356433.8,339092.3,346275.7,302959,313767.9,223517.558,327017.4,283431.5,455278.8,354221.8,198435.1,306092.6,393648.8,181613.6,207501.6,300267.6,418561.4,264398.9,352546.7,193551.5,349385.9,359778.8,368935.4,376823,332404.5,308791.8,171914.4,319882.9,331859.5,352762.4,288952.8,412991.4,362766.9,448919.8,391126.3,232398.8,328685.4,337607.9
X11..3.Methoxybenzyl..4.piperidinylamine,13543.91,24690.88,7629.899,21779.28,12270.37,14022.35,28912.13,12659.67,31319.62,22098.98,18492.35,13106.31,10517.41,4176.617,5858.806,11973.28,19553.03,7737.71,4532.517,79356.53,11165.77,15779.35,7379.375,9274.008,21170.457,29945.86,10992.34,38981.91,64927.52,7784.067,18838.62,24877.64,2582.803,36318.29,24161.45,19146.53,5092.601,25205.52,5915.614,13106.44,11803.33,20902.22,17009.88,25383.87,9343.934,3901.963,13709.94,14085.61,27230.69,7765.789,25927.84,7646.584,25684.81,19412.05,9599.662,23309.42,20220.46
X1.Butyl.2.methylindole,37302.85,67403.28,37282.21,94763.37,31002.52,43363.25,74852.75,45458.6,41830.43,52200.24,69806.38,54946.46,67553.97,40400.54,60431.36,73345.08,57622.53,51279.82,50147.66,60349.89,52659.06,64627.66,45056.17,58029.48,55940.598,39767.14,44839.09,62962.64,71094.87,38065.86,56033.22,70604.82,28695.14,41836.29,41015.46,80873.31,35848.83,50536.14,23592.91,74019.92,52714.98,73477.34,52466.82,58343.08,48877.9,20577.99,101943.5,68104.75,77636.17,45948.51,78835.97,66788.33,78803.39,79635.65,34154.77,59126.17,65822.3
Phe.Asp,4092.79,18315.41,28380.2,50135.67,15227.39,17536.89,24878.62,20461.24,39085.49,66006,50542.15,175153.2,21992.52,20012.57,30135.64,14106.1,30816.23,11578.32,12166.38,64781.19,44390.77,27569.75,34168.81,35892.9,25237.327,24994.62,40860.4,39537.53,39575.31,28139.68,8457.098,24539.5,205631.6,79027.93,19709.15,63502.25,27986.89,20146.36,8510.6,9577.816,61949.09,16005.58,51977.5,21942.94,18952.96,5512.572,16079.72,15224.52,43550.72,83084.02,39475.08,13887.41,15879.96,35467.05,80194.16,26279.61,15018.05
theophylline,148632.6,15029.19,17210.91,154113.7,4173.924,104945.1,78186.82,17500.69,16852.73,568147.9,10726.34,14887.52,45476.61,21037.91,6840.304,41144.99,158968.2,796758,607519.7,194915.7,16468.54,68523.62,123952.3,29773.74,93278.52,76276.17,217818.6,91623.06,125491.8,217018.6,67336.78,52198.86,394280.4,227112.2,207679,39959.61,220087.2,232545.9,24142.61,8703.242,7584.856,18665.1,10737.74,35626.17,14567.17,20664.67,436641.4,110519.8,11897.5,68692.55,14119.57,188093.5,9406.119,43826.11,100586.1,18211.09,98057.48
X3.5.Dimethoxy.4.hydroxycinnamic.acid,10937.01,10646.45,3042.245,17694.68,16199.85,19436.65,19764.92,15393.8,6071.891,19030.62,6680.615,18215.9,20687.03,18847.68,5486.035,16174.46,23646.43,7962.635,16429.31,28803.89,9191.769,11514.48,19898.17,3272.833,9569.54,38326.87,54915.91,23408.44,28073.6,25527.79,29324.8,9860.504,37919.21,38131.88,22825.1,31380.46,10469.46,43770.78,2593.632,9732.297,10401.73,13878.16,3656.296,11144.98,7703.325,6608.578,13672.39,15788.77,20770.06,30040.62,9022.588,53412.45,3096.079,7295.149,9547.806,7395.114,23292.88
X4.Nitroanisole,33433.71,44313.2,89058.57,35612.75,76774.48,73351.25,51781.69,147017.6,42750.08,27162.54,86455.06,39758.61,57035.66,102113.4,36779.64,36387.23,56616.82,143812.1,101350.3,33299.55,83115.12,50414.61,96715.83,48402.08,46645.232,54749.65,46704.12,44321.69,37202.29,58552.44,80131.6,42243.75,44893.54,30545.21,69228.81,33100.73,112231.5,35845.47,70923.17,49011.69,75685.08,72823.38,80606.56,22561.42,190625.9,126656.4,23004.46,41694.75,20760.75,43744.29,53047.9,50917.16,56847.7,53743.37,71602.39,55974.62,34513.08
Gln.Pro,4637.832,19255.88,33087.2,18769.03,11520.76,12304.02,26833,34183.84,18395.79,35995,34806.2,106695.8,25350.99,20095.04,15654.01,17897.59,29159.83,18310.3,101507.2,35350.52,41030.07,29022.53,28919.66,28221.83,41338.883,17116.57,33064.95,37562.12,29249.35,25954.71,25212.39,18709.06,153863.1,46166.09,14866.87,42066.75,13489.84,10129.51,10437.59,7400.979,34094.86,20929.33,18082.08,17361.17,18648.23,12494.02,69862.96,9327.039,50605.05,50753.79,20511.98,12037.14,13075.67,37076.96,55315.74,16522.18,11713.99
m.Toluidine,72571.67,106284.4,91346.66,127949.8,97954.04,76683.37,100122.3,73791.1,101386.4,129654.1,115467.1,104393.5,99271.99,90153.73,83999.8,96300.35,97144.59,92215.46,88567.43,105510.5,105598.2,109477.9,91202.8,94750.7,68700.677,96021.26,86714.24,139194.3,103744.2,67327.75,90011.88,119031.4,58816.38,65188.04,91385.04,125034.7,81537.13,104879.2,60711.61,105673,107224.6,113016.7,108821.6,99229.52,96601.62,57920.01,98246.26,104739.9,107852,88477.09,128327.6,110293.3,136555.8,118174.3,73629.58,98593.9,104486.2
Suberic.acid,139034.6,136129.9,129126.9,103234.7,333475.6,219149.2,207539.4,139534.5,166512.8,112189.7,172513.3,145474,245884.1,141558.6,148345.3,232856.9,158519.8,166959,212470.1,107028.4,164492.2,219130.7,217376.8,441846.1,90988.073,249412.4,156111.8,173482.4,142049.5,125911.6,261624.8,321514,107422.8,106709.5,162168.2,108997,124020,113832.3,145152.3,155912.7,189915.4,134258.2,181409.8,99624.63,137519.9,191085.1,194738.9,152020.8,67241.09,102344.3,129362.8,103349.7,128516.4,151827.8,134156.3,137866.1,139898.6
X3.HYDROXYCINNAMIC.ACID,49491.41,8909.237,7048.284,117097.1,109934.6,82930.77,115459.5,354.3357,574.8664,86707.62,24955.91,25199.41,108006.2,15513.96,58012.45,61461.43,69946.64,78903.5,92505.49,86055.97,8420.317,75717.78,558.0034,197.1449,1163.093,145.2081,54620.61,100946.1,93385.82,28138.33,63965.46,92907.19,31892.04,39283.08,56914.33,63658.32,66470.83,70612.75,2965.83,11454.76,18868.96,12170.76,22073.03,152.2189,7250.809,21437.2,93741.89,86453.79,7431.103,47725.23,75834.57,86843.25,4960.713,54025.08,32926.7,49688.71,92889.94
X4.ACETAMIDOBUTANOIC.ACID,10019.39,3150.878,25031.06,59834.78,48276.39,8847.551,6317.748,1209.363,621.5065,34251.5,56952.72,13101.22,67070.13,22824.31,38686.82,13117.26,22858.93,9488.2,17377.89,33978.32,12095.93,4004.434,1188.429,1422.178,6552.892,976.1212,22797.74,61009.66,10720.85,12732.26,10882.86,148032,3848.495,6147.624,3487.246,32399.16,16148.3,50468.34,16198.45,18510.67,51442.48,30840.83,47890.31,1547.737,21129.26,14004.67,13982.12,40274.95,12156.48,21403.44,110186,2465.175,41599.1,46688.5,11849.04,53477.96,40075.89
Pro.Asp,231380.8,231795.3,211965.7,430903.7,453788.6,361755,547877.1,607122.3,108814.6,85718.77,286087.8,266275.2,336372.6,79696.04,291588.9,210604.8,291209.1,281536,327285.8,171148.2,192654,134830.1,314317.4,438662.1,67748.189,319363.7,171947.4,286327.8,548282.8,62410.55,301370.6,192249.1,82546.15,58152.12,322230.5,323515.7,181289.3,371259.9,298942.5,331206.1,258353.7,179621.2,229518.1,384516.7,241635.1,514236.4,60035.19,370295.5,290103.1,189848.3,384769.6,331797.3,198488.9,411179.3,115493.1,376073.6,299805.5
X.1S.3R..1.Aminocyclopentane.1.3.dicarboxylic.acid,13080.64,78091.99,11006.23,90715.56,6234.483,10692.23,21061.65,42658.71,28187.57,45129.99,39228.14,10051.09,6227.364,27162.38,22577.58,23372.04,24251.29,9143.956,18357.99,34921.92,16201.76,65853.45,57410.42,30665.27,21994.536,18799.29,10697.21,25534.4,18980.28,36395.98,92766.85,20604.95,7647.528,10964.05,30951.11,20262.07,41780.53,13996.67,160644.4,10964.24,12385.1,55729.93,11854.58,32764.62,19323.21,11431.18,16926.88,9019.802,30948.08,36657.03,36829,37361.72,32111.07,10743.99,9723.605,53522.29,14120.77
X2..4..Acetylamino.phenyl..4.quinolinecarboxylic.acid,24363.48,31282.3,20429.33,27492.39,2377.797,2064.102,9432.384,2417.626,88023.98,51811.96,9968.965,7852.23,3196.191,12087.41,8705.326,2081.316,8372.953,3423.765,8088.605,59540.44,5726.253,35301.05,1700.13,12243.49,7986.774,28000.96,62302.46,67530.02,7265.426,1412.302,2711.221,8751.883,42248.11,25585.25,12817.04,10245.55,12260.36,53355.18,46397.41,10823.32,2380.231,2449.087,17359.83,11238.65,34530.26,1338.117,2701.846,7544.616,16410.38,33107.6,4728.851,71495.89,25818.13,1376.315,45160.82,3484.227,2032.279
X2.Hydroxystearate,505243.9,426676.6,438966.7,355432.7,494692.6,387901.8,381172.6,606026.2,407784.1,457873.1,344047.4,367104,329073.5,351965.9,420797.3,426729.1,490829.2,446289.3,498460.6,353943.2,508099.4,444070.1,380056.5,369043.4,471157.923,390943.4,449389.4,442555.8,300981.2,537512.2,401878.4,280171.5,459821.5,420635.7,456073.6,438575.5,550081.7,378192.4,559190.7,371821.8,354667.1,339434.7,366280.5,397036.3,536355,501074.2,260086.3,454961.6,302242.5,397035.7,414117,391568.8,453566.8,363360.2,495125.6,398703.4,473275.4
X2.Pentenedioic.acid..2.octyl.,48366.21,121338.7,52245.75,5499.711,104169.4,43414.81,41586.61,17843.33,9176.17,128096.4,69112.78,8259.046,104477.9,45586.46,178886,77078.86,91718.88,6282.973,4609.038,7362.027,36378.61,23794.48,61223.66,44390.64,44544.277,48354.3,93802.16,123198.6,52140.75,215765.8,8686.198,37336.13,86615.89,98837.78,63964.44,73661.29,20310.86,58237.13,84627.04,73382.29,34913.6,61129.52,51416.52,12107.26,20845.48,194108.9,4022.349,34411.54,16839.55,34335.52,50271.48,147806,88420.2,104636.9,10589.8,43341.36,64033.77
Methacholine.cation,3296500,1384305,1730509,3038759,718548.5,2655831,1435274,1455803,1909755,3372567,1054447,743576.2,695924.8,1350557,1409296,1675667,1370536,1422237,2055345,3758794,1046829,3074419,2592390,3905898,1724268.407,1237143,3285446,1039694,1665000,1278339,2403156,1007405,1275852,1866633,2186405,2421417,3874866,2093781,4165100,2155633,664769.5,2605984,537099.6,1949013,885185.2,863775.4,1794552,703422.3,1476466,2379611,455470.5,1988761,865309.4,1393240,1577132,455074.5,3196273
Val.Val,22809.3,59320.21,26502.46,149694.4,57187.11,195473.6,361204.5,204595.8,359264.9,116124.8,110722.2,61164.23,16812.35,22548.17,31344.45,59917.99,168565.9,19796.04,163717.8,318283.3,64996.21,246249.4,127552.4,227567.5,8815.251,87504.18,38350.23,99058.27,173622.8,72579.65,46274.09,530026,4139.593,14752.09,188644.3,192324.6,14686.02,234061.7,48675.75,143323.5,135558.4,91510.66,455640.5,170221.8,139694.2,20642,17977.29,52369.93,163658.9,71073.48,261952.6,288573.8,35360.55,313105.1,152934.4,205334.7,173469.4
X1.7.Dimethyluric.acid,2199.569,75721.65,10091.44,11489.24,5124.421,4228.108,88774.47,5493.148,2253.655,3970.584,3549.02,15732.25,3728.669,5200.143,2272.122,2953.395,4265.119,482351.2,152956.9,1761.263,7928.083,52680.57,3520.25,2482.707,37703.383,3864.692,11578.44,4431.65,9348.018,86307.28,3803.971,85893.48,68276.34,7777.74,3267.245,3497.663,158347.6,32157.29,2194.782,75358.1,5234.053,3596.805,3919.432,20286.37,119872.6,5791.601,1457.618,3273.763,25505.93,565670.8,3521.099,210642,2823.35,3560.221,19136.16,3647.926,28031.31
X2..4.Morpholinyl.benzaldehyde,1265.33,91799.07,41848.44,160163,99640.37,73834.1,118720.9,330515.8,2127.098,3468.404,24356.5,12092.81,52878.08,58485.61,1971.323,18912.24,19945.03,88357.24,40875.02,1049.771,19544.94,89301.7,62017.09,21700.04,71856.062,93451.19,28199.35,61040.53,82163.53,46244.6,103407.5,246548.2,112225.3,6763.963,29615.72,53311.77,152727.6,53003.45,35437.51,163237.8,84660.87,87549.08,75621.06,107995.1,237209.8,134901.8,0,46704.04,179032.8,52672.27,53253.39,134609.4,62604.46,20259.6,29417.51,43328.68,177740
C12.AE1S..TENTATIVE.,21908.38,2120.496,2712.072,2716.841,4287.15,2394.014,2819.713,16961.9,10079.69,2189.404,3546.769,6925.539,1809.188,1961.916,11111.4,5187.097,3053.841,2265.232,3579.268,2393.434,11461.26,2435.85,4423.661,2575.418,2221.268,7099.063,2827.002,6998.85,1700.21,2683.239,2370.634,2601.247,2639.058,1483.5,5427.238,2321.557,4900.99,4692.688,3453.605,6629.162,1419.945,4475.273,3495.913,6236.718,10059.86,2177.694,4684.675,18341.8,3221.782,1823.888,5866.66,4944.863,2540.764,2512.322,2955.053,3268.594,3166.192
N.Cyclohexyl.N...tetrahydro.2.furanylmethyl.urea,148411.9,124754.3,125526.5,81078.01,150725,130223.1,128912.2,181105.7,128480.8,114504.2,95450.75,107833,129660,111910.1,140318.9,130841.3,154528.3,133849.7,147279.1,88144.1,151906.8,145768.4,134635.4,119246.7,139565.457,123588.7,144814.7,115016.4,96912.2,170181.4,106329,86223.59,133707.4,144264.8,165922.5,142284.5,150465.2,111259.3,152096.7,109047.5,122957.8,101265.1,113335.3,172383.2,166320.8,159512.4,131591.9,135990.6,93479.03,132719.2,108241.4,107687.1,150802.9,111815.6,142017.8,137333.9,109581.3
X3..Carboxymethyl..1..beta..D.glucopyranosyl.1H.indole,96697.63,37401.8,63469.8,104601.5,6847.485,38110.71,38024.24,8278.001,31996.47,253.6366,180980.6,25683.8,69162.4,102563.1,107776.4,68688.59,62697.93,81153.59,33106.44,26044.03,710.5929,1260.942,57540.91,6500.373,16086.251,27474.48,62045.05,804.3392,35797.1,73599.55,24452.97,30656.84,30699.02,795.7604,29914.48,807.2332,58434.95,73405.83,92927.17,25861.98,55579.05,102167.2,57279.02,11717.17,2213.479,81505.15,2496.924,32258.79,8688.244,21106.27,75151.96,83080.62,762.3854,106921.1,82252,54277.56,26844.83
Leu.Ser,18041.77,151595.6,41082.8,81913.74,43402.2,56997.66,139559.8,30080.02,122920.5,272637.7,116117,264220.9,45084.91,25224.76,19800.91,64676.24,89737.84,528215.2,170911.8,259584.7,117351.5,152729.6,121175.8,38838.68,65107.248,86101.69,277636.8,122758.9,170226.3,147042.3,58824.79,92053.21,344363.9,244978.2,72521.17,116088.9,12859.52,33782.47,12805.57,40134.14,107832.2,60826.53,46754.32,75150.38,69589.74,25310.97,90018.21,48870.61,108939.9,89557.17,82369.8,56282.04,19473.86,142726.2,123249.4,68405.49,63803.7
.beta..Alanylleucine,878938.4,750022.5,1492195,235794.3,149222.4,1052428,158984.7,941660.6,569122.9,528115.1,425752.5,989644.7,145319,839963.5,315437.7,253314.2,642471.8,260442.1,672303,698083.1,1527964,959401,733347,906068.4,1365102.751,304897.7,1212685,737262.5,195011.1,418787,381388.9,1545419,759543.6,1080376,378169,455616,796831.8,702378.6,1089608,519509,296521.7,578434,338455,810396.3,776036.5,205487.8,366311.1,429621.3,562516,250829.6,436482.1,720775.3,126738.7,501232.9,673232.4,484177.4,572862.1
X1..4.Bromophenyl..2..9H.purin.6.ylsulfanyl.ethanol,3923.867,13946.66,5327.592,9228.985,20879.84,22464.73,15623.19,17404.27,18789.45,19514.64,8338.463,19614.15,17101.51,11603.75,9172.706,7419.546,7405.939,14423.52,20981.38,14581.95,9121.736,14944.03,16741.29,26127.96,6297.091,34373.99,19124.08,10890.87,16918.61,9841.684,12063.89,15358.58,19225.62,24437.29,18767.93,13545.1,4247.963,6975.617,2150.912,5866.412,3973.06,13769.74,8362.844,10299.79,9053.205,909.8672,12739.05,14250.94,9957.753,6308.284,6859.432,30989.81,1745.274,3391.446,4340.941,5355.813,14091.2
X3.Isopropylmalic.acid,45087.97,26267.27,30010.38,18693.91,49029.46,35568.04,36298.52,60767.48,29592.6,21314.12,18360.75,32342.37,34897.73,22619.94,29264.12,35523.79,35800.89,40260.06,46012.04,26711.03,36664.21,31925.83,34070.27,40152.6,44053.659,38008.22,35329.27,24346.99,26534.47,43863.48,27794.61,26315.42,40024.13,33995.35,33176.23,24170.65,43695.02,25156.12,36024.84,27202.16,24888.77,21859.41,20900.09,37197.84,27836.47,42692.17,51908.91,31575.23,17952.52,25683.19,19879.48,24639.18,25313.76,28858.17,32566.33,27961.36,30268.36
Ile.Val,143724,1184873,356308.3,687800.5,311418.8,510078.9,1269257,203230.1,858608,4189278,1320854,1560061,340568.6,392420.3,283047.2,542950.5,412229.7,2803232,1194902,3056811,415616.8,1017108,847985.7,364750,341250.906,971041.1,1969978,1462054,1805215,837874.8,583440.7,1525400,3422032,2162148,464612.2,1107359,94888.18,459849.4,176250,393481.4,728243.9,950774.8,577910.5,401555.5,560244.5,151373.8,563586.5,562800.5,882224.9,609018.2,874120.3,700930.1,379835.6,738244.4,852297.4,534587.9,600741.7
Selfotel,113581.7,45529.28,47418.16,26337.34,83265.87,51801.22,59606.36,11959.38,35779.47,25547.26,18300.59,48240.09,64279.09,28461.41,42108.68,43260.71,66105.3,77801,68906.25,28634.22,76856.32,25372.94,54129.9,41063.11,57258.366,61120.51,37907.43,43814.88,40344.38,91104.91,80532.94,15192.37,26948.94,53399.53,76389.87,39583.52,76556.62,38888.82,50280.02,39822.28,28660.27,25043.73,26568.94,44240.36,47882.37,60418.31,100178.5,80205.34,18952.14,61675.84,32460.53,41833.48,38142.03,26840.03,62903.49,52144.54,37189.06
Bicine,118662.5,26841.35,45002.7,43688.9,29552.66,12206.46,11883.65,26551.12,54498.33,51690.93,77905.53,12819.83,15204.82,62186.62,51995.47,40485.76,61547.08,18730.16,15883.55,46709.69,22928.14,35995.06,28659.69,37240.6,17057.231,14124.86,61294.64,13403.92,16514.02,9973.661,28632.22,18583.77,29856.42,24553.02,55038.14,23167.07,45299.67,40090.68,48756,15956.87,15857.42,42089.51,37793.9,33332.02,55167.64,30287.55,5626.87,30058.82,31740.22,63452.08,48765,73849.44,33097.62,42962.08,50976.53,47898.02,5790.724
X1.4.Cyclohexanedione,37504.32,32902.21,38645.56,30091.55,42664.48,34056.83,33037.94,45835.93,33162.67,36234.38,29314.83,31390.93,33433.67,31545.74,37007.58,34074.56,37708.36,33204.64,37607.36,28383.01,39430.63,38478.5,36291.96,32539.35,39973.779,33503.9,36079.13,35459.43,27877.05,39476.53,34528.27,27212.43,37539.49,35769.98,33173.22,34550.62,39272.08,29839.73,45463.16,30177.69,33560.59,29718.41,30397.04,31044.23,42296.31,45484.67,29671.56,35344.51,25730.84,34476.03,32275.82,32804.96,32714.92,30987.11,35288.14,35462.04,31752.55
X2.Keto.3.deoxyoctonic.acid,157568.8,137437.4,144766.5,160637,58220.44,225498.5,74138.33,126154.5,141320.6,54373.21,134704.1,66548.76,24385.71,96609.91,96831.68,137071.1,72172.38,170095.6,270325.2,82525.67,64993.46,135623.3,98861.59,187137.2,93186.36,197116,51261.87,75815.86,57839.55,36369.8,59711.79,293615.9,40320.17,32303.62,165920.7,146831.5,70425.79,221384.6,163917.9,96696.36,91070.65,210628.6,150730.7,581740.3,110544.4,246380.1,62352.64,198421.7,100151.8,115670.5,196577.3,260754.2,65317.51,157416,68985.55,199210.1,159385.5
X6.Methoxy.2.2.dimethyl.4.chromanol,7264.738,4899.795,3285.74,7857.807,8774.882,18508.3,4643.438,11816.15,7246.57,22763.12,19770.1,7750.58,6441.821,15105.35,3873.952,8846.552,8337.096,5047.258,10099.72,27852.16,8342.797,4458.33,6584.284,5765.913,13428.897,13888.17,10938.97,18770.68,13598.19,9939.795,36075.67,5395.82,40998.13,37514.11,8708.755,11077.32,11107.57,13571.15,6259.343,9532.122,9682.678,7249.475,9718.931,13599.41,6277.73,3777.943,3966.573,16385.26,25305.6,13313.21,8984.172,13783.27,9838.306,4247.281,15345.16,6753.607,13489.14
Octyl..alpha..ketoglutarate,31096.83,313497.2,267322.7,74281.45,19461.09,11740.54,30198.58,5460.336,21587.84,2786.946,230427.3,127382.1,4858.624,958420.9,252699.9,9525.259,33962.09,29017.25,18343.32,33522.79,3403.813,3700.447,27826.16,28087.07,1249397.353,9712.04,134920.2,2400.563,31904.55,22935.38,9463.633,167919.4,68178.9,117460.8,15035.92,3458.083,144881.7,126375.5,305669.9,256780.6,179671.1,329235.8,107414.1,423224,3634.286,468866.3,248308.8,17147.69,136928.7,125799.5,348251.9,90087.58,4757.083,241970.1,88235.85,297363.6,176660.5
Ser.Phe,3355.544,11224.69,13204.32,27190.42,25945.26,15348.92,29882.04,16100.27,22395.93,31198.1,22602.79,67230.97,26744.83,9503.033,18674.46,11513.09,16692.48,10117.2,20025.67,32629.59,17797.01,18413.09,18807.09,24603.22,9504.591,15721.47,21928.37,29292.09,27309.44,11797.9,12373.85,12376.6,101019.6,30357.27,10645.69,22810.12,4932.525,14868.31,4039.327,8885.548,25838.41,9038.861,18657.68,13815.73,11466.31,5931.71,35012,17198.26,20224.54,15566.06,17900.14,13424.95,7675.423,11077.57,14586.84,11672.76,13911.53
X2..Hydroxymethyl..6.methylpyridin.3.ol,58218.11,77062.12,56539.72,81977.13,138653.4,96265.87,41644.31,122856.6,95255.37,98906.76,68959.64,94046.06,85930.94,74895.14,81344.9,74166.31,44698.49,17268.72,32515.36,71142.44,73296.69,44054.7,76099.8,84980.83,44786.088,106254.7,104145.8,84836.42,98035.62,18596.88,124216.3,56221.99,65729.93,82507.42,75429.47,76483.29,43955.18,83134.72,56928.65,84853.46,76247.68,76429.31,60429.03,54708.34,90352.77,51661.98,16925.95,85785.47,71006.13,62708.59,92189.71,79794.09,54653,42839.79,65194.43,81248.57,98711.79
X3..1.Isobutyl.1H.tetraazol.5.yl.aniline,45097.59,32861.7,35459.25,41903.22,36369.15,36629.33,76547.96,124715.5,39369.59,29259.88,64918.05,163921.1,19222.74,44032.94,104251.1,28426.79,36662.65,36695.62,54481.59,48555.31,105477,48929.59,47370.63,58293.64,125062.869,39221.88,81891.55,27505.29,24175.97,57188.66,38558.79,48833.97,83481.98,42884.95,57570.71,88581.09,122206,42952.48,50624.44,33647.01,42103.48,26728.74,122768.9,28309.98,48724.17,42472.19,20572.32,25946.57,67926.27,206274.6,39444.83,37729.62,34605.23,75855.95,110731.6,39292.42,28973.73
Thr.Glu,103549.2,173055.1,150993.8,173100.2,55518,147117.7,112912.3,134706.5,219663,422775.5,173572.2,187484.4,67646.78,76613.33,92151.55,103707.7,180932.7,162474,192922.5,229996.9,146516.7,198151.3,164154.9,187631.8,63341.779,141957.7,264383.5,199809.3,155710.3,145154.1,133159.7,185843.7,340581.5,174326,165394,190399.8,68160.85,160140.8,117350.6,90471.35,160118.5,128745.6,141602.8,98483.9,149384,54604.81,73094.71,104577.5,109539.1,118769.8,121240,146603.6,95122.47,153073,177096.2,105851,137964.6
Thr.Pro,19511.97,55921.87,33256.93,111423.1,47278.72,77886.41,354705.6,3920.802,1341.717,223091.2,67152.76,164630.1,221051.8,24216.55,11629.17,75126,63812.25,273394.1,245016.8,298503.2,57852.33,56779.2,3016.78,1693.395,32036.027,1649.725,266682.9,261875,243492.5,56416.68,47061.06,57144.75,116916.1,111647.7,74283.98,212250.7,47234.77,45411.75,7188.318,14589.76,78338.67,27610.56,34907.39,1298.651,29224.7,13513.94,469091.1,52720.97,58225.54,94149.58,75305.61,114424.6,3751.831,59496.44,61397.14,49272.19,72901.3
X2.Hydroxy.3..1H.indol.3.yl.butanoic.acid,2652.573,20834.5,24947.98,61471.15,7376.687,60466.82,19296.72,52087.84,66020.66,4486.006,76877.43,16892.89,40712.6,13472.72,52451.35,35190.49,9788.516,5991.099,8177.035,5547.936,12873.13,9511.983,32249.74,17377.16,6684.59,40665.99,2941.967,10219.78,36688.63,6236.632,95725.71,57341.09,10291.09,2532.262,22847.32,8370.227,14771.82,4771.178,39627.79,29724.57,85509.32,11762.32,50058.1,5495.778,37927,13936.92,1121.672,15770.78,8157.079,10488.01,6261.892,39087.32,6004.164,7809.236,23489.68,4688.589,52293.85
X5..2.Chlorobenzyl..1.3.thiazol.2.amine,97434.25,86479.79,127568.2,57068.75,72023.14,89087.94,73402.04,114794.2,74934.04,21380.85,79457.39,19118.96,87409.27,78418.41,121717.2,103610.3,58817.95,25375.12,45617.4,40874.6,35051.87,106385.9,54696.39,68676.03,3014.455,84095.63,23178.85,63357.02,41633.81,34931.91,77064.39,93492.79,38471.5,12812.83,65044.01,92722.45,102175,47963.81,116003.8,116740.4,55200.95,111339.9,74345.8,86114.76,92202.29,110723.2,12156.07,38907.02,36074.75,28686.27,75438.91,87351.65,190079.3,65734.82,23040.38,87703.12,94440.45
X6.O...2Z..3..4.Hydroxy.3.methoxyphenyl.prop.2.enoyl...beta..D.fructofuranosyl.6.O.acetyl..alpha..D.glucopyranoside,54192.31,46654.61,5770.484,117360.2,67553.05,223669.6,58311.34,144503.4,83397.43,366812.5,57398.31,58714,113172,217249,4631.673,131500.6,102264.6,64552.95,122031.6,283484.1,24286.27,21683.15,55837.44,3043.145,22804.282,242525,164089.8,233772.1,183090.6,47441.65,328459.4,75500.97,189146.5,134628.5,134776.8,174625.9,45013.24,195831.1,14023.34,29556.03,53598.13,78117.53,93718.89,36850.08,66708.24,6052.977,27597.58,264939.5,156016.1,127457.5,51579.85,197679.5,13559.35,26225.4,88161.96,46479.21,142254.4
Leu.ala,11543.99,63102.19,51869.88,83332.03,68871.61,71154.48,113509.2,45655.39,125289.4,105660.4,76645.22,218752.1,63170.7,68264.3,110248.4,51425.13,91848.18,66715.79,120201,168722.9,95870.15,104247.6,98755.92,79673.87,61196.296,64192.74,90799.63,81848.01,116412.8,131253.9,41818.71,57839.07,441895.3,153973.3,64455.36,128238.6,12142.11,43759.07,22035.1,35544.12,91704.02,40820.27,50889.55,48720.7,49668.47,29201.66,82302.6,51003.92,96481.17,131927.3,76572.17,61441.69,21275.17,98138.74,207358.2,65045.67,80258.04
S.Allyl.L.Cysteine,57596.89,13366.67,34426.24,18148.7,10131.75,11021.75,37644.13,14512.14,15988.39,207212.9,39953.46,48196.4,16270.8,27746.46,7851.986,24847.27,117485,11764.99,12963.43,18324.12,71463.09,51676.65,17185.5,30716.14,494964.237,13987.83,7555.34,17725.56,3557.695,4284841,16403.76,55037.07,1546564,738705.5,16491.45,21757.8,98124.68,5622.229,25793.04,42950.73,25027.74,14250.02,20664.11,39477.03,29745.66,36905.95,129909.4,20737.94,158384.9,8315.079,18304.35,16178.38,16483.68,112247.6,43884.34,19768.52,18038.54
Tetradecanedioic.acid,18037.48,42297.93,33979.35,45997.9,37488.84,36904.86,42099.52,17245.81,28481.92,39401.12,17171.89,24315.24,132023.3,13409.84,25007.31,25247.83,46771.43,26245.6,62865.79,49846.99,29700.36,39872.47,77108.95,46615.07,36034.91,37483.86,44905.76,29500.77,36316.33,40073.56,38175.17,41638.79,38896.87,50467.05,47979.54,30652.69,21612.97,39124.92,25405.45,25807,48002.82,22896.2,27659.1,16925.04,23612.35,44454.63,39044.03,44273.31,24775.38,41964.59,19991.16,46004.35,28274.46,42861.64,69614.66,17894.79,35987.23
Epitestosterone.sulfate,163810.4,41021.98,22174.16,38743.6,81598.16,118168.9,35709.96,255086.5,109409,14683.48,19817.61,77412.01,86446.81,51121.38,131406,42570.9,50316.79,15440.56,112536.9,23065.33,119045.4,6753.408,107568.8,114160.6,34055.453,55513.87,60589.53,159049.9,28921.25,4652.922,146321.4,26267.11,12695.92,42282.45,142172.4,26578.73,59958.95,63276.16,63074.82,92852.68,55088.61,55570.07,43045.55,30911.09,121258.1,150510.8,37539.62,193299.4,8712.562,52433.23,94573.14,31133,10358.11,44182.96,43212.75,62855.24,48695.82
N..2.Chlorophenyl..3.phenyl.2.propenamide,355861.8,508214.1,476134,617171.7,487800.3,411352,525968.2,336052.7,480141.1,624239.3,554545.3,530815.6,515413.3,458446,430511.4,490495.3,477672.7,481214.8,443010.9,514432.8,524686.8,537228.2,472740.2,484749,343880.791,491871,440393.9,673168.6,539163.8,322226,473379.6,596137.6,281714.7,323754.6,458630.6,631600.1,385798.6,524164.8,308865.1,528613.7,550027.6,550339,543216.8,501614.3,486383,268447.3,490251.2,498345.6,513883.7,457169.8,605938.2,540286.4,666862,584616.2,362852.9,507992.4,515175.2
X2.Amino.3.hydroxy.3..4.methoxyphenyl.propanoic.acid,4350.373,15746.65,14071.01,11566.25,15288.32,19595.44,7736.835,18828.18,10265.19,4603.147,14667.54,4035.841,8275.519,9969.181,33497.92,16018.25,6325.678,26185.73,61131.99,5181.539,5487.087,9990.877,35808.43,25557.07,9309.698,10575.44,8119.452,5430.068,8924.603,5641.364,28010.7,11208.03,7626.893,6322.48,7554.108,5680.839,8644.551,16837.47,6992.274,28497.82,155368.5,19008.51,9556.132,7947.237,10279.53,347186.7,5637.05,16598.98,9838.08,7272.034,10543.86,8531.792,7406.751,6606.014,135595.4,7512.955,9941.581
X3.Hydroxypyridine,21796.72,27680.11,8344.837,50276.53,20842.78,48942.39,95197.07,21153.4,165932.5,53258.6,13090.5,39950.13,91741.75,31727.87,10933.53,30819.24,62792.87,31449.89,21133.78,18728.9,65285.63,25126.98,50558.67,18145.3,39996.822,39047.54,37735,56823.55,123918.9,50092.96,20101.99,28438.5,29152.9,36432.6,57258.54,47883.27,73827.57,33275.16,12697.83,21841.67,15060.59,15623.61,45017.45,29864.72,25975.59,17333.04,147292.1,48447.42,71843.31,38757.38,26369.72,29689.5,8264.216,34575.87,24060.51,29104.03,33085.07
Deoxykhivorin,389589.4,479654.3,1227274,35820.93,3649408,196351.7,641434.3,375314,900383.1,319881.5,178633.4,240617.6,1342683,81937.71,1815073,840654.2,310220,396740.4,203528.8,43774.25,454794,451173.3,1405672,502909.7,4095221.068,1847669,401939.1,1143985,196636.5,2219939,1309754,790204.8,5116216,3353824,909991,646803.2,72352.53,923374.1,574456.5,1025342,649282.8,1880399,424931,222963.6,487865,7182180,38780.05,857514.2,152284.1,1236107,302442.4,356175.5,391676.3,257337.8,286454.9,517409.3,128784.4
DL.Octopamine,11857.65,26321.57,16497.2,31570.86,11567.83,10358.72,40387.98,13604.36,17584.89,59369.29,29880.75,51248.17,18031.51,15551.29,16011.02,15952.03,16983.9,51261.91,52975.27,57066.8,21835.57,19824.69,15920.03,16024.26,13440.84,16085.48,45782.07,56378.47,31428,20434.48,12683.51,24714.84,65987.01,40123.77,14732.9,45241.52,17607.07,16192.79,6801.017,10069.97,24013.08,15436.35,18957.34,17346.62,13177.59,6869.108,51449.77,9094.813,31676.51,30647.15,31912.05,33553.84,8596.274,26123.03,22176.35,19286.41,13679.27
Erucamide,648241.6,46692.22,101547.5,51956.31,104213.8,57927.17,49256.54,119921,42235.41,39117.07,63854.52,49990.59,38941.98,38264.48,62954.32,88081.87,80826.97,60186.42,44545.49,29483.05,70605.77,43412.42,51714.29,61796.38,96106.662,56007.85,41933.76,45431.16,69854.99,108600.5,40353.41,33851.42,86086.56,78222.16,68329.33,61925.73,65241.06,31358.28,154655.3,53245.42,34589.87,39168.03,40873.95,80824.49,99771.11,167969.8,49539.59,54203.07,29051.39,61144.86,38908.89,52109.57,45436.15,36982.4,43865.27,51152.51,54968.46
X1.Acetyl.4.piperidinecarboxylic.acid,9443.909,43983.71,11656.05,12241.63,78072.97,47533.21,25191.49,31280.58,36393.38,178928.6,16792.46,25670.01,14129.18,18181.79,39307.36,26366.21,10891.46,7433.1,11308.95,25104.79,12475.64,10794.39,28316.89,83963.2,9323.732,36423.03,18743.09,48289.25,32222.47,13360.99,113895.8,27158.76,10131.67,8000.111,13385.83,25426.01,8477.531,27958.08,12052.36,19529.28,18092.21,17344.65,34953.95,8547.678,16492.88,17461.9,17187.28,41782.72,7309.455,6713.803,20109.83,9172.813,12153.6,6602.095,4639.536,24445.8,7347.976
X1.Hexadecyl.sn.glycero.3.phosphocholine,13442.53,8425.41,12917.58,14188.91,18331.51,11946.62,13733.57,22338.98,11309.52,14983.91,12069.87,12356.79,15799.54,29819.47,14808.86,20563.73,14805.63,11326.1,15870.01,14999.28,11843.62,14464.58,14161.93,11657.66,16947.353,15053.42,11698.79,25075.67,22828.97,14863.45,14394.41,9321.895,15831.56,11982.19,16497.83,25761.68,16872.71,11100.18,14717.48,14346.07,12792.42,9614.756,9878.229,12702.85,16087.66,18237.61,136997.6,16125.29,12573.74,11895.56,12714.46,11610.41,14197.53,10515.84,14522.84,15114.59,10435.19
alpha.Naphthoflavone,34036.86,49541.84,29635.74,1176729,0,239697,95527.61,5916.959,6031.621,176479.1,14972.85,9298.965,4392.765,650.8291,5188.514,145295.7,13619.35,127316.7,169489.3,0,11734.48,23493.28,2762.587,707.6875,3255.707,2466.58,0,0,2211.54,138924,9779.81,3697.997,24824.95,11379.37,24850.41,6732.846,1519.2,0,9256.605,5829.791,2751.736,0,5254.21,4116.378,12798.07,683560.9,0,471.6438,8870.161,154280.8,0,1063.556,53523.49,5405.393,424.2681,0,39208.73
L.Arginine,21515.74,8526.665,13521.91,15665.68,15536.27,22149.03,44402.04,244.7171,18697.65,3467.385,24322.76,12310.92,19549.83,30840.21,3800.053,13152.49,79975.55,3766.41,13586.27,34056.2,803.9643,1738.738,26553.61,18855.9,13286.773,32528.39,2345.41,3120.836,12989.22,15794.78,31929.91,13091.17,18451.05,28661.55,19829.93,1936.318,25532.4,14950,7648.97,13597.32,7504.486,15216.18,26190.52,8622.843,1789.519,12746.06,27260.7,15369.01,20541.99,15348.82,23617.47,1881.532,1396.528,70670.03,7997.931,19091.73,12957.14
X.2S..2.Amino.3.methyl.1..pyrrolidin.1.yl.butan.1.one,62038.38,53182.21,62284.32,94146.42,82577.33,30458.9,50074.06,103117.5,27825.71,48283.64,9921.736,60763.51,109478.5,163618.6,46891.26,109593.1,376329.3,63554.24,40657.25,124986.6,165791.3,39871.24,380313.4,51646.91,30006.012,46597.67,75418.39,36151.68,60754.1,160567.2,101055.4,55412.94,77776.42,323523.5,17815.15,38754.49,336926.8,10132.25,288954.3,71367.51,62471.63,70227.24,20102.19,40806.42,117469.3,43024.27,40535.67,45853.23,33769.71,103765.3,25428,8767.1,129296.5,170179.2,17523.7,29239.47,19678.41
X1.Tetrahydro.3.furanyl.4.piperidinamine,2553.759,2439.772,3634.863,7391.501,1235.187,1304.173,6201.119,1000.743,4622.618,8438.254,4430.371,3421.334,2136.461,2709.006,884.7015,2371.09,10132.51,4785.266,2780.214,11221.13,1452.714,7710.637,4697.713,1083.395,6285.689,1836.999,1498.718,17570.92,1482.795,14033.72,1564.139,1352.706,5988.71,2465.767,4029.567,439.5515,4303.98,551.5391,3283.48,1394.361,2001.927,2064.589,3513.31,6156.835,16720.6,1253.536,2660.732,1246.414,5045.307,1170.27,752.5378,595.7407,7784.409,6605.146,6747.77,3403.304,959.7885
N.alpha..Acetyl.L.lysine,3522.647,9687.727,7601.173,8604.235,10589.78,8939.059,16497.48,50.58399,8354.649,7331.014,15279.84,11265.39,9499.186,9987.723,10864.13,8004.256,9185.091,20236.05,14206.85,24056.96,0,2483.44,9937.625,5568.688,6825.52,11023.91,25951.27,5450.825,19338.75,10888.05,13539.46,14066.5,38348.84,3506.796,7593.447,107.2839,3469.934,10640.87,3482.763,6882.469,15746,8764.438,5648.954,3278.917,2556.971,12576.7,13224.07,7292.497,7252.869,8528.131,13566.04,10128.53,1300.599,6081.176,6802.591,7361.086,10847.44
X2..2.Butoxyethoxy.acetic.acid,12886.78,9288.371,15820.71,8501.795,15433.44,14895.14,12508.55,10872.16,9063.366,12602.64,15328.09,5916.712,16869.12,9567.749,9546.215,10876.17,9677.621,21419.54,21110.99,22640.73,11942.73,45431.66,10181.78,17084.37,15837.654,13983,10818.6,10490.02,8908.668,21500.91,10719.92,11516.89,57129.02,164441.9,12240.35,15378.09,46183.62,20742.46,34702.56,32049.96,9261.186,8923.263,10090.11,12523.47,9237.279,40217.69,43814.43,13302.81,8690.65,10585.18,12947.14,17715.79,41540.88,16229.52,11896.4,15338.53,22987.21
Diethyl.pyridine.2.4.dicarboxylate,10467.85,11807.34,11817.17,15192.61,13970.48,21157.46,33429.51,51698.2,24965.51,24962.32,27378.39,8063.026,17453.02,86295.11,8907.383,18358.18,71384.74,9313.019,10780.1,11362.58,51799.31,35238.27,33593.1,7497.204,41724.647,15935.03,6104.765,49405.11,9609.489,14368.48,31664.95,138143.4,12556.34,13947.61,9750.701,20693.29,12833.71,17013.7,44259.44,16379.59,13864.62,55826.05,25652.24,23054.26,26030.9,30230.21,6962.326,14782.28,19227.13,6635.908,18816.22,11102.44,39594.56,91279.23,14614.61,22624.48,11968.11
X3..Deoxyguanosine,5033.087,56242.05,44463.55,12668.97,46228.84,30290.66,45738.15,11136.68,34231.37,9508.825,32879.88,37592.26,40093.56,68602.2,93757.54,16030.91,17695.9,7891.098,37248.55,68631.32,3263.149,12518.25,39414.66,66251.33,58261.155,31117.82,86346.89,6096.373,73744.16,135012.4,38668.12,44059.36,2812138,517547.3,30179.22,10805.47,18818.4,24482.31,51945.86,19579.99,45767.6,26382.87,48295.32,20899.23,5722.859,31751.79,21113.72,20620.8,16784.68,96936.56,32323.95,24856.77,6899.84,26505.6,93164.99,27167.32,28963.67
Asn.Ile,16653.17,45940.77,41977.63,71918.83,74910.97,53882.5,125607.4,34752.41,61717.88,161678.4,111134.6,213546.6,127699.2,59931.27,53892.98,48357.13,45422.95,78502.84,89673.98,143031.6,33502.9,62405.56,79661.52,72243.91,13266.658,97566.4,157832,135302.7,137866.3,28647.24,46398.26,116757.3,210767.5,99019.04,39954.36,79326.49,20266.19,52884.93,14399.16,21797.26,48002,34422.2,49827.47,33040.02,35524.46,17866.72,155600.9,63421.03,49036.21,48501.21,52143.01,66858.69,47495.77,46638.78,31075.42,39570.54,56912.58
Erlose,9889.079,51799.35,73596.59,31601.33,56288.27,17315.63,28513.88,57807.93,12201.99,201216.3,50052.31,28223.19,374007.7,32775.08,5664.171,9727.8,43384.9,274883,145195.1,72117.2,35631.5,30637.15,87083.7,19106.67,58215.771,8847.683,52636.2,10217.7,65840.98,68918.17,11669.98,4534.53,233135.5,93413.55,38494.59,29984.29,166696.9,100904.3,132073.5,20544.26,6474.298,39185.29,61731.49,14350.49,58441.62,21987.55,44244.04,9426.711,77907.12,51997.77,6642.326,87190.11,71084.61,12061.72,61105.33,9498.471,23420.67
X1..1Z.Hexadecenyl..sn.glycero.3.phosphocholine,13640.15,10322.26,12764.01,6752.551,20215.29,50901.56,11567.53,35194.15,19113.88,62842.79,8681.098,17896.87,884.8606,49264.61,31873.19,21067.16,12811.36,6799.467,33228.3,20922.99,11795.11,10546.66,33411.02,128612.6,15760.203,24069.76,12356.05,30406.1,28966.79,15221.65,46545.94,25511.61,11263.22,21638.14,38998.55,59112.39,10158.7,10562.34,14643.92,8365.243,18421.93,11547.89,13531.58,17684.87,13081.51,12337.99,75115.01,44736.29,26572.87,7108.459,13807.63,5812.674,9641.398,9661.349,15594.24,10753.18,15073.25
Silodosin,2353.565,68549.88,57651.81,123932.5,72351.45,9940.584,57147.14,85407.64,3831.401,4244.593,5334.494,5750.402,21561.94,16273.51,2537.532,29890.34,19157.61,86991.3,41416.62,2497.466,11740.55,62300.19,27911.13,13615.62,86749.191,110183.5,16349.84,8395.226,75800.51,30311.75,99047.04,59384.03,140794.3,6811.927,28642.88,35891.15,74121.57,86222.73,9826.366,52048.15,48853.6,69965.16,76437.68,67546.06,200055.1,89399.76,1448.364,24691.94,102184.2,35010.17,23888.68,115534.5,10370.46,16577.93,11278.86,19386.3,145857.7
X6.Phenyl.1..4.pyridinylmethyl..1H.pyrazolo.3.4.b.pyridine.4.carboxylic.acid,46652.65,468118.6,484541.9,451439.4,3674563,2402814,460794.3,2173687,1027032,1121568,973737.9,824776.9,1507210,1244994,844125.1,1136926,473415.9,603323.7,622355.4,311064.6,476905.1,263062.9,639178.7,1304354,155284.953,2038277,559432.5,1319185,1516689,924416.8,3736263,733620.5,63893.65,72276.12,621120.2,534953.8,143135.2,560501,36185.48,485236.1,1268607,1014023,463750.2,156356.5,866935.2,722228.9,90001.62,836671.9,122671.7,213251.8,1098686,583322.6,544351.7,548575,405403.4,973052.3,1488658
Dodecanoic.acid..12....cyclohexylamino.carbonyl.amino..,51723.24,46507.07,58131.3,29187.71,38539.92,66261.93,46362.75,70619.35,38375.89,58353.73,42274.49,56134.8,61129.27,70093.92,42693.61,26950.58,47903.73,54640.93,45161.56,31699.33,50828.01,72998.43,51788.14,32937.36,54508.612,66390.68,63494.58,38582.34,48981.15,57677.12,36484.43,29458.69,45651.3,28741.12,51494.46,44779.05,40094.77,43287.6,67328.06,38147.83,45382.19,34258.37,37284.49,48993.71,49584.1,92722.96,41959.05,55964.29,31466.2,42528.58,52899.8,47021.5,58920.78,57372.99,64535.23,57607.48,47347.74
X7.Geranyloxy.1.3.dihydroxyxanthone,823976.4,991362.7,365573.7,419141,473572.9,449300.8,1217889,569167.7,924198.6,745815.8,254516.3,1146733,1180244,374811.2,625074,730409.1,739587.4,560020.9,2039248,683540.3,1731145,1287580,1002393,1126514,867616.678,911077.4,795607,574058.1,1006132,442185.1,495740.5,494998.5,650316.6,802776.3,890325.5,592200.5,1758791,1084482,584254.8,417349.5,269917.3,440383.3,1021096,817039.9,747388.4,993249.6,637180.8,987291.4,658368.5,834579,407007.7,1654822,544193,506145,720134,440211.5,202515.8
Glu.Glu.Lys,8728.979,76583.77,26576.49,38017.06,15369.82,13697.8,108973.7,19119.38,23836.81,131530.4,85152.85,170108.6,108395.4,40265.18,9780.635,35695.86,25575.85,126549.8,92038.18,102537.5,60435.56,34817.59,36550.92,26939.42,43116.026,24933.16,231250.5,156373.9,72561.64,28238.08,31580.25,29689.77,175197.3,113315.2,22702.73,82801.3,12393.34,18949.57,10008.26,8460.104,120212.4,30946.65,42455.55,19113.38,29409.37,9121.472,212917.8,11952.42,45265.76,68415.89,49401.84,23806.29,6516.123,49279.21,56800.68,28147.85,17504.71
Glu.Pro,11642.06,50543.78,59859.24,48457.74,14831.43,21515.86,67162.72,69559.82,30267.79,163098.5,59806.21,109160.7,45683.86,27140.13,9145.732,47069.31,37686.64,72350,126602.4,62185.28,94194.79,68786.13,47968.46,47670.29,41985.008,19454.74,10326.71,99648.81,47554.87,34434.34,30325.39,30533.8,147153.3,96010.13,31445.5,83046.07,33117.05,12326.53,16018.84,8147.892,48447.18,36980.21,35841.18,35738.92,43107,23114.4,129226.4,11898.99,104824.6,7355.841,3203.608,8970.66,30076.36,70228.48,43920.09,21997.64,15387.69
indole.3.propionic.acid,5510.473,25989.84,6325.104,60378.59,4332.34,7975.365,20995.75,8802.981,17147.09,57394.19,10002.7,16326.85,16510.49,3936.496,20637.48,16904.36,51524.28,18042.71,65444.49,30478.29,41208.33,52236.82,7985.303,3073.488,32893.87,8412.629,49721.44,12076.51,16433.04,120202.4,7706.439,8390.831,68736.04,129184.6,35051.91,11289.81,26323.55,40679.66,25180.48,6523.287,17031.91,13390.66,9520.246,12250.02,5327.724,8837.426,17703.35,9916.85,34062.16,69000.52,9441.434,66725.76,14824.61,43145.12,55241.85,7821.79,16643.65
Quinoline.2.carboxylic.acid,118112,161832.1,129227.7,108499.5,2745.881,3116.077,19317.73,4415.845,214601.6,286177.4,69715.29,51345.1,8183.609,35205.03,28049.2,2991.371,47982.58,12308.01,14928.98,230728.9,41741.88,194794.6,4398.289,5346.476,112680.194,43723.82,281655.4,150619,20801.3,2521.746,4349.646,27973.94,206289.5,158880.6,38375.51,53620.08,83124.47,123458.9,156792.5,35278.06,9327.409,7465.547,27463.16,44129.9,90652.97,2563.08,2948.554,9746.278,82282.33,218394.3,18109.04,225479.5,171350.9,15947.26,141498.2,13172.9,4178.279
Thr.Leu,52993.71,425649.6,152523.9,254486.3,135189.9,146207.7,426568.8,130331.7,198276.7,1074295,622326.7,890542,172544.2,181863.1,245982.4,188914.1,114406.2,456826.1,363488.2,781891.7,152068.1,213047.5,321509.1,200552.2,110271.257,359912.8,618544.6,543856.8,573384.4,201743.6,250251.4,449087.2,1223340,712404,164509.5,418023.9,21153.98,178437.5,82176.61,103552.9,234737.8,324093.6,211305.4,99047.66,214473.3,53297.93,321186.9,164345.8,267673,213241.7,316794.3,240339.4,76967.6,171401.5,270252.8,171771.6,226342.8
X.3.Oxo.2.3.dihydro.4H.1.4.benzoxazin.4.yl.acetic.acid,26693.84,30587.8,35851.46,27348.72,37200.27,47626.2,87763.08,88904.78,41326.08,35452.08,39659.11,22615.59,27093.67,52616.1,36472.6,31297.42,75934.43,4154.919,5171.154,22644.2,43131.53,22830.96,30281.23,1719.69,17349.838,38947.82,35396.75,31496.89,37727.77,1026.413,78580.26,19029.42,23069.83,30783.94,111740.2,28980.19,21068.18,25190,40053.11,24289.87,55124.23,39755.45,31580.4,16706.47,44323.63,18106.92,4809.678,30726.72,23052.75,31490.27,57995.39,32645.29,37975.88,78265.86,29701.15,51168.82,35427.16
X4.Chlorobenzoic.acid,183895,95243.13,175123.5,48403.97,20823.51,36668.16,94000.71,11348.65,28810.57,30746.65,4319.292,40728.97,84535.42,220412.5,198647.4,151904.8,130832.2,84735.38,38411.97,31428.14,72934.5,31873.48,151583.4,20312.76,27279.735,50829.56,84023.29,165563.4,19934,241087.6,27457.7,2838.692,31349.48,16896.8,23127.55,3403.875,63686.6,73936.66,167257.9,2685.071,99042.17,146093.7,114994.1,61893.5,31262.94,75241.72,61672.34,94485.19,51074,107187.8,97390.9,95780.96,12367.58,141527.7,60834.96,96927.13,10300.53
Tschimganidin,293519.3,251396.8,170650.8,159101.8,440274.3,548979.1,167412.1,376864.4,129812,186558.4,153376.2,152921.4,279956.6,214269.2,236863.7,300094.3,174666.4,229367,373156.9,192392.6,417249,236926.4,204897.8,231105.9,342095.288,385820.5,221583.2,173209,140427.8,499097.3,308176.8,134688.4,210792.5,163007.7,276872.7,275736.3,340703.3,173690.1,222494.2,219083.2,209840.7,123930.4,261046.6,309803.1,369977.7,483670,218536.3,217738.1,123515.2,269875.1,193946.5,133716.7,246361.6,287690.8,251287.1,289987.2,177192.5
X.2R..6.Oxo.2.piperidinecarboxylic.acid,61852.3,15994.49,27542.1,108670.5,4047.65,65363.94,71744.08,47361.65,86159.19,96973.71,25107.96,12869.16,44944.97,21877.87,45232.19,57236.27,99224.58,73789.83,81803.07,94781.01,22372.76,146780,34923.31,37389.64,13862.434,65534.95,71273.89,28877.34,67460.42,72188.88,73605.16,99122.69,54699.71,54468.16,89048.11,26668.9,97660.34,75003.84,17519.47,22677.24,23742.74,36475.77,16062.84,77448.28,29033.45,24936.02,42093.24,61191.42,26356.41,58948.71,39982.62,80351.23,42099.83,96655.13,87725.77,29521.81,73477.75
X3.3.Dimethylglutaric.acid,3608.927,4334.739,7045.697,7779.886,7619.623,7401.576,8489.915,2319.689,2146.53,5589.312,6524.743,5258.655,13547.62,5330.554,7801.197,8733.322,5669.588,3961.705,6932.072,4492.318,5743.761,7348.048,2268.818,2919.567,131005.879,2508.873,460552.5,4504.46,5770.499,7570.422,10293.57,5142.724,8919.068,17847.31,11137.74,9275.2,491327.6,20987.34,14403.08,26444.23,9630.716,11075.82,25260,2048.037,12610.06,29445.07,511872.6,5936.254,278338.8,8204.18,23320.83,10454.74,44248.31,5512.794,9759.911,20275.97,8618.835
X6.Oxooctadecanoic.acid,120269.9,107595.3,40587.11,191898.3,39751.01,74640.02,371500.8,75360.17,87027.18,489529.8,51176.57,140298.5,52241.36,31504.77,172626.3,120435.6,98780.76,455514.9,982153.7,374090.5,177579.5,564584.7,88013.76,176050.4,449149.88,79026.82,262730.5,92203.12,71399,329494.5,73425.94,66856.23,181555.6,546550.5,125108.6,1015646,368331.1,403255,99481.65,34997.65,44746.7,167612,145767,193929,65014.72,72572,415370.8,45964.92,210427.5,148659.7,37280.13,573223.9,106540.3,235411.7,81706.69,31550.64,57576.49
Chelidonic.acid,216416.8,34687.87,122219.1,57637.36,9912.922,19212.21,64194.32,7973.654,58350.03,361229.9,14482.41,17949.2,30741.59,21042.06,9130.217,32991.23,907213.1,249178.4,100693.8,178992.5,203555,1965822,22524.34,5094.998,964297.314,21679.03,1350989,42054.24,17940.11,1095739,33775.71,4203.59,1457231,1017550,567766.5,65741.53,251854.4,401166.3,12081.74,4246.294,4021.402,6222.159,7342.156,17662.72,7777.147,29667.66,400745.7,15371.36,23614.81,802988.3,20215.31,113847.9,2084.431,604068.3,201923.8,19838.26,14922.73
Eglumegad,11578.34,87550.11,36106.07,49570.47,94871.72,31893.62,39368.28,76453.98,76830.35,18846.97,64005.92,40218.76,46853.95,130187.3,70336.27,103379.2,70078.07,10435.2,20180.92,33650.18,49679.32,19482.85,43751.03,158540.9,49272.591,42154.72,66447.97,23447.26,27047.19,22549.71,28371.65,30179.22,23816.84,52223.52,15654.24,78870.16,42923.74,13119.04,63916.18,107094.9,32152.37,92759.43,72723.85,36657.09,34115.14,38861.35,58841.9,92131.04,42593.4,29883.34,62160.69,81451.4,109622.6,75299.59,9689.895,54640.91,128007.3
Oleamide,51383.17,24830.71,29577.18,17071.37,27629.86,22803.11,24772.96,36745.85,26002.34,16177.73,22915.13,32302.3,32425.37,19426.6,38807.17,29883.53,25891.28,29900.64,13196.99,19161.72,56027.7,12922.46,27342.63,17309.34,34436.927,31702.36,21183,25689.04,25518.75,30445.91,26273.2,20422.64,24509.69,24644.59,21049.44,39183.62,32208.56,16649.36,33248.08,25065.34,22644.06,19542.53,28632.51,25797.6,29312.09,32655.93,17767.21,24176.11,17845.48,26705.19,21810.64,20467.15,28806.05,20118.2,20791.52,27448.63,18129.03
X1..Piperidin.4.yl.ethan.1.ol,484140.1,453024.2,361662.3,41574.86,38058.93,185842.6,377793.6,295301.1,646083.8,2656524,14589.95,377930.6,253294.5,8890.028,360090.2,171417.7,1349576,823232.6,797729.7,304532.4,794242.8,916242.3,573990.9,798307.2,282603.986,442094.7,287330,844037.3,602035.8,73951.24,134646,75707.29,4509755,2507850,1520787,12407.44,356855.6,1772884,113994.9,124344,374898.3,207075.9,332932.9,31077.88,399424.3,110153.8,2233.164,447588.9,56899.98,1354847,342207.5,695870.9,30530.76,846437.3,2639277,316852.8,119849.2
X2..4.Bromobenzoyl.benzoic.acid,70389.12,10033.37,5237.937,72863.47,4728.91,105325.6,154852.2,17743.2,16305.6,92074.37,7521.503,11346.4,139319.6,11579.91,6962.285,75669,64714.08,151388.1,239342.4,132297.7,8128.15,81687.89,158203.5,30620.13,37935.429,138010.9,69072.6,64206.75,115511.1,67720.48,57275,49896.95,135493.8,140712.4,85096.7,49835.86,139453.5,156358.2,7598.715,11664.27,8387.752,13163.75,3662.209,37346.86,8616.987,7691.567,144405,116737.5,3422.765,6226.801,14308.32,109073.4,6376.292,12846.36,44906.5,19062.35,169588.5
C10.LAS..TENTATIVE.,36557.39,9140.699,19431.92,5041.035,15154.75,78314.44,28647.21,12105.74,18020.44,7602.297,10999.91,31908.5,81912.28,18253.32,35454.69,31273.71,18153.15,124044.2,15647.37,12750.05,45153.47,29236.12,120017,32699.84,32386.754,56114.87,16571.72,17291.85,27621.78,21955.97,30002.3,20321.99,21092.45,20520.85,12725.63,13375.46,12803.02,22849.78,11050.36,19205.84,19954.61,12588.64,21357.59,26498.87,8737.786,106695.3,31038.05,14964.36,8844.788,23315.45,9441.414,29918.79,5998.562,13277.26,15891.39,20059.42,14389.19
DL.Leu.DL.Val,15153.16,79062.11,30916.23,30226.95,21732.87,39298.41,97551.35,21010.13,38374.01,225623.5,76265.12,79859.1,29901.44,28117.3,36696.38,31793.06,23892.44,197429.7,102345.5,152618.1,24154.1,57304.75,64700.78,30592.09,21140.599,70977.91,160733.3,100306.8,118406.8,49190.98,40522.83,82393.54,219386.9,179347,32402.39,91736.07,11019.25,33492.3,12140.18,19008.07,28966.75,53689.99,28663.14,20967.43,35679.89,12374,57214.53,36246.7,41381.8,43513.06,40859.19,58978.33,19243.42,39155.49,51765.48,30625.66,41870.54
X1.Stearoyl.2.arachidonoyl.sn.glycero.3.phospho..1..myo.inositol.,630.0983,328.8388,0,266.5815,0,0,0,0,0,371.7966,0,0,0,0,397.5953,0,0,328.0494,0,245.401,394.1002,0,327.7474,0,0,309.5204,0,0,0,734.6409,296.4773,0,419.5765,0,0,4943.392,0,1860.988,441.3639,0,0,289.1903,0,320.9811,0,393.3968,0,0,0,286.7617,0,345.4923,0,264.5875,0,0,37451.86
X8.Hydroxyquinoline.5.carboxylic.acid,169679.7,130682.6,108219.9,109261.8,4530.266,5256.53,49921.37,5787.117,188741.7,195904.6,126762.8,118024.1,14541.63,105115.8,128356.6,18911.04,125891.3,34170.41,32298.87,154631.9,122440.9,117515.4,74931.55,33616.05,94976.964,111889.6,200396,158191.9,60627.07,533.1473,4463.162,76799.43,123752.3,124496.4,109071.8,96076.14,103401.7,135373.8,109748.4,101620.4,48554.25,130807.5,73973.66,122826.8,129324.8,3150.041,3221.751,159453.3,117625.2,129242.1,174196.5,164109.3,127867.2,112341.1,113437,155445.8,7445.482
Glutamylleucine,24827.93,88930.17,105372.4,134596.6,48676.26,50132,126303,46883.15,77717.36,324580.4,273092.3,369409.7,124709.5,105451,62216.37,38976.44,66391.62,85278.28,156607.1,321399.4,65887.48,114168,106885.1,72482.19,50309.395,88692.44,228318,195217.8,181272.9,71598.83,68379.87,103003,803137.1,344559.9,46431.45,147081,20655.57,82782.91,31376.96,48940.77,144105,65352.9,102957.3,47934.38,92107.41,25878.84,112710.5,65744.47,106058.1,60714.72,119593.3,63249.36,80374.61,132380.5,65980.84,71574.38,81093.9
N.Decyl.N.N.dimethyl.1.decanaminium.cation,2525.526,3005.838,2706.813,3153.278,7502.96,3091.188,4019.792,4273.663,3262.363,4778.35,6336.451,4658.137,7053.655,2938.002,3814.625,3062.455,1593.134,2885.267,3540.711,5816.343,4382.394,5453.463,3408.978,3546.469,3498.154,4375.449,1945.613,6211.575,4730.942,2744.483,2986.442,3898.315,3916.048,7535.742,2922.765,147328.9,2658.6,4398.616,41284.91,4963.15,133460.6,4438.085,58588.42,1635.821,6281.333,3017.82,201021.8,2066.396,2297.369,1654.938,4080.18,44773.93,3865.445,2476.713,5073.341,3391.073,2703.861
X5.Fluoroindole.2.carboxylic.acid,50681.02,28308.13,3012.072,82599.55,59314.46,187110.9,53023.18,78896.92,74321.55,228292.4,21300.44,43010.43,105182.3,130064.7,2729.184,101003.2,72609.4,60451.03,121142.5,175101.4,17757.62,15243.32,42477.12,1879.144,10078.144,260140.3,127324.5,147169,144937.3,33931.59,215442.2,52399.95,92056.24,67353.06,105146.7,98825.19,36523.55,145945.5,6162.814,14456.52,27909.74,39289.5,49993.77,25903.83,37487.92,2946.981,32373.76,228396.6,70462.11,73048.38,25268.37,140733.6,5631.021,15338.34,54592.28,29639.43,114353.2
Glycyl.L.proline,43566.24,29614.77,17359.5,40131.08,4820.82,67379.49,73819.05,12680.16,37017.06,68767.18,19006.12,28449.11,75186.53,22907.76,17140.9,37046.99,14090.62,99268.17,80653.88,54257.49,16776.07,27316.88,36873.34,41635.17,5366.816,54649.34,44209.85,69435.27,72315.4,8222.047,38198.44,64263.17,33980.11,24955.17,41510.64,28231.89,25943.71,45129.8,8125.669,11615.03,8292.707,22791.37,23725.64,39506.67,17192.75,8112.007,84961.59,59479.33,36748.26,10415.59,23846.69,60643.51,10698.72,15269.04,2109.722,21878.48,55813.72
Val.Pro,55286.31,71020.86,42896.6,72774.55,37162.71,51726.41,244135.4,10440.8,52011.31,156113.5,56128.24,176755.4,175709,19382.44,6450.439,62176.07,59759.34,333852.1,234499.7,186552.6,83430.62,50666.86,81550.42,26829.93,40791.203,60733.29,201972.7,187293.7,185268.9,109684.3,86920.79,57457.52,128861.9,132544,85106.85,117566.4,60276.93,32720.03,6384.174,18271.23,70472.85,25027.21,32628.03,33173.08,24657.35,7501.523,327295.3,61244.94,32478.49,66772.31,48413.91,49575.37,6275.128,53146.71,71056.14,37564.41,71238.23
X1.2.Di..9Z.12Z.15Z.octadecatrienoyl..sn.glycero.3.phosphocholine,515.885,415.6291,1168.901,1080.713,870.1414,1132.938,1572.007,2739.738,1297.445,1857.964,1249.916,1471.355,1102.021,238.2665,1566.442,1207.455,993.1372,1510.371,1059.505,946.6683,2071.148,1725.557,844.6577,1270.803,1889.409,1045.47,1509.184,618.5628,852.7335,1362.472,879.582,632.4634,1756.26,1249.235,1288.611,1421.772,657.3947,1307.622,1580.885,956.8962,1101.425,1524,778.9849,1171.172,558.4742,1785.621,1537.209,2000.633,2112.382,1379.283,1004.309,1083.165,1779.236,1221.44,1326.434,1704.2,1822.684
His.Ile,6597.425,45873.5,53133.09,78691.47,42665.63,27415.5,105631,1382.173,36498.15,383771.5,164317.6,205730.1,70732.98,55931.43,51914.28,37362.93,27656.99,100171.5,56044.34,142229.4,925.2259,84838.98,64297.16,55912.67,21449.927,51161.89,156161.8,1745.676,104462,23603.59,40128.84,48357.56,219157.7,190028.7,28404.72,1278.032,10037.57,24894.14,18794.08,15128.91,59129.91,29876.15,46269.95,19092.46,2809.185,8434.694,144914.1,33747.71,51609.05,25209.79,54025.36,26998.82,22969.51,40573.85,28352.07,43076.93,29115.41
Tyr.Thr,7273.685,14466,7010.352,19627.11,10645.24,17127.26,23000.09,10034.74,15242.64,18613.55,14675.89,63286.5,21505.85,5081.057,13704.22,8947.067,13144.98,11749.23,29299.29,21279.95,16812.18,12760.06,13010.98,17370.4,10668.684,12540.33,9808.809,17761.61,23533.81,22567.21,13444.62,9771.258,51799.28,19354.55,8100.793,16974.42,3190.243,8280.984,3543.716,8592.035,16543.63,8242.602,9806.294,13623.06,10275.57,4935.932,41072.49,10325.43,23037.55,31849.35,11759.69,12462.29,3209.616,7245.43,28683.57,10042.61,12709.69
X3.Methylpyrrole.2.4.dicarboxylic.Acid,6711.087,14945.52,10626.74,71255.9,6550.8,37195.53,77429.92,16391.88,110381.9,57119.91,17290.84,11767.71,106268.8,33138.85,22618.04,18995.25,35439.73,14364.68,10348.97,33775.07,14666.34,11807.85,24699.37,21673.4,19523.781,31152.52,38016.88,44754.4,62661.23,46631.54,14680.78,32000.17,38743.06,40270.28,48303.43,64886.53,78428.98,126499.6,13961.34,6585.714,35393.74,23189.14,74904.18,29264.36,35363.39,4973.681,86587.67,39104.82,103740,64517.32,62641.57,51352.66,8191.436,45521.61,33817.33,44989.02,22762.62
X4.alpha..Mannobiose,66793.07,23866.37,24022.44,110394.8,11927.53,123485.5,170828,46747.01,36033.28,178519.6,17214.27,13021.98,271874.6,7857.032,12060.98,31131.22,220053.9,844386.8,465971.4,111973.8,9244.293,61405.93,199163.3,70728.28,67596.308,36249.59,66860.97,33513.14,146708.2,251072,34825.65,15818.73,239237.7,134819.4,140624,43621.85,542759.1,178104.6,15289.5,9694.642,7946.119,22244.97,10936.37,31953.2,12983,10906.69,253282.2,32085.14,22433.85,43855.74,8713.898,223745.6,21328.3,12030.52,116372.4,10057.35,68902.48
X.2R..Amino.4.hydroxyphenyl.ethanoic.acid,44508.55,41805.93,27310.09,141477.8,38269,36708.98,75329.32,25960.52,89590.3,23696.17,23879.13,27154.29,57382.58,20201.66,24038.9,58048.38,69846.46,105282.6,185032.1,54846.26,25618.94,8969.382,48269.91,70509.95,25878.453,64800.91,172645.6,16921.22,50710.23,174339.1,37046.85,31740.21,66711.52,18239.26,82750.71,16656.09,71996.71,83356.37,38584.57,14542.24,35831.02,32704.8,60428.22,21069.27,31314.19,173938.7,23171.97,40841.89,13249.21,69342.81,32774.73,139365,25830.22,36339.58,263658.8,32515.37,31836.64
X2..4.Chlorophenyl..1H.benzimidazole.5.carboxylic.acid,1428.683,1475.056,632.7593,675.2487,9105.005,787.3757,243427.6,1997.265,311068.9,512.9718,331.5696,2858.343,22268.7,281.0037,1378.426,1053.612,889.0119,648.6102,1213.504,20709.79,2793.641,799.1088,1151.624,1601.09,1523.812,1103.851,1211.13,4853.869,808.3609,1378.644,951.9289,1002.999,3240.616,1231.035,191290.7,433.4364,1969.594,1787.319,12511.73,1154.745,925.8728,1930.693,1644154,1327.392,834036.7,2162.074,1053.637,22320.5,643.7518,1388.05,561.5365,734.3281,864.6314,754.0731,43711.1,671.7804,1317.969
X9.11.Methane.epoxyprostaglandin.F1.alpha.,140098.7,64597.06,202755.8,14145.74,184585.9,41818.15,51790.28,34933.03,29176.59,20450.85,122174.7,22587.9,89201.52,29353.13,208407.6,57393.04,67792.76,38220.55,18968.42,17929.61,52312.25,54240.27,56632.53,20660.37,84899.194,44722.34,128870.9,246477.6,131967.1,214387.5,25353.24,129456.9,329915.6,259894.3,73991.99,236114.2,28843.35,50487.74,130258.5,157227.5,54701.38,54901.79,127567.1,61862.96,60058.19,224453.5,9240.838,25638.31,53974.73,41968.18,65118.12,33839.57,86027.37,56835.14,43685.31,61135.13,42265.43
D.....Quinic.acid,27215.12,115402.8,55564.72,205930.6,186418.4,106615.8,119185.8,348144.8,28438.53,31822.35,45186.44,33758.02,40639.2,45686.09,15066.83,78320.31,47066.34,85884.11,72532.52,15034.97,46829.87,156871.3,63251.47,91728.2,299055.881,212953.1,44100.41,140238.1,64736.65,65594.62,179968.5,275110.8,204003.9,45678.85,74392.32,71740.93,544607.8,130556.2,43552.06,410493.4,106120.6,124260.8,90725.22,332566.4,219510.7,752513.6,313179.1,123753.7,388490.6,88013.73,74768.12,302121.4,121706.3,48052.01,42519.81,64716.69,351505.4
Ganoderic.acid.H,942008.5,1161168,2192730,60371.82,2059505,945725.3,592314.3,224196.4,59535.31,124024.2,368083.4,236462.4,1855777,978214.6,1382170,1636369,709477.1,363938.8,283861.7,179215.1,805224.2,1218931,3446957,433683,3663996.317,1141306,1171443,1189111,416934.4,705608.2,363537.3,1388263,1149684,1215008,821776.4,1750232,533357.8,420443.5,994437.1,2729296,452764.3,2108766,248933.8,1163342,290808.9,3876645,100961.6,610171.4,433983.1,2812793,529544.1,1332697,522350.1,775357.8,42700.92,1114149,626178.8
Ile.Thr,26423.06,153415.4,140315.7,115316.4,41641.66,75358.29,119556.6,92128.48,123447.6,481604.9,241583.8,272622.2,64757.92,87047,87281.53,73625.52,73414.44,407815.7,271538,363779.6,80196.35,166718.9,150008.2,51913.74,94150.371,106862.1,360891.8,234150.9,181819.5,199998.2,97383.42,73880.42,1215055,242349.4,80683.83,208834.9,26386.64,45304.74,38997.85,36725.84,133541.9,87046.28,96820.83,54644.07,112440.7,36537.89,136159.1,53130.31,160441.2,125193.7,108925.4,72069.69,28526.34,194451.9,243706.3,81709.88,75835.17
N.Acetyl..beta..D.mannosamine,241808.9,16162.28,13024.74,212341,12348.43,604544.8,163637.7,15812.28,136654.6,157419.7,21351.47,8355.566,104415.4,94254.32,11953.88,340335.7,186316.7,219580.3,559582.5,295495.1,8893.325,257250.8,132544.5,158856.7,15706.458,340085.3,472170.5,143152.7,186277.2,349883.1,572758.6,133575.8,220954.1,231462.7,343164.9,396839,358027.8,233399.7,10527.2,8857.046,202868.6,78721.38,24995.79,140205.1,15178.49,20763.35,575618.6,205107.5,8154.008,155826.7,33993.79,316774.4,9188.006,66676.06,292945.2,26735.15,251572.4
X1.4.D.Xylobiose,19811.52,9421.57,7678.511,7732.556,11272.81,28654.96,14666.65,18118.64,12601.35,44978.22,10003.55,13226.62,26116.9,14699.28,10472.78,11136.82,19492.46,13839.65,37840.93,20372.54,14240.96,14396.48,16526.97,12153.84,14201.619,25824.35,64888.64,20732.23,17577.61,19820.98,43769.3,8880.746,165190.5,44476.47,23868.01,23357.68,28382.8,30190.37,19432.05,7976.591,6302.6,19974.67,17037.01,18776.94,21928.22,8710.739,11127.88,32418.06,24394.48,63312.74,10117.14,25007.1,6020.32,9087.932,20609.18,12107.77,20870.37
X1.Linoleoyl.sn.glycero.3.phosphorylcholine,2771.919,4830.363,3902.23,4926.257,5660.511,3055.348,4256.644,8357.295,4173.575,4472.764,5141.355,4224.52,3551.156,3423.806,4793,6469.62,5031.971,3726.103,3948.04,4010.772,5069.947,3934.402,3929.934,4022.128,8375.743,4052.513,3816.917,5520.362,4135.463,3988.423,7040.596,4624.56,4992.502,2555.154,5575.474,4340.311,2305.298,1419.939,3548.298,4276.101,2864.071,4838.187,4965.373,2331.432,4938.593,4954.133,17203.6,3644.707,3308.272,4594.245,4911.397,4381.216,3296.938,3852.568,3228.49,4578.51,4124.348
X3..Dimethylamino.propiophenone,20086.15,68079.28,50903.55,84784.76,106000,61052.21,74082.99,212149.2,12656.66,8952.658,21700.64,14126.74,46580.43,46538.91,14561.15,20550.1,31096.97,53610.88,35169.03,8672.538,22491.6,68356.67,52279.76,24179.17,66008.688,76058.64,23193.5,49699.86,48897.65,36304.8,119141.5,90755.12,98558.07,17204.78,41933.01,41035.57,85457.53,50548.01,48358.77,152357.4,69088.4,82355.98,61376.14,73380.09,153062.8,89109.04,10145.02,36477.9,102894.2,44123.94,46624.02,85715.7,52793.42,23039.94,25222.5,45442.62,124049.5
Gln.Glu,18954.28,25356.27,45086.67,26741.93,24572.88,26476.7,27219.79,112460.5,35237.27,105132.9,49943.51,53926.03,43744.73,40926.21,57537.86,21905.56,32343.82,26437.64,53426.6,54752.53,33675.56,35481.01,41137.36,76394.55,20207.838,117997.2,42372.28,63908.13,38442.17,25221.37,37811.19,40524.17,60773.26,73588.22,21847.91,37952.46,28477.43,23689.7,44394.52,20801.21,43769.32,31641.69,31704.69,20091.78,37679.59,25633.47,36464.52,29147.38,24660.06,26567.87,36579.08,28628.24,28671.75,25499.3,26314.16,34662.95,37095.37
Isoprocarb,92843.9,75031.18,83769.79,64979.02,92101.82,83155.45,72214.91,98102.86,72426.33,78265.72,68806.11,68163.56,74947.33,72277.26,79219.29,76815.54,83156.1,83414.11,80209.86,65157.36,87731.55,84128.32,81590.9,81458.13,93596.208,78450.47,81380.82,79624.4,67108.7,100272,80868.36,58325.43,84648.99,85035.17,79062.44,77035.05,90710.38,69156.97,102306.8,70575.47,71384.41,63631.73,65238.68,67386.93,90150.95,100878.9,66546.07,78937.14,55807.71,78712.05,70396.99,69034.96,76257.73,69546.62,87997.5,79657.1,69602.95
Val.Phe,20812.49,57502.44,57644.07,72171.65,43471.48,47585.38,113735.6,48667.26,76664.59,35854.43,68778.28,24670.3,25188.79,17429.61,22900.24,25461.71,61301.37,18824.21,57785.36,146468.6,24361.45,164825.3,58881.24,33755.71,17838.314,31940.01,41342.43,50071.42,44589.28,43734.58,31535.92,105751.9,14147.52,25667.09,33357.16,64749.48,36397.71,65874.22,19239.45,158811.6,106420,44709.48,70190.04,79428.72,61498.22,20272.6,25245.03,26847.73,27499.34,26960.65,67962.59,64258.76,30928.61,155556.7,48115.1,60112.81,77679.8
Demethoxycurcumin,4802.837,2631.539,3407.762,2386.7,15852.97,27959.19,4600.788,7091.116,6986.254,13932.57,18766.84,16400.2,3669.475,9429.801,6008.75,8326.343,13016.76,5985.985,12041.04,30863.15,26192.16,4318.546,14718.23,15565.33,24983.525,8021.404,2638.053,19345.59,14836.32,27672.5,38063.68,4102.88,47781.17,50660.18,3872.084,9483.86,30510.96,12534.65,9740.812,18096.47,11810.2,6423.199,7050.214,36567.67,5627.694,7912.851,15865.4,6817.327,25002.05,14456.56,13865.45,9732.025,16355.94,3948.149,32185.36,12986.83,20993.28
Guanosine,2819.401,26946.46,13616.93,5467.036,11092.58,14942.24,17713.25,6249.173,11503.58,5066.62,13119.06,14740.38,11566.26,33420.35,26612.86,6988.63,8613.665,7729.873,20401.4,27244.62,56.99295,3173.224,13368.86,38291.87,24841.787,13595.9,42080.28,3700.998,16981.29,102787.2,19800.94,15182.12,178330.3,124322.8,16849.76,1869.656,11810.39,12691.79,6069.423,5988.199,12559.53,12092.59,15842.28,7779.017,3888.902,10032.29,18319.72,9358.893,8287.567,66360.09,10089.38,21672.64,16988.57,8131.079,55384.86,9761.439,14914.2
Heptadecanoyl.Ethanolamide,1071.552,2002.927,1121.394,1168.727,1135.316,2319.635,2535.649,1381070,455.6058,527.6455,1508.839,1282.676,1083.999,980.8791,10775.66,568.6722,561.1397,961.7556,1164.44,1209.111,1262.333,780.9491,2068.653,1757.171,1134.601,894.0634,671.9114,928.8821,1620.278,2024.17,2309.765,1064.609,1676.013,2112.58,746.3736,1342.611,832.7841,1177.956,1756.093,1421.99,1846.668,558.6631,811.3697,505.5679,805.8843,1400.226,2929.119,958.7008,745.3207,702.7681,1166.295,1005.663,1237.993,868.3677,1004.657,1777.587,744.0646
Piperine,441.4538,465.7746,515.9517,0,0,318.5765,1162.292,463.4587,0,0,243.7421,1930.072,0,660.1001,423.6159,503.4307,842.2809,332.5278,332.8585,0,1880.767,3543.378,771.8249,467.627,407.262,2544.2,910.5341,677.7207,386.3026,1017.295,325.0415,1062.358,347.3544,0,251.9808,1077.005,1273.15,1046.463,711.5321,217.3508,0,327.8038,505.9026,6962.47,759.0445,561.4239,0,0,23142.55,458.4148,1209.799,503.2982,330.1987,742.5801,651.8951,922.429,432.3619
X1..4.Hydroxy.3..3.methylbut.2.enyl.phenyl.ethanone,19869.27,9068.623,17655.05,5825.017,16455.77,12907.33,12091.85,19843.96,11995.75,13695.36,8820.258,10907.07,14452.42,13130.62,16360.73,14184.67,16097.05,15779.96,16366.48,9839.044,19098.7,17481.84,16123.35,13831.59,17970.883,14610.7,16943.26,14298.56,12611.35,18100.3,13960.04,7347.228,17665.78,17282.17,15671.72,14665.61,19480.84,9410.864,18965.27,13872.69,13652.74,11564.33,13222.61,13583.96,16087.66,20347.28,10682.72,14843.94,12376.47,14979.26,12289.6,11721.53,15697.06,15785.9,16932.59,14825.12,13611.63
X2...2.Methoxy.2.oxoethyl.amino.benzoic.acid,21251.3,47505.42,21956.06,35346.23,3754.962,2181.84,13144.56,4928.788,35532.17,43977.16,41230.17,17420.62,2990.574,52049.54,98102.4,2974.079,21398.26,5457.851,7571.583,61551.47,12198.79,31483.31,14542.52,26206.59,19150.072,41506.66,28189.48,72435.33,14165.47,1424.419,3206.175,23511.94,21205.17,21321.4,17391.09,15574.02,12492.93,47767.85,26008.8,34278.35,11268.61,45691.87,19622.2,18610.1,30290.8,1275.636,1861.149,43534.46,31109.38,32370.46,61744.97,43492.74,34377.83,24330.72,14723.78,51878.22,2489.131
Asp.Ile,22715.62,30952.32,58722.38,88331.56,21306.98,33496.33,119207,19005.91,58241.61,252176.9,123955.9,194926.9,117253.9,88730.62,30085.05,22332.07,53793.98,123890.7,134161.1,215455.2,46564.45,62624.21,55242.64,42633.49,38587.177,47873.12,340555.4,116249.3,144386.1,51568.14,77395.34,31386.09,415697.2,252739,42449.73,112188.8,29503.27,50663.07,17801.68,33644.25,59109.82,24080.02,80516.41,38086.72,81463.97,6937.119,300441.5,54693.21,94319.53,37632.42,70028.59,39951.98,30218.74,81111.26,42841.54,42672.28,61848.77
Endothal,40426.39,56378.02,77456.84,60765.34,67248.84,26939.63,23082.53,60030.89,76906.45,49318.56,106495,39402.89,38691.48,44131.22,57210,58735.85,52363.13,17613.9,33742.82,51719.95,80500.72,34816.49,71103.99,70840.14,45381.645,58989.98,36467.41,67828.11,27018.41,34676.61,51475.74,248317.3,10411.46,21348.18,20854.87,59657.14,45842.24,72523.74,66100.27,92200.03,87050.95,96851.64,92198.56,64085.28,62947.85,42581.54,20148.45,62884.81,76971.44,50172.19,80831.63,16018.7,172624.2,87282.66,38715.66,62932.08,53980.33
X2.Cyanoamino.4.6.dihydroxypyrimidine,6583083,6488644,3955983,6354988,7947525,7354778,6731560,3549725,4411679,5210449,4490157,6330169,6007396,5402546,6973786,7916486,5661691,8378794,8531155,5226331,6612037,5041559,3853505,4045392,6086143.748,5127129,7672698,5933984,7646531,6935824,6939329,6213090,5600062,5731791,5662213,4647062,3570132,5707463,4501821,7412109,5123899,4700355,4634112,4872962,6458422,4813968,11539910,8611062,6581803,5654635,5106661,6278931,5634359,4222268,6120979,6106967,8731096
X3..Galactosyllactose,5991.02,98990.51,45127.64,17855.79,163449.8,8788.682,44947.44,56492.34,11397.54,107998.2,70591.51,82550.84,1258802,27014.67,9304.126,9100.359,15201.89,129744.4,162562.6,33398.7,58690.54,15754.99,122101.8,31518.11,73253.897,10210.28,22131.77,14128.73,131936.7,31665.72,15169.61,6275.908,221235.2,121512.1,14744.62,29419.39,119907.4,86052.77,80335.99,61419.68,9095.676,39896.92,50990.07,11716.6,66655.1,16496.06,102533.3,11042.31,103887.3,36331.85,10048.71,23769.4,127092.1,9806.717,26365.86,10625.93,42506.95
gamma.Glutamylmethionine,45447.29,59297.57,64663,168050.6,28412,82202.26,130378.7,89036.2,104950,77305.85,72982.23,96856.08,111468.8,54789.75,92642.06,79987.09,72988.73,91487.65,112949.9,136076.9,60267.36,80650.73,98486.42,100772.9,32312.812,115491.5,116753.7,67537.78,93592.09,45827.78,59425.11,138440.9,83799.84,56064.43,63561.54,71528.03,48128.25,108822.5,35262.82,87099.23,69569.1,57331.32,63474.84,50367.44,63382.02,24187.63,39003.93,72297.66,45583.22,57613.07,86081.06,85344.6,79921.63,127014.2,52992.23,80175.01,102185.8
N..3.Acetylphenyl..N...1.methyl.1H.pyrazol.3.yl.thiourea,44519.65,42640.56,34531.93,31898.68,1904.906,1613.997,18610.88,2808.276,84427.27,62984.26,32463.06,21058.78,3239.991,52373.97,59595.42,4829.776,28622.55,5992.99,8379.162,52820.91,17438.1,34490.09,28447.49,77383.35,10610.729,55962.94,67234.74,85648.8,15815.59,341.9682,1815.648,25635.02,36933.12,26892.89,42694.5,31545.01,16039.25,66106.41,49221.22,37348.65,19580.16,43254.28,58494.82,18094.89,66277.36,520.6679,1037.044,100333.6,23536.99,37050.04,65348.42,61687.43,42682.8,15146.25,45806.4,58408.96,1633.492
N.Nervonoyl.D.erythro.sphingosylphosphorylcholine,1084.385,1263.281,1046.266,1316.828,2403.794,1361.915,298.9297,2557.909,1494.312,2022.981,980.8721,661.2443,1546.253,602.6195,829.5378,1814.103,908.5663,1412.963,1118.179,576.0106,1844.389,1124.743,435.985,1556.377,1529.92,1265.871,1272.655,4577.988,872.9765,2175.266,1018.463,244.5825,950.3523,1205.632,1521.454,95128.53,1350.12,36080.15,11673.41,1524.219,581.7644,15461,1228.871,1618.545,856.3271,1226.865,1620.502,1618.386,670.0978,1292.447,1490.265,3625.801,1550.015,374.7601,2040.301,874.5239,2311.719
.alpha..D.Xylopyranose,208265.6,119142.7,108044.1,141087.4,98540.7,391743.9,326294.3,61670.92,245628.5,226250.4,122052.5,57057.67,221144.3,150130,43598.76,133666.3,179701.1,335226.4,344663.7,185427,46665.73,130424.6,209600.3,168179.4,39540.178,259412.9,174583.4,206324.8,270138.9,319418.5,161239.8,156630,247970.3,236801.1,416767.6,208209.8,642132.2,329580.8,181834.4,49691.68,22783.85,112273.9,222229.9,202562.9,145345,109415.8,520010,261211.4,231298.8,225648.6,43489.6,294956.1,26447.68,184212.3,117218.8,37612.33,238407.7
X1..3.5.Dihydroxyphenyl..2...1.1.dimethylethyl.amino.ethanone,17581.15,302773.8,36463.54,31592.02,32082.73,21137.55,43181.49,66176.16,17773.32,15592.03,29255.8,17718.58,40428.76,42293.69,11413.69,31360.71,22787.3,138712.3,180656.4,20097.32,14113.64,940078.2,21331.91,13852.11,35873.69,26801.78,62815.34,18286,25981.8,30189.31,64614.31,54208.79,35477.15,44948.47,19926.69,12929.27,25844.07,237277.8,14240.01,402754.7,21480.53,30816.02,20959.95,12791.05,33238.22,30344.9,8724.425,15033,15814.46,23605.33,44902.35,38964.99,16837.1,36298.81,98649.49,28350.68,27459.09
X17.beta..Methyl.epi.testosterone,52879.49,12363.76,96155.95,149552.2,132471.6,103210.8,302078.5,136263.7,48927.94,62482.2,134272.4,80771.34,24701.31,70855.07,280213.1,160634.3,461298,244100.1,583112.7,196671,175774.7,209176.8,90029.38,268308.2,1415819.408,84087,704301.3,192478.9,50147.65,518913,118297.4,230441,524403,934778.7,239972.9,304179,36573.1,226500.8,84325.92,89686.68,59581.99,45244.32,288359.2,91341.39,45702.4,187542.3,1318290,69161.07,281312.1,617415.1,51844.58,571957.8,238808.4,432485.3,140510.2,49547.18,241749.7
X3.Allyl.4.hydroxy.5.methoxybenzaldehyde,24276.11,30040.05,22825.62,18907.82,32343.32,39928.59,22049.17,53330.56,58169.43,23733.86,16615.79,24112.05,19043.43,31924.93,50813.09,27028.48,21887.88,30170.46,14562.28,29358.65,23391.36,26021.75,27952.61,31554.12,45704.11,32618.46,44346.15,36609.37,23036.46,48418.56,44686.31,81632.79,32360.13,31372.58,25555.32,12524.09,10653.33,17475.75,28534.85,48064,36515.99,26148.72,29167.3,28134.49,31495.54,69528.55,27145.95,28895.63,40210.48,38716.87,23350.89,25799.87,33482.35,18443.05,51256.59,25346.92,32389.66
X6.Heptynoic.acid,38702.92,28116.2,33694.85,22077.18,31686.69,30316.54,28990.45,39465.08,29325.64,27973.36,25260.62,26469.68,26925.17,25698.48,29504.27,31117.27,32412.39,31636.05,31875.43,25395.59,35825.52,31330.23,31598.29,28113.84,33525.663,27713.09,26527.94,28618.91,24677.82,34085.25,26533.24,20064.77,30074.24,32322.04,30113.3,31138.37,31679.86,25748.84,37467.78,26745.2,27034.23,22775.38,26784.83,25562.1,34737.09,40842.59,27585.54,31563.14,19722.22,24961.39,27678.21,23859.51,31540.54,28692.57,33693.56,29965.18,27524.91
Palmitoyl.sphingomyelin,4818.776,3260.423,3076.928,2180.89,4292.162,4235.077,3269.125,8481.704,4636.68,3901.317,4927.132,3524.328,3791.745,2322.403,5249.923,4084.897,7602.243,3555.921,4355.368,3425.388,4527.908,3621.363,5352.196,3218.952,5083.012,4056.346,5894.4,3914.797,4157.392,3601.564,3688.729,2330.286,3129.628,675.8513,6110.269,33805.89,5106.481,7807.383,4896.465,3399.33,2505.149,4450.409,3400.401,3712.651,3828.851,4171.34,4857.803,4046.478,2599.795,5323.266,4777.18,5068.465,3876.553,2909.596,4991.109,3354.38,587126.4
Stearamide,345870.1,453151.5,262123.4,219047.9,821304.4,368817.1,626315,349949.6,458043.2,269999.7,371079.2,557067.2,411507.9,256249.6,611220.5,354365.5,230574.7,275091.2,628513.5,375636.4,532944.7,317424.5,560155.7,381516.7,495939.994,556466.8,318200.3,481434.9,522697.8,588676.6,271768.2,366415.4,744301.3,1680790,370509.6,439074.5,245083.3,540622.4,383501.1,1061143,294581.9,474270.5,199343.1,260108.3,1147803,451292.8,1013602,1070479,642517.1,306479.6,725891.7,209815.6,614588.7,241559.8,368976.2,585032,378049.7
D.....Cellobiose,49462.08,22136.35,25516.96,72622.72,18625.39,64185.21,121872.6,23239.92,14307.52,244909,18688.02,10728.78,469012.2,11031.65,6441.668,19730.2,89894.35,539569.5,342564.4,105108.3,13557.05,58397.64,263356.2,17768.04,85788.96,25520.58,97053.51,34551.3,177086.9,210280.5,24978.95,6905.329,518015.4,268511.4,94967,38620.12,506758,207529.4,33142.42,10034.98,5974.729,15116.77,21832.58,11778.1,22302.94,9212.153,134881.1,28140.39,22460.17,59016.36,7116.249,148299.3,17691.38,9283.119,74655.69,7245.909,62613.86
Tetradonium.cation,1085049,1593455,513094.7,840341,3021569,1038856,2301797,1249434,1581212,1012478,1710668,2595889,1499414,903318.3,2112205,1063645,504521.7,704281.7,1757279,1748313,1758437,1081360,1689308,1022262,1399771.375,2030035,910940.2,1847402,1990500,1524019,942792.8,1783083,2996698,5780951,1042979,1160436,606057.4,2927636,661135.1,4172169,801959,2012294,536713.6,596623.8,4264152,1110982,2154802,2089476,2340632,851503.5,3056767,362556.8,2428750,947995.5,1280205,1685538,1243879
Traumatic.Acid,59031.23,48156.67,11974.15,153763,26781.34,13171.99,35561.22,11248.51,47657.51,51459.13,14301.93,14831.88,23451.31,39205.97,15715.04,19599.78,106118.3,25214.54,50366.13,135952.9,45425.94,75470.84,93181.83,32405.83,52459.107,24417.82,121881.2,81427.75,23447.38,123964.8,14008.18,27337.25,62315.48,120406.3,25507.68,42084.04,76410.78,77969.83,57641.71,15380.5,15682.48,18265.12,69690.61,23360.82,40504.06,33739.28,30121.3,13654.31,40567.7,69433.76,9345.239,49026.8,74869.22,135092.8,64774.34,8480.652,12459.9
