L.Threonine,L.CARNITINE,ASPARTIC.ACID,DEOXYCARNITINE,L.Serine,XANTHINE,METHIONINE,X1.Methylxanthine,L.Proline,BETAINE,Succinic.acid,Nicotinic.acid,L.Histidine,Lysine,L.Glutamic.acid,N.Acetyl.D.glucosamine,L.Kynurenine,SARCOSINE,Orotic.acid,Trigonelline,Hypoxanthine,PYROGLUTAMIC.ACID,Malonic.acid,Adenine,CADAVERINE,CREATINE,Putrescine,X2.Aminoisobutyric.acid,X997.55.7,CREATININE,GLUCONIC.ACID,URATE,XANTHURENIC.ACID,Citric.acid,CYTOSINE,URACIL,L.Citrulline,ORNITHINE,L.Pyroglutamic.acid,X3.Hydroxyphenylacetic.acid,N.alpha.Acetyl.L.lysine,N1.Acetylspermidine,Urocanic.acid,ALPHA.GLUCOSE.1.PHOSPHATE,BETA.ALANINE,TRICARBALLYLIC.ACID,.gamma..Aminobutyric.acid,X1.3.7.TRIMETHYLURIC.ACID,D.pantothenic.acid,MALIC.ACID,X2.ISOPROPYLMALIC.ACID,Tyramine,N.Acetyl.D.phenylalanine,Methioninesulfoxide,X3..3.HYDROXYPHENYL.PROPIONIC.ACID,Ethylenediaminetetraacetic.acid,N..4.Methylpentanoyl.phenylalanine,X.E..Ferulic.acid,X4.Hydroxyphenethyl.alcohol,SN.GLYCERO.3.PHOSPHOCHOLINE,X3.4.Dihydroxybenzoic.acid,ADIPIC.ACID,N.Formyltryptophan,DL.alpha.Hydroxyglutaric.acid,TRYPTOPHAN,X1.Phenylethanol,UROCANATE,GLUTARIC.ACID,Ortophosphate,X4.Pyridoxic.acid,X5.Aminovaleric.acid,L.Tyrosine,D.Pipecolinic.acid,Glucuronic.acid,Dodecanedioic.acid,X3.Hydroxy.2...9Z.12Z..octadeca.9.12.dienoyloxy.propyl.2..trimethylazaniumyl.ethyl.phosphate,N.Acetyl.methionine,Acetyl.DL.carnitine,L.Isoleucine,Maltose,L.Alanyl.L.norleucine,X2.2...2.Hydroxyethylazanediyl.diacetic.acid,N.ACETYL.GLUTAMIC.ACID,Choline.chloride,Indole.3.aldehyde,Palmitoyl.ethanolamide,Deoxycholic.acid,PHENYLALANINE,X1.pentadecanoyl.2.hydroxy.sn.glycero.3.phosphocholine,X4.Hydroxyquinoline,X1.3.Dimethylurate,Gly.Leu,N.N.Dibutyl.N...3.chloro.2.methylphenyl.urea,Val.Thr,X1.Myristoyl.sn.glycero.3.phosphocholine,X5.Hydroxy.3.4.dihydro.2.1H..quinolinone,Acetyl.L.threonine,GLYCERIC.ACID,Hexadecyltrimethylammonium.cation,Pentadecylamine,Resedine,X4.Formyl.2.hydroxybenzoic.acid,X1.Pentanol,X3.Hydroxypicolinic.acid,X4.Hydroxybutanoic.acid.lactone,Asperlactone,Azelaic.acid..Not.validated.,Sebacic.acid,Tyr.Pro,X1.Heptadecanoyl.sn.glycero.3.phosphocholine,X2.Hydroxyimino.4.methylnitrosamino.1..3.pyridyl..1.butanone,N.Acetyl.DL.valine,Xanthosine,X2..Deoxyinosine,X2.3.Dihydroxy.2.methylbutanoic.acid,X3.4.Dihydro.3.oxo.2H..1.4..benzoxazin.2.ylacetic.acid,X4.Oxododecanedioic.acid,INDOLE.3.CARBOXALDEHYDE,X.R......beta.Hydroxybutyric.acid,X1.3.Dihydro..2H..indol.2.one,N.Acetyl.D.tryptophan,X.S...alpha..2.Hydroxyisocaproic.acid,X4.Hydroxy.6.methylnicotinic.acid,Kynurenic.acid,L..beta..Homomethionine,N.Methyltryptamine,Bestatin,Caffeine,X1.2.Dipentadecanoyl.sn.glycero.3.phosphocholine,X4.HYDROXYBENZALDEHYDE,N.N.N.Trimethyl.5...tricyclo.3.3.1.1.3.7..dec.1.ylmethyl.amino..1.pentanaminium.cation,N.ACETYLMURAMIC.ACID,Propamocarb,Tomatidine,X....Dihydrocervone,X1.Hexadecylamine,X3.Hydroxy.5.methyl.3..2.oxo.2..2.pyridinyl.ethyl..1.3.dihydro.2H.indol.2.one,X3.Sulfopropanoic.acid,X5.Aminopentanamide,Ala.Pro,N.Acetyltyramine,X.4.Bromo.1H.pyrazol.1.yl..3.methylphenyl.methanone,X1.O.Hexadecyl.2.O.acetyl.sn.glyceryl.3.phosphorylcholine,X2.Aminonicotinic.acid,L.Allothreonine,N.Isobutyl.3.methylbutanamide,X1.Stearoyl.2.hydroxy.sn.glycero.3.phosphocholine,DL.2.Hydroxyvaleric.acid.sodium.salt.hydrate,Tropic.acid,X.2.5.Dioxotetrahydrofuran.3.yl.acetic.acid,X5.Hydroxyindole.3.acetic.acid,Gly.Phe,Ile.Ile,Tetraethylene.glycol,X15.Deoxy..DELTA.12.14.prostaglandin.D2,X1.Oleoyl.2.palmitoyl.sn.glycero.3.phosphocholine,X2.6.Dihydroxy.4.methylbenzoic.acid,X5.VALEROLACTONE,Decanoylcarnitine,L.Leucyl.L.leucine.methyl.ester,X1..9Z.Octadecenoyl..sn.glycero.3.phosphocholine,X3.Aminoadipic.acid,X1.2.Diamino.2.methylpropane,Gallic.acid,N.Aceyl.L.tyrosine,Tryptamine,N..4.Bromophenyl.acrylamide,X.2Z..2...beta..D.Glucopyranosyloxy..3.phenyl.2.propenoic.acid,.alpha..Hyodeoxycholic.acid.methyl.ester,Arg.Leu,Hydroxysydonic.acid,N.Methyldodecylamine,Ile.Pro,Ser.Leu,D.....Ribonic.acid..gamma..lactone,N..4.Chlorobenzoyl.tryptophan,N.N.Dimethylaniline,Tetradecylamine,.beta..Gentiobiose,X3.Acetamidophenol,Guanidine,X1.5.Isoquinolinediol,X4.Ethylbenzoic.acid,D.erythro.N.stearoylsphingosine,dihydroferulic.acid,pantothenic.acid,p.Hydroxyphenyllactic.acid,X1.Palmitoyl.2.hydroxy.sn.glycero.3.phosphoethanolamine,Ser.Val,X1.Oleoyl.2.myristoyl.sn.glycero.3.phosphocholine,X1.2.Dipalmitoleoyl.sn.glycero.3.phosphocholine,X4.Penten.1.ol,X9..2..4.Morpholinyl.ethyl..9H.purin.6.ylamine,X3..4.Hydroxyphenyl.propionic.acid,X4.Methyl.5.thiazoleethanol,Hypaphorine,N.Acetylneuraminic.acid,X.E..3.4..Methylenedioxy.cinnamaldehyde,Leu.Ile,Phe.Val,X.2.Oxo.1.pyrrolidinyl.acetic.acid,X1.Palmitoyl.sn.glycero.3.phosphocholine,X3.Aminopyridine,X4.Hydroxy.4.methyl.2.pentanone,Catechol,Cotinine,DL..beta..Homophenylalanine,Benzyl.alcohol,Ile.Ala,N.Oleoylethanolamine,Pro.Leu,X2.Oleoyl.1.palmitoyl.sn.glycero.3.phosphocholine,Oleoyl.L.Carnitine,X1.5.Pentanediamine,X7..3.5.Dihydroxy.4..4.hydroxyphenyl..2.methoxyphenyl..3.methoxy.3.4.dihydrooxepine.2.5.dione,Phe.Ile,X2.HYDROXY.4..METHYLTHIO.BUTYRIC.ACID,Indolelactic.acid,L.Propionylcarnitine,X1.4.Cyclohexanedicarboxylic.acid,Enterolactone,Lys.Tyr,X3.Hydroxy.3.methylglutaric.acid,Deoxyuridine,Acetylaniline,Gln.Ile,Leucine,Linoleoylcarnitine,X3.4.Dihydroxyphenylacetic.acid,X4.HYDROXYBENZOIC.ACID,Indole.3.carbinol,Val.Asp,X2..3.Hydroxyphenyl.propanoic.acid,Inosine,N.Acetyl.L.leucine,X4.Methylpiperidine.1.carboximidamide,C16.Lactosyl.Ceramide..d18.1.16.0.,Phenylacetaldehyde,Ser.Tyr,X3.METHYLADIPIC.ACID,Cholic.Acid,Quinoline.2.4.diol,THYMINE,X....Riboflavin,X2.Mercaptobenzothiazole,X2.Methyl.N..4.Methylphenyl.alanine,X3..2.Nitro.1.propenyl.indole,X12.Ketodeoxycholic.acid,Aminomethylphosphonic.acid,Dihexadecyldimethylammonium.cation,d.Pro,Phe.Pro,Val.Glu,Hamamelitannin,Sebacic.acid.monomethyl.ester,X2.Amino.1.phenylethanol,X4.Cholestenone,Guanine,Lauryldimethylamine.Oxide,N.Oleoyl.D.erythro.sphingosylphosphorylcholine,Val.Ala,Ile.Glu,LACTIC.ACID,n.Octadecylamine,Salicylic.alcohol,Ala.Val,D.Pyroglutamic.acid,Val.Gly,X1.Hexadecyl.2..8Z.11Z.14Z.eicosatrienoyl..sn.glycero.3.phosphocholine,X2..1H.Pyrrol.1.yl.benzoic.acid,Cyclohexanesulfamic.acid,X1..2.8.Dihydroxyquinolin.5.yl.ethan.1.one,X5.Keto.D.gluconic.acid,Methyl.5.phenyl.1H.pyrazole.3.carboxylate,N..2.3.Dimethylphenyl..3.oxobutanamide,Stearoyl.L.carnitine,DL..beta..Hydroxypalmitic.acid,gamma.Glutamylphenylalanine,o.Hydroxyhippuric.acid,X3.5.Difluoro.4.formylbenzoic.acid,X5.Hydroxyindole,Aniline,Butin,PHENYLACETYL.GLUTAMINE,X2.Hydroxybenzenemethanol,Atropic.acid,X1.Amino.3.3.dimethyl.2.butanone,X4.6.Dihydroxypyrimidine,Caffeic.acid,O6.MeG,Bis.2.ethylhexyl..adipate,Undecanedioic.acid,Gln.Leu,PYRIDOXINE,X2.Hydroxy.3.isopropyl.6.methylbenzoic.acid,Laurylsulfuric.acid,Leu.Glu,X2.Phenylbutyramide,Quercetagetinidin.cation,X12.13.Dihydroxy.9Z.octadecenoic.acid,X2.Oxohexanedioic.acid,Demissidine,X2.HYDROXYBUTYRIC.ACID,X3.3..7.8.Tetramethoxyflavone,DL.3.Phenyllactic.acid,X2.Despiperidyl.2..5.carboxypentylamine.repaglinide,CocamidopropylBetaine,Picolinic.acid.N.oxide,Prohexadione,X15.Ketoprostaglandin.F2.alpha.,trans.Aconitic.acid,X2.alpha..Mannobiose,Diisopropyl.phosphate,Methyl.2...2.hydroxy.3.methylbutanoyl.amino..3.methylbutanoate,X.2E.4E..5..3.8.Dihydroxy.1.5.dimethyl.7.oxo.6.oxabicyclo.3.2.1.octan.8.yl..3.methylpenta.2.4.dienoic.acid,X3.METHYL.2.OXINDOLE,Diisooctyl.phthalate,MALEATE,X1..2.Hydroxyphenyl..3.phenyl.1.3.propanedione,X1..3.Bromopropyl.pyrrolidine,X2.Amino.4.methylpentanoic.acid.ethylamide,X5.Phenylisoxazol.3.ol,Quinoline.2.8.diol,Sarsasapogenin,Glu.Ile.Lys,Hexaethylene.glycol,Isovalerophenone,X11..3.Methoxybenzyl..4.piperidinylamine,X1.Butyl.2.methylindole,Phe.Asp,theophylline,X3.5.Dimethoxy.4.hydroxycinnamic.acid,X4.Nitroanisole,Gln.Pro,m.Toluidine,Suberic.acid,X3.HYDROXYCINNAMIC.ACID,X4.ACETAMIDOBUTANOIC.ACID,Pro.Asp,X.1S.3R..1.Aminocyclopentane.1.3.dicarboxylic.acid,X2..4..Acetylamino.phenyl..4.quinolinecarboxylic.acid,X2.Hydroxystearate,X2.Pentenedioic.acid..2.octyl.,Methacholine.cation,Val.Val,X1.7.Dimethyluric.acid,X2..4.Morpholinyl.benzaldehyde,C12.AE1S..TENTATIVE.,N.Cyclohexyl.N...tetrahydro.2.furanylmethyl.urea,X3..Carboxymethyl..1..beta..D.glucopyranosyl.1H.indole,Leu.Ser,.beta..Alanylleucine,X1..4.Bromophenyl..2..9H.purin.6.ylsulfanyl.ethanol,X3.Isopropylmalic.acid,Ile.Val,Selfotel,Bicine,X1.4.Cyclohexanedione,X2.Keto.3.deoxyoctonic.acid,X6.Methoxy.2.2.dimethyl.4.chromanol,Octyl..alpha..ketoglutarate,Ser.Phe,X2..Hydroxymethyl..6.methylpyridin.3.ol,X3..1.Isobutyl.1H.tetraazol.5.yl.aniline,Thr.Glu,Thr.Pro,X2.Hydroxy.3..1H.indol.3.yl.butanoic.acid,X5..2.Chlorobenzyl..1.3.thiazol.2.amine,X6.O...2Z..3..4.Hydroxy.3.methoxyphenyl.prop.2.enoyl...beta..D.fructofuranosyl.6.O.acetyl..alpha..D.glucopyranoside,Leu.ala,S.Allyl.L.Cysteine,Tetradecanedioic.acid,Epitestosterone.sulfate,N..2.Chlorophenyl..3.phenyl.2.propenamide,X2.Amino.3.hydroxy.3..4.methoxyphenyl.propanoic.acid,X3.Hydroxypyridine,Deoxykhivorin,DL.Octopamine,Erucamide,X1.Acetyl.4.piperidinecarboxylic.acid,X1.Hexadecyl.sn.glycero.3.phosphocholine,alpha.Naphthoflavone,L.Arginine,X.2S..2.Amino.3.methyl.1..pyrrolidin.1.yl.butan.1.one,X1.Tetrahydro.3.furanyl.4.piperidinamine,N.alpha..Acetyl.L.lysine,X2..2.Butoxyethoxy.acetic.acid,Diethyl.pyridine.2.4.dicarboxylate,X3..Deoxyguanosine,Asn.Ile,Erlose,X1..1Z.Hexadecenyl..sn.glycero.3.phosphocholine,Silodosin,X6.Phenyl.1..4.pyridinylmethyl..1H.pyrazolo.3.4.b.pyridine.4.carboxylic.acid,Dodecanoic.acid..12....cyclohexylamino.carbonyl.amino..,X7.Geranyloxy.1.3.dihydroxyxanthone,Glu.Glu.Lys,Glu.Pro,indole.3.propionic.acid,Quinoline.2.carboxylic.acid,Thr.Leu,X.3.Oxo.2.3.dihydro.4H.1.4.benzoxazin.4.yl.acetic.acid,X4.Chlorobenzoic.acid,Tschimganidin,X.2R..6.Oxo.2.piperidinecarboxylic.acid,X3.3.Dimethylglutaric.acid,X6.Oxooctadecanoic.acid,Chelidonic.acid,Eglumegad,Oleamide,X1..Piperidin.4.yl.ethan.1.ol,X2..4.Bromobenzoyl.benzoic.acid,C10.LAS..TENTATIVE.,DL.Leu.DL.Val,X1.Stearoyl.2.arachidonoyl.sn.glycero.3.phospho..1..myo.inositol.,X8.Hydroxyquinoline.5.carboxylic.acid,Glutamylleucine,N.Decyl.N.N.dimethyl.1.decanaminium.cation,X5.Fluoroindole.2.carboxylic.acid,Glycyl.L.proline,Val.Pro,X1.2.Di..9Z.12Z.15Z.octadecatrienoyl..sn.glycero.3.phosphocholine,His.Ile,Tyr.Thr,X3.Methylpyrrole.2.4.dicarboxylic.Acid,X4.alpha..Mannobiose,X.2R..Amino.4.hydroxyphenyl.ethanoic.acid,X2..4.Chlorophenyl..1H.benzimidazole.5.carboxylic.acid,X9.11.Methane.epoxyprostaglandin.F1.alpha.,D.....Quinic.acid,Ganoderic.acid.H,Ile.Thr,N.Acetyl..beta..D.mannosamine,X1.4.D.Xylobiose,X1.Linoleoyl.sn.glycero.3.phosphorylcholine,X3..Dimethylamino.propiophenone,Gln.Glu,Isoprocarb,Val.Phe,Demethoxycurcumin,Guanosine,Heptadecanoyl.Ethanolamide,Piperine,X1..4.Hydroxy.3..3.methylbut.2.enyl.phenyl.ethanone,X2...2.Methoxy.2.oxoethyl.amino.benzoic.acid,Asp.Ile,Endothal,X2.Cyanoamino.4.6.dihydroxypyrimidine,X3..Galactosyllactose,gamma.Glutamylmethionine,N..3.Acetylphenyl..N...1.methyl.1H.pyrazol.3.yl.thiourea,N.Nervonoyl.D.erythro.sphingosylphosphorylcholine,.alpha..D.Xylopyranose,X1..3.5.Dihydroxyphenyl..2...1.1.dimethylethyl.amino.ethanone,X17.beta..Methyl.epi.testosterone,X3.Allyl.4.hydroxy.5.methoxybenzaldehyde,X6.Heptynoic.acid,Palmitoyl.sphingomyelin,Stearamide,D.....Cellobiose,Tetradonium.cation,Traumatic.Acid
1040000,320000,1780000,5800000,640000,44700,4890000,165000,8620000,152000,419000,728000,91500,1690000,4830000,888000,1400000,1400000,717000,240000,5230000,3850000,10400,3010,18000,70400,160000,313000,59700,491000,122000,7330,80300,135000,27600,571000,433000,482000,22600,54200,170000,552000,393000,76700,287000,48700,71100,1370,710000,2680000,20300,697000,369000,801000,250000,2710,2370000,456000,1540000,2250,93800,263000,999000,143000,1470000,76300,1590000,952000,6600000,1020000,8810000,1940000,498000,3150000,388000,13500,344000,37500,22100000,189000,31200,7930,52100,1580000,246000,152000,274000,11600000,13300,214000,6160,157000,187000,15700,8130,222000,48000,136000,28500000,1070000,6100000,22000,17200,88600,216000,531000,316000,276000,129000,8390,180000,152000,2110000,32300,21000,14000000,48800,62900,25600,17900,565000,659000,42400,499000,688000,144000,44900,848,5230,531000,34300,178000,574000,2220,99800,53300,322000,3160000,213000,273000,7370,222000,5410,843000,149000,210000,22200,275000,156000,1850000,691000,37200,77300,463000,38000,32300,11600,94300,1720,18500,24100,892000,1580000,4860,171000,50200,482000,69400,206000,64000,59100,208000,663000,39400,275000,53800,44800,597000,113000,78000,136000,293000,34100,618000,212000,92200,99900,594000,12500,9890,6930,331000,158000,16700,181000,11700,48000,192000,48400,15000,115000,161000,160000,592000,26400,936,15200,148000,27100,65100,32000,3640,5080,52700,47500,14100,61900,9740,8480,133000,143000,7500,42600,57700,51500,32000,60400,2730,43600,44800,144000,15500,12400,23900,101000,146000,7270,71500,20800,76200,8800,4710,579000,33600,69800,18300,88700,42600,641000,1130000,66100,134000,66600,61200,19100,43500,1620000,8090,62400,3890,27800,42800,1110000,19700,8510,31100,131000,37500,10700,15700,13200,325000,40700,1630,4930,25300,756000,64100,18800,22200,36000,6520,7190,1750,25300,143000,337000,1950000,32700,92400,129000,65800,22800,41300,33000,23600,81000,706,47400,65000,141000,501000,15000,2670,26500,27300,60200,18800,7840,7480,80700,75700,117000,3100,12200,377000,24800,515000,78000,101000,117000,5120,2160000,28400,2970,75000,229000,13500,37300,4090,149000,10900,33400,4640,72600,139000,49500,10000,231000,13100,24400,505000,48400,3300000,22800,2200,1270,21900,148000,96700,18000,879000,3920,45100,144000,114000,119000,37500,158000,7260,31100,3360,58200,45100,104000,19500,2650,97400,54200,11500,57600,18000,164000,356000,4350,21800,390000,11900,648000,9440,13400,34000,21500,62000,2550,3520,12900,10500,5030,16700,9890,13600,2350,46700,51700,824000,8730,11600,5510,118000,53000,26700,184000,294000,61900,3610,120000,216000,11600,51400,484000,70400,36600,15200,630,170000,24800,2530,50700,43600,55300,516,6600,7270,6710,66800,44500,1430,140000,27200,942000,26400,242000,19800,2770,20100,19000,92800,20800,4800,2820,1070,441,19900,21300,22700,40400,6580000,5990,45400,44500,1080,208000,17600,52900,24300,38700,4820,346000,49500,1090000,59000
539000,83100,428000,2810000,216000,56000,6950000,251000,9140000,1270000,3040000,1100000,97700,1050000,256000,53500,1050000,876000,487000,361000,7110000,1580000,12500,5320,37300,161000,170000,2530000,85200,321000,400000,38600,118000,201000,58500,908000,366000,245000,26100,85900,298000,345000,272000,3580,94200,8750,949000,13400,872000,1760000,54800,5750000,129000,399000,2760000,3110,2290000,222000,11600000,3350,170000,202000,1820000,2060000,2800000,996000,1190000,668000,762000,1130000,10200000,328000,329000,2040000,927000,26300,528000,7690,20400000,119000,239000,4020,23000,1290000,346000,986000,195000,14600000,8900,212000,425000,614000,231000,99900,4790,315000,134000,131000,20800000,2310000,8400000,14900,11700,103000,1000000,143000,510000,346000,348000,4390,37300,85800,3170000,114000,314000,9540000,93000,155000,131000,94900,623000,15800000,50700,450000,1010000,433000,24800,8780,1180,143000,71100,4860,613000,99800,129000,31700,296000,1620000,2170000,774000,82000,60500,4890,1050000,224000,175000,8290,4830000,218000,175000,891000,176000,747000,405000,94100,26000,23400,125000,8020,53300,26800,192000,1950000,17500,36700,159000,633000,188000,172000,173000,60000,119000,870000,217000,1000000,98300,328000,475000,43700,69100,435000,400000,36400,698000,621000,202000,312000,342000,36400,7680,5550,261000,121000,16700,265000,16800,98300,54100,265000,80000,21600,64500,3760,657000,25200,183,59400,43300,220000,465000,39100,2560,6480,91700,134000,65800,1060000,116000,7830,157000,546000,47900,141000,144000,41800,131000,22600,3740,33300,55200,270000,120000,56000,211000,43700,115000,2720,657000,30600,72400,31500,5670,570000,102000,180000,173000,171000,120000,572000,969000,154000,223000,652000,134000,23100,26800,662000,34400,58900,2530,149000,359000,54600,5900,9420,393000,62400,342000,1690,29800,21500,239000,92200,2500,59900,4230,334000,184000,16900,65500,31400,676000,19500,2030,7670,140000,255000,1560000,64300,79000,75500,52000,66700,87800,409000,28500,150000,45400,24600,268000,29600,17700,118000,1860,296000,55600,61000,39400,52500,63400,549000,31100,91800,76400,39500,304000,21200,341000,56000,76900,153000,8920,2010000,28800,13400,94200,332000,24700,67400,18300,15000,10600,44300,19300,106000,136000,8910,3150,232000,78100,31300,427000,121000,1380000,59300,75700,91800,2120,125000,37400,152000,750000,13900,26300,1180000,45500,26800,32900,137000,4900,313000,11200,77100,32900,173000,55900,20800,86500,46700,63100,13400,42300,41000,508000,15700,27700,480000,26300,46700,44000,8430,49500,8530,53200,2440,9690,9290,11800,56200,45900,51800,10300,68500,468000,46500,991000,76600,50500,26000,162000,426000,30600,95200,251000,16000,4330,108000,34700,87600,24800,453000,10000,9140,79100,329,131000,88900,3010,28300,29600,71000,416,45900,14500,14900,23900,41800,1480,64600,115000,1160000,153000,16200,9420,4830,68100,25400,75000,57500,2630,26900,2000,466,9070,47500,31000,56400,6490000,99000,59300,42600,1260,119000,303000,12400,30000,28100,3260,453000,22100,1590000,48200
858000,137000,731000,1020000,111000,35600,6730000,207000,10800000,149000,2630000,854000,115000,1220000,4210000,26700,798000,1950000,360000,84700,6680000,2390000,23000,59500,38200,11200,218000,1140000,78500,8920,155000,12900,34600,273000,151000,973000,295000,324000,20500,121000,410000,472000,90700,4820,158000,8700,389000,5120,784000,560000,562000,4800000,143000,515000,2910000,8130,1790000,25600,10100000,5000,55600,196000,1030000,3470000,1510000,895000,547000,898000,1660000,902000,10500000,287000,371000,1900000,594000,24000,490000,10400,21000000,51500,212000,7120,192000,2240000,367000,138000,1290000,13900000,10300,215000,109000,420000,144000,34700,5990,489000,120000,70800,20900000,629000,7900000,18500,14200,44400,397000,102000,566000,350000,154000,11900,17600,70600,2700000,71300,822000,9050000,101000,162000,207000,103000,345000,16600000,79700,484000,963000,647000,29600,5270,3240,102000,53800,3920,562000,1160,113000,43500,252000,3040000,1050000,560000,54100,42300,5450,462000,217000,182000,13500,5100000,197000,223000,769000,114000,300000,308000,53300,28900,22200,87300,8600,81100,35600,765000,2030000,4660,41500,241000,557000,179000,648000,94200,21500,173000,777000,111000,1100000,59400,189000,433000,36100,57600,202000,403000,23800,164000,792000,180000,168000,932000,20300,8000,6420,267000,190000,12500,349000,188000,405000,35800,148000,68000,20400,255000,2530,812000,31200,1930,35200,30800,208000,65500,17200,2250,5090,99000,57800,55400,1330000,88600,5900,140000,144000,36600,96500,62900,33500,124000,34600,4950,27300,48700,245000,75400,56100,56000,85000,125000,2750,538000,26600,60000,18500,10500,459000,80800,30900,128000,107000,569000,796000,408000,149000,99200,372000,42100,22200,14100,209000,17700,55200,2810,176000,197000,96400,9750,1500,277000,110000,184000,2680,17000,11100,230000,76000,5940,21100,28000,480000,222000,5150,66500,14700,344000,10600,1650,6400,112000,266000,1540000,21500,73500,101000,55000,53600,64000,266000,20500,150000,23600,27800,161000,36300,2500,184000,2350,307000,78000,59200,21000,34300,11300,850000,21000,92100,67100,7650,221000,19200,106000,59000,131000,214000,10900,2150000,12700,13000,50300,299000,7630,37300,28400,17200,3040,89100,33100,91300,129000,7050,25000,212000,11000,20400,439000,52200,1730000,26500,10100,41800,2710,126000,63500,41100,1490000,5330,30000,356000,47400,45000,38600,145000,3290,267000,13200,56500,35500,151000,33300,24900,128000,5770,51900,34400,34000,22200,476000,14100,8340,1230000,16500,102000,11700,12900,29600,13500,62300,3630,7600,15800,11800,44500,42000,73600,12800,57700,485000,58100,366000,26600,59900,6330,129000,153000,35900,175000,171000,27500,7050,40600,122000,36100,29600,362000,5240,19400,30900,0,108000,105000,2710,3010,17400,42900,1170,53100,7010,10600,24000,27300,633,203000,55600,2190000,140000,13000,7680,3900,50900,45100,83800,57600,3410,13600,1120,516,17700,22000,58700,77500,3960000,45100,64700,34500,1050,108000,36500,96200,22800,33700,3080,262000,25500,513000,12000
779000,332000,721000,5320000,263000,84800,7890000,234000,9130000,94400,866000,1810000,247000,734000,2900000,722000,925000,830000,767000,148000,8550000,1250000,38000,86700,30900,5750,97100,1100000,258000,7910,556000,25700,127000,410000,143000,1360000,294000,198000,27600,122000,247000,495000,772000,25200,147000,55300,409000,46000,1230000,3710000,60700,559000,317000,500000,838000,3170,2770000,616000,1330000,4840,46400,235000,2680000,820000,3950000,8500,2500000,1330000,2460000,1500000,11900000,4670000,228000,1720000,370000,41700,734000,13300,20400000,583000,405000,4260,69200,781000,352000,67400,1320000,16400000,16200,283000,126000,341000,99400,104000,5600,961000,156000,180000,15900000,1200000,9760000,13600,10100,193000,496000,52400,466000,653000,300000,10500,65000,127000,2410000,99200,34700,8260000,21100,148000,47900,60700,917000,3710000,50800,331000,1180000,476000,50400,8230,1380,1040000,3650,393000,153000,546000,123000,30100,231000,813000,552000,612000,5430,456000,4580,2780000,271000,145000,7130,1340000,267000,1180000,627000,87400,481000,266000,29700,22800,17100,101000,5690,166000,41100,575000,2570000,4360,152000,169000,459000,63200,619000,105000,14500,90900,1530000,129000,209000,139000,611000,395000,141000,54500,206000,271000,50600,211000,361000,364000,306000,207000,26200,6730,5860,392000,149000,11200,399000,26200,176000,396000,353000,112000,95100,179000,2650,663000,32300,1120,139000,322000,365000,45100,20300,1420,3810,71300,132000,115000,311000,35800,14800,155000,373000,45700,85000,91400,37800,115000,47600,2020,39000,138000,174000,116000,12600,18300,110000,91700,1740,65800,28700,58800,50800,48400,658000,223000,15000,253000,251000,274000,395000,462000,161000,221000,243000,33000,24900,91100,407000,7830,53700,4070,255000,235000,1330000,5560,2280,261000,33400,186000,2740,43800,2860,272000,21500,2070,170000,5260,685000,320000,61500,63600,24600,958000,22500,2400,50100,175000,183000,2450000,54000,100000,66700,50500,52700,9250,116000,13000,275000,81400,25100,122000,25600,27300,50400,16600,95000,75800,68300,44000,200000,11600,240000,189000,71700,62100,92900,276000,17500,695000,102000,251000,169000,25600,1490000,27800,15200,39300,416000,21800,94800,50100,154000,17700,35600,18800,128000,103000,117000,59800,431000,90700,27500,355000,5500,3040000,150000,11500,160000,2720,81100,105000,81900,236000,9230,18700,688000,26300,43700,30100,161000,7860,74300,27200,82000,41900,173000,111000,61500,57100,117000,83300,18100,46000,38700,617000,11600,50300,35800,31600,52000,12200,14200,1180000,15700,94100,7390,8600,8500,15200,12700,71900,31600,6750,124000,451000,29200,419000,38000,48500,60400,108000,254000,27300,48400,159000,109000,7780,192000,57600,49600,17100,41600,72900,5040,30200,267,109000,135000,3150,82600,40100,72800,1080,78700,19600,71300,110000,141000,675,14100,206000,60400,115000,212000,7730,4930,84800,26700,65000,72200,2390,5470,1170,0,5830,35300,88300,60800,6350000,17900,168000,31900,1320,141000,31600,150000,18900,22100,2180,219000,72600,840000,154000
180000,54700,175000,2340000,956000,83100,2180000,233000,9450000,156000,561000,341000,67300,1040000,2010000,33600,29500,869000,388000,63900,6690000,1790000,8500,4670,20700,12500,37100,674000,30200,17000,429000,13000,67600,190000,33000,563000,916000,171000,28000,209000,398000,196000,428000,3400,119000,17900,119000,21200,364000,1820000,30700,141000,796000,1250000,1180000,2750,3100000,491000,312000,16700,5350,523000,852000,99500,1250000,174000,1290000,138000,359000,2050000,10700000,4250000,319000,1360000,2100000,111000,73200,15300,23700000,74500,213000,4590,132000,1520000,423000,280000,796000,14600000,15000,42400,3090,261000,107000,24800,9800,1570000,463000,131000,26300000,3660000,8240000,17800,15800,56500,156000,756000,2400000,1270000,27600,17800,53500,291000,2920000,416000,30500,258000,184000,211000,100000,712000,522000,9810000,106000,4670,332000,3480000,85100,4760,1390,756000,7680,4840,197000,9460,141000,46500,13300,368000,500000,115000,15000,322000,63000,812000,80900,171000,25500,1490000,208000,694000,32900,60300,114000,697000,46800,30600,80800,395000,2380,27900,121000,369000,1970000,5550,397000,1140000,31600,74900,443000,327000,36500,152000,490000,98600,2170000,48000,504000,546000,16200,5420,427000,11100,115000,192000,86500,26000,95200,493000,35000,8520,5120,353000,159000,105000,413000,21100,82900,287000,152000,67900,10600,551000,52400,707000,22700,1060,90500,225000,115000,75300,16200,3780,6180,61500,36300,69100,32400,3920,6240,310000,1170000,29200,66400,346000,10100,71200,118000,7510,70400,450000,94800,24500,41000,94100,165000,131000,5300,13900,28700,456000,7930,4260,1280000,106000,3380,172000,83100,531000,480000,1830000,51200,38500,142000,3550,23900,72800,199000,40900,70000,3000,88200,92700,60900,18300,8150,109000,26800,71000,2580,13700,41900,267000,19000,1760,21400,5350,282000,75000,8870,92500,6060,1850000,8910,3420,35200,197000,266000,2020000,125000,70700,101000,178000,47300,94400,24500,27300,112000,50900,7500,96900,434000,7430,9470,3100,88400,66000,68500,14400,152000,9180,54200,14300,93300,84000,64800,16600,20100,353000,135000,6680,16800,6770,107000,411000,6790,51900,311000,12300,31000,15200,4170,16200,76800,11500,98000,333000,110000,48300,454000,6230,2380,495000,104000,719000,57200,5120,99600,4290,151000,6850,43400,149000,20900,49000,311000,83300,29600,42700,58200,8770,19500,25900,139000,36400,55500,47300,7380,72000,67600,68900,10100,37500,81600,488000,15300,20800,3650000,11600,104000,78100,18300,0,15500,82600,1240,10600,15400,14000,46200,74900,56300,20200,72400,3670000,38500,474000,15400,14800,4330,2750,135000,37200,20800,440000,4050,7620,39800,9910,94900,27600,38100,4730,15200,21700,0,4530,48700,7500,59300,4820,37200,870,42700,10600,6550,11900,38300,9110,185000,186000,2060000,41600,12300,11300,5660,106000,24600,92100,43500,15900,11100,1140,0,16500,3750,21300,67200,7950000,163000,28400,1900,2400,98500,32100,132000,32300,31700,4290,821000,18600,3020000,26800
741000,244000,883000,4430000,748000,82000,5460000,196000,9240000,214000,294000,800000,96800,1170000,325000,1910000,44000,1070000,1300000,391000,7070000,3290000,56400,65400,149000,22300,164000,3960000,68600,23200,1950000,17900,142000,948000,80300,642000,476000,240000,18600,265000,287000,371000,345000,22500,176000,21000,1350000,284000,844000,4160000,25000,66200,264000,568000,2100000,13700,2350000,1570000,140000,5440,124000,430000,1130000,252000,1680000,20700,1160000,178000,1960000,2000000,9590000,3530000,361000,7190000,1100000,23700,715000,9200,20300000,502000,142000,3210,24000,1440000,200000,87800,805000,12100000,18800,110000,6710,421000,83700,68600,6100,6380000,100000,675000,20000000,1480000,6820000,17200,12100,314000,1480000,637000,1170000,1260000,81300,11200,181000,95400,2500000,446000,152000,568000,123000,101000,284000,105000,663000,590000,80300,9460,794000,798000,27200,13000,2250,637000,6020,217000,449000,4020,166000,39800,10200,596000,1660000,315000,6490,272000,2910,763000,174000,157000,11000,259000,171000,523000,86800,87000,206000,892000,62100,28700,16400,268000,2450,68500,47900,256000,1820000,4400,125000,310000,23100,117000,456000,167000,34000,127000,557000,110000,724000,60600,267000,330000,152000,2830,328000,10300,131000,45000,80600,151000,108000,403000,73100,6390,5350,323000,150000,239000,422000,7440,1050000,246000,181000,43800,235000,134000,659000,670000,27000,772,81100,187000,132000,59800,18200,1900,3460,345000,110000,40100,82700,7610,10600,262000,1260000,30500,77900,230000,8040,95600,39300,2590,51800,146000,1280000,40000,187000,235000,66600,117000,1840,6300,50000,172000,13200,267000,806000,113000,3920,128000,98200,286000,601000,612000,97000,74300,121000,80700,23400,27700,154000,25200,55300,2510,92700,91100,1130000,8330,18200,131000,93600,99500,1330,18700,13200,428000,290000,2380,74300,26400,646000,185000,4460,24600,7400,837000,8750,2610,26700,140000,243000,2360000,202000,105000,79300,97700,68700,65900,86200,396000,252000,29100,8990,150000,301000,4440000,20200,2260,63900,63700,66600,42800,131000,9720,114000,87400,83900,94200,56300,38700,18900,771000,96400,32800,21500,93200,191000,140000,11500,82500,262000,14000,43400,17500,105000,19400,73400,12300,76700,219000,82900,8850,362000,10700,2060,388000,43400,2660000,195000,4230,73800,2390,130000,38100,57000,1050000,22500,35600,510000,51800,12200,34100,225000,18500,11700,15300,96300,36600,147000,77900,60500,89100,224000,71200,11000,36900,118000,411000,19600,48900,196000,10400,57900,47500,11900,240000,22100,30500,1300,8940,14900,21200,30300,53900,17300,50900,9940,2400000,66300,449000,13700,21500,7980,3120,146000,47600,36700,549000,65400,7400,74600,19200,31900,22800,186000,105000,78300,39300,0,5260,50100,3090,187000,67400,51700,1130,27400,17100,37200,123000,36700,787,41800,107000,946000,75400,605000,28700,3060,61100,26500,83200,47600,28000,14900,2320,319,12900,2180,33500,26900,7350000,8790,82200,1610,1360,392000,21100,103000,39900,30300,4240,369000,64200,1040000,13200
612000,94400,1050000,3940000,448000,71500,6180000,184000,6700000,182000,851000,1650000,434000,866000,83200,593000,264000,501000,988000,144000,8340000,2580000,12900,77500,407000,11900,169000,2430000,139000,40700,1800000,14000,35000,1010000,170000,969000,443000,173000,50300,120000,140000,338000,561000,45500,173000,22400,915000,37700,1580000,4240000,28500,589000,292000,549000,383000,2540,3460000,465000,1350000,7130,367000,325000,2060000,90200,3120000,12800,1390000,437000,1720000,793000,9950000,4730000,278000,5780000,589000,109000,621000,21600,20400000,1330000,387000,4380,9350,1720000,166000,709000,1480000,14600000,13600,95900,707000,834000,169000,286000,7800,290000,134000,243000,19000000,3480000,8400000,17200,13500,538000,989000,820000,596000,486000,541000,7940,194000,129000,1880000,222000,107000,3940000,103000,43400,54900,77600,1030000,1050000,80600,96200,893000,240000,36100,4790,1970,820000,42500,242000,179000,12800,51000,38200,132000,1530000,592000,1450000,17700,364000,3870,1180000,195000,167000,7980,503000,220000,505000,114000,184000,588000,322000,32800,25700,79500,229000,3630,74400,157000,193000,1930000,24900,120000,78600,76800,29500,721000,298000,89500,145000,1920000,424000,178000,111000,461000,380000,294000,31400,426000,105000,59300,112000,100000,420000,100000,279000,173000,7150,4060,347000,124000,25400,288000,1130000,46200,317000,532000,126000,79300,255000,73300,476000,52700,982,59000,237000,234000,435000,23000,2540,5720,843000,38000,113000,56500,8880,23700,208000,613000,57800,157000,203000,15100,194000,35200,5360,42100,83900,159000,183000,12400,274000,70900,107000,1190,65400,90800,75100,78900,10600,728000,110000,138000,186000,182000,231000,488000,905000,295000,341000,406000,213000,22800,39900,285000,21100,51100,2190,171000,182000,68900,8490,6710,540000,57900,303000,1330,32400,8460,109000,139000,31800,90200,23500,523000,114000,9110,74800,12900,1790000,8090,2740,37400,205000,223000,3220000,132000,130000,87600,75100,153000,17700,120000,23800,195000,50100,15900,91200,30400,4620000,12800,2240,35800,49500,57400,67800,99700,10500,70100,157000,88500,174000,73900,68900,18800,810000,95900,53600,24900,7410,449000,22900,31900,66100,346000,28900,74900,24900,78200,19800,51800,26800,100000,208000,115000,6320,548000,21100,9430,381000,41600,1440000,361000,88800,119000,2820,129000,38000,140000,159000,15600,36300,1270000,59600,11900,33000,74100,4640,30200,29900,41600,76500,113000,355000,19300,73400,58300,114000,37600,42100,35700,526000,7740,95200,641000,40400,49300,25200,13700,95500,44400,50100,6200,16500,12500,33400,45700,126000,28500,11600,57100,461000,46400,1220000,109000,67200,21000,19300,427000,87800,94000,167000,71700,8490,372000,64200,39400,24800,378000,155000,28600,97600,0,49900,126000,4020,53000,73800,244000,1570,106000,23000,77400,171000,75300,243000,51800,119000,592000,120000,164000,14700,4260,74100,27200,72200,114000,4600,17700,2540,1160,12100,13100,119000,23100,6730000,44900,130000,18600,299,326000,43200,302000,22000,29000,3270,626000,122000,2300000,35600
249000,757000,674000,2430000,230000,58300,4020000,205000,15200000,125000,2700000,1480000,31700,1550000,3050000,45500,34300,930000,1100000,67500,8650000,4380000,53000,103000,15400,53500,144000,973000,124000,105000,252000,42100,119000,2680000,64700,1130000,841000,348000,24600,109000,425000,3110,360000,10600,132000,27000,70300,145000,1180000,988000,3400000,11700,180000,216000,1880000,15800,1080000,605000,23000,62000,11300,313000,1210000,2110000,1780000,197000,1970000,313000,2760000,1960000,7300000,3370,473000,829000,371000,681000,87000,140000,16100000,185000,322000,5720,88900,5390000,91700,168000,1250000,11000000,91000,82500,7880,246000,268000,16500,32700,2460000,293000,136000,26500000,1430000,5860000,21100,16700,86700,128000,7700,574000,688000,62500,25600,39100,25700,1800000,75000,360000,532000,27300,78800,9860,250000,393000,17100000,89000,19000,585000,1430000,35000,9670,4610,6550,3650,10600,269000,4940000,344000,43300,17000,202000,3690000,203000,66200,2710,9500,1570000,147000,213000,24900,4390000,148000,31500,110000,61300,176000,601000,44000,37300,8700,261000,3060,74100,551000,491000,1320000,3820,56600,532000,31600,131000,757000,87900,44500,146000,195000,31400,726000,72500,146000,658000,66900,5930,411000,19900,10900,90700,1660000,309000,365000,902000,1310,10100,11100,9550,220000,51600,459000,16900,1050000,258,297000,82200,31600,343000,149000,1120000,10300,3150,17900,262000,217000,58400,28400,8360,10800,47500,226000,82700,533000,55100,119000,214000,657000,20200,666000,21100,10100,75800,7310,4870,38600,224000,241000,37200,37400,200000,17700,154000,3560,1770,17600,775000,18700,158000,879000,193000,3830,291000,119000,533000,762000,773000,47200,87900,161000,7950,54100,10800,303000,28600,82900,24000,157000,169000,71800,7590,1790,5890,46000,79400,2640,21000,6780,460000,18500,1390,365000,4510,951000,333000,4750,67700,8130,3190000,27900,5370,31800,71000,309000,1780000,83900,156000,109000,45900,28700,198000,5430,43900,203000,36600,13100,95600,131000,581000,118000,2440,203000,185000,90700,43300,183000,20500,619000,42400,126000,2190,45700,28900,28400,186000,138000,8460,26400,54900,342000,74000,1520,180000,223000,12700,45500,20500,17500,15400,147000,34200,73800,140000,354,1210,607000,42700,2420,606000,17800,1460000,205000,5490,331000,17000,181000,8280,30100,942000,17400,60800,203000,12000,26600,45800,126000,11800,5460,16100,123000,125000,135000,3920,52100,115000,145000,45700,14500,17200,255000,336000,18800,21200,375000,13600,120000,31300,22300,5920,245,103000,1000,50.6,10900,51700,11100,34800,57800,35200,85400,2170000,70600,569000,19100,69600,8800,4420,130000,88900,11300,377000,47400,2320,75400,7970,76500,36700,295000,17700,12100,21000,0,5790,46900,4270,78900,12700,10400,2740,1380,10000,16400,46700,26000,2000,34900,348000,224000,92100,15800,18100,8360,212000,112000,98100,48700,7090,6250,1380000,463,19800,4930,19000,60000,3550000,56500,89000,2810,2560,61700,66200,136000,53300,39500,8480,350000,23200,1250000,11200
712000,126000,710000,6130000,299000,50900,6350000,231000,8660000,136000,3670,1570000,275000,854000,2430000,444000,2110000,926000,920000,180000,8240000,19900,22800,83700,195000,10500,165000,1380000,136000,16200,266000,29300,182000,1300000,198000,1030000,420000,208000,716,57600,239000,658000,558000,6230,135000,51800,496000,1340,1270000,4070000,55300,95500,415000,859000,1190000,3310,2410000,585000,227000,3410,28900,340000,1180000,385000,1720000,6730,1780000,612000,2720000,1470000,10600000,11100,264000,4540000,372000,34800,637000,6710,20900000,129000,206000,5200,94800,1190000,729000,384000,2260000,14000000,11500,176000,4510,392000,118000,92200,5190,326000,1600,229000,21400000,1900000,8110000,14700,11100,853000,604000,789000,859000,521000,191000,8370,27200,255000,2820000,141000,72400,13600000,49400,253000,3720,12500,575000,4060000,51200,493000,903000,315000,49700,1060,2550,789000,62100,293000,201000,50600,152000,39200,590000,506000,3460000,510000,23700,347000,4990,1650000,210000,142000,12000,1400000,208000,16300,1150000,80900,491000,211000,22800,27500,42600,255000,6310,48600,30400,541000,2110000,742,215000,110000,846000,88300,934000,112000,50900,115000,785000,127000,486000,63700,24000,489000,37800,139000,278000,701000,67600,1220000,600000,339000,475000,913000,1520,6990,4770,347000,161000,38700,374000,10600,183000,306000,248000,71900,75000,155000,129000,638000,9550,1240,6100,241000,286000,143000,18900,3230,4100,441000,57900,57500,314000,16200,17900,176000,797000,59500,23600,923,58000,83500,91500,2660,41100,69400,177000,455000,19200,3410,225000,109000,4740,10600,43600,104000,34500,10800,16800,123000,21400,11900,264000,329000,495000,1140000,125000,150000,357000,22800,30000,52000,1380000,13600,53000,3110,265000,251000,503000,8790,1370,24700,170000,218000,3340,20100,3640,363000,131000,1850,4710,3570,963000,267000,7630,87900,75100,5410,30300,2200,38000,155000,231000,2150000,11900,87400,78800,71300,55700,28300,1380000,47600,338000,3820,24800,163000,48500,226000,25800,2010,127000,44300,51000,166000,14500,13200,147000,29600,82800,93600,41300,579000,18800,754000,75300,145000,112000,10100,2250000,18500,16300,36000,327000,31300,41800,39100,16900,6070,42800,18400,101000,167000,575,622,109000,28200,88000,408000,9180,1910000,359000,2250,2130,10100,128000,32000,123000,569000,18800,29600,859000,35800,54500,33200,141000,7250,21600,22400,95300,39400,220000,1340,66000,74900,83400,125000,16000,28500,109000,480000,10300,166000,900000,17600,42200,36400,11300,6030,18700,27800,4620,8350,9060,25000,34200,61700,12200,19100,3830,1030000,38400,924000,23800,30300,17100,215000,198000,41300,28800,130000,86200,2150,87000,58400,76800,26000,646000,16300,18000,38400,0,189000,77700,3260,74300,37000,52000,1300,36500,15200,110000,36000,89600,311000,29200,28400,59500,123000,137000,12600,4170,12700,35200,72400,76700,6990,11500,456,0,12000,35500,58200,76900,4410000,11400,105000,84400,1490,246000,17800,48900,58200,29300,4640,458000,14300,1580000,47700
538000,297000,502000,4350000,157000,42800,6100000,121000,5950000,536000,939000,2200000,241000,668000,2340000,552000,2300000,539000,68400,767000,6740000,2280000,21300,385000,34000,134000,298000,139000,187000,1440000,1520000,61500,200000,1330000,407000,1190000,309000,68200,84900,54000,127000,571000,284000,98400,89900,41200,21000,2160,1310000,1270000,88700,3790,195000,713000,1130000,5130,2410000,1730000,4910,2440,186000,251000,1300000,501000,1890000,47400,917000,838000,1450000,1700000,11000000,3490000,223000,3310000,893000,12900,119000,13600,21500000,2340000,566000,5550,34700,660000,92600,123000,284000,17100000,10800,162000,90900,2150000,106000,515000,6320,36900,115000,463000,19400000,1810000,10000000,15000,10700,479000,145000,6350,354000,535000,803000,7140,227000,81400,684000,93300,152000,13700000,71300,42800,87200,29400,356000,3060000,27600,707000,862000,4230000,31100,7850,1550,8910,33200,166000,615000,2100,198000,36000,451000,530000,261000,1630000,66300,2510,5030,1100000,204000,159000,5490,1680000,267000,883000,1580000,364000,2380000,357000,78500,27200,23800,484000,19100,107000,22700,475000,2140000,4280,65100,1320000,1140000,76000,238000,417000,128000,129000,3620000,649000,297000,72900,67300,489000,573000,102000,430000,618000,86400,77800,319000,308000,128000,292000,205000,7130,5510,17100,115000,101000,301000,58000,237000,1890,777000,238000,78900,34700,6890,411000,24500,2790,5720,3560,487000,121000,135000,2570,6210,85700,385000,189000,168000,18700,19200,149000,330000,74400,160000,110000,61600,312000,25400,5690,28500,90500,117000,943000,47900,111000,55600,112000,2610,1470,119000,72400,20200,4180,414000,87300,12000,22700,199000,109000,147000,495000,556000,648000,1060000,132000,19600,49700,387000,19000,61300,2590,224000,1310000,1060000,6810,10100,859000,85900,448000,3650,22800,42300,351000,89100,3410,5900,21200,203000,255000,9540,13100,69500,116000,9020,7270,3560,150000,229000,2170000,85200,156000,74300,58500,143000,25400,10800,15100,237000,3110,22800,1290000,179000,47100,39100,2420,82300,25700,54500,49100,9680,54800,190000,589000,84800,1000,13500,611000,19000,249000,73200,204000,0,4220,3420000,11100,13100,44300,412000,22100,52200,66000,568000,19000,27200,36000,130000,112000,86700,34300,85700,45100,51800,458000,128000,3370000,116000,3970,3470,2190,115000,254,273000,528000,19500,21300,4190000,25500,51700,36200,54400,22800,2790,31200,98900,29300,423000,223000,4490,21400,367000,106000,207000,39400,14700,624000,4600,53300,320000,59400,39100,179000,15000,176000,3470,48300,8440,7330,12600,25000,9510,162000,201000,62800,4240,1120000,58400,746000,132000,163000,57400,286000,1070000,35500,30700,187000,97000,5590,490000,361000,18800,16200,2660000,92100,7600,226000,372,196000,325000,4780,228000,68800,156000,1860,384000,18600,57100,179000,23700,513,20500,31800,124000,482000,157000,45000,4470,8950,105000,78300,35900,13900,5070,528,0,13700,44000,252000,49300,5210000,108000,77300,63000,2020,226000,15600,62500,23700,28000,3900,270000,245000,1010000,51500
519000,358000,414000,3080000,117000,50400,7900000,190000,8970000,137000,1510000,1250000,96900,960000,2790000,53900,395000,981000,596000,41200,5380000,2420000,24000,3440,15300,8650,134000,536000,359000,15900,104000,19100,89000,865000,68200,954000,453000,255000,19100,51800,466000,359000,192000,5300,97100,131000,159000,3320,1010000,1250000,219000,5800000,301000,429000,4940000,4150,1900000,169000,11600000,13000,88100,295000,1820000,3020000,2840000,544000,937000,54000,834000,1150000,11000000,934000,292000,2080000,841000,33700,700000,17300,19900000,65500,350000,4220,250000,1160000,383000,117000,1750000,15300000,19800,522000,1840,905000,167000,72700,5880,980000,136000,152000,17700000,2730000,8830000,14100,12400,54700,212000,394000,653000,689000,352000,14300,29900,90300,2450000,133000,1330000,9510000,104000,291000,32300,201000,499000,12400000,85200,541000,1190000,451000,60800,488,1490,394000,60300,7840,195000,3880,187000,31300,242000,76500,1640000,837000,22300,168000,2810,1070000,266000,132000,7960,5040000,238000,1410000,765000,275000,1030000,294000,33700,21500,5340,145000,1980,99100,51700,504000,2320000,4520,111000,160000,328000,307000,771000,362000,34700,123000,1550000,233000,886000,100000,125000,352000,15100,56100,315000,432000,44200,42500,523000,287000,477000,347000,23500,5750,3720,315000,248000,303000,477000,32500,290000,145000,320000,143000,23400,129000,126000,664000,30200,418,46500,115000,380000,63700,15900,2460,2620,47300,54000,101000,1560000,160000,20300,132000,392000,77400,135000,233000,41500,298000,32500,2430,31400,51800,619000,148000,376000,151000,92100,95700,1110,644000,50900,86400,17100,30700,491000,149000,85100,51400,167000,248000,523000,712000,257000,292000,536000,59400,23500,44400,44500,26100,47800,1690,262000,440000,58300,6620,30200,855000,162000,398000,1670,29900,20100,309000,137000,7190,19100,2710,436000,165000,12300,35900,24000,420000,33200,3440,19700,116000,189000,1420000,29000,48600,68400,61800,113000,13300,6200,8380,128000,17000,2390,125000,52900,1560000,165000,1770,396000,38800,51000,19800,27100,12300,774000,16300,75400,218000,63100,218000,19000,249000,71300,158000,43000,15100,2630000,59500,51500,37600,379000,18500,69800,50500,10700,6680,86500,34800,115000,173000,25000,57000,286000,39200,9970,344000,69100,1050000,111000,3550,24400,3550,95500,181000,116000,426000,8340,18400,1320000,18300,77900,29300,135000,19800,230000,22600,69000,64900,174000,67200,76900,79500,57400,76600,40000,17200,19800,555000,14700,13100,179000,29900,63900,16800,12100,15000,24300,9920,4430,15300,15300,27400,32900,111000,50100,8680,5330,974000,42300,255000,85200,59800,10000,69700,622000,39700,4320,153000,25100,6520,51200,14500,64000,22900,14600,7520,11000,76300,0,127000,273000,6340,21300,19000,56100,1250,164000,14700,17300,17200,23900,332,122000,45200,368000,242000,21400,10000,5140,21700,49900,68800,68800,18800,13100,1510,244,8820,41200,124000,106000,4490000,70600,73000,32500,981,122000,29300,134000,16600,25300,4930,371000,18700,1710000,14300
375000,66500,632000,3440000,79200,77800,7360000,179000,7720000,364000,1990000,966000,264000,576000,617000,26700,562000,371000,571000,703000,7090000,3360000,33800,4480,180000,213000,147000,1350000,147000,1370000,661000,39900,47600,1290000,114000,992000,239000,153000,28100,84700,117000,441000,433000,3390,105000,13700,515000,39400,1030000,1320000,39800,5890000,340000,201000,1570000,3120,2970000,381000,11800000,3420,38400,188000,1500000,848000,2280000,863000,960000,480000,2140000,1470000,10500000,951000,177000,555000,238000,26600,671000,6390,19800000,87000,469000,2420,56000,996000,56000,228000,531000,14600000,9040,259000,270000,799000,163000,170000,6380,106000,244000,462000,20900000,3250000,8460000,16500,9800,128000,556000,247000,744000,405000,460000,10800,31800,298000,1960000,330000,122000,9520000,46200,17800,54100,81800,650000,4790000,63300,316000,1080000,3710000,40700,6000,1300,247000,16700,10100,452000,1340,76200,35200,160000,692000,1340000,1200000,41500,112000,4530,1290000,242000,148000,16100,1240000,225000,265000,353000,278000,1020000,300000,33400,23500,12200,560000,2950,75400,75400,189000,2130000,3910,92700,1180000,224000,100000,319000,243000,183000,146000,1880000,540000,873000,84300,78600,366000,22800,37500,413000,154000,62000,164000,958000,225000,139000,421000,108000,6580,5440,327000,130000,121000,294000,35500,18300,93600,451000,241000,8280,170000,160000,567000,74400,3610,31000,73200,550000,93500,22100,3080,3730,395000,55000,230000,253000,31800,6070,164000,405000,106000,196000,234000,34100,252000,68000,3100,24000,79100,193000,226000,63500,217000,116000,100000,1540,641000,63400,84700,17000,5390,698000,90800,183000,23300,136000,67600,135000,1560000,302000,339000,604000,27400,18800,51400,110000,25300,47400,1480,472000,471000,179000,14500,25900,962000,112000,519000,2760,25200,11700,202000,8120,1980,11000,24900,464000,128000,20000,79800,19500,407000,10300,24700,14900,180000,203000,1950000,50400,159000,77300,59100,170000,106000,21000,21800,180000,5060,17300,71500,13500,13000,52100,1970,124000,40500,46800,31100,27900,7380,267000,27500,82700,70300,47600,161000,18300,264000,70300,190000,56000,5590,1410000,103000,28100,34200,355000,13100,54900,175000,14900,18200,39800,107000,104000,145000,25200,13100,266000,10100,7850,367000,8260,744000,61200,15700,12100,6930,108000,25700,264000,990000,19600,32300,1560000,48200,12800,31400,66500,7750,127000,67200,94000,164000,187000,165000,16900,19100,58700,219000,48200,24300,77400,531000,4040,40000,241000,51200,50000,25700,12400,9300,12300,60800,3420,11300,5920,8060,37600,214000,28200,17900,5750,825000,56100,1150000,170000,109000,16300,51300,891000,22600,40700,153000,12900,5260,140000,17900,40200,32300,378000,11300,31900,79900,0,118000,369000,4660,43000,28400,177000,1470,206000,63300,11800,13000,27200,2860,22600,33800,236000,273000,8360,13200,4220,14100,53900,68200,24700,16400,14700,1280,1930,10900,17400,195000,39400,6330000,82600,96900,21100,661,57100,17700,80800,24100,26500,3520,557000,10700,2600000,14800
422000,96600,118000,1190000,372000,106000,5760000,159000,6630000,133000,52700,770000,360000,1110000,1830000,370000,120000,522000,600000,78600,6350000,1200000,92400,3660,11300,5310,94300,499000,105000,11000,112000,7120,45700,2860000,65800,647000,580000,245000,21300,128000,143000,159000,714000,65000,38900,102000,174000,60000,948000,1210000,47700,113000,356000,296000,226000,2430,3560000,888000,271000,75900,373000,354000,1840000,239000,2840000,18200,1570000,139000,1120000,1630000,10200000,4820000,344000,3800000,3430000,8890000,214000,14500,19800000,7100000,120000,4010,86300,2720000,64800,170000,1100000,14300000,72500,237000,3850,535000,192000,69200,211000,1340000,105000,128000,17800000,2400000,8250000,16600,9180,708000,203000,14000,820000,680000,177000,30000,124000,96200,1800000,389000,498000,1250000,89400,24800,36700,191000,1020000,1330000,91000,26100,827000,442000,37900,4140,2110,788000,3140,149000,145000,1470,94600,33100,28100,1390000,106000,825000,5890,353000,15300,1370000,201000,167000,62500,715000,219000,2220000,180000,160000,238000,524000,28900,26300,65800,169000,4060,50800,11700000,339000,2010000,13100,214000,164000,47700,17300,627000,375000,90700,100000,1870000,227000,114000,99100,151000,285000,1020000,7570,413000,23100,113000,19600,40000,193000,49100,616000,42100,6820,4630,344000,114000,22300,317000,9680,90700,316000,217000,63300,46600,6390000,67300,466000,53700,863,53200,233000,115000,417000,59100,3130,820,28100,49700,47600,36000,10100,10000,250000,1240000,40800,154000,329000,6850,136000,27200,3520,41100,63100,353000,51700,11500,102000,41400,105000,1780,12400,81200,134000,822000,70300,751000,88100,114000,107000,167000,93000,585000,741000,184000,174000,91200,234000,51900,44200,20000,17000,54000,1820,74300,96700,1010000,8360,13700,219000,19100,64600,1480,30400,52000,205000,60000,2150,44000,17200,351000,97100,20500,17900,6600,96500,3520,2770,34800,207000,218000,2420000,94700,106000,71300,112000,110000,7380,805000,363000,139000,23100,7340,160000,94000,298000,18100,1370,15600,82500,77200,84300,73700,80400,126000,169000,94100,9140,107000,86400,16000,222000,220000,80200,28400,36900,165000,13000,18300,57500,344000,10500,67600,22000,45500,20700,57000,25400,99300,246000,108000,67100,336000,6230,3200,329000,104000,696000,16800,3730,52900,1810,130000,69200,45100,145000,17100,34900,341000,64300,15200,33400,24400,6440,4860,26700,85900,19200,67600,221000,40700,87400,113000,63200,16300,132000,86400,515000,8280,91700,1340000,18000,38900,14100,15800,4390,19500,109000,2140,9500,16900,17500,40100,128000,374000,885,21600,1510000,61100,1180000,108000,45700,16500,8180,173000,27100,84500,280000,44900,13500,52200,30700,46900,32400,253000,139000,81900,29900,0,14500,125000,7050,105000,75200,176000,1100,70700,21500,106000,272000,57400,22300,89200,40600,1860000,64800,104000,26100,3550,46600,43700,74900,25200,3670,11600,1080,0,14500,2990,117000,38700,6010000,1260000,111000,3240,1550,221000,40400,24700,19000,26900,3790,412000,469000,1500000,23500
415000,143000,75800,3570000,267000,54000,4510000,219000,9490000,901000,8590000,1100000,46400,905000,1130000,291000,288000,1250000,448000,48200,7360000,726000,17700,69100,140000,22500,60200,2950000,107000,10500,2220000,19500,173000,637000,111000,768000,303000,201000,17700,85600,339000,157000,208000,5460,64500,33800,1020000,36300,599000,1860000,159000,4510000,515000,1070000,1360000,19500,1690000,1070000,9170000,12300,13800,310000,1020000,731000,1540000,268000,709000,1640000,1260000,1310000,9940000,606000,277000,2480000,290000,39100,330000,21500,19800000,37500,150000,4890,137000,2150000,574000,137000,88500,13200000,23100,637000,2330,302000,148000,29600,15500,3830000,111000,122000,18300000,1460000,7520000,16300,11300,132000,1090000,219000,930000,477000,130000,25200,45900,123000,2840000,204000,27100,9170000,106000,379000,39100,14600,370000,9350000,91300,419000,650000,953000,75400,2870,1580,219000,105000,8940,315000,1320,232000,36000,362000,3650000,985000,282000,16300,93500,5150,733000,146000,165000,29300,2710000,192000,585000,831000,93300,221000,384000,65400,25900,13900,177000,3670,113000,105000,282000,1980000,4680,136000,384000,210000,87500,102000,223000,24900,118000,671000,71200,1210000,56500,196000,307000,14400,84300,304000,609000,44400,55700,390000,111000,160000,117000,5510,9390,4150,302000,132000,78800,63300,13300,984000,84800,149000,99000,56800,387000,38800,718000,13900,4430,51400,64400,262000,60200,33700,1880,4810,306000,135000,63300,356000,26600,19500,173000,531000,41600,135000,148000,35800,110000,63600,9280,34600,131000,1100000,25400,47700,148000,120000,104000,19000,480000,14600,98400,16600,355000,413000,171000,14300,97500,95400,213000,543000,472000,80100,137000,123000,10400,24600,40800,156000,81400,48200,1620,135000,112000,55500,6040,2090,247000,14000,91200,1320,16000,15400,563000,113000,2070,44700,50000,111000,165000,11000,61600,35900,277000,11800,2190,10900,103000,203000,1630000,106000,137000,74700,41000,51400,35700,2170,209000,145000,29900,28400,140000,505000,14000000,45900,2090,122000,44000,57400,46400,46100,54000,211000,8990,82800,141000,28000,254000,16700,337000,85300,84100,41300,89300,2010000,228000,9620,39300,303000,4180,40400,20000,21000,18800,102000,20100,90200,142000,15500,22800,79700,27200,12100,352000,45600,1350000,22500,5200,58500,1960,112000,103000,25200,840000,11600,22600,392000,28500,62200,31500,96600,15100,958000,9500,74900,44000,76600,24200,13500,78400,217000,68300,27700,13400,51100,458000,9970,31700,81900,15600,38300,18200,29800,651,30800,164000,2710,9990,9570,86300,68600,59900,32800,49300,16300,1240000,70100,375000,40300,27100,3940,35200,182000,52600,220000,214000,21900,5330,31500,21000,130000,19400,8890,11600,18300,28100,0,105000,105000,2940,130000,22900,19400,238,55900,5080,33100,7860,20200,281,29400,45700,978000,87000,94300,14700,3420,46500,40900,72300,17400,9430,33400,981,660,13100,52000,88700,44100,5400000,27000,54800,52400,603,150000,42300,70900,31900,25700,2320,256000,11000,903000,39200
102000,543000,669000,3050000,174000,70700,5210000,354000,7710000,1270000,2790000,1380000,14300,1490000,2100000,96800,235000,908000,602000,35000,8630000,2460000,26100,81600,12400,20200,81700,1590000,26300,182000,114000,66100,24600,942000,27500,994000,987000,307000,28800,3330,499000,79600,241000,4180,146000,25300,23800,1420,899000,384000,931000,2220000,331000,378000,2630000,4080,1690000,20500,5210000,4610,83000,266000,1690000,2290000,2590000,201000,1120000,529000,131000,1260000,8620000,2230000,449000,607000,1560000,98500,246000,22800,20300000,74900,250000,8110,404,3250000,488000,334000,1190000,12700000,27100,344000,372,204000,142000,17000,16700,523000,482000,178000,23400000,2670000,7270000,17600,17600,140000,134000,612000,908000,480000,44500,15600,60000,101000,5500000,111000,213000,10100000,111000,231000,91800,48400,601000,8910000,35300,460000,757000,62200,52600,520,4430,612000,9090,4430,381000,4660,135000,37700,417000,3370000,1500000,79400,360000,5920,7180,827000,166000,160000,13900,3160000,179000,530000,382000,39300,265000,417000,38700,29300,5900,190000,3870,45500,120000,317000,1550000,1210,173000,25300,130000,167000,578000,95800,57100,148000,125000,120000,599000,92900,24000,380000,14200,101000,345000,587000,18000,102000,333000,200000,786000,344000,17000,7180,6190,290000,168000,34400,321000,5360,147000,226000,288000,175000,26100,259000,5090,561000,9090,1550,11500,177000,288000,161000,9540,2850,4170,35500,16900,154000,755000,170000,15900,260000,906000,27800,453000,53300,39400,90900,18000,2940,35300,115000,344000,22500,48800,142000,53400,122000,3330,260000,18000,94800,40200,7850,703000,170000,7490,7980,149000,241000,817000,1220000,31500,104000,98000,63400,24300,23100,452000,40300,58200,2520,135000,87500,49400,12300,667,191000,86900,47400,3690,28900,15400,261000,6790,1460,6750,4410,1890000,325000,12600,71800,16800,3190,52500,1610,30800,105000,5030000,2130000,6800,173000,100000,68100,48100,181000,16700,24100,269000,3360,21900,146000,454000,1410000,126000,2470,272000,48400,79000,29900,8520,12700,604000,9680,86100,51400,43700,129000,19000,75100,65800,67500,62200,4790,2060000,13900,2440,59500,267000,5860,60400,30100,6840,5490,36800,15700,84000,148000,58000,38700,292000,22600,8710,421000,179000,1410000,31300,2270,1970,11100,140000,108000,19800,315000,9170,29300,283000,42100,52000,37000,96800,3870,253000,18700,81300,104000,92200,11600,52500,122000,4630,110000,7850,25000,131000,431000,33500,10900,1820000,16000,63000,39300,14800,5190,3800,46900,885,10900,9550,8910,93800,53900,5660,31900,2540,844000,42700,625000,9780,9150,20600,28000,246000,36500,199000,237000,45200,7800,173000,9130,70300,38800,360000,6960,35500,36700,398,128000,62200,3810,2730,17100,6450,1570,51900,13700,22600,12100,24000,1380,208000,15100,1380000,87300,12000,10500,4790,14600,57500,79200,22900,6010,26600,10800,424,16400,98100,30100,57200,6970000,9300,92600,59600,830,43600,11400,280000,50800,29500,5250,611000,6440,2110000,15700
1230000,174000,1100000,4510000,259000,47500,5990000,209000,8520000,141000,633000,1540000,199000,916000,4920000,673000,482000,1390000,609000,186000,9020000,1790000,26900,85700,86300,8450,234000,247000,69200,10000,170000,7160,69500,77300,292000,1010000,324000,241000,19900,24200,263000,749000,444000,46300,191000,20200,70800,7380,1030000,2630000,37600,622000,289000,727000,982000,2410,2240000,592000,1390000,17600,325000,250000,1510000,570000,2240000,133000,1870000,1250000,3400000,793000,10600000,2700000,289000,2780000,971000,28500,540000,10600,22300000,580000,197000,7460,80900,959000,259000,385000,1010000,14000000,12300,252000,56600,143000,149000,33600,6250,279000,105000,167000,20500000,735000,8000000,18200,13000,224000,327000,717000,482000,412000,173000,6400,51600,175000,2090000,108000,127000,9770000,13900,77800,37300,36800,624000,3650000,55600,419000,839000,272000,42400,4710,3160,717000,318000,306000,358000,2630,107000,48200,216000,2190000,470000,401000,5790,306000,4960,1430000,187000,187000,9080,1230000,197000,586000,330000,34600,249000,297000,38600,30600,9130,118000,12700,57900,45100,931000,2000000,6480,212000,96500,210000,68500,517000,52800,132000,190000,1080000,75600,171000,84500,140000,542000,300000,47300,150000,244000,54000,236000,395000,250000,410000,187000,19800,9720,4570,360000,158000,72200,237000,454000,22200,267000,167000,85900,88900,91100,14300,636000,52300,1030,23200,215000,243000,300000,31700,3500,3390,237000,139000,77600,173000,15100,8000,128000,567000,25300,261000,61700,36100,63900,50800,5310,41500,62200,423000,28600,30800,15500,128000,132000,1810,66300,12000,93200,25500,7330,560000,87800,19000,65900,134000,57100,413000,303000,146000,126000,210000,237000,39400,36300,163000,15500,65900,2210,227000,203000,1260000,5930,31100,67100,49900,145000,1810,24300,290000,221000,73800,10300,12800,3820,125000,148000,9230,95300,22300,489000,28500,1690,34100,139000,278000,1960000,64700,117000,113000,55400,34300,31700,120000,11400,155000,13900,42400,90500,33700,920000,38800,2000,80900,33000,56400,75600,37600,15000,180000,201000,99100,109000,40200,146000,21900,500000,70100,105000,172000,9570,1800000,35500,8070,43800,313000,19600,57600,30800,159000,23600,56600,29200,97100,159000,69900,22900,291000,24300,8370,491000,91700,1370000,169000,4270,19900,3050,155000,62700,89700,642000,7410,35800,412000,66100,61500,37700,72200,8340,34000,16700,44700,36700,181000,63800,9790,58800,102000,91800,117000,46800,50300,478000,6330,62800,310000,17000,80800,10900,14800,13600,80000,376000,10100,9190,9680,71400,17700,45400,43400,12800,19200,473000,47900,740000,25600,37700,51500,48000,114000,75900,131000,175000,99200,5670,98800,907000,70100,25900,1350000,64700,18200,23900,0,126000,66400,1590,72600,14100,59800,993,27700,13100,35400,220000,69800,889,67800,47100,709000,73400,186000,19500,5030,31100,32300,83200,61300,13000,8610,561,842,16100,21400,53800,52400,5660000,15200,73000,28600,909,180000,22800,461000,21900,32400,7600,231000,89900,505000,106000
989000,230000,1780000,1890000,357000,63200,5730000,206000,4870000,154000,1240000,1300000,370000,1160000,5100000,777000,159000,1020000,457000,201000,8720000,880000,38700,83800,14700,11700,438000,158000,118000,18000,193000,9740,15800,119000,123000,838000,1260000,205000,40400,82100,88000,672000,242000,124000,277000,9680,40600,61200,1340000,1630000,15000,14000,119000,1130000,232000,4160,2950000,561000,13400,5400,27000,505000,1410000,127000,2110000,14400,716000,878000,8100000,354000,8780000,3270000,359000,4180000,220000,75500,190000,42300,22100000,3490000,154000,3030,33100,1430000,72900,118000,236000,14000000,14600,26400,1490000,350000,281000,727000,13500,2400,47400,372000,22600000,822000,7940000,16700,13600,161000,88400,758000,296000,548000,798000,21200,314000,70900,2200000,262000,838000,2780000,28700,13700,56200,2730,732000,1540000,200000,63300,839000,353000,15700,41100,790,758000,1320,239000,346000,2280,13500,43400,38600,1380000,692000,1890000,17700,319000,5790,568000,178000,195000,48300,746000,201000,174000,67900,73900,1430000,396000,43300,30000,5280,427000,2830,34500,142000,881000,1590000,3080,79900,117000,44300,17800,258000,171000,22700,153000,3040000,398000,15300,77800,215000,409000,1340000,8910,224000,37800,33200,371000,42900,316000,40900,762000,236000,7470,5950,314000,142000,22600,190000,11500,172000,278000,338000,69900,91800,647000,11600,566000,18700,1790,45700,207000,148000,73300,20200,2450,6580,37100,18800,46600,66500,4940,8790,171000,67700,47400,68500,652000,8830,153000,14100,4270,67500,61100,10800,545000,6690,94000,28200,129000,3500,1650,38500,50800,28900,2650,604000,113000,168000,137000,123000,20800,132000,540000,550000,616000,440000,15000,17900,10700,207000,8300,59500,1950,108000,238000,1350000,13200,9630,390000,11600,928000,6550,22400,2080,55500,41800,904,94100,101000,108000,86300,10300,47100,6930,343000,2780,2050,34900,177000,282000,2920000,157000,150000,126000,62800,120000,11400,68100,381000,116000,31700,33400,88800,56300,5950,16900,2390,13800,40100,62200,18800,62600,8520,81900,852000,106000,12100,51900,40100,20900,315000,94800,111000,82200,3620,303000,99300,43300,47900,301000,7740,51300,11600,797000,7960,144000,18300,92200,167000,78900,9490,282000,9140,3420,446000,6280,1420000,19800,482000,88400,2270,134000,81200,528000,260000,14400,40300,2800000,77800,18700,33200,170000,5050,29000,10100,17300,36700,162000,273000,5990,25400,64600,66700,11800,26200,15400,481000,26200,31400,397000,51300,60200,7430,11300,127000,3770,63600,4790,20200,21400,9310,7890,78500,275000,6800,87000,603000,54600,560000,127000,72400,18000,12300,457000,4150,84700,229000,73800,3960,456000,249000,10400,29900,823000,151000,124000,197000,328,34200,85300,2890,60500,99300,334000,1510,100000,11700,14400,844000,105000,649,38200,85900,364000,408000,220000,13800,3730,53600,26400,83400,18800,5990,7730,962,333,15800,5460,124000,17600,8380000,130000,91500,5990,1410,335000,139000,244000,30200,31600,3560,275000,540000,704000,25200
740000,475000,921000,3780000,342000,73200,5210000,270000,6070000,338000,535000,1460000,298000,763000,3650000,1800000,208000,736000,859000,615000,10000000,2570000,24500,5280,14400,85500,204000,194000,33600,527000,228000,11400,16900,699000,283000,1080000,616000,188000,48100,151000,123000,276000,264000,179000,163000,11300,58800,41900,1550000,2490000,27000,11200,107000,499000,593000,21400,2620000,959000,11400,21300,45800,529000,1300000,544000,1920000,9430,753000,849000,5200000,542000,8230000,3350000,237000,5110000,594000,1560000,212000,19100,20400000,3490000,185000,4110,50900,3620000,299000,115000,206000,13100000,23400,89000,877000,562000,189000,326000,16100,211000,48700,470000,21800000,2590000,7610000,14000,14000,135000,160000,706000,531000,548000,810000,13600,264000,66900,2950000,285000,695000,2190000,36700,63500,85300,11300,665000,1540000,130000,48700,765000,1320000,16600,27300,1560,706000,1480,249000,460000,2860,27300,40200,60200,679000,1480000,1430000,7450,300000,6210,595000,170000,196000,17600,997000,190000,194000,96300,106000,780000,568000,42100,29500,15500,435000,2450,54200,343000,657000,1450000,4150,47700,455000,59900,49300,311000,264000,43600,140000,2110000,357000,175000,73000,146000,595000,915000,14900,421000,47900,74800,182000,104000,400000,108000,186000,210000,7960,6240,304000,132000,56500,153000,18900,1630000,263000,283000,95000,212000,1080000,6120,409000,30400,746,54700,205000,216000,375000,57600,1740,3900,36900,124000,67600,128000,14600,10600,230000,407000,57200,248000,325000,10400,138000,18400,8830,71600,121000,94100,188000,15000,264000,28200,130000,1500,1630,60100,70600,137000,6020,717000,134000,39200,65900,119000,32200,149000,891000,400000,849000,425000,22900,30400,27700,237000,31700,68200,2220,155000,295000,94200,5810,3950,357000,64800,265000,838,21500,4500,79400,73000,1680,45800,3080,439000,160000,12700,38500,8600,406000,8340,2220,34400,166000,273000,3200000,118000,135000,96100,68800,105000,19600,559000,50500,184000,14400,33500,126000,153000,312000,38400,2370,39700,49200,65800,17700,110000,7650,191000,557000,99800,8230,56200,62700,26800,474000,91900,65600,69100,8150,241000,72800,19600,56800,286000,4530,50100,12200,608000,16400,101000,102000,88600,212000,92500,17400,327000,18400,8090,498000,4610,2060000,164000,153000,40900,3580,147000,33100,171000,672000,21000,46000,1190000,68900,15900,37600,270000,10100,18300,20000,32500,54500,193000,245000,8180,45600,122000,120000,13000,62900,113000,443000,61100,21100,204000,53000,44500,11300,15900,169000,13600,40700,2780,14200,21100,10800,37200,89700,145000,33200,41400,622000,45200,2040000,92000,127000,65400,14900,363000,5170,38400,373000,81800,6930,982000,101000,20200,13200,798000,239000,15600,102000,0,32300,157000,3540,121000,80700,234000,1060,56000,29300,10300,466000,185000,1210,19000,72500,284000,272000,560000,37800,3950,35200,53400,80200,57800,12000,20400,1160,333,16400,7570,134000,33700,8530000,163000,113000,8380,1120,345000,181000,583000,14600,31900,4360,629000,343000,1760000,50400
527000,208000,523000,3960000,160000,55200,6380000,215000,5420000,80900,662000,3200000,316000,654000,1690000,969000,2080000,445000,464000,438000,9310000,1370000,21300,5700,68900,28900,283000,817000,142000,75100,356000,10600,129000,1640000,379000,1430000,341000,152000,41000,81700,95600,775000,401000,77200,85500,18100,278000,1830,1870000,4030000,34300,14600,120000,545000,3020000,5550,2330000,1370000,32500,3510,66900,210000,1660000,135000,2570000,5620,1020000,734000,2510000,1310000,10100000,3460000,209000,2430000,324000,22000,556000,11600,18400000,1220000,447000,3660,54700,1480000,347000,219000,1390000,14400000,18000,122000,4060,1180000,172000,457000,5470,9020,98700,335000,17200000,3090000,8320000,12300,8030,191000,361000,866000,364000,368000,793000,6050,161000,123000,2140000,169000,763000,11200000,51000,115000,24300,31400,569000,2100000,43000,461000,893000,82100,22000,359,889,866000,54800,396000,346000,3620,131000,29700,385000,536000,5350000,1620000,51900,382000,4240,1380000,205000,149000,7160,763000,219000,515000,1230000,166000,1670000,357000,44100,22200,42100,1050000,22700,69600,43600,376000,2020000,27300,28300,30200,914000,166000,626000,491000,98400,126000,3050000,510000,80800,89400,25900,379000,292000,86600,469000,482000,59600,266000,178000,655000,103000,261000,237000,6060,4760,304000,102000,381000,284000,81400,399000,338000,555000,211000,121000,118000,120000,388000,45400,2940,9480,264000,515000,269000,36800,1560,3390,167000,274000,152000,96800,14400,14500,160000,146000,93700,328000,156000,45400,254000,29800,2740,24900,63400,39300,571000,402000,244000,58900,89200,3490,2280,65400,51600,37300,2060,491000,126000,266000,7940,207000,66000,264000,658000,522000,645000,744000,42900,30300,18100,140000,31600,46500,1430,335000,495000,1220000,5520,1310,974000,42500,555000,1220,28700,2030,245000,47100,3180,3850,3540,89400,302000,23300,46800,46500,7150,7100,3540,38800,142000,194000,2650000,90600,183000,58300,45900,167000,24100,189000,9330,293000,3710,17800,1080000,63900,936000,22800,1880,49100,15800,50200,18100,6900,33800,106000,205000,83200,14700,44200,536000,15500,744000,67300,266000,508000,1980,2080000,13900,58800,36900,356000,79400,60300,64800,195000,28800,33300,35400,106000,107000,86100,34000,171000,34900,59500,354000,7360,3760000,318000,1760,1050,2390,88100,26000,260000,698000,14600,26700,3060000,28600,46700,28400,82500,27900,33500,32600,71100,48600,230000,299000,5550,40900,283000,169000,18300,49800,23100,514000,5180,18700,43800,57100,29500,25100,15000,0,34100,125000,11200,24100,22600,11400,68600,143000,72100,20900,2500,311000,31700,684000,103000,62200,30500,231000,782000,22600,31400,192000,94800,4490,374000,179000,33700,19200,305000,132000,12800,153000,245,155000,321000,5820,175000,54300,187000,947,142000,21300,33800,112000,54800,20700,17900,15000,179000,364000,295000,20400,4010,8670,54800,65200,146000,30900,27200,1210,0,9840,61600,215000,51700,5230000,33400,136000,52800,576,185000,20100,197000,29400,25400,3430,376000,105000,1750000,136000
628000,92600,1060000,3120000,29000,71300,6870000,155000,9640000,511000,1750000,806000,236000,882000,1220000,20900,385000,857000,604000,1260000,6970000,2810000,25700,37300,154000,399000,252000,2110000,103000,1630000,184000,31400,34100,148000,87100,968000,89000,249000,41800,65900,202000,542000,432000,3690,175000,9560,753000,27100,847000,985000,30600,8750,276000,412000,1790000,3220,2640000,137000,22800,1970,150000,202000,1480000,1070000,2220000,764000,1550000,744000,3370000,1110000,11900000,306000,266000,544000,472000,150000,440000,8320,22600000,32800,167000,4720,66400,2340000,94600,406000,917000,15700000,12300,236000,115000,236000,270000,37300,7330,273000,133000,326000,27100000,2290000,8830000,19200,14100,269000,831000,6650,629000,363000,199000,15300,28400,314000,1430000,114000,1060000,9550000,36200,32900,64000,67300,634000,5760000,93500,387000,990000,3060000,43800,5390,1970,4620,108000,7230,765000,39500,89200,48000,128000,1190000,2590000,619000,15900,15800,6240,1500000,236000,214000,23300,1890000,220000,346000,300000,66900,249000,657000,39700,32500,22100,734000,6580,58600,241000,348000,2260000,3480,104000,1010000,183000,118000,488000,25700,192000,200000,1020000,76100,965000,82600,112000,573000,14000,31700,269000,142000,48500,271000,1040000,178000,159000,379000,13600,7790,6500,14300,178000,164000,271000,201000,16300,0,158000,95500,12400,610000,240000,693000,99700,456,3000,326000,268000,234000,52100,2670,5050,355000,61400,90400,251000,35800,7370,151000,447000,18600,198000,91800,33700,61000,50400,4200,33700,91500,282000,12400,86300,16400,130000,140000,5900,1640,10900,111000,21200,6180,686000,75400,345000,48800,130000,68500,248000,1180000,140000,138000,290000,94400,28600,47800,189000,11300,68500,2620,197000,214000,197000,16100,33800,104000,16700,214000,6700,23400,15700,199000,6240,5190,12300,25100,562000,134000,21800,105000,16900,684000,11700,2070,17400,162000,307000,1610000,22500,148000,101000,60200,34300,48400,55500,31300,157000,4850,31300,79200,18600,257000,63200,2250,122000,64500,59700,59500,30000,12100,306000,13900,108000,1630,43100,119000,25600,196000,71400,133000,2550,9570,1670000,116000,2510,51900,339000,11200,52700,44400,16500,9190,83100,41000,106000,164000,8420,12100,193000,16200,5730,508000,36400,1050000,65000,7930,19500,11500,152000,711,117000,1530000,9120,36700,416000,76900,22900,39400,65000,8340,3400,17800,73300,105000,147000,57900,12900,35100,24300,95900,71500,29700,119000,525000,5490,65300,455000,21800,70600,12500,11800,11700,804,166000,1450,0,11900,51800,3260,33500,35600,11800,11700,477000,50800,1730000,60400,94200,41200,41700,152000,43100,72900,417000,22400,5740,178000,204000,49700,56000,794000,8130,45200,24200,394,122000,65900,4380,17800,16800,83400,2070,925,16800,14700,9240,25600,2790,52300,46800,805000,80200,8890,14200,5070,22500,33700,87700,24400,26200,57,1260,1880,19100,12200,46600,80500,6610000,58700,60300,17400,1840,46700,14100,176000,23400,35800,4530,533000,13600,1760000,45400
772000,134000,617000,3980000,210000,40300,5860000,139000,9500000,372000,2160000,3200000,344000,1040000,228000,901000,1560000,828000,1280000,602000,8210000,1540000,34200,331000,62200,12000,243000,4300000,125000,8450,1620000,5510,60000,614000,247000,1520000,292000,254000,24000,71700,405000,756000,501000,46600,108000,27300,1470000,8770,1750000,3440000,196000,6880,232000,582000,1560000,2760,2030000,120000,7230,3210,28900,276000,1700000,111000,2550000,12200,1870000,654000,3070000,862000,11800000,3110000,318000,1600000,378000,18500,713000,120000,20900000,273000,272000,6980,3880,1650000,353000,232000,195000,15500000,13000,79100,320000,384000,125000,125000,10100,708,120000,158000,20400000,1910000,8780000,13100,13400,68200,1590000,5360,421000,317000,239000,3730,140000,126000,766000,206000,1320000,9520000,49200,103000,24600,3070,584000,4410000,43000,425000,824000,363000,41200,26300,1250,9000,4220,394000,870000,29200,109000,37500,250000,564000,1030000,764000,6760,2000,3780,1840000,187000,180000,15200,1390000,231000,839000,1040000,95100,683000,419000,41400,27200,3080,460000,10800,147000,13400,258000,2340000,2250,115000,124000,750000,104000,172000,92800,33900,169000,1030000,101000,254000,91900,78700,441000,119000,59200,316000,303000,37300,472000,403000,606000,586000,472000,22900,8600,5850,14600,137000,19000,424000,49600,23600,1700,377000,82200,110000,28000,9740,689000,14800,561,8630,12800,347000,589000,42600,3260,6080,137000,134000,50000,441000,67100,14900,130000,282000,39300,198000,219000,34700,97300,44800,7510,33700,53200,1670,166000,22500,163000,111000,124000,692,1190,28700,82900,52700,2930,607000,138000,20500,171000,154000,24600,718000,492000,171000,189000,414000,22800,27700,43800,347000,34300,60700,1990,206000,310000,1490000,5180,9800,214000,16300,219000,689,28100,5910,188000,26200,2550,79800,20700,190000,199000,10100,75100,18600,1450000,40900,2510,10600,124000,265000,2770000,46000,110000,131000,60000,48800,34000,14900,22500,177000,20600,22700,268000,44400,5860000,16400,7970,171000,48100,56100,21300,50900,10800,88000,70500,91300,1440,30300,411000,22600,648000,67700,280000,580,4850,1830000,20100,3530,108000,346000,15800,64600,27600,68500,11500,50400,29000,109000,219000,75700,4000,135000,65900,35300,444000,23800,3070000,246000,52700,89300,2440,146000,1260,153000,959000,14900,31900,1020000,25400,36000,38500,136000,4460,3700,18400,44100,48900,198000,56800,9510,106000,21700,104000,51700,39900,6750,537000,9990,25100,451000,19800,43400,10800,14500,23500,1740,39900,7710,2480,45400,35200,12500,62400,30600,10500,62300,263000,73000,1290000,34800,68800,52200,195000,213000,22800,31900,237000,147000,7350,565000,1970000,19500,12900,916000,81700,29200,57300,0,118000,114000,5450,15200,27300,50700,1730,84800,12800,11800,61400,8970,799,54200,157000,1220000,167000,257000,14400,3930,68400,35500,84100,165000,4320,3170,781,3540,17500,31500,62600,34800,5040000,15800,80700,34500,1120,130000,940000,209000,26000,31300,3620,317000,58400,1080000,75500
574000,113000,725000,1790000,299000,36900,5960000,155000,8370000,237000,6660,975000,177000,1090000,2570000,436000,53800,615000,864000,94100,6840000,2440000,18500,5290,170000,14800,269000,188000,135000,7700,376000,9570,62500,2140000,80700,736000,430000,223000,1470,132000,199000,502000,361000,77800,116000,12200,42900,9500,1080000,2270000,83100,3300000,261000,480000,1750000,3620,2640000,387000,7480000,4220,60400,371000,1220000,858000,1810000,333000,1150000,309000,2020000,1390000,10100000,5430,331000,3600000,2000000,39000,592000,35700,21200000,3310000,267000,5040,122000,1390000,168000,343000,1460000,13600000,8440,133000,44800,500000,104000,94000,5520,1610000,1650,342000,22700000,2440000,7760000,19000,13400,199000,90000,17600,928000,674000,177000,10800,20200,129000,1720000,160000,77000,6700000,81500,50500,3380,48600,574000,6640000,119000,190000,862000,1600000,32000,16300,2200,399000,134000,104000,391000,2210,165000,43800,205000,2730000,832000,822000,50400,163000,5050,964000,198000,167000,13400,2130000,197000,6610,118000,116000,545000,360000,41600,26400,40600,239000,4730,87500,86200,483000,1960000,809,119000,586000,30000,110000,701000,208000,61800,133000,1000000,169000,256000,68400,297000,367000,837000,46600,381000,222000,49200,160000,904000,253000,290000,1120000,1050,7670,5170,333000,181000,101000,296000,6520,238000,144000,265000,89300,61100,188000,4730,614000,13100,554,69500,109000,283000,320000,14700,2600,1690,396000,95800,69300,254000,26200,10900,194000,530000,46900,37200,1260,22400,150000,50100,3970,46700,66300,193000,79900,50500,76000,172000,113000,2620,369000,38700,121000,60000,116000,14400,67200,20600,110000,104000,190000,387000,1060000,172000,113000,285000,42300,39500,25000,357000,16600,56000,2430,251000,183000,487000,17700,38000,2520,222000,286000,1750,20500,15000,393000,96200,1110,26300,23400,775000,230000,8820,92000,20000,978000,20700,2720,19600,152000,241000,1850000,48500,82900,95700,67200,95100,165000,224000,576000,289000,37800,13400,131000,18400,404000,52700,1940,156000,49300,57100,47800,40600,10300,277000,322000,87000,39100,51900,47800,19400,421000,91500,131000,51000,52900,903000,258000,18100,42100,303000,7380,45100,34200,124000,19900,96700,28900,91200,217000,558,1190,314000,57400,1700,380000,61200,2590000,128000,3520,62000,4420,135000,57500,121000,733000,16700,34100,848000,54100,28700,36300,98900,6580,27800,18800,76100,47400,164000,3020,32200,54700,55800,98800,17200,77100,108000,473000,35800,50600,1410000,15900,51700,28300,14200,2760,26600,380000,4700,9940,10200,33600,39400,79700,87100,33400,27900,639000,51800,1000000,36600,48000,7990,4400,322000,30300,152000,205000,34900,2270,88000,22500,43800,27300,574000,158000,120000,64700,328,74900,107000,3410,42500,36900,81600,845,64300,13000,24700,199000,48300,1150,56600,63300,3450000,150000,133000,16500,3930,52300,41100,81600,58900,14700,13400,2070,772,16100,14500,55200,71100,3850000,122000,98500,28400,436,210000,21300,90000,28000,31600,5350,560000,263000,1690000,93200
510000,792000,1020000,2460000,557000,54500,3800000,208000,9910000,467000,6110,2060000,118000,1300000,2840000,504000,77400,757000,1240000,119000,9300000,108000,76100,88800,23400,32600,157000,279000,236000,70300,294000,5540,48500,3150000,69100,1120000,1050000,260000,1700,130000,325000,18100,580000,4600,185000,3380,68000,2750,1970000,3500000,837000,2880000,446000,844000,3130000,8610,2660000,17600,6300000,5540,2720,484000,1550000,454000,2380000,36700,2180000,63300,498000,1360000,11900000,57800,388000,2750000,1070000,137000,156000,23600,20900000,619000,310000,31900,175000,3900000,236000,182000,937000,13500000,21400,446000,3070,354000,102000,34700,8230,140000,2390,425000,17900000,1450000,7700000,15300,12300,111000,120000,535000,2010000,921000,96100,11300,47800,288000,2240000,344000,735000,2320000,114000,87100,859000,34500,814000,14200000,68400,59100,537000,413000,52700,17000,1130,535000,3270,90800,448000,2080,155000,31600,543000,351000,1090000,477000,641000,231000,3410,1720000,128000,140000,8500,4600000,210000,6500,348000,46700,280000,401000,53900,24000,10100,233000,2380,69300,199000,521000,2510000,769,131000,148000,80500,197000,499000,124000,77200,140000,538000,109000,954000,84400,191000,359000,86000,126000,410000,640000,3850,83600,44800,666000,338000,214000,443,4530,5570,346000,1660000,115000,305000,29500,697000,197000,321000,124000,69200,190000,5050,740000,2620,4150,25900,161000,224000,189000,54400,2040,4800,57300,5870,98100,161000,30600,31400,238000,909000,29500,37600,1950,10200,73200,83100,6960,58000,150000,347000,83700,71300,9290,116000,102000,597,332000,34200,564000,58800,30300,18000,103000,5430,22100,141000,135000,451000,504000,69900,76500,108000,2420,24200,20900,246000,57400,47500,2870,166000,110000,422000,5830,1230,19800,844000,72300,946,24300,10300,130000,69100,1780,10900,15900,1220000,350000,4970,64400,25800,738000,21900,3770,25700,161000,209000,3090000,8040,206000,84600,86900,52300,98900,142000,24800,502000,11000,3100,126000,153000,5010000,37000,1830,300000,39900,51700,12800,6910,15700,220000,59600,75700,83800,4800,154000,17200,687000,104000,18200,50900,18100,298000,18800,9110,61400,314000,9270,58000,35900,29800,3270,48400,28200,94800,442000,197,1420,439000,30700,12200,369000,44400,3910000,228000,2480,21700,2580,119000,6500,38800,906000,26100,40200,365000,41100,37200,32500,187000,5770,28100,24600,85000,58300,188000,1690,17400,68700,3040,79700,30700,46600,114000,485000,25600,18100,503000,16000,61800,84000,11700,708,18900,51600,1080,5570,17100,7500,66300,72200,19100,129000,13600,1300000,32900,1130000,26900,47700,3070,5350,201000,1720,20300,231000,37400,2920,176000,5090,159000,17300,798000,30600,32700,30600,0,33600,72500,3550,1880,41600,26800,1270,55900,17400,21700,70700,70500,1600,20700,91700,434000,51900,159000,12200,4020,24200,76400,81500,33800,15600,38300,1760,468,13800,26200,42600,70800,4050000,31500,101000,77400,1560,168000,13900,268000,31600,28100,3220,382000,17800,1020000,32400
164890.941,185039.063,159406.74,3172016.676,20030.386,59977.247,4412813.755,249313.603,6154987.357,2492136.39,10883750.93,1038957.563,76348.485,30490.904,845597.695,54254.223,897089.703,962631.173,228795.65,435931.553,7441794.291,723768.81,39681.068,29998.846,1625273.887,24481.103,280486.463,2623108.738,58037.759,8437.847,246690.7,21721.037,84224.346,40238.633,139768.49,794728.165,111399.887,65120.116,24430.956,18629.478,151417.855,276613.294,58707.237,14569.469,40197.665,3737.087,602821.781,12823.004,648082.809,773946.696,355255.073,4332868.586,83450.949,227880.396,3130737.537,4219.521,1546971.11,89128.523,9388985.485,4811.902,83918.584,98270.397,1546493.177,1262442.904,2330123.752,695356.242,214539.879,917656.671,2136282.732,750106.28,8321580.494,40219.648,10671.219,602576.282,188400.139,139666.973,321906.069,17537.346,20258300.2,393834,185584.866,7318.773,58773.517,1543704.448,141136.981,320955.883,1642065.979,11178351.32,13248.555,46213.975,320143.443,85367.366,233036.262,21482.254,12580.932,36907.23,105237.965,76392.451,25821687.58,1908492.946,5877155.86,20597.185,14829.83,147296.18,633223.112,20071.686,152606.041,119572.791,110580.585,17502.711,22543.427,98952.865,3437971.888,90311.601,1927595.407,8155476.668,10125.107,53172.172,206009.412,11065.344,487136.269,9265756.187,35790.101,370087.682,645892.423,156848.413,16676.244,28356.661,2547.477,20071.686,483001.962,9829.226,1541891.475,172399.61,55329.108,50124.276,77029.954,484141.603,1461740.884,334983.132,54573.106,6292.854,6437.367,250763.504,139291.958,214253.243,17733.214,2950839.771,150538.838,192766.735,679217.441,17946.996,253830.509,559556.466,43422.965,31510.851,1237457.381,735789.832,5976.361,47411.983,271396.518,148753.335,1461253.603,19925.468,27184.809,61151.402,479902.71,184361.287,809480.365,44495.462,64364.827,157459.903,501124.523,44331.443,287525.869,82022.085,214212.637,412987.536,153860.233,18219.797,215477.418,93338.236,19761.596,579863.432,1079521.495,114779.527,400428.859,403306.405,2814.806,7828.746,7949.372,277958.094,139241.797,232373.861,148698.396,105102.255,44463.34,6037.271,153178.278,68869.076,24827.455,900397.721,75530.974,410076.986,61210.286,11347.203,79861.567,8870.19,176094.826,510689.805,65369.728,1857.162,8471.288,3472470.919,138863.198,65975.247,482563.833,138600.958,20280.691,158165.707,195618.512,15366.078,99944.092,76378.462,24985.523,42498.564,15592.845,7223.227,111959.726,147525.002,9731.292,26284.511,208582.406,96057.122,32767.272,135618.24,8545.336,468893.499,5516.7,44022.684,114114.568,3358.418,409325.924,100494.581,41051,139379.143,131414.245,320389.777,4350.896,875219.137,74577.91,89448.346,207860.066,59893.312,23325.004,9544.979,373738.708,24648.307,71003.32,2775.592,175340.018,204281.894,223650.661,14961.205,23667.551,67530.359,18617.008,135491.642,3022.815,22990.596,19372.898,153301.499,7653.181,2613.165,46426.672,27862.213,742784.987,97290.23,13615.387,106251.175,11725.859,528696.517,22773.248,2196.348,3436.049,91049.026,306585.865,1224977.11,96984.399,119285.96,118017.595,39863.925,20936.68,46906.787,1205683.15,54333.646,81540.438,32645.452,33862.604,204684.378,13480.492,257194.899,70368.147,2217.846,218377.771,44172.996,80402.592,61207.535,71335.393,10880.225,333526.011,224972.235,109730.232,7284.137,4919.165,230054.669,22045.891,139488.267,83145.187,50188.769,225583.726,5603.734,1600421.352,16566.366,6936.591,47945.842,223517.558,21170.457,55940.598,25237.327,93278.52,9569.54,46645.232,41338.883,68700.677,90988.073,1163.093,6552.892,67748.189,21994.536,7986.774,471157.923,44544.277,1724268.407,8815.251,37703.383,71856.062,2221.268,139565.457,16086.251,65107.248,1365102.751,6297.091,44053.659,341250.906,57258.366,17057.231,39973.779,93186.36,13428.897,1249397.353,9504.591,44786.088,125062.869,63341.779,32036.027,6684.59,3014.455,22804.282,61196.296,494964.237,36034.91,34055.453,343880.791,9309.698,39996.822,4095221.068,13440.84,96106.662,9323.732,16947.353,3255.707,13286.773,30006.012,6285.689,6825.52,15837.654,41724.647,58261.155,13266.658,58215.771,15760.203,86749.191,155284.953,54508.612,867616.678,43116.026,41985.008,32893.87,112680.194,110271.257,17349.838,27279.735,342095.288,13862.434,131005.879,449149.88,964297.314,49272.591,34436.927,282603.986,37935.429,32386.754,21140.599,0,94976.964,50309.395,3498.154,10078.144,5366.816,40791.203,1889.409,21449.927,10668.684,19523.781,67596.308,25878.453,1523.812,84899.194,299055.881,3663996.317,94150.371,15706.458,14201.619,8375.743,66008.688,20207.838,93596.208,17838.314,24983.525,24841.787,1134.601,407.262,17970.883,19150.072,38587.177,45381.645,6086143.748,73253.897,32312.812,10610.729,1529.92,39540.178,35873.69,1415819.408,45704.11,33525.663,5083.012,495939.994,85788.96,1399771.375,52459.107
464000,86300,597000,4700000,386000,65900,6050000,217000,8780000,266000,2450,1240000,109000,1260000,2250000,1140000,657000,607000,2100000,258000,8860000,30300,22300,82900,13900,16600,231000,151000,309000,14200,228000,8970,134000,1960000,145000,928000,318000,314000,1160,153000,234000,351000,515000,22700,104000,1740,16200,131000,1580000,2950000,107000,275000,912000,542000,733000,7660,3330000,2080000,588000,4310,153000,433000,1110000,153000,1640000,31200,1320000,67500,2210000,1740000,10400000,12800,391000,4360000,996000,24900,567000,12900,21000000,319000,104000,5440,125000,955000,293000,169000,214000,14100000,12200,714000,59100,461000,183000,109000,4990,1640000,1730,678000,23300000,2290000,8020000,16800,12700,255000,168000,780000,2250000,924000,143000,9200,51100,262000,2400000,347000,180000,9470000,127000,113000,4570,82200,660000,1670000,87600,229000,856000,3090000,79200,8770,3170,780000,3810,231000,185000,676,182000,38900,417000,896000,453000,439000,12400,344000,3880,1080000,186000,171000,15700,734000,215000,7200,580000,100000,426000,645000,67700,29700,7640,96300,2510,58400,34800,434000,2040000,1000,354000,1030000,201000,45200,183000,342000,60000,143000,742000,243000,293000,63000,308000,359000,60100,94700,483000,347000,95200,171000,85700,418000,160000,1540000,787,6110,4870,340000,136000,47700,320000,10200,689000,296000,128000,64100,127000,149000,2960,654000,29100,768,69800,230000,129000,82800,28800,2850,4470,37200,131000,49300,68800,9160,14900,262000,796000,52800,34600,1190,37000,165000,115000,3810,51700,112000,453000,82800,20600,8700,161000,110000,1820,28300,54200,554000,11800,420000,16800,106000,111000,181000,106000,76800,578000,1490000,112000,87800,171000,107000,20000,51100,577000,22300,54600,999,123000,92200,695000,14300,5130,41900,90600,145000,1280,18300,9840,507000,113000,1720,85200,22500,902000,251000,11500,70600,36000,501000,13800,3880,35900,201000,231000,2940000,182000,116000,90900,103000,132000,184000,3330,42200,391000,49200,3470,222000,301000,40700,18000,2100,69200,65000,60300,25600,150000,10900,121000,49200,86200,47000,61100,300000,18100,551000,114000,103000,34700,138000,1060000,25500,22300,42700,327000,29900,39800,25000,76300,38300,54700,17100,96000,249000,145,976,319000,18800,28000,391000,48400,1240000,87500,3860,93500,7100,124000,27500,86100,305000,34400,38000,971000,61100,14100,33500,197000,13900,9710,15700,106000,39200,142000,1650,40700,84100,243000,64200,14000,37500,55500,492000,10600,39000,1850000,16100,56000,36400,15100,2470,32500,46600,1840,11000,14000,15900,31100,97600,8850,24100,110000,2040000,66400,911000,24900,19500,8410,43700,360000,38900,50800,386000,65500,2510,79000,21700,42200,31700,442000,138000,56100,71000,310,112000,88700,4380,260000,54600,60700,1050,51200,12500,31200,36200,64800,1100,44700,213000,1140000,107000,340000,25800,4050,76100,118000,78500,31900,8020,13600,894,2540,14600,41500,47900,59000,5130000,10200,115000,56000,1270,259000,26800,84100,32600,27700,4060,556000,25500,2030000,24400
492000,233000,464000,4700000,152000,63700,5200000,316000,4450000,353000,2060000,2680000,155000,416000,1730000,1520000,2580000,536000,431000,660000,11300000,1030000,13300,6400,45600,20900,220000,617000,68800,23000,129000,6210,182000,272000,151000,1090000,237000,78100,45800,30700,103000,544000,251000,53100,77200,20900,218000,2720,1810000,1740000,142000,9650,59600,455000,651000,19900,1890000,994000,7420,8360,121000,292000,1200000,787000,1770000,6050,855000,3620000,1300000,1910000,8450000,2060000,126000,2450000,530000,29400,188000,58600,19800000,502000,370000,5760,2130,1170000,201000,96300,1700000,13100000,8390,142000,207000,1380000,156000,360000,6220,3480,60000,165000,19500000,1160000,7510000,16800,13600,270000,311000,687000,312000,394000,683000,12700,236000,44100,4740000,164000,73200,15200000,80300,58200,57800,1600,440000,1990000,42600,683000,735000,473000,12500,10800,3220,8000,13500,3910,704000,960,154000,37100,482000,1390000,411000,1540000,5790,1740,4270,808000,159000,177000,7100,1000000,185000,463000,1510000,220000,1040000,379000,38400,27800,2400,591000,14600,24000,67000,379000,1500000,33500,32700,172000,1110000,46700,795000,473000,89300,167000,2960000,442000,114000,66400,21800,485000,210000,110000,417000,639000,46500,211000,432000,556000,281000,248000,137000,7040,5420,295000,123000,12000,10600,49700,979000,284,619000,117000,199000,117000,49700,342000,49100,3050,8010,3290,289000,100000,475000,3180,5570,93600,709000,107000,60200,153000,9610,163000,87200,57500,196000,145000,62300,161000,10500,5280,40300,615000,53000,312000,7050,395000,23500,120000,3550,2000,92400,84800,35000,3260,535000,84300,79800,43700,228000,93600,151000,470000,601000,446000,890000,91100,17700,9250,363000,48300,62300,2810,239000,433000,992000,7200,2120,528000,22700,688000,802,18800,32200,366000,76700,2760,24300,19400,183000,148000,20400,43100,80600,220000,17000,2550,32300,121000,254000,2350000,125000,200000,76500,55500,93400,9810,1490,11800,218000,1700,52300,328000,112000,828,55300,1820,67700,25100,63200,43200,13700,17300,259000,147000,97300,3780,1780,658000,25000,328000,76300,28100,54900,2960,3220000,3310,3260,56500,283000,11000,44800,40900,218000,54900,46700,33100,86700,156000,54600,22800,172000,10700,62300,449000,93800,3290000,38400,11600,28200,2830,145000,62000,278000,1210000,19100,35300,1970000,37900,61300,36100,51300,10900,135000,21900,104000,81900,264000,267000,2940,23200,164000,90800,7560,44900,60600,440000,8120,37700,402000,45800,41900,18700,11700,0,2350,75400,1500,26000,10800,6100,86300,158000,52600,12400,16300,559000,63500,796000,231000,10300,49700,282000,619000,35400,84000,222000,71300,461000,263000,1350000,66400,21200,287000,69100,16600,161000,0,200000,228000,1950,127000,44200,202000,1510,156000,9810,38000,66900,173000,1210,129000,44100,1170000,361000,472000,64900,3820,23200,42400,81400,41300,2640,42100,672,911,16900,28200,341000,36500,7670000,22100,117000,67200,1270,175000,62800,704000,44300,26500,5890,318000,97100,911000,122000
514000,106000,679000,4310000,181000,61400,3900000,125000,9490000,130000,461000,1200000,155000,1160000,2330000,488000,1240000,516000,419000,238000,6600000,3200000,40900,344000,229000,13000,214000,225000,194000,19600,430000,9850,277000,1320000,38300,1040000,518000,166000,57100,243000,241000,429000,598000,12500,114000,29100,21100,65000,1110000,1980000,40500,1070,843000,1400000,1250000,2000,3040000,1110000,5530,1800,252000,308000,1590000,235000,2440000,330000,1910000,86800,874000,1530000,12900000,4040000,369000,3440000,1230000,32900,212000,12500,22600000,352000,348000,3910,51700,1660000,117000,284000,2150000,18300000,15900,490000,8920,1360000,140000,196000,5680,3320,143000,226000,21700000,2830000,10800000,17200,13100,366000,152000,6260,1330000,651000,745000,7090,94900,309000,864000,146000,10700,11900000,158000,68500,25900,82600,580000,2380000,57700,549000,588000,4440000,117000,12400,2490,5790,26400,168000,311000,3200,183000,38800,607000,2830000,2190000,1460000,9680,4100,11300,1830000,136000,157000,8720,927000,284000,704000,950000,384000,885000,325000,52100,29700,10100,402000,3610,95700,62300,486000,2640000,2410,288000,1410000,634000,77400,917000,533000,121000,130000,3400000,312000,283000,92000,77600,502000,71500,141000,504000,954000,97900,299000,345000,265000,108000,387000,160000,7970,5360,14400,158000,143000,369000,14600,44100,484,511000,138000,59900,110000,3570,681000,27000,1890,6200,91900,334000,91100,23100,3840,5950,492000,91600,107000,51200,6750,20300,204000,863000,69500,156000,138000,48900,249000,121000,7600,31200,123000,360000,217000,83900,127000,250000,117000,13500,0,108000,108000,29200,3860,580000,116000,3830,121000,262000,389000,414000,967000,487000,636000,438000,189000,22300,95100,181000,16100,64000,2140,163000,233000,1090000,10300,10700,436000,64400,230000,1500,28100,27700,339000,135000,2860,36800,6940,709000,172000,113000,54900,84900,1100000,8680,8070,53400,187000,238000,2270000,189000,82100,83500,102000,139000,56200,144000,26700,188000,15200,2930,289000,122000,740,20300,2030,55900,48200,63400,50400,39400,14400,108000,88900,90500,1220,46100,396000,19500,391000,91900,184000,4550,4510,2490000,12500,14300,43100,455000,39000,63000,39500,91600,23400,44300,37600,139000,173000,101000,61000,286000,25500,67500,443000,123000,1040000,99100,4430,61000,7000,115000,804,123000,737000,10900,24300,1460000,43800,13400,35500,75800,18800,2400,29300,84800,27500,200000,262000,10200,63400,234000,81800,17700,29500,159000,673000,5430,56800,1140000,56400,45400,48300,25100,0,3120,36200,17600,5450,10500,49400,6100,135000,10200,30400,8400,1320000,38600,574000,156000,99600,12100,151000,544000,31500,166000,173000,28900,4500,92200,42100,23400,25700,844000,64200,17300,100000,0,158000,195000,6210,147000,69400,187000,619,1750,17800,44800,33500,16900,4850,246000,140000,1190000,234000,143000,20700,5520,49700,63900,79600,50100,19300,3700,929,678,14300,72400,116000,67800,5930000,14100,67500,85600,4580,206000,18300,192000,36600,28600,3910,481000,34600,1850000,81400
451000,132000,302000,5200000,253000,73600,4750000,231000,6450000,113000,958000,1770000,229000,1000000,235000,646000,288000,529000,686000,235000,8560000,2750000,24000,5040,94900,24400,347000,2150000,130000,162000,670000,20700,139000,1760000,109000,924000,413000,260000,58000,106000,147000,269000,715000,50800,63700,12700,747000,34300,1150000,3240000,40200,134000,352000,973000,1010000,3750,3020000,1180000,285000,13600,180000,343000,1930000,139000,2960000,165000,1740000,331000,1430000,1910000,10900000,3900000,314000,4890000,531000,109000,263000,10500,19900000,2640000,352000,3490,24200,2580000,82400,157000,1470000,14800000,11700,409000,167000,909000,168000,329000,7100,4870000,106000,433000,16200000,3490000,8370000,14200,11800,594000,851000,870000,1250000,558000,418000,9350,187000,285000,3080000,355000,13900,5110000,53900,45400,30500,220000,807000,1250000,60500,129000,673000,316000,38400,17300,1410,870000,25800,289000,229000,1810,196000,32200,111000,339000,1970000,1330000,10700,379000,6450,1940000,147000,143000,34400,445000,231000,285000,376000,218000,962000,278000,44900,21200,6410,550000,5280,116000,198000,175000,2240000,3170,130000,121000,110000,59500,853000,538000,87200,116000,2340000,483000,156000,103000,322000,293000,537000,27600,440000,109000,127000,307000,149000,284000,67900,416000,289000,6530,3650,316000,126000,115000,368000,45400,257000,342000,678000,166000,74400,702000,2870,474000,32300,1740,50400,263000,318000,138000,51700,2010,5900,222000,111000,98700,26600,5810,19000,166000,763000,113000,110000,314000,22500,240000,64600,4580,35100,49600,1060000,316000,62400,216000,106000,90200,2050,13200,83900,105000,1100000,472000,692000,101000,26600,147000,180000,96000,306000,813000,333000,227000,428000,121000,23000,52300,224000,31000,44500,1780,215000,247000,1250000,6980,8180,654000,109000,369000,1040,29200,10400,628000,127000,2350,98300,22600,462000,208000,41400,44700,22000,688000,5010,4640,40100,178000,186000,2620000,118000,140000,68400,76900,163000,46000,103000,43700,261000,37500,10600,278000,84600,1520,14800,2600,38600,54300,69800,120000,64600,15300,84600,284000,75300,66000,34600,154000,15700,616000,92600,117000,251000,139000,744000,40600,35200,62200,354000,64900,71100,39600,125000,28100,37200,29200,104000,142000,93400,10700,548000,19000,7270,301000,52100,1670000,174000,9350,82200,1700,96900,35800,170000,195000,16900,26500,1810000,40300,16500,27900,57800,13600,31900,27300,98000,24200,156000,243000,36700,41600,183000,116000,3560,36300,28900,539000,8920,124000,197000,31400,69900,32200,22800,2210,13000,60800,1480,19300,8910,9610,73700,138000,65800,29000,75800,1520000,49000,1010000,72600,47600,16400,20800,573000,37700,19900,140000,67500,5770,71400,17900,27000,25500,602000,116000,27600,118000,0,60600,181000,4730,145000,72300,185000,853,104000,23500,62700,147000,50700,808,132000,64700,417000,182000,186000,17600,4140,48900,38400,67100,44600,14800,17000,1620,386,12600,14200,144000,27000,7650000,132000,93600,15800,873,270000,26000,50100,23000,24700,4160,523000,177000,1990000,23400
977000,260000,835000,4400000,593000,59700,3660000,238000,5950000,340000,442000,1490000,243000,660000,3470000,1170000,24100,1110000,557000,655000,8450000,1220000,20000,77000,17300,19200,197000,332000,43700,20200,374000,23300,1770,34300,474000,902000,293000,143000,29500,187000,158000,1420000,195000,45500,162000,19000,113000,24000,1020000,1010000,45900,2400000,130000,660000,1570000,13000,1860000,313000,5610000,20800,309000,164000,1100000,297000,1610000,26500,777000,684000,2870000,347000,7150000,1210000,196000,5730000,971000,16600,436000,6840,18900000,891000,299000,8400,61200,566000,105000,159000,2590000,10500000,7460,1990,549000,114000,131000,56400,7550,965,112000,229000,29000000,1580000,5460000,23100,15100,285000,500000,7850,212000,369000,157000,9450,48000,69900,2620000,148000,342000,14200,13300,29400,161000,2180,527000,3060000,60800,1160,536000,115000,20600,77400,3320,295000,605000,222000,295000,4280,4900,54600,1710,4200000,555000,448000,37700,123000,4760,618000,123000,229000,11600,1130000,139000,586000,12900,15400,445000,826000,33200,33700,7020,354000,2970,45800,36900,698000,1290000,2510,54300,42800,7120,94000,1110000,82300,376000,207000,1130000,102000,41400,59900,194000,551000,593000,1720,420000,9040,72300,644000,158000,209000,373000,482000,31100,7240,5740,276000,170000,173000,177000,12300,391000,108000,443000,121000,138000,167000,56500,605000,43900,1100,37200,86200,316000,80200,11900,2880,6370,153000,58000,131000,92600,13600,19700,171000,408000,25800,32400,153000,366,68000,19500,2780,76200,201000,2770,37400,95100,17100,31600,150000,4400,267000,7420,48600,48900,2970,726000,106000,5150,73200,96100,346000,231000,1050000,143000,153000,247000,236000,21700,10500,172000,106000,70700,3390,269000,256000,1200000,19200,2340,112000,16600,178000,3900,17900,40500,1870,335000,3010,40700,6460,76500,112000,14400,154000,1210,504000,22700,817,15200,112000,337000,1890000,75000,129000,118000,60500,42400,7310,4510,21300,119000,16700,33200,45500,24500,68300,24200,3530,67100,34500,62900,53100,38100,7640,119000,241000,124000,28800,26700,6740,25900,188000,80900,54200,31500,3140,8710,48800,7440,70400,198000,7780,38100,28100,217000,25500,58600,26000,67300,126000,28100,12700,62400,36400,1410,538000,216000,1280000,72600,86300,46200,2680,170000,73600,147000,419000,9840,43900,838000,91100,9970,39500,36400,9940,22900,11800,18600,57200,145000,56400,6240,34900,47400,131000,4280000,40100,4650,322000,5640,50100,2220000,20400,109000,13400,14900,139000,15800,161000,14000,10900,21500,14400,135000,28600,68900,15200,30300,924000,57700,442000,28200,34400,120000,2520,202000,1030,241000,499000,72200,7570,329000,1100000,22500,30400,74000,67700,22000,49200,735,533,71600,2740,33900,8220,110000,1360,23600,22600,46600,251000,174000,1380,214000,65600,706000,200000,350000,19800,3990,36300,25200,100000,43700,27700,103000,2020,1020,18100,1420,51600,34700,6940000,31700,45800,342,2180,319000,30200,519000,48400,34100,3600,589000,210000,1520000,124000
582000,156000,450000,4810000,320000,53100,6180000,190000,8010000,355000,112000,1150000,201000,1040000,2010000,1780000,59400,596000,628000,378000,7510000,3810000,16200,70800,56800,23600,247000,173000,35100,55200,5900000,33000,616000,628000,184000,666000,303000,204000,27400,177000,242000,153000,369000,19300,79900,12000,59300,162000,581000,640000,52400,43100,283000,431000,6600000,30300,2130000,1680000,75400,2410,6230,538000,1540000,231000,2330000,201000,1920000,211000,1630000,2030000,10000000,2520000,320000,2600000,622000,42000,326000,27300,21100000,225000,146000,5120,88100,949000,94000,184000,445000,13600000,23600,96300,10800,401000,96400,34600,7650,6160000,36800,909000,18000000,1450000,7770000,18400,12900,71900,197000,771000,3000000,1070000,110000,7250,136000,83100,2330000,199000,44900,322000,164000,73000,300000,144000,641000,963000,75300,13400,890000,24000,28500,79800,1440,771000,3620,255000,292000,3830,361000,31200,10400,475000,1350000,617000,22300,341000,4850,1640000,200000,146000,8010,366000,191000,635000,87900,125000,305000,542000,96000,25300,8340,207000,2460,59100,110000,431000,1930000,1950,103000,9130,27300,351000,300000,212000,38600,120000,1270000,106000,2710000,84900,564000,309000,54500,3240,446000,13600,162000,46200,90300,55800,119000,504000,55500,8350,6630,321000,164000,801000,584000,19700,1550000,296000,194000,59000,217000,150000,29800,597000,22900,1250,181000,220000,152000,57900,23700,2860,6880,133000,224000,52700,83600,6950,25500,218000,1340000,43300,41400,347000,4100,142000,46000,5590,45200,114000,651000,25700,1150000,91300,115000,102000,481,2920,39700,579000,13300,347000,754000,145000,9140,299000,146000,346000,498000,417000,187000,66600,152000,4280,25100,15200,48200,32300,53100,2200,131000,99600,1010000,4850,43200,68000,332000,226000,1270,24900,7180,176000,69600,2770,79000,32700,531000,178000,8250,15300,5010,1020000,9410,3870,36800,131000,214000,1720000,216000,107000,80600,130000,62000,312000,3470,38200,188000,60700,6290,337000,283000,1380000,19900,3040000,57300,152000,77500,29200,229000,32900,102000,35600,88700,127000,43900,37400,19400,120000,117000,48000,19100,91000,130000,5400,24100,51900,306000,18800,56000,8460,67300,29300,80100,25200,90000,262000,64000,10900,301000,92800,2710,402000,8690,2400000,46300,3800,103000,2370,106000,24500,58800,381000,12100,27800,583000,80500,28600,34500,59700,36100,9460,12400,124000,38600,133000,47100,95700,77100,328000,41800,16400,38200,146000,473000,28000,20100,1310000,12700,40400,114000,14400,9780,31900,101000,1560,13500,10700,31700,38700,46400,11700,46500,99000,3740000,36500,496000,31600,30300,7710,4350,250000,78600,27500,308000,73600,10300,73400,33800,28400,26300,135000,57300,30000,40500,296,4460,68400,2990,215000,38200,86900,880,40100,13400,14700,34800,37000,952,25400,180000,364000,97400,573000,43800,7040,119000,37800,80900,31500,38100,19800,2310,325,14000,3210,77400,51500,6940000,15200,59400,1820,1020,161000,64600,118000,44700,26500,3690,272000,25000,943000,14000
488000,68400,394000,1310000,177000,67400,7780000,232000,9640000,48400,2120000,2400000,112000,1450000,2840000,481000,280000,814000,1360000,208000,7570000,7580000,26700,73800,192000,13700,140000,258000,269000,4870,147000,10600,67400,959000,91700,1240000,575000,282000,31400,55000,509000,375000,424000,8130,100000,19400,21100,8890,1790000,3200000,166000,389000,474000,517000,1930000,2180,2630000,429000,865000,14300,45400,330000,1870000,1490000,2820000,17600,1200000,67600,683000,1050000,11700000,3970000,445000,2240000,663000,31100,816000,5500,18200000,98200,160000,3830,8730,1780000,799000,213000,3120000,15300000,25000,372000,447000,786000,63600,158000,6930,540000,242000,189000,15800000,2970000,8970000,12000,7960,68100,60100,985000,985000,517000,309000,6540,212000,150000,3100000,264000,183000,6150000,145000,437000,40700,233000,656000,4460000,53000,219000,1180000,635000,66900,18600,1400,985000,51400,474000,668000,7500,105000,24900,176000,54500,1690000,696000,14500,434000,3450,1330000,271000,122000,5170,2240000,253000,538000,393000,144000,490000,273000,31100,19700,3920,102000,1980,56400,30900,490000,2560000,2620,240000,240000,137000,127000,1190000,264000,30800,98600,999000,159000,1090000,97200,799000,267000,15900,42300,333000,205000,93900,258000,406000,599000,708000,774000,77000,5140,3900,328000,196000,29500,489000,13200,50100,388000,260000,76600,58500,105000,54500,755000,20800,1880,34800,303000,177000,212000,10800,1690,5950,438000,85300,62400,722000,72400,29700,132000,818000,56900,239000,249000,23900,216000,60200,6190,33900,64100,603000,240000,49300,205000,174000,87700,898,43200,70000,76800,32700,309000,608000,173000,30700,207000,176000,317000,614000,625000,192000,207000,357000,34100,20400,82000,205000,14300,39200,1620,125000,214000,1300000,5330,75500,567000,699000,212000,1320,31500,2560000,323000,53800,3370,233000,3410,489000,369000,21600,23900,16100,2310000,48700,3100,44500,159000,159000,2850000,143000,70700,65200,63000,107000,46800,38500,14100,412000,82700,3300,173000,350000,9000,88300,1430,211000,67500,52300,27500,58900,12200,426000,21000,54900,75200,55900,143000,14100,605000,79200,169000,471000,67200,989000,6130,36300,30000,394000,24900,70600,24500,52200,9860,42200,18700,119000,322000,92900,148000,192000,20600,8750,280000,37300,1010000,530000,85900,247000,2600,86200,30700,92100,1550000,15400,26300,1530000,15200,18600,27200,294000,5400,168000,12400,56200,48800,186000,57100,57300,93500,75500,57800,55000,41600,26300,596000,11200,28400,790000,24700,33900,27200,9320,3700,13100,55400,1350,14100,11500,138000,44100,117000,4530,25500,59400,734000,29500,495000,29700,30500,8390,28000,449000,19000,2840,135000,99100,5140,66900,4200,30200,20400,75700,49900,20300,82400,0,76800,103000,3900,52400,64300,57500,632,48400,9770,32000,15800,31700,1000,129000,275000,1390000,73900,134000,8880,4620,90800,40500,58300,106000,4100,15200,1060,1060,7350,23500,31400,248000,6210000,6280,138000,25600,245,157000,54200,230000,81600,20100,2330,366000,6910,1780000,27300
248000,156000,224000,4080000,97500,46300,3320000,226000,1780000,123000,1110000,2020000,115000,296000,1420000,782000,1710000,305000,9710,598000,5210000,287000,43800,4350,6180,8390,73600,56300,17000,7300,111000,5630,119000,1510000,554000,813000,59200,16100,32100,53400,38300,816000,26900,176000,37000,23800,10600,14800,939000,635000,287000,23000,18600,310000,5910000,5200,1140000,745000,12100,11400,305000,163000,766000,174000,1090000,20800,49100,907000,1630000,1150000,2760000,1180000,100000,4030000,384000,96400,53100,28300,12800000,3120000,1460000,5380,24000,1080000,45100,127000,3410000,9170000,13900,86200,551000,736000,114000,645000,7710,2720,50000,327000,26100000,3710000,4870000,20600,14300,219000,144000,477000,230000,260000,555000,32300,281000,24400,3310000,180000,3480000,10000000,74800,15700,58500,1020,199000,7560000,31400,421000,517000,101000,8000,32200,3390,477000,109000,230000,657000,13600,58200,48900,272000,520000,88200,1380000,25400,201000,10700,158000,120000,206000,40500,4420000,119000,406000,1110000,137000,3690000,401000,32200,32300,11000,347000,4330,31900,283000,256000,522000,7420,7330,35800,818000,323000,1380000,560000,212000,185000,1840000,645000,36200,44400,649000,504000,1210000,61800,453000,323000,69100,231000,69600,182000,44400,896000,189000,8670,7310,141000,122000,725000,132000,13100,126000,172000,2490000,405000,106000,1230000,7120,254000,147000,1170,71400,138000,1430000,111000,22300,2880,3030,35000,99800,566000,295000,14300,7000,157000,425000,187000,153000,255000,34600,220000,5420,23600,154000,114000,2880,439000,1030000,518000,5380,125000,4570,2710,43400,60200,111000,3880,101000,87700,32200,329000,173000,130000,50900,1560000,707000,392000,1670000,222000,20500,4350,367000,183000,60600,974,1240000,1680000,776000,20000,6810,847000,4950,764000,1810,12000,18800,210000,136000,2290,62800,3900,186000,89900,3910,15900,45200,1730000,3440,3330,23300,73300,260000,1790000,299000,120000,85900,50900,126000,12400,114000,12600,66100,73000,24000,381000,24100,3810000,14200,2480,26400,46200,61000,40000,58500,13800,96000,547000,120000,4680,4250,457000,24100,117000,85100,115000,14600,6320,1870000,9290,72900,70500,182000,2580,28700,206000,394000,37900,44900,154000,58800,107000,31900,3850,82500,7650,42200,460000,86600,1280000,4140,68300,112000,2640,134000,30700,344000,760000,19200,40000,3420000,26900,29900,37500,40300,41000,68200,101000,65700,83500,341000,117000,10300,38500,189000,442000,1550000,38900,12700,282000,7630,29200,5120000,66000,86100,10100,15800,24800,18500,77800,5990,38300,57100,12600,2810000,211000,233000,11300,141000,63900,45700,650000,175000,147000,68700,206000,1220000,23100,31300,211000,54700,8920,182000,1460000,23800,24500,4510000,135000,21100,219000,420,124000,803000,3920,92100,34000,129000,1760,219000,51800,38700,239000,66700,3240,330000,204000,1150000,1220000,221000,165000,4990,98600,60800,84600,14100,47800,178000,1680,347,17700,21200,416000,10400,5600000,221000,83800,36900,950,248000,35500,524000,32400,30100,3130,744000,518000,3000000,62300
329000,301000,224000,7510000,130000,60500,3200000,168000,2800000,451000,1830000,1840000,162000,341000,1380000,781000,1520000,302000,48000,231000,7230000,232000,21300,217000,80900,44800,230000,154000,20200,67800,179000,7460,71900,619000,181000,801000,333000,28500,18700,204000,51800,439000,34200,53600,41600,19900,32800,3220,1030000,1050000,40100,9740,23700,297000,6310000,7350,1570000,571000,16300,10500,389000,120000,1170000,210000,1730000,5920,83700,174000,1300000,1480000,4910000,1540000,104000,3620000,597000,28200,70500,22500,13700000,1840000,521000,4430,28900,862000,105000,186000,5680000,10200000,13000,74200,167000,509000,150000,320000,5040,9660,50000,118000,27400000,7120000,5450000,17200,13700,306000,271000,7800,230000,261000,534000,8270,187000,40800,1620000,436000,8710000,10600000,71000,26200,99400,2010,459000,5540000,27000,429000,470000,11200,7830,8550,951,519000,547000,161000,909000,6610,54800,52700,191000,310000,3230000,1360000,23900,217000,4490,149000,107000,189000,8480,3380000,138000,549000,904000,92400,1670000,311000,38900,30400,8940,768000,4170,27700,156000,265000,908000,2860,7110,6650,644000,341000,2190000,226000,374000,156000,1500000,425000,104000,66800,55000,412000,762000,42700,526000,215000,49200,547000,151000,217000,105000,785000,79800,8010,5720,228000,127000,769000,133000,50000,236000,197000,931000,180000,103000,322000,218000,181000,91300,470,7840,146000,502000,402000,98100,2610,4050,270000,152000,168000,165000,35700,5400,146000,98200,80300,179000,152000,38000,176000,8030,6040,22400,97400,5700,234000,1130000,258000,17800,126000,1390,1310,36900,59800,689000,2690,269000,89400,9690,24000,108000,154000,78600,3030000,377000,385000,832000,302000,18900,6800,94500,153000,70800,2040,366000,756000,810000,31100,19500,362000,6200,489000,818,18700,43400,203000,113000,2650,10000,21800,90300,50300,13500,64100,32300,92600,6160,2270,25200,96700,257000,1820000,135000,172000,97300,49200,110000,15300,101000,22500,43000,3630,6730,793000,32200,4580000,13800,2900,35400,22300,82700,41200,13300,17200,82100,318000,102000,1320,5870,397000,22400,194000,67200,56000,58100,1400,1870000,6820,25400,59100,208000,36300,41800,79000,227000,38100,30500,46200,65200,107000,39300,6150,58200,11000,25600,421000,98800,1870000,14800,7780,6760,1480,144000,796,245000,1080000,24400,34000,2160000,53400,24600,35800,32300,37500,117000,30400,82500,42900,174000,112000,2530,12800,135000,154000,739000,50500,42300,324000,6320,36400,3350000,40100,78200,8000,12000,11400,28700,324000,2470,3510,164000,13900,518000,99000,93400,21600,6810,72300,28700,803000,113000,96000,129000,159000,712000,30800,16900,163000,54500,17800,547000,1020000,52200,24600,2510000,141000,20500,179000,0,124000,345000,7540,67400,25000,133000,1250,190000,19400,40300,135000,18200,1230,260000,45700,1220000,242000,231000,44500,2560,17200,73600,85000,25700,50700,124000,2110,0,17300,21300,253000,21300,5730000,122000,56100,26900,1210,237000,44900,935000,31400,32300,676,1680000,269000,5780000,120000
939000,247000,1180000,4970000,420000,55700,5150000,218000,8460000,233000,330000,1640000,358000,1170000,188000,1110000,461000,1040000,902000,249000,9580000,2450000,18500,94700,23100,30500,283000,4160000,60400,5830,531000,3880,66600,342000,238000,1050000,543000,314000,25000,229000,178000,357000,393000,74000,202000,12800,1490000,28700,1160000,3640000,31900,1990000,303000,817000,472000,5480,2580000,806000,4930000,4810,121000,246000,1050000,99000,1530000,55400,1550000,107000,3950000,1250000,10200000,2100000,358000,7030000,807000,40000,348000,11200,21100000,475000,141000,4490,2320,1800000,270000,208000,1410000,13400000,18700,358000,39000,287000,157000,60000,6930,643000,80200,303000,21700000,1280000,7700000,16900,12500,360000,1580000,505000,711000,467000,161000,42300,82500,120000,2290000,274000,42700,8320000,80500,75200,41200,16000,525000,2230000,90900,280000,720000,1500000,39800,12500,3750,505000,6420,298000,184000,2640,83500,39500,281000,433000,468000,571000,8820,210000,6610,1030000,163000,166000,12500,744000,191000,394000,340000,63900,265000,440000,35300,28100,46400,181000,5380,21800,49900,304000,1910000,18300,152000,531000,167000,35400,665000,114000,133000,141000,918000,122000,279000,59300,181000,564000,240000,67900,161000,269000,43500,240000,236000,281000,144000,478000,49600,7880,5230,326000,144000,15200,171000,11200,404000,184000,167000,35000,137000,222000,12200,622000,23900,896,27000,143000,146000,216000,56600,3170,5020,52800,79400,29200,79800,4840,16100,155000,735000,29900,136000,227000,32200,74400,30600,3350,39000,65100,399000,57100,7720,249000,54900,131000,3460,234000,25800,92800,137000,107000,706000,68300,44200,86900,103000,92600,441000,657000,136000,110000,181000,75200,26900,38400,490000,16700,61000,1900,173000,98100,1320000,9820,3160,143000,70100,167000,2150,17800,1120000,244000,187000,1750,18000,5810,596000,165000,6340,97800,34500,682000,10400,1880,23300,161000,269000,2490000,81300,129000,80600,65800,51000,14500,226000,26000,192000,17600,5830,104000,55000,205000,16200,1980,51500,37500,60800,56300,31900,10300,74200,175000,95700,19900,35000,158000,22900,712000,72800,71500,60800,58900,1240000,11700,5450,47900,300000,24200,41000,19700,208000,22800,69200,14900,91400,162000,56900,3490,322000,31000,12800,456000,64000,2190000,189000,3270,29600,5430,166000,29900,72500,378000,18800,33200,465000,76400,55000,33200,166000,8710,15000,10600,75400,57600,165000,74300,22800,65000,135000,64500,16500,48000,142000,459000,7550,57300,910000,14700,68300,13400,16500,24900,19800,17800,4030,7590,12200,9750,30200,40000,38500,39000,28600,621000,51500,890000,22700,31400,35100,38400,165000,112000,23100,277000,89000,11100,125000,568000,15700,21000,1520000,85100,12700,32400,0,109000,46400,2920,105000,41500,85100,1290,28400,8100,48300,141000,82800,191000,74000,74400,822000,80700,343000,23900,5580,41900,21800,79100,33400,3870,16800,746,252,15700,17400,42400,20900,5660000,14700,63600,42700,1520,417000,19900,240000,25600,30100,6110,371000,95000,1040000,25500
726000,185000,513000,6200000,261000,55300,5370000,141000,9830000,110000,2430000,1860000,200000,1060000,2290000,1280000,393000,811000,1070000,252000,7720000,1950000,19400,238000,333000,13100,148000,1070000,118000,12900,184000,16300,45800,1090000,439000,1370000,569000,274000,18900,149000,169000,469000,313000,20100,95800,15900,399000,5040,1160000,2590000,421000,6020,162000,1040000,2350000,33200,2600000,749000,10400,2960,69600,185000,2200000,1290000,3370000,128000,1490000,219000,1720000,1370000,12300000,2410000,329000,3840000,648000,34200,396000,2690,22200000,328000,447000,4490,38700,1970000,472000,171000,3070000,17400000,11200,271000,32300,396000,150000,89800,4430,702000,111000,166000,19400000,1200000,10100000,16300,11500,342000,521000,5420,530000,323000,506000,8870,48800,74300,843000,229000,585000,7710000,53000,205000,80000,27800,664000,7540000,36200,378000,767000,453000,31500,9050,1740,4410,344000,179000,171000,831,160000,38200,219000,61000,3280000,1320000,35200,4410,34200,1450000,182000,169000,8520,2570000,268000,424000,386000,105000,879000,482000,39700,21200,17500,267000,2520,49900,91300,525000,2470000,3640,69500,160000,235000,154000,1250000,86300,96700,141000,1050000,198000,313000,118000,77500,497000,94100,51000,509000,256000,34700,106000,338000,345000,451000,459000,32800,8630,5440,13800,130000,56900,335000,34200,1990000,239,646000,203000,153000,200000,625000,733000,19200,1320,2530,222000,483000,103000,30900,11300,6410,750000,81400,169000,401000,49600,22700,153000,618000,54600,104000,166000,31000,155000,28700,5930,27400,78600,444000,98900,45900,64500,111000,123000,1260,0,24800,61700,117000,111000,623000,158000,32800,68600,200000,436000,646000,152000,229000,333000,315000,52100,37700,26600,345000,25600,64800,2210,255000,195000,1110000,3340,7120,396000,12700,246000,1640,36000,15700,253000,167000,2290,30900,23900,446000,261000,12800,64400,21300,463000,29800,3230,4830,161000,245000,1970000,86900,163000,79600,49500,76400,51400,72900,14200,238000,14400,8960,236000,32100,89900,79000,1990,239000,47900,58900,55300,28600,11700,375000,50500,105000,1200,18400,127000,19900,505000,55900,187000,3670,54400,1700000,99700,7940,45700,419000,19100,80900,63500,40000,31400,33100,42100,125000,109000,63700,32400,324000,20300,10200,439000,73700,2420000,192000,3500,53300,2320,142000,807,116000,456000,13500,24200,1110000,39600,23200,34600,147000,11100,3460,22800,76500,88600,190000,212000,8370,92700,175000,128000,21800,30700,26600,632000,5680,47900,647000,45200,61900,25400,25800,6730,1940,38800,440,107,15400,20700,10800,79300,30000,59100,35900,535000,44800,592000,82800,83000,11300,53600,418000,29000,3400,276000,26700,9280,1020000,65700,78900,39200,12400,49800,13400,91700,4940,96100,147000,147000,98800,28200,118000,1420,1280,17000,64900,43600,16700,433,236000,71700,1750000,209000,397000,23400,4340,41000,38000,77000,64700,9480,1870,1340,1080,14700,15600,112000,59700,4650000,29400,71500,31500,95100,208000,12900,304000,12500,31100,33800,439000,38600,1160000,42100
1060000,285000,814000,2850000,952000,24300,3720000,151000,7910000,171000,1980000,1680000,614000,1460000,3650000,1180000,880000,1190000,963000,1070000,7550000,1090000,17000,72100,29600,36200,237000,1190000,39600,13800,257000,46000,24100,391000,252000,973000,459000,370000,51300,44200,127000,682000,294000,209000,172000,14800,448000,55300,1300000,3040000,136000,195000,41300,949000,2040000,8090,2160000,286000,417000,5550,429000,205000,1000000,930000,1490000,4180,1310000,702000,4320000,791000,8870000,2430000,439000,10800000,204000,18500,173000,79500,22100000,2300000,40500,10100,62400,7010000,240000,1070000,432000,12300000,7780,48700,624000,94600,121000,14300,7750,7470,55000,142000,23800000,813000,6700000,19800,12900,357000,505000,590000,205000,184000,250000,9780,208000,39900,1480000,36300,1990000,7710000,40200,50900,40600,1710,486000,2430000,121000,258000,566000,31300,9040,19500,2750,590000,481000,277000,539000,823,87000,46200,109000,1090000,1740000,655000,7630,257000,5250,799000,125000,220000,18000,1200000,164000,555000,488000,26000,45800,517000,39300,32900,7750,261000,2770,29000,30400,723000,1560000,216000,29100,10800,344000,131000,600000,39800,50200,171000,422000,27100,214000,56700,422000,717000,1590000,26800,290000,106000,32800,714000,241000,298000,513000,238000,5200,10300,8150,319000,154000,195000,138000,1900000,305000,217000,31600,15600,164000,110000,7530,541000,110000,622,45500,174000,30000,735000,87600,2770,6400,140000,45100,20800,311000,56200,13800,136000,42400,12200,99000,59600,32200,25100,14200,2740,34600,37300,3150,26400,109000,26700,17200,145000,9400,18700,10900,50200,137000,2920,582000,49800,48000,255000,91200,21600,643000,450000,69900,172000,55300,268000,24000,10600,1430000,16500,70100,2380,31700,46300,1360000,9310,6540,31700,21900,38600,2890,15700,4260,152000,245000,45400,135000,4430,88200,62800,43500,66000,12800,1450000,37700,2910,31200,137000,321000,2550000,161000,17200,93100,58100,12900,25100,10300,41100,60700,51300,34500,31500,85000,843,56500,2620,129000,59200,62600,84100,91600,8710,272000,437000,105000,7330,18500,239000,26100,582000,79000,119000,35900,3640,1150000,160000,2270,67800,264000,5090,35800,28000,220000,10500,112000,13500,81500,124000,66500,16100,181000,41800,12300,550000,20300,3870000,14700,158000,153000,4900,150000,58400,12900,797000,4250,43700,94900,76600,45300,39300,70400,11100,145000,4930,44000,122000,68200,47200,14800,102000,45000,12100,98100,21600,60000,386000,8640,73800,72400,17600,65200,8480,16900,1520,25500,337000,4300,3470,46200,12800,18800,20300,167000,10200,74100,143000,40100,1760000,12400,33100,26300,83100,21200,21100,63700,341000,97700,491000,368000,252000,42900,32200,357000,139000,12800,11000,0,103000,20700,2660,36500,25900,60300,657,10000,3190,78400,543000,72000,1970,28800,545000,533000,26400,358000,28400,2310,85500,28500,90700,36400,30500,11800,833,1270,19500,12500,29500,45800,3570000,120000,48100,16000,1350,642000,25800,36600,10700,31700,5110,245000,507000,606000,76400
555000,120000,411000,4070000,199000,70300,6330000,299000,8310000,74700,1810000,1890000,114000,811000,2610000,742000,1170000,550000,1020000,210000,8200000,2360000,18600,81300,97100,9430,196000,152000,156000,12200,122000,22500,178000,2450000,63400,953000,339000,204000,43600,365000,237000,247000,509000,92600,69900,23600,19600,19700,1400000,2850000,242000,1750000,473000,734000,1250000,3720,2520000,1090000,4230000,11700,182000,234000,1370000,738000,2090000,181000,1860000,488000,2150000,1480000,10500000,2730000,249000,4970000,796000,431000,463000,14900,20600000,1840000,219000,5400,1970,1960000,684000,141000,725000,14600000,21000,193000,289000,453000,122000,30600,7690,3980,196000,115000,20600000,4460000,8450000,14600,8830,420000,144000,661000,412000,379000,168000,29500,132000,127000,4620000,73400,1390000,10400000,63200,244000,47000,8630,594000,3780000,45900,412000,915000,441000,57000,39200,1100,661000,15500,228000,367000,2960,133000,32800,482000,1220000,1890000,245000,35700,288000,222000,1890000,209000,139000,58800,1320000,226000,627000,692000,68300,240000,279000,21200,9600,69300,211000,9060,55600,632000,483000,2110000,125000,189000,164000,502000,87300,396000,138000,182000,119000,807000,96200,104000,75700,21700,429000,587000,111000,574000,568000,50300,118000,725000,430000,398000,174000,26800,6010,3150,320000,118000,84500,217000,19800,128000,246000,248000,67800,98100,1350000,14200,602000,25100,2600,7460,195000,113000,190000,22800,4740,4210,219000,303000,55400,238000,41600,11800,171000,446000,34700,254000,110000,42200,89900,57300,6140,29600,99200,123000,53700,40800,89800,122000,97000,1210,209000,32100,69000,84500,2420,529000,157000,7640,112000,174000,116000,317000,1440000,109000,140000,208000,127000,33300,51300,101000,19100,52200,1800,86700,117000,1110000,8790,4100,222000,106000,67500,2070,22900,23200,270000,143000,1570,61300,17700,463000,214000,7190,33800,58500,567000,26400,2820,30200,159000,211000,1950000,113000,137000,63700,53400,54500,159000,1740000,24400,265000,26300,20100,138000,214000,766000,54500,1910,112000,38500,56500,75800,61800,25000,284000,375000,77700,1680,35100,342000,18500,562000,71800,133000,66100,4170,1820000,24200,2140,36000,353000,25200,50500,20100,233000,43800,35800,10100,105000,114000,70600,50500,371000,14000,53400,378000,58200,2090000,234000,32200,53000,4690,111000,73400,33800,702000,6980,25200,460000,38900,40100,29800,221000,13600,126000,14900,83100,43000,160000,45400,4770,48000,196000,43800,5620,39100,63300,524000,16800,33300,923000,16200,31400,28000,11100,0,15000,10100,552,10600,20700,17000,24500,52900,101000,10600,86200,561000,43300,1080000,18900,12300,40700,123000,178000,25200,73900,174000,75000,21000,403000,401000,13100,16600,1770000,156000,22800,33500,1860,135000,82800,4400,146000,45100,32700,1310,24900,8280,126000,178000,83400,1790,50500,131000,420000,45300,233000,30200,1420,50500,23700,69200,65900,12500,12700,1180,1050,9410,47800,50700,72500,5710000,86100,109000,66100,36100,330000,237000,227000,17500,25700,7810,541000,208000,2930000,78000
812000,467000,1020000,3170000,255000,40100,3550000,220000,8080000,216000,2710000,1020000,58000,1750000,4140000,33500,964000,1920000,372000,42800,2670000,6090000,25900,2640,5400,101000,111000,434000,40800,68200,181000,47200,53000,36000,8940,707000,851000,408000,28500,150000,374000,183000,149000,8220,283000,5510,61500,11900,533000,524000,264000,4370000,162000,539000,3400000,4570,1180000,55000,9710000,7280,164000,201000,695000,2420000,1000000,263000,931000,810000,951000,900000,9030000,90200,528000,3390000,808000,48400,161000,15200,20200000,43000,89300,10200,147000,5890000,314000,83200,1060000,9950000,25000,430000,1950,154000,111000,5720,9010,635000,183000,27300,27000000,528000,5350000,20900,24600,33200,131000,37200,825000,318000,28500,12300,37000,82000,3400000,2210,1070000,8590000,57100,134000,113000,45800,234000,15700000,43900,463000,563000,597000,34600,1830,4170,37200,133000,4810,378000,0,151000,47100,354000,2840000,2740000,141000,882000,13400,13400,608000,128000,219000,10900,5870000,129000,248000,1020000,33300,109000,344000,38800,33400,9290,1300000,3760,26200,56300,755000,1560000,80400,48000,211000,690000,232000,571000,54300,54000,195000,183000,25800,674000,40200,157000,683000,33200,82400,242000,569000,4020,154000,635000,71300,531000,79600,4680,10200,7570,270000,743000,61000,37100,6050,74200,12600,90400,40900,25600,189000,82800,557000,31500,780,33800,12600,88500,37400,30700,4860,6120,39600,38800,37800,1470000,126000,6300,147000,343000,12100,76200,2940,36600,28800,20700,2830,32700,64900,121000,7330,73700,9070,65500,150000,1600,507000,8770,73900,18300,23800,527000,64500,3820,78600,222000,97300,776000,162000,32300,31800,70700,123000,29700,20600,833000,7470,74900,2250,83500,82800,54800,6810,4040,49800,518000,34100,2310,10400,11900,408000,299000,1730,28300,4540,464000,135000,2730,75000,27500,643000,35100,2370,2930,73800,332000,1280000,14100,37000,99000,62500,13000,74200,189000,13900,110000,14200,36400,45300,34100,996,134000,3040,368000,72400,64200,36000,39900,12400,630000,19300,109000,5310,44600,299000,41600,100000,60300,71000,49000,28500,2080000,113000,4880,51300,194000,5920,23600,8510,24100,2590,70900,10400,60700,145000,2970,16200,299000,161000,46400,559000,84600,4170000,48700,2190,35400,3450,152000,92900,12800,1090000,2150,36000,176000,50300,48800,45500,164000,6260,306000,4040,56900,50600,117000,7190,39600,116000,14000,22000,25800,25400,63100,309000,6990,12700,574000,6800,155000,12100,14700,9260,7650,289000,3280,3480,34700,44300,51900,14400,132000,14600,9830,36200,67300,584000,10000,16000,25200,157000,82200,40100,167000,222000,17500,14400,99500,12100,63900,33200,114000,7600,11100,12100,441,110000,31400,41300,6160,8130,6380,1580,18800,3540,14000,15300,38600,12500,130000,43600,994000,39000,10500,19400,3550,48400,44400,102000,19200,9740,6070,1760,712,19000,26000,17800,66100,4500000,80300,35300,49200,11700,182000,14200,84300,28500,37500,4900,384000,33100,661000,57600
463000,41800,814000,3230000,124000,62500,7250000,247000,9460000,182000,3160000,1030000,76800,1410000,2290000,24300,309000,646000,566000,568000,5110000,5440000,29300,46200,158000,40700,128000,279000,165000,69400,73300,11200,85000,609000,26500,729000,270000,348000,43300,81300,241000,453000,224000,3800,143000,22800,58200,9680,911000,1530000,95100,5000000,434000,529000,2860000,2840,2690000,133000,10100000,9460,79200,261000,2060000,3620000,3170000,741000,817000,82600,1240000,1270000,11100000,460000,438000,802000,739000,14300,620000,11000,21700000,38000,84200,4170,1600,855000,173000,121000,1330000,15100000,12000,287000,364000,197000,211000,26900,4350,970000,163000,40600,22900000,4740000,8640000,14700,9730,24600,136000,172000,806000,363000,85500,7720,48800,142000,4120000,59100,1210000,7890000,99400,69800,30200,156000,805000,11700000,64900,300000,1040000,193000,61000,28600,1540,5250,404000,5160,179000,381,103000,37600,269000,33000,3550000,155000,19500,531,4950,708000,230000,166000,6620,4140000,234000,473000,310000,58800,148000,350000,28200,23900,8760,300000,4570,26400,24100,439000,2260000,4680,119000,71900,154000,191000,607000,69100,39600,129000,271000,47100,987000,108000,32400,407000,8360,61700,379000,296000,31900,88200,316000,214000,377000,1100000,10800,6400,4690,317000,130000,168000,312000,10000,193000,743,103000,36300,10700,144000,657000,701000,43400,4670,30800,3000,72100,37700,24700,1850,2910,424000,26100,40100,672000,79400,20300,178000,517000,21200,90400,123000,31900,56900,59000,1400,36700,71500,335000,41400,117000,32000,171000,105000,849,581000,10700,90200,14600,31400,745000,79800,54900,415000,183000,152000,733000,2410000,49300,59200,124000,53700,18400,36000,238000,8120,48700,1910,60200,70500,56100,18700,29600,102000,388000,106000,1780,33900,17100,298000,12400,1220,58000,3750,589000,145000,7540,62700,25300,1470000,29800,4540,1250,161000,214000,1800000,54400,32900,91100,68000,26300,74100,3880,15800,155000,83100,4300,114000,38800,5670,202000,1290,259000,88200,54100,28800,109000,9330,933000,7580,93200,63900,19700,115000,18800,309000,85800,149000,104000,23000,1320000,13100,1400,78600,349000,13100,74000,9580,8700,9730,49000,7400,106000,156000,11500,18500,331000,11000,10800,372000,73400,2160000,143000,75400,163000,6630,109000,25900,40100,520000,5870,27200,393000,39800,16000,30200,96700,9530,257000,8890,84900,33600,90500,14600,29700,117000,29600,35500,43000,25800,92900,529000,28500,21800,1030000,10100,53200,19500,14300,5830,13600,71400,1390,6880,32000,16400,19600,21800,20500,8370,52000,485000,38100,417000,8460,8150,6520,35300,104000,24300,2690,219000,22700,26400,35000,4250,107000,25100,124000,11700,19200,19000,0,102000,48900,4960,14500,11600,18300,957,15100,8590,6590,9690,14500,1150,157000,410000,2730000,36700,8860,7980,4280,152000,20800,70600,159000,18100,5990,1420,217,13900,34300,33600,92200,7410000,61400,87100,37300,1520,49700,403000,89700,48100,26700,3400,1060000,10000,4170000,15400
440000,117000,310000,4030000,181000,79000,7320000,306000,8630000,348000,1670000,1600000,70000,561000,1500000,623000,84900,711000,243000,214000,7670000,2890000,94300,70100,6080,8060,378000,1280000,173000,7180,148000,42200,60900,1450000,61400,873000,244000,108000,19000,5950,308000,201000,272000,4090,76300,72200,435000,115000,961000,1890000,331000,4780000,686000,608000,2710000,31100,2200000,251000,9720000,13100,100000,338000,1450000,3010000,2220000,177000,1060000,2370000,1200000,1390000,11300000,720000,162000,173000,698000,36300,1030000,22700,21800000,64300,391000,3320,2860,1200000,113000,90700,1600000,15100000,21300,368000,9670,565000,151000,46300,13700,1460000,553000,81300,15600000,1100000,8670000,16900,9860,209000,497000,261000,1360000,649000,280000,12900,35500,179000,4610000,27800,385000,4480000,16800,78500,219000,223000,476000,10700000,74500,168000,1020000,3560000,120000,29200,1760,261000,5840,39900,345000,228,184000,33800,136000,1720000,205000,728000,17400,5600,3650,1310000,237000,162000,7890,2940000,234000,1280000,455000,123000,290000,406000,27600,23400,53600,321000,2740,103000,72700,330000,2370000,33200,273000,1210000,99200,162000,740000,114000,71800,114000,1350000,105000,250000,81700,30300,300000,17000,34400,400000,205000,92800,26000,927000,269000,621000,64500,16400,6030,4350,320000,135000,111000,419000,7190,1890000,94300,275000,59100,68100,116000,14500,656000,30300,1950,6950,77800,319000,37200,28000,2270,4700,17400,80900,53800,755000,73200,27400,149000,574000,56900,158000,35400,16000,124000,99200,3440,36000,112000,646000,143000,86800,32400,199000,107000,1100,536000,26400,138000,19000,765000,644000,164000,26200,162000,136000,587000,344000,95200,185000,203000,456000,68000,23900,57600,57800,17000,50700,2040,334000,303000,289000,4440,13100,421000,153000,310000,1520,24200,10700,300000,1860,1540,107000,22100,360000,143000,5050,46500,14100,1180000,38100,3150,1660,129000,209000,1370000,30200,147000,66800,71700,57600,54600,218000,201000,155000,43800,32700,50000,55700,3320000,161000,2350,240000,57600,56700,36300,102000,8770,758000,9160,86200,110000,40400,131000,18700,366000,85500,53300,47800,238000,805000,14500,2740,39100,360000,11800,52700,61900,7580,10400,75700,34100,107000,190000,18900,51400,258000,12400,2380,355000,34900,665000,136000,5230,84700,1420,123000,55600,108000,297000,3970,24900,728000,28700,15900,33600,91100,9680,180000,25800,76200,42100,160000,78300,85500,55200,53600,91700,25000,48000,55100,550000,155000,15100,649000,24000,34600,18100,12800,2750,7500,62500,2000,15700,9260,13900,45800,48000,6470,18400,48900,1270000,45400,270000,120000,48400,17000,9330,235000,55100,99000,210000,23700,9630,44700,4020,32200,22600,375000,8390,20000,29000,0,48600,144000,133000,27900,8290,70500,1100,59100,16500,35400,7950,35800,926,54700,106000,453000,134000,203000,6300,2860,69100,43800,71400,106000,11800,12600,1850,0,13700,11300,59100,87100,5120000,9100,69600,19600,582,22800,21500,59600,36500,27000,2510,295000,5970,802000,15700
526000,135000,532000,4560000,157000,68300,6980000,169000,9590000,480000,2980000,1320000,65200,1560000,2860000,249000,59700,1170000,484000,97300,5480000,8750000,20400,3030,8930,33100,225000,458000,116000,102000,117000,15300,131000,593000,26500,809000,555000,400000,22900,77300,319000,232000,131000,6610,125000,29000,90500,7780,792000,1900000,60000,6390000,316000,786000,3140000,3170,2150000,332000,12700000,5790,67800,290000,1940000,2510000,2960000,574000,611000,80100,1440000,1150000,11400000,474000,464000,1800000,697000,65400,405000,24500,19800000,102000,172000,6530,156000,1250000,232000,250000,659000,15000000,17800,241000,10900,508000,85700,37100,7080,1500000,189000,101000,18200000,2720000,8730000,11700,10200,56000,200000,171000,965000,432000,172000,9020,38000,99200,2190000,76300,185000,9560000,113000,165000,63900,278000,578000,13500000,81300,529000,1020000,438000,56100,11600,1750,171000,294000,7070,280000,6760,220000,25200,316000,2410000,1240000,430000,30300,67600,28200,598000,244000,123000,9190,4460000,236000,597000,289000,134000,478000,214000,29900,20500,9090,91400,2480,64200,107000,515000,2410000,16500,106000,159000,68300,209000,383000,207000,37800,96800,656000,105000,366000,102000,393000,355000,27900,71600,248000,540000,44300,201000,415000,206000,721000,378000,18900,5700,4190,318000,113000,41600,415000,22200,170000,63400,221000,48700,34800,197000,28400,718000,22700,2550,110000,48800,170000,106000,54100,2550,3820,74700,59900,44900,840000,109000,23000,131000,610000,36800,108000,121000,41300,116000,46500,5060,36300,53000,698000,85700,75500,115000,122000,90500,799,717000,27100,84000,29800,130000,579000,117000,3690,198000,179000,222000,751000,1130000,122000,133000,236000,54500,17400,59500,146000,19000,44000,2060,113000,209000,55800,6810,18000,406000,1050000,191000,1810,33100,158000,278000,81200,4150,64900,3070,934000,157000,15700,44200,30800,560000,51100,3460,9750,129000,184000,1360000,106000,58700,71600,55700,46700,54600,12500,16600,133000,58900,4500,203000,61900,2380,141000,1570,333000,53200,56200,24300,69200,15200,637000,22100,71300,59800,25800,82400,15800,374000,73400,97700,91100,42000,2520000,143000,13000,34200,369000,20900,73500,16000,18700,13900,72800,20900,113000,134000,12200,30800,180000,55700,2450,339000,61100,2610000,91500,3600,87500,4480,101000,102000,60800,578000,13800,21900,951000,25000,42100,29700,211000,7250,329000,9040,76400,26700,129000,27600,11800,111000,78100,40800,14300,22900,55600,550000,19000,15600,1880000,15400,39200,17300,9610,0,15200,70200,2060,8760,8920,55800,26400,34400,39200,11500,70000,1010000,34300,440000,30900,37000,13400,7470,324000,39800,146000,124000,36500,11100,168000,6220,92800,19500,207000,13200,12600,53700,289,131000,65400,4440,39300,22800,25000,1520,29900,8240,23200,22200,32700,1930,54900,124000,2110000,87000,78700,20000,4840,82400,31600,63600,44700,6420,12100,559,328,11600,45700,24100,96900,4700000,39900,57300,43300,15500,112000,30800,45200,26100,22800,4450,474000,15100,2010000,18300
628000,115000,377000,4310000,211000,61600,5220000,202000,9910000,128000,907000,1590000,76300,759000,3290000,79900,175000,1110000,702000,56200,8120000,4990000,33200,79900,23000,10600,146000,587000,260000,6860,151000,22600,138000,836000,154000,1130000,463000,191000,27000,297000,321000,335000,235000,5510,88900,57200,184000,5230,891000,2170000,209000,5090000,517000,1520000,2160000,6090,1980000,411000,10200000,11900,36700,262000,1350000,1220000,2030000,278000,1080000,153000,1480000,921000,11200000,831000,241000,4160000,603000,652000,354000,10700,20500000,35500,199000,5730,221000,3480000,559000,1250000,772000,14900000,15000,468000,27100,432000,135000,22200,11800,289000,107000,229000,17200000,521000,8690000,14600,9640,326000,516000,342000,585000,599000,177000,9630,30900,128000,2350000,100000,385000,6050000,68800,233000,68000,72600,442000,9930000,77300,280000,741000,176000,88500,25300,881,342000,8050,30300,130000,8610000,156000,31300,423000,2030000,757000,500000,55300,142000,5430,1230000,173000,158000,22900,4000000,229000,1040000,589000,99700,310000,418000,32000,23800,480000,84300,2510,79700,709000,632000,2350000,32600,290000,64200,149000,140000,426000,93500,28400,134000,842000,74900,460000,77300,384000,361000,18400,96300,294000,746000,46800,100000,210000,252000,418000,342000,15900,5800,3540,336000,146000,52300,18000,7370,365000,123000,239000,113000,24500,1740000,10100,734000,5260,459,75000,97100,211000,544000,42500,2320,3370,55700,184000,92900,327000,32500,17000,145000,423000,53700,150000,86600,22400,111000,52600,3150,28900,90100,815000,55500,44300,80800,206000,101000,4330,562000,25900,83500,105000,62600,617000,155000,2720,131000,124000,260000,458000,99600,135000,136000,223000,23100,107000,56400,62700,18900,49000,2270,177000,175000,199000,3380,681,191000,432000,135000,2400,23100,133000,234000,248000,2580,20300,1890,781000,244000,7230,55000,46300,892000,28000,1660,16900,123000,200000,1530000,14000,90600,64300,42600,40400,14900,2760000,15200,203000,44700,6710,76300,23800,17200,72000,1550,227000,47400,52400,71700,31200,6990,356000,12900,87500,87900,17900,173000,17200,433000,65900,171000,40200,31400,1230000,8060,13700,35900,377000,17000,52500,52000,10700,3660,80600,18100,109000,181000,22100,47900,230000,11900,17400,366000,51400,537000,456000,3920,75600,3500,113000,57300,46800,338000,8360,20900,578000,26600,37800,30400,151000,9720,107000,18700,60400,123000,142000,34900,50100,74300,93700,50900,20700,27700,43000,543000,9560,45000,425000,19000,40900,35000,9880,5250,26200,20100,3510,5650,10100,25700,48300,49800,61700,13500,76400,464000,37300,1020000,42500,35800,9520,27500,211000,31600,115000,261000,16100,25300,146000,7340,72700,28600,333000,3660,21400,28700,0,74000,103000,58600,50000,23700,32600,779,46300,9810,74900,10900,60400,1640000,128000,90700,249000,96800,25000,17000,4970,61400,31700,65200,70200,7050,15800,811,506,13200,19600,80500,92200,4630000,51000,63500,58500,1230,222000,21000,288000,29200,26800,3400,199000,21800,537000,69700
727000,92000,836000,2260000,243000,56100,6530000,221000,13500000,62500,64900,1140000,236000,1560000,2400000,490000,498000,1060000,689000,267000,5880000,17600,16900,54800,23500,33600,265000,1710000,99500,8350,429000,12000,39100,682000,26800,916000,384000,387000,749,27900,124000,591000,375000,9360,170000,9400,622000,24400,1270000,3810000,85700,4380000,352000,576000,4020000,3240,2730000,214000,9270000,2460,86600,160000,1570000,789000,2420000,127000,1270000,381000,4080000,796000,10900000,4870,478000,3270000,101000,18300,350000,5230,20700000,89100,95900,4250,78000,1580000,816000,485000,492000,14100000,5630,169000,274000,233000,278000,29700,4430,15900,597,296000,17900000,728000,8110000,15000,11200,33000,677000,393000,201000,141000,224000,6320,27300,87500,2950000,27300,108000,9540000,40100,211000,4760,11600,792000,7660000,28300,293000,944000,1060000,39800,12000,1710,393000,424000,237000,597000,7770,56900,38800,116000,975000,2080000,499000,6040,158000,2550,1050000,207000,164000,8630,2630000,213000,9810,287000,59200,187000,496000,25700,23200,3300,538000,3180,66800,19200,530000,2190000,529,120000,380000,186000,237000,298000,40900,57200,158000,925000,72800,237000,88800,445000,422000,23800,28100,252000,151000,20300,1110000,453000,419000,730000,145000,1990,6990,5540,338000,124000,364000,149000,5890,247000,140000,127000,46000,64200,53800,8420,1050000,96200,1050,54200,111000,107000,546000,156000,1790,7840,125000,86800,39200,725000,103000,18300,167000,72300,28700,3380,1040,34000,52400,67000,4430,21700,77200,250000,41600,365000,8480,82000,141000,5500,488000,22600,55600,44500,6900,9340,78900,301000,128000,145000,56600,560000,437000,119000,190000,117000,57300,15800,43000,519000,13800,50100,2380,73200,94900,814000,7090,5990,19100,63200,101000,2760,26500,7370000,188000,70900,366000,118000,4300,138000,114000,20400,83000,17000,1480000,51700,1680,20300,169000,215000,2150000,172000,71200,87800,44900,36100,22700,1920,18000,158000,43700,14500,44800,47800,5940000,50200,1790,244000,40200,43800,27500,80000,4880,253000,28700,90000,14400,6420,136000,18400,743000,73200,184000,228000,2150,1310000,6970,4610,49500,332000,25400,58300,21900,35600,11100,22600,17400,99200,99600,152,1550,385000,32800,11200,397000,12100,1950000,170000,20300,108000,6240,172000,11700,75200,810000,10300,37200,402000,44200,33300,31000,582000,13600,423000,13800,54700,28300,98500,1300,5500,86100,36900,48700,39500,16900,30900,502000,7950,29900,223000,17300,80800,8550,12700,4120,8620,40800,6160,3280,12500,23100,20900,33000,14400,17700,67500,156000,49000,817000,19100,35700,12300,44100,99000,16700,61900,310000,77400,2050,194000,17700,36700,25800,31100,37300,26500,21000,321,123000,47900,1640,25900,39500,33200,1170,19100,13600,29300,32000,21100,1330,61900,333000,1160000,54600,140000,18800,2330,73400,20100,67400,79400,36600,7780,506,6960,13600,18600,38100,64100,4870000,11700,50400,18100,1620,203000,12800,91300,28100,25600,3710,260000,11800,597000,23400
572000,58900,621000,1980000,311000,79200,5010000,213000,11300000,72400,1630000,1070000,62700,1230000,3190000,46200,607000,921000,707000,214000,7680000,3080000,11900,71600,25900,13000,239000,735000,77500,9610,96100,33800,214000,1360000,47000,961000,255000,316000,26800,122000,233000,274000,177000,6020,122000,16300,174000,77800,835000,1410000,125000,14700,244000,816000,1750000,8090,1880000,300000,29800,2660,43100,315000,1340000,1350000,1950000,796000,946000,83300,2620000,1310000,10200000,250000,386000,2580000,415000,166000,237000,14400,20500000,48200,203000,8110,114000,5100000,200000,485000,430000,14100000,14900,556000,479000,323000,213000,29100,8990,1120000,173000,166000,29500000,5310000,8120000,17600,13900,155000,207000,6960,622000,578000,117000,17000,34400,145000,2140000,112000,177000,9380000,87400,101000,139000,57200,465000,11100000,167000,456000,747000,677000,47600,48500,3240,6760,38000,10500,664000,3680000,168000,50000,463000,543000,758000,406000,18600,13200,6730,726000,173000,206000,24500,3580000,197000,638000,785000,97800,400000,566000,43200,33300,430000,131000,3440,30900,128000,586000,1850000,48300,102000,239000,400000,123000,301000,107000,25300,144000,426000,88100,385000,72900,105000,637000,21100,108000,350000,682000,31600,101000,409000,196000,324000,656000,21000,8590,6320,13200,161000,31900,313000,13300,431000,174,213000,76300,18200,505000,6290,805000,10600,2150,14900,299000,190000,260000,51700,4570,2000,69900,98100,68400,373000,42700,14900,197000,324000,40100,221000,111000,42400,91900,48500,5460,39900,77700,442000,44600,28400,103000,190000,141000,5290,2060,17800,73500,54200,38200,675000,137000,6770,291000,150000,344000,651000,2490000,83000,79800,219000,31800,53800,25000,284000,15600,73300,3420,136000,188000,96200,21100,1650,162000,20200,127000,2910,23600,84300,383000,121000,1640,153000,5920,663000,169000,6610,78900,54300,2110000,24500,3040,14800,118000,290000,1540000,40700,224000,90000,64200,40500,94900,601000,32800,135000,33900,4510,115000,42800,9650,77200,2390,194000,120000,73800,48100,87700,7460,383000,16900,106000,2080,20400,244000,25100,273000,83500,83900,1030,31200,2080000,462000,303,93200,309000,9340,48900,19000,14600,7700,191000,18600,96600,138000,7250,21100,242000,19300,34500,536000,20800,885000,140000,120000,237000,10100,166000,2210,69600,776000,9050,27800,560000,47900,55200,42300,111000,6280,3630,11500,90400,48700,149000,29200,37900,92200,66700,49700,29700,23600,121000,486000,10300,26000,488000,13200,99800,16500,16100,12800,1790,117000,16700,2560,9240,26000,5720,35500,58400,13100,200000,867000,49600,747000,29400,43100,5330,90700,214000,44300,31300,370000,29000,12600,65000,7780,34100,29300,399000,8620,8740,35700,0,129000,92100,6280,37500,17200,24700,558,2810,10300,35400,13000,31300,834000,60100,220000,291000,112000,15200,21900,4940,153000,37700,90200,61500,5630,3890,806,759,16100,30300,81500,62900,6460000,66700,63400,66300,856,145000,33200,45700,31500,34700,3830,1150000,22300,4260000,40500
151000,196000,472000,2450000,146000,40300,3360000,141000,2200000,975000,5020000,502000,22400,1530000,3090000,53000,26200,2210000,299000,230000,597000,8660000,19300,1080,295000,58100,55100,3000000,16800,25100,144000,149000,7980,47900,11200,382000,371000,287000,42500,113000,233000,244000,74000,4340,243000,25800,181000,70100,324000,1010000,18000,2660000,110000,530000,2580000,1880,1460000,27600,6410000,6860,119000,323000,600000,3600000,849000,1600000,253000,183000,798000,881000,9430000,863000,479000,2110000,1550000,24800,186000,15700,20100000,34600,66600,9380,95100,1250000,316000,363000,126000,9420000,15000,145000,7840,90000,207000,6850,6950,1250000,137000,70500,28400000,1220000,4610000,23000,17500,15100,211000,210000,860000,724000,23600,9000,30000,112000,2500000,5410,363000,133000,95600,105000,93500,91800,229000,11200000,110000,5270,542000,1090000,19400,34900,2370,210000,4910,4070,260000,248,80700,56300,3180,1260000,6660000,100000,14100,86200,6230,450000,124000,231000,12900,6030000,119000,1130000,137000,17400,76800,769000,60800,35000,8300,2180000,2880,33300,35800,470000,1450000,6510,56100,398000,30100,162000,140000,577,36500,183000,111000,20200,1650000,32800,403000,489000,12900,2170,174000,7360,31000,69700,81200,22600,1810000,206000,2910,9140,4680,288000,211000,45900,212000,8230,58800,76000,77300,25200,22500,129000,10300,471000,28500,1190,99900,58400,74900,159000,57700,3220,8640,605000,13600,31700,708000,120000,8000,234000,708000,9060,105000,20000,1640,29200,28300,24200,50600,113000,88200,10200,45200,13000,71900,150000,1570,292000,8810,111000,15500,5280,472000,52200,24500,200000,50000,64300,737000,766000,23300,22900,87900,94200,28100,16200,118000,10700,64700,1350,47400,87100,62000,15400,11200,42200,509000,38600,1950,8580,49400,98500,68900,1890,64900,67800,635000,62800,5390,94400,1920,2150000,112000,2660,13000,88100,344000,1170000,36800,35600,141000,77500,14500,109000,128000,513000,64600,50000,8590,64500,196000,12400,178000,2700,253000,64200,69000,37900,104000,7590,883000,9470,121000,77400,40100,49000,23800,188000,88600,19800,37700,11200,57700,584000,4100,58200,172000,3900,20600,5510,20700,6610,127000,12500,57900,191000,21400,14000,514000,11400,1340,501000,194000,864000,20600,5790,135000,2180,160000,81500,25300,205000,910,42700,151000,60400,30300,45500,246000,3780,469000,5930,51700,42500,54600,13500,13900,111000,6050,29200,36900,44500,151000,268000,347000,17300,7180000,6870,168000,17500,18200,684000,12700,43000,1250,12600,40200,30200,31800,17900,22000,12300,89400,722000,92700,993000,9120,23100,8840,2560,53300,18100,75200,484000,24900,29400,72600,29700,38900,32700,110000,7690,107000,12400,393,3150,25900,3020,2950,8110,7500,1790,8430,4940,4970,10900,174000,2160,224000,753000,3880000,36500,20800,8710,4950,89100,25600,101000,20300,7910,10000,1400,561,20300,1280,6940,42600,4810000,16500,24200,521,1230,109000,30300,188000,69500,40800,4170,451000,9210,1110000,33700
846000,198000,1380000,1670000,527000,136000,4500000,255000,5230000,577000,5100000,1070000,443000,789000,2450000,1770000,44800,683000,141000,453000,7070000,749000,63200,4000,262000,2340000,403000,459000,58200,289000,348000,7710,2060,721000,43100,675000,641000,120000,53800,28600,68100,371000,284000,62100,237000,12400,134000,3060,1520000,2700000,20700,358000,70800,801000,793000,15400,4140000,276000,797000,6890,233000,123000,2810000,194000,4220000,11800,652000,280000,2920000,291000,9000000,3610000,250000,9170000,83400,42500,64900,0,19200000,1490000,322000,3010,32000,1900000,1110000,766000,2960000,14000000,7900,10300,3570,925000,130000,376000,15400,2010,85200,94000,20500000,2080000,8010000,13600,10200,985000,162000,795000,312000,216000,752000,12100,256000,47800,3540000,151000,1190000,200000,42900,194000,32400,10100,1650000,1320000,54900,4360,654000,74900,12500,743,1940,795000,183000,129000,729000,42700,5160,22600,6700,1050000,4500000,1250000,24100,344000,10100,488000,150000,151000,37600,652000,208000,271000,14300,201000,481000,401000,13600,28600,2680,523000,1530,41100,34900,554000,1650000,3370,38100,27500,11300,49600,3260000,417000,330000,110000,1630000,493000,318000,147000,25200,339000,365000,2580,362000,5800,17600,1010000,129000,342000,108000,147000,77200,6390,5570,300000,106000,82900,91400,193000,1560000,303000,262000,75200,228000,296000,195000,356000,56000,2660,5620,238000,134000,1960000,157000,6730,6450,600000,13700,52200,39900,18700,5910,201000,240000,56700,553000,567000,932,243000,15200,11600,18000,72200,3180,133000,25900,58000,12200,108000,362,37900,113000,103000,2330000,1870,407000,107000,28200,9150,245000,147000,71400,361000,474000,610000,171000,148000,15100,8280,610000,21200,34900,1960,103000,94300,1140000,4350,27300,644000,7940,192000,1120,43400,96000,7360,139000,5810,5390,2490,105000,80600,66500,48700,648,3180,7250,4200,36000,243000,225000,2660000,150000,152000,88800,72100,254000,35900,1310,22500,105000,947,11600,112000,108000,6940000,11300,1600,36600,16700,65000,92200,5370,35800,73600,289000,81400,727,38100,11300,11300,516000,80500,77200,567000,1230,17600,24400,26000,91000,320000,13700,102000,16100,437000,13700,23000,69900,98200,195000,93700,14000,60000,16900,2700,260000,4020,1790000,18000,1460,0,4680,132000,2500,90000,366000,12700,51900,564000,100000,5630,29700,62400,3970,248000,35000,16900,20600,73100,469000,1120,12200,27600,82300,130000,39000,37500,490000,5640,147000,38800,51400,49500,17200,137000,0,27300,40500,2660,13200,43800,6960,21100,156000,44200,75100,1450,90000,42000,637000,213000,129000,17700,2950,321000,4810,61700,219000,42100,512000,415000,401000,58800,17800,2230,144000,31000,57200,0,3220,113000,201000,32400,85000,327000,1540,145000,41100,86600,253000,23200,1050,9240,313000,101000,136000,576000,11100,17200,10100,36500,66500,25200,15900,18300,2930,0,10700,1860,300000,20100,11500000,103000,39000,1040,1620,520000,8720,1320000,27100,27600,4860,1010000,135000,2150000,30100
535000,58500,887000,3030000,499000,95000,4500000,257000,9760000,172000,447000,1050000,96800,1290000,2990000,705000,134000,586000,638000,301000,8740000,2190000,9950,83900,16200,23200,147000,194000,64500,21000,124000,21000,147000,653000,111000,871000,586000,306000,58700,250000,181000,418000,529000,22100,162000,17200,17900,117000,1190000,2670000,38800,498000,647000,956000,620000,4450,3160000,1740000,1130000,2140,99200,258000,1750000,304000,2660000,10300,2010000,53100,1650000,1330000,10100000,3310000,387000,4620000,670000,65600,221000,8900,21600000,270000,114000,5670,117000,1850000,508000,136000,409000,14400000,13800,533000,56100,455000,1570000,42400,8530,467000,103000,311000,23700000,2130000,8280000,14600,12800,336000,101000,757000,560000,388000,59200,12500,140000,173000,2820000,149000,26500,11700000,58000,163000,68500,32200,903000,1630000,61900,393000,665000,753000,71900,52900,2500,757000,10700,174000,145000,262000,131000,39200,713000,1580000,377000,258000,49800,331000,3980,1280000,148000,331000,12900,643000,210000,502000,443000,118000,291000,346000,14600,35000,7480,104000,7690,72300,39100,560000,1950000,1420,377000,265000,102000,47100,284000,205000,49700,132000,794000,121000,160000,96600,262000,573000,61500,168000,422000,756000,58900,195000,108000,309000,192000,188000,55000,7970,6510,352000,139000,35300,225000,5060,182000,278000,156000,54300,82100,174000,412000,730000,12800,825,36100,223000,106000,81700,17000,2530,4330,42400,72500,49900,29500,18100,16700,200000,515000,31100,91400,151000,48400,74800,82600,4750,36500,141000,712000,36200,12000,178000,168000,120000,2960,54000,51500,66500,18600,14800,769000,112000,1580000,50200,162000,216000,242000,1610000,83800,39000,92200,77300,31100,38400,809000,12900,61800,2740,83900,73100,1090000,15100,1650,89900,57100,94800,4090,29300,14600,353000,176000,1850,41400,6220,953000,139000,11000,62800,81700,1050000,14300,4570,34200,202000,255000,2460000,67700,157000,87800,62000,50500,89400,584000,53000,170000,16500,3130,91300,97100,2250000,24700,58300,63900,43000,55900,43600,74100,10300,122000,72400,223000,43700,54000,189000,21800,528000,72500,82000,37400,17700,1730000,532000,7870,55100,332000,14100,68100,15200,111000,15800,41700,9330,105000,152000,86500,40300,370000,9020,7540,455000,34400,703000,52400,3270,46700,18300,136000,32300,48900,430000,14300,31600,563000,80200,30100,35300,198000,16400,17100,17200,85800,25900,105000,52700,15800,38900,265000,51000,20700,44300,193000,498000,16600,48400,858000,9090,54200,41800,16100,472,15400,45900,1250,7290,13300,14800,20600,63400,9430,44700,24700,837000,56000,987000,12000,11900,9920,9750,164000,30700,94500,218000,61200,5940,46000,15400,92100,24200,448000,117000,15000,36200,0,159000,65700,2070,228000,59500,61200,2000,33700,10300,39100,32100,40800,22300,25600,124000,610000,53100,205000,32400,3640,36500,29100,78900,26800,6820,9360,959,0,14800,43500,54700,62900,8610000,11000,72300,100000,1620,261000,15000,69200,28900,31600,4050,1070000,28100,2090000,13700
552000,94300,465000,2100000,135000,68700,6490000,210000,13700000,65500,1570000,1820000,196000,711000,982000,37700,705000,488000,243000,266000,7730000,1700000,13800,73400,28700,403000,167000,1610000,145000,31300,116000,24500,78000,723000,49300,1090000,181000,190000,42300,31200,80300,406000,436000,3040,82100,40000,611000,15500,965000,2190000,89700,6320000,123000,455000,4580000,1650,1960000,538000,12700000,2540,154000,159000,2130000,812000,3200000,834000,1500000,280000,2520000,1050000,10100000,286000,220000,4020000,163000,26500,164000,9550,18400000,75800,255000,2970,52200,778000,293000,500000,1620000,13700000,3170,143000,312000,287000,922000,64200,3930,22300,198000,301000,17200000,3130000,8150000,11800,8450,67400,658000,117000,145000,145000,364000,7540,50800,42600,2470000,25000,87200,8690000,58500,109000,26900,12200,655000,8720000,28600,382000,947000,1160000,22100,18700,1050,117000,653000,12400,566000,16400,81600,28400,154000,841000,131000,727000,86800,46800,2940,1780000,215000,218000,5340,1640000,226000,541000,488000,72800,811000,211000,22100,20000,2840,56900,2730,167000,32100,296000,2110000,24300,29100,411000,345000,273000,681000,194000,90900,93600,1230000,137000,320000,113000,769000,366000,16900,37100,334000,281000,10400,813000,331000,340000,510000,152000,22400,5500,4690,292000,94300,451000,206000,12100,10600,41700,420000,136000,14000,44000,5840,1120000,78200,4160,82900,33500,356000,756000,445000,1990,5400,181000,232000,132000,400000,163000,17600,132000,77400,67800,253000,34500,38800,104000,34800,9280,18300,169000,345000,113000,583000,31600,55000,157000,4560,710000,23700,62000,336000,13300,619000,124000,805000,213000,198000,77700,249000,1120000,246000,338000,276000,116000,13200,20300,181000,14100,44200,1150,180000,273000,116000,9530,2490,373000,48600,170000,2250,33700,8430000,189000,170000,644000,249000,3730,176000,163000,29000,54400,20800,1660000,36800,1960,7850,125000,161000,1810000,197000,158000,59900,34000,48200,45500,468,18700,151000,82000,6620,42700,10700,10500000,55900,1220,237000,54000,55000,68300,102000,9480,269000,34700,149000,19900,5180,209000,15200,441000,71600,310000,358000,3650,1810000,5190,11600,38500,353000,27200,77600,43600,11900,20800,20800,50600,108000,67200,7430,12200,290000,30900,16400,302000,16800,1480000,164000,25500,179000,3220,93500,8690,109000,563000,9960,18000,882000,19000,31700,25700,100000,25300,137000,20200,71000,67900,110000,58200,8160,36100,156000,96500,158000,24800,8710,514000,9840,71800,152000,31700,29100,7310,12600,8870,20500,33800,5050,7250,8690,19200,16800,49000,77900,26600,102000,123000,31500,658000,45300,105000,34100,82300,268000,23100,51100,124000,26400,278000,210000,23600,42600,17800,56900,3420,8840,41400,0,118000,106000,2300,70500,36700,32500,2110,51600,23000,104000,22400,13200,644,54000,388000,434000,160000,8150,24400,3310,103000,24700,55800,27500,25000,8290,745,23100,12400,31100,94300,77000,6580000,104000,45600,23500,670,231000,15800,281000,40200,19700,2600,643000,22500,2340000,40600
1120000,113000,586000,5680000,203000,55200,6290000,292000,8250000,160000,1750000,1430000,180000,655000,4180000,474000,1720000,1110000,408000,350000,7720000,1060000,140000,70300,28400,5760,110000,271000,49800,13000,131000,40700,83600,68700,478000,910000,740000,161000,18600,7120,102000,618000,384000,12400,99700,19000,92300,32100,973000,1420000,75700,1590000,154000,633000,2370000,6720,2210000,607000,3850000,6060,149000,182000,1340000,903000,2010000,39800,1710000,537000,3450000,1190000,9260000,2000000,195000,3880000,404000,38800,512000,13900,20800000,167000,450000,7030,1960,239000,637000,141000,3500000,13200000,10600,91200,1160000,188000,138000,49900,4560,14100,102000,94300,21400000,967000,7490000,15400,13500,230000,533000,574000,219000,281000,288000,11500,30900,72800,4450000,45100,184000,11000000,26900,251000,34700,2210,464000,4240000,47100,518000,920000,554000,28500,33000,2150,7710,99300,11300,189000,3010,106000,36700,269000,1930000,456000,396000,56100,245000,4720,1580000,197000,181000,7520,1560000,192000,535000,1200000,24900,554000,491000,32500,27400,5760,155000,11000,65000,78300,818000,1710000,9270,50900,201000,863000,144000,1380000,52100,99400,135000,871000,108000,414000,75300,26000,347000,99000,62600,207000,326000,68100,554000,1040000,258000,890000,244000,14700,8550,3900,307000,121000,140000,218000,7670,230000,920,468000,197000,78500,155000,39300,616000,105000,2490,13100,159000,359000,111000,14900,2560,5210,80600,133000,218000,492000,43100,8660,158000,190000,39900,109000,38800,38200,67500,32200,4250,51000,80000,14700,31500,103000,49100,58400,117000,2390,182000,10800,51500,57300,3400,498000,130000,19800,88000,131000,95700,172000,531000,158000,229000,238000,121000,17800,32100,399000,63900,53400,1490,409000,189000,900000,11800,139000,118000,22500,202000,1500,21500,7130,216000,118000,1740,40100,31500,130000,137000,23400,89700,22700,986000,54700,2940,26200,132000,246000,1460000,76800,133000,85100,48600,35900,30600,10300,37900,138000,16500,21300,314000,20300,665000,60500,2500,197000,37300,74400,64400,89400,19400,274000,106000,100000,6400,14900,436000,14200,272000,70000,139000,27000,3050,2270000,1090000,4240,89900,289000,7770,45900,83100,68700,30000,43700,50800,88500,102000,47700,21400,190000,36700,33100,397000,34300,2380000,71100,566000,52700,1820,133000,21100,89600,251000,6310,25700,609000,61700,63500,34500,116000,13300,126000,15600,62700,206000,119000,94100,10500,28700,127000,132000,8320,42000,52400,457000,7270,38800,1240000,30600,61100,6710,11900,154000,15300,104000,1170,8530,10600,6640,96900,48500,52000,7110,35000,213000,42500,835000,68400,7360,69000,218000,213000,31500,107000,270000,58900,8200,149000,803000,29900,26700,1350000,6230,23300,43500,287,129000,60700,1650,73000,10400,66800,1380,25200,31800,64500,43900,69300,1390,42000,88000,2810000,125000,156000,63300,4590,44100,26600,78700,27000,14500,66400,703,458,15000,32400,37600,50200,5650000,36300,57600,37100,1290,226000,23600,617000,38700,25000,5320,306000,59000,852000,69400
595000,56200,527000,2930000,75000,62100,8760000,297000,10100000,247000,3150000,1470000,124000,912000,3570000,94000,147000,829000,640000,106000,7540000,2980000,53300,72300,14900,9360,546000,523000,156000,12200,90300,45400,196000,791000,90100,1040000,318000,105000,23400,91700,300000,563000,425000,4710,107000,25800,114000,119000,1140000,1440000,48900,1230000,733000,742000,2150000,3360,2390000,204000,3130000,7380,107000,305000,2020000,1690000,3130000,466000,1740000,955000,1280000,1600000,12500000,3050000,289000,431000,628000,36600,895000,16200,22400000,29200,282000,6580,1470,618000,400000,125000,200000,16400000,11800,570000,14300,531000,182000,56800,3500,327000,300000,82300,22500000,3830000,9600000,15400,9390,182000,223000,909000,648000,521000,329000,12400,36100,254000,4480000,87200,380000,12300000,35100,266000,29800,33800,601000,6610000,63100,688000,1320000,816000,124000,13100,1450,22800,9570,3360,140000,1090,201000,36700,466000,1680000,1520000,513000,74300,1910,5140,1890000,299000,168000,7930,2550000,266000,594000,697000,135000,471000,363000,29400,26000,13200,146000,7540,159000,50000,624000,2600000,60600,396000,310000,177000,145000,162000,127000,38700,120000,1180000,147000,370000,110000,20800,457000,8940,109000,363000,842000,56600,103000,1110000,352000,737000,90200,19100,6810,4540,354000,146000,115000,48900,10200,60600,8320,282000,132000,21700,86300,52000,760000,30500,4960,7310,8000,308000,95000,23000,4120,2170,38700,81200,104000,446000,48000,12500,133000,442000,64900,131000,52100,56600,120000,89500,3880,32300,51100,535000,104000,72700,24400,247000,103000,1190,153000,43200,79700,28900,16500,604000,140000,51500,114000,193000,71900,518000,1770000,165000,299000,367000,78200,30400,81200,163000,18700,53900,1890,266000,216000,606000,14500,6360,294000,172000,241000,902,33400,10100,386000,6760,2070,56900,2890,726000,202000,14100,54400,47200,688000,53800,2770,2590,149000,213000,1540000,25100,107000,73700,63400,61100,12800,40500,23700,215000,26400,23900,65800,42100,2250,99400,1820,206000,44700,59600,53200,59300,11800,463000,7240,103000,43400,48600,204000,17000,288000,82900,179000,82500,11600,3340000,10600,3380,56400,413000,25900,78800,39500,14100,9020,53000,20500,128000,129000,75800,110000,385000,36800,4730,414000,50300,455000,262000,3520,53300,5870,108000,75200,82400,436000,6860,19900,874000,32500,48800,32300,197000,8980,348000,17900,92200,39400,121000,75300,6260,75400,51600,76600,18300,20000,94600,606000,10500,26400,302000,31900,38900,20100,12700,0,23600,25400,753,13600,12900,18800,32300,52100,6640,13800,23900,1100000,52900,407000,49400,3200,9440,18100,317000,58000,97400,194000,40000,23300,37300,20200,62200,21800,342000,14300,9440,40900,0,174000,120000,4080,25300,23800,48400,1000,54000,11800,62600,8710,32800,562,65100,74800,530000,109000,34000,10100,4910,46600,36600,70400,68000,13900,10100,1170,1210,12300,61700,70000,80800,5110000,10000,86100,65300,1490,43500,44900,51800,23400,27700,4780,726000,7120,3060000,9350
694000,370000,804000,3370000,412000,74900,6630000,326000,8520000,244000,1400000,2250000,358000,1230000,95200,1020000,2020000,915000,553000,451000,10300000,1820000,23400,103000,20900,25400,137000,4310000,68200,17000,2950000,9080,214000,497000,72600,1020000,545000,320000,37500,94700,132000,395000,501000,61200,147000,18500,1520000,27000,1500000,5080000,86300,1320000,259000,1080000,926000,6940,2640000,1070000,3240000,16100,243000,235000,1790000,93600,2760000,361000,2070000,1010000,3030000,1460000,10900000,3500000,360000,3980000,1060000,41200,533000,10600,21200000,854000,190000,5120,1040,1680000,484000,127000,1120000,15200000,12000,121000,723000,575000,180000,72800,5130,3880,87000,220000,18400000,388000,8790000,13700,11400,176000,1600000,767000,274000,383000,445000,6160,201000,83900,4910000,73800,315000,12000000,82600,191000,66600,2790,742000,2210000,63200,496000,923000,1090000,38300,33000,2040,5830,11200,4250,310000,554,123000,31900,447000,1850000,317000,622000,53100,4170,3840,1550000,211000,168000,10200,723000,238000,486000,1200000,61000,407000,234000,36300,26200,6660,111000,9110,69700,69600,234000,2190000,7130,91100,393000,872000,62800,576000,134000,53300,127000,246000,163000,368000,98000,24500,429000,462000,101000,233000,551000,65400,115000,452000,460000,193000,277000,54800,6900,5360,328000,109000,73200,308000,11200,475000,291000,208000,72300,130000,125000,20800,620000,51100,3960,56000,4190,159000,134000,134000,2530,4680,47600,260000,62000,229000,21000,19900,163000,456000,34000,126000,90900,51000,113000,37000,3690,37800,80700,15900,54100,36700,183000,60500,107000,5670,158000,32100,59400,45200,7740,661000,161000,33600,185000,237000,69100,585000,107000,92100,436000,202000,190000,17500,76400,575000,21400,56900,2420,85600,136000,1160000,3260,43800,298000,53300,90600,1900,28600,25600,318000,63300,2030,95800,3410,598000,232000,10300,35500,59100,1040000,16200,2750,1780,167000,213000,2320000,369000,71700,74600,59100,69900,25200,26900,40900,268000,53000,32700,478000,151000,28300,22500,1430,77100,60400,56500,44000,119000,17400,100000,228000,91000,6870,34300,555000,20300,945000,80200,101000,21400,8180,2300000,26200,1960,34900,363000,7650,66800,13900,188000,53400,50900,12000,110000,103000,86800,2470,332000,37400,71500,392000,148000,1990000,289000,211000,135000,4940,108000,83100,56300,721000,31000,24600,701000,41800,73800,32800,261000,13800,90100,13400,79800,37700,147000,114000,39100,87400,198000,61400,16200,46000,31100,540000,8530,29700,356000,33600,52100,9170,11600,1060,1880,8770,596,10100,17700,11100,24900,66900,87200,5810,116000,583000,47000,1650000,23800,8970,66700,225000,240000,32600,95800,134000,80400,10500,573000,114000,81500,20500,696000,109000,29900,59000,345,164000,63200,44800,141000,60600,49600,1080,27000,12500,51400,224000,139000,734,33800,302000,1330000,72100,317000,25000,4380,85700,28600,69000,64300,9730,21700,1010,503,11700,43500,40000,16000,6280000,23800,85300,61700,3630,295000,39000,572000,25800,23900,5070,210000,148000,363000,49000
503000,282000,538000,3050000,80900,47900,8670000,98800,10500000,129000,4180000,1480000,30700,2150000,4600000,32900,815000,1230000,369000,44900,2400000,4760000,67100,50700,21300,11800,204000,550000,136000,13500,60700,122000,29300,295000,14600,1070000,753000,533000,28100,53600,789000,266000,116000,2160,121000,28400,27100,8630,990000,1120000,598000,39900,496000,509000,5480000,1170,2590000,41200,90300,11600,72700,283000,2160000,4090000,3340000,880000,688000,772000,85700,819000,14400000,206000,651000,314000,757000,667000,837000,17600,24300000,151000,89700,8050,353000,1900000,825000,130000,130000,18500000,38200,384000,2120,159000,229000,8500,16800,516000,353000,46800,22600000,3530000,10700000,17400,13400,21300,111000,2570,710000,434000,41900,13400,49000,305000,1250000,8780,932000,9260000,59600,501000,86200,71200,633000,15300000,69100,556000,1370000,138000,112000,2030,1640,4640,22400,7730,214000,1730,178000,36700,300000,239000,6580000,84700,197000,21900,4810,623000,339000,169000,8610,5730000,281000,502000,1020000,48500,138000,395000,34300,28700,2760,512000,2410,40100,380000,712000,3080000,33200,136000,47200,704000,358000,130000,27200,28400,123000,125000,46200,1050000,115000,14300,523000,25000,69100,400000,486000,36800,112000,301000,279000,492000,510000,3080,7260,5800,17600,170000,137000,508000,6380,18100,0,92900,58000,21200,305000,5790,796000,31100,792,10500,454000,112000,59400,26400,4490,4230,56100,23600,58800,2180000,349000,15000,126000,246000,20200,139000,12700,42200,42200,186000,3260,35300,69300,528000,32500,181000,17700,184000,125000,3650,5510,5200,69700,11800,6290,784000,131000,3050,124000,199000,118000,1120000,1400000,39400,48000,135000,60200,24400,53400,95300,22300,112000,1800,57400,95700,38600,9500,4570,117000,161000,38000,2560,36400,19900,231000,4560,1960,35200,4300,520000,331000,6800,37300,18400,1540000,33100,2500,25100,159000,318000,1670000,19300,78700,84800,62000,18500,31400,89600,21500,232000,2320,22500,83900,41900,327000,231000,1600,529000,45200,55800,14300,37000,9430,1020000,24800,82400,1230,35500,265000,22800,222000,58500,119000,1310,4600,2580000,7250,1470,51000,449000,25700,78800,15900,9410,3100,56800,13100,137000,129000,4960,41600,198000,32100,25800,454000,88400,865000,35400,2820,62600,2540,151000,762,19500,127000,1750,25300,380000,38100,33100,32700,65300,9840,4760,7680,54700,34600,95100,3750,6000,190000,13600,21300,16500,28300,10400,667000,7410,8260,392000,8600,45400,12200,14200,53500,1400,129000,7780,1300,41500,39600,6900,47500,71100,9640,10400,544000,58900,544000,6520,30100,14800,171000,77000,38000,12400,246000,42100,44200,107000,2080,110000,28800,30500,6380,6000,19200,0,128000,80400,3870,5630,10700,6280,1780,23000,3210,8190,21300,25800,865,86000,122000,522000,28500,9190,6020,3300,52800,28700,76300,30900,16400,17000,1240,330,15700,34400,30200,173000,5630000,127000,79900,42700,1550,26400,16800,239000,33500,31500,3880,615000,17700,2430000,74900
917000,91900,804000,3580000,116000,38100,7720000,141000,9850000,98600,2120000,1660000,139000,905000,3950000,224000,125000,1270000,745000,100000,4940000,3790000,42300,2720,53400,11700,180000,323000,233000,13700,120000,8300,48300,207000,46800,1110000,565000,219000,18100,17200,358000,377000,174000,5840,159000,33600,91400,4360,1040000,1230000,54900,3830000,505000,501000,2510000,2640,2280000,125000,8090000,2790,347000,246000,2210000,2900000,3290000,176000,667000,1270000,1440000,827000,11500000,2090000,281000,3270000,1240000,35800,836000,7580,20500000,46900,207000,5130,139000,1120000,100000,581000,1120000,15800000,11200,260000,39900,202000,189000,54900,5340,479000,155000,157000,17700000,1410000,9100000,14600,10800,90800,178000,662000,580000,503000,334000,9010,39600,236000,1690000,36600,1030000,9010000,63400,41900,18200,68000,672000,7920000,57500,474000,1180000,326000,81600,4110,1340,662000,211000,383000,275000,49500,151000,35200,108000,2390000,444000,638000,48900,295000,2550,813000,279000,155000,6240,3380000,245000,737000,308000,66100,546000,498000,30100,27800,15800,80800,2050,81300,45600,722000,2450000,10400,315000,116000,82100,161000,556000,35100,101000,143000,1070000,76100,244000,116000,140000,352000,18400,25800,169000,151000,51000,128000,366000,307000,901000,349000,10900,6340,4710,374000,139000,26800,349000,455000,14100,255000,201000,86500,42800,82100,4300,749000,51600,748,28600,198000,340000,316000,29500,2580,3120,148000,80100,66300,833000,140000,12000,120000,503000,22600,325000,77200,33800,76800,65600,3710,34700,39100,501000,164000,51500,25100,234000,103000,2320,428000,12900,103000,23100,16800,428000,94200,125000,69100,196000,48100,450000,503000,196000,267000,507000,261000,46900,63000,125000,10200,46000,1740,332000,407000,1070000,7240,41700,190000,320000,406000,2240,36000,188000,225000,132000,11700,14100,15200,102000,134000,3930,51300,15300,434000,58900,2160,30000,135000,203000,1710000,81600,59400,79900,47400,32200,59300,139000,9270,135000,16600,23200,103000,13600,911000,158000,2250,278000,23400,48700,47700,35900,8320,731000,18300,83100,193000,45500,93800,17500,242000,75100,152000,170000,13100,2120000,26300,22900,34100,391000,19400,79600,35500,43800,7300,53700,37100,118000,152000,54000,46700,411000,10700,1380,363000,105000,1390000,313000,3560,20300,2510,112000,107000,143000,501000,3390,28900,738000,26800,43000,31000,157000,4250,242000,11100,42800,75900,153000,59500,7810,65700,26200,98100,112000,42900,44200,585000,6610,34600,257000,26100,37000,6600,10500,5410,70700,170000,6610,6080,16200,91300,26500,46600,12100,9660,16600,549000,57400,506000,49300,70200,43100,15900,171000,78300,142000,288000,96700,5510,235000,604000,75300,20100,846000,12800,13300,39200,265,112000,132000,2480,15300,15300,53100,1220,40600,7250,45500,12000,36300,754,56800,48100,775000,194000,66700,9090,3850,23000,25500,69500,156000,3950,8130,868,743,15800,24300,81100,87300,4220000,9810,127000,15100,375,184000,36300,432000,18400,28700,2910,242000,9280,948000,135000
740000,314000,430000,8140000,138000,66700,4250000,308000,6430000,203000,1030000,2090000,41900,361000,2300000,921000,1270000,638000,452000,551000,8370000,641000,48200,79200,13600,9800,260000,562000,36400,16700,265000,106000,116000,449000,639000,1070000,84200,74300,16400,176000,92800,712000,174000,56000,73500,28700,206000,8660,766000,1810000,97500,1700000,110000,659000,2670000,11700,1650000,436000,4000000,13400,25100,310000,971000,736000,1430000,20300,621000,1760000,4520000,1130000,7650000,1180000,99800,1330000,484000,67000,507000,10200,20700000,442000,420000,9710,73000,882000,156000,118000,3580000,11400000,17400,92700,212000,90800,284000,55200,7770,15500,125000,183000,24200000,2020000,6190000,18200,13800,115000,806000,389000,285000,337000,158000,12500,39000,84000,4160000,59800,452000,8960000,6780,38200,77900,7430,379000,4100000,61900,361000,621000,903000,20700,11600,2880,389000,6710,273000,342000,2850,110000,44500,327000,1030000,838000,483000,25600,163000,4340,739000,137000,219000,10300,1230000,154000,1010000,835000,12700,728000,440000,25500,32000,168000,271000,11400,37900,146000,504000,1370000,69700,41600,333000,603000,159000,1430000,99400,62700,187000,934000,93100,76200,55000,91200,558000,203000,79000,376000,436000,72900,210000,755000,150000,705000,381000,13600,8880,5780,287000,153000,273000,236000,34800,696000,140000,513000,208000,116000,335000,442000,436000,3740,1410,519000,114000,506000,133000,27900,1830,5610,31900,104000,197000,163000,31900,4040,105000,256000,27300,199000,87200,33500,82300,18800,8300,39900,89700,77300,50600,229000,24000,45500,133000,2650,193000,5070,74300,196000,3140,504000,113000,288000,42700,189000,218000,168000,613000,151000,120000,443000,17000,47000,18900,101000,65100,67000,1690,536000,358000,1140000,7890,1040,96900,9310,245000,4180,15600,4540,203000,37900,1510,31500,5540,74200,154000,3480,103000,40800,356000,47000,1530,19300,101000,297000,1600000,21500,134000,91400,52100,44200,191000,1000000,12600,163000,8850,48300,78200,13300,1490000,48600,3020,131000,29200,59200,40500,19300,11400,227000,152000,116000,9970,25900,350000,21800,344000,67200,177000,14400,2540,1590000,5840,9520,58600,232000,9600,34200,80200,101000,9550,71600,55300,73600,134000,32900,11800,115000,9720,45200,495000,10600,1580000,153000,19100,29400,2960,142000,82300,123000,673000,4340,32600,852000,62900,51000,35300,69000,15300,88200,14600,65200,111000,177000,61400,23500,23000,88200,207000,43900,69600,43200,363000,136000,24100,286000,22200,43900,4640,14500,424,8000,17500,6750,6800,11900,14600,93200,31100,61100,15600,11300,405000,64500,720000,56800,43900,55200,141000,270000,29700,60800,251000,87700,9760,81700,202000,9690,20800,2640000,44900,15900,51800,0,113000,66000,5070,54600,2110,71100,1330,28400,28700,33800,116000,264000,43700,43700,42500,42700,244000,293000,20600,3230,25200,26300,88000,48100,32200,55400,1000,652,16900,14700,42800,38700,6120000,26400,53000,45800,2040,117000,98600,141000,51300,33700,4990,369000,74700,1280000,64800
