F__none,F__none.1,F__Methanobacteriaceae,F__Methanomethylophilaceae,F__Balneolaceae,F__Rikenellaceae,F__Saprospiraceae,F__Cryomorphaceae,F__Flavobacteriaceae,F__Weeksellaceae,F__Chitinophagaceae,F__Bacteroidales.RF16.group,F__Hymenobacteraceae,F__MWH.CFBk5,F__Marinilabiliaceae,F__Dysgonomonadaceae,F__Porphyromonadaceae,F__Bacteroidaceae,F__Barnesiellaceae,F__Anaerovirgula,F__Muribaculaceae,F__none.3,F__none.4,F__none.5,F__Sphingobacteriaceae,F__Spirosomaceae,F__Fusobacteriaceae,F__Leptotrichiaceae,F__Trueperaceae,F__Acetobacteraceae,F__Bdellovibrionaceae,F__Bradymonadaceae,F__none.11,F__Halomonadaceae,F__none.13,F__Arcobacteraceae,F__none.15,F__none.16,F__none.17,F__Brachyspiraceae,F__Mitochondria,F__Caldisalinibacter,F__none.23,F__Bifidobacteriaceae,F__Micromonosporaceae,F__Brevibacteriaceae,F__Dermabacteraceae,F__Micrococcaceae,F__none.25,F__Microbacteriaceae,F__Actinomycetaceae,F__Intrasporangiaceae,F__Dermacoccaceae,F__Corynebacteriaceae,F__none.27,F__Nocardiaceae,F__Bryobacteraceae,F__none.29,F__Solirubrobacteraceae,F__Gemmataceae,F__Pirellulaceae,F__Gemmatimonadaceae,F__none.35,F__JG30.KF.CM45,F__Synergistaceae,F__Rubritaleaceae,F__Chthoniobacteraceae,F__Akkermansiaceae,F__Atopobiaceae,F__none.38,F__Chromobacteriaceae,F__Yersiniaceae,F__Abditibacteriaceae,F__none.40,F__Mycoplasmataceae,F__Tannerellaceae,F__Prevotellaceae,F__RH.aaj90h05,F__none.42,F__Helicobacteraceae,F__none.43,F__Defluviitaleaceae,F__none.45,F__Monoglobaceae,F__Hungateiclostridiaceae,F__UCG.010,F__none.46,F__Ruminococcaceae,F__Ethanoligenenaceae,F__.Clostridium..methylpentosum.group,F__.Eubacterium..coprostanoligenes.group,F__Butyricicoccaceae,F__none.47,F__Oscillospiraceae,F__Pasteurellaceae,F__Succinivibrionaceae,F__none.49,F__none.50,F__none.51,F__Coriobacteriales.Incertae.Sedis,F__Clostridiaceae,F__Carnobacteriaceae,F__Aerococcaceae,F__none.53,F__none.54,F__Gemellaceae,F__Enterococcaceae,F__Staphylococcaceae,F__Bacillaceae,F__Planococcaceae,F__Erysipelotrichaceae,F__Eggerthellaceae,F__Coriobacteriaceae,F__none.55,F__Sporomusaceae,F__Veillonellaceae,F__none.56,F__Selenomonadaceae,F__Syntrophomonadaceae,F__Streptococcaceae,F__none.57,F__none.58,F__Lactobacillaceae,F__Marinifilaceae,F__none.59,F__none.61,F__Peptostreptococcaceae,F__Anaerovoracaceae,F__Family.XI,F__Anaerofustaceae,F__Peptococcaceae,F__Acholeplasmataceae,F__none.64,F__none.65,F__Acidaminococcaceae,F__Christensenellaceae,F__UCG.011,F__none.66,F__none.67,F__Elusimicrobiaceae,F__none.69,F__Alcaligenaceae,F__Burkholderiaceae,F__Chitinibacteraceae,F__Rhodocyclaceae,F__Comamonadaceae,F__Oxalobacteraceae,F__Sutterellaceae,F__Aeromonadaceae,F__Idiomarinaceae,F__Cellvibrionaceae,F__Morganellaceae,F__Enterobacteriaceae,F__Erwiniaceae,F__Neisseriaceae,F__none.70,F__Pseudomonadaceae,F__none.71,F__Marinobacteraceae,F__Unknown.Family,F__Moraxellaceae,F__Desulfovibrionaceae,F__none.73,F__none.74,F__none.75,F__none.76,F__Xanthomonadaceae,F__Puniceicoccaceae,F__none.78,F__none.79,F__none.80,F__Beijerinckiaceae,F__Rhizobiaceae,F__Devosiaceae,F__Xanthobacteraceae,F__Rhodobacteraceae,F__Sphingomonadaceae,F__Victivallaceae,F__vadinBE97,F__none.82,F__Campylobacteraceae,F__none.83,F__Erysipelatoclostridiaceae,F__none.84,F__Lachnospiraceae,F__Spirochaetaceae,G__none,G__none.1,G__none.2,G__Methanosphaera,G__Methanobrevibacter,G__Candidatus.Methanogranum,G__Rikenellaceae.RC9.gut.group,G__Spirosoma,G__Larkinella,G__Membranicola,G__Aequorivita,G__Arenibacter,G__Flavobacterium,G__Salegentibacter,G__Salinimicrobium,G__Psychroflexus,G__none.8,G__Moheibacter,G__Chryseobacterium,G__Edaphobaculum,G__none.11,G__none.15,G__none.18,G__Fermentimonas,G__none.20,G__Paraprevotella,G__Porphyromonas,G__Prevotellaceae.UCG.004,G__Bacteroides,G__none.22,G__Barnesiella,G__CAG.873,G__Butyricimonas,G__none.23,G__dgA.11.gut.group,G__Alistipes,G__Prevotellaceae.UCG.003,G__Prevotellaceae.UCG.001,G__none.24,G__Falsiporphyromonas,G__none.25,G__Alloprevotella,G__none.26,G__none.27,G__Sphingobacterium,G__Mucilaginibacter,G__Pedobacter,G__none.29,G__Dyadobacter,G__Fusobacterium,G__Sneathia,G__Cetobacterium,G__none.32,G__Truepera,G__Bdellovibrio,G__none.39,G__none.44,G__Mailhella,G__none.45,G__Arcobacter,G__none.49,G__none.50,G__none.51,G__Brachyspira,G__none.53,G__none.54,G__none.60,G__none.61,G__Pseudoscardovia,G__Bifidobacterium,G__Brevibacterium,G__Actinomyces,G__Yaniella,G__none.70,G__Leucobacter,G__none.71,G__Arcanobacterium,G__F0332,G__Rothia,G__none.74,G__Corynebacterium,G__none.75,G__Millisia,G__Bryobacter,G__none.80,G__none.87,G__none.92,G__none.94,G__none.95,G__Luteolibacter,G__Chthoniobacter,G__Akkermansia,G__Olsenella,G__Pyramidobacter,G__Aquamonas,G__none.107,G__Gulbenkiania,G__none.108,G__none.109,G__Ruminobacter,G__Bilophila,G__Abditibacterium,G__none.112,G__none.113,G__Candidatus.Bacilloplasma,G__Candidatus.Lumbricincola,G__Parabacteroides,G__Murimonas,G__none.117,G__Prevotella_9,G__none.118,G__Prevotella,G__Angelakisella,G__none.119,G__Cuneatibacter,G__Ureaplasma,G__none.120,G__Helicobacter,G__Kandleria,G__Asteroleplasma,G__Marvinbryantia,G__UCG.007,G__Sporobacter,G__Ruminococcus,G__CAG.352,G__NK4A214.group,G__none.121,G__UCG.005,G__Papillibacter,G__Oscillospira,G__none.122,G__none.123,G__Defluviitaleaceae.UCG.011,G__Fastidiosipila,G__none.125,G__Tyzzerella,G__Monoglobus,G__none.126,G__Lachnospiraceae.NC2004.group,G__UCG.003,G__.Eubacterium..siraeum.group,G__Intestinimonas,G__Pseudoflavonifractor,G__Neoscardovia,G__Colidextribacter,G__V9D2013.group,G__none.127,G__Candidatus.Soleaferrea,G__none.128,G__Fournierella,G__Faecalibacterium,G__Subdoligranulum,G__none.130,G__Paludicola,G__none.131,G__UCG.009,G__UCG.001,G__Incertae.Sedis,G__Caproiciproducens,G__none.132,G__Butyricicoccus,G__none.133,G__none.134,G__none.135,G__UCG.008,G__.Eubacterium..oxidoreducens.group,G__UCG.002,G__Pygmaiobacter,G__Oribacterium,G__Lachnospiraceae.UCG.004,G__Lachnospiraceae.NK3A20.group,G__CAG.56,G__Tuzzerella,G__Lachnospiraceae.UCG.010,G__Anaerosporobacter,G__.Eubacterium..hallii.group,G__.Ruminococcus..gnavus.group,G__Lachnospiraceae.NK4B4.group,G__28.4,G__Lachnospiraceae.UCG.007,G__Lachnoclostridium,G__none.136,G__Lachnospiraceae.AC2044.group,G__Lachnospiraceae.UCG.003,G__Lachnospiraceae.UCG.002,G__Lachnospiraceae.NK4A136.group,G__.Eubacterium..eligens.group,G__GCA.900066575,G__Anaerostipes,G__Lachnotalea,G__possible.genus.Sk018,G__.Eubacterium..xylanophilum.group,G__Conservatibacter,G__none.137,G__Haemophilus,G__Succinivibrio,G__none.138,G__.Eubacterium..ruminantium.group,G__CHKCI001,G__Lachnospiraceae.ND3007.group,G__Howardella,G__Lachnospira,G__.Bacteroides..pectinophilus.group,G__Cellulosilyticum,G__.Eubacterium..fissicatena.group,G__.Ruminococcus..torques.group,G__.Ruminococcus..gauvreauii.group,G__Lachnospiraceae.FCS020.group,G__Lachnospiraceae.UCG.008,G__.Eubacterium..ventriosum.group,G__Fusicatenibacter,G__Roseburia,G__none.140,G__none.143,G__none.144,G__none.145,G__FD2005,G__none.147,G__Raoultibacter,G__Chromohalobacter,G__Blautia,G__Oscillibacter,G__Clostridium.sensu.stricto.1,G__Clostridium.sensu.stricto.4,G__Sarcina,G__Agrilactobacillus,G__Companilactobacillus,G__Levilactobacillus,G__Pediococcus,G__Limosilactobacillus,G__Lactobacillus,G__Fructilactobacillus,G__Lactiplantibacillus,G__Atopostipes,G__Facklamia,G__none.148,G__Granulicatella,G__none.150,G__none.152,G__Gemella,G__Atopobacter,G__Turicibacter,G__Enterococcus,G__Jeotgalicoccus,G__Staphylococcus,G__none.153,G__Salinicoccus,G__Bacillus,G__none.154,G__Kurthia,G__Planomicrobium,G__none.155,G__Holzapfelia,G__none.156,G__Coprococcus,G__Hespellia,G__Dorea,G__Lachnospiraceae.UCG.001,G__Holdemanella,G__Slackia,G__none.157,G__Enterorhabdus,G__Senegalimassilia,G__Eggerthella,G__Adlercreutzia,G__Gordonibacter,G__DNF00809,G__CHKCI002,G__Libanicoccus,G__none.158,G__Collinsella,G__Atopobium,G__Coriobacteriaceae.UCG.003,G__none.159,G__none.161,G__Allisonella,G__Dialister,G__Veillonella,G__none.162,G__none.163,G__Megasphaera,G__Propionispira,G__Anaerovibrio,G__Mitsuokella,G__none.164,G__Pelospora,G__Lactococcus,G__none.165,G__Streptococcus,G__none.166,G__none.167,G__none.168,G__Ligilactobacillus,G__UCG.004,G__Odoribacter,G__none.169,G__Terrisporobacter,G__Asaccharospora,G__Intestinibacter,G__Peptostreptococcus,G__none.172,G__none.173,G__Romboutsia,G__Family.XIII.UCG.001,G__Mogibacterium,G__none.174,G__Family.XIII.AD3011.group,G__S5.A14a,G__.Eubacterium..nodatum.group,G__Parvimonas,G__Peptoniphilus,G__Ezakiella,G__Anaerococcus,G__Finegoldia,G__Anaerofustis,G__Fenollaria,G__Peptococcus,G__none.177,G__none.179,G__Anaeroplasma,G__Erysipelotrichaceae.UCG.008,G__Erysipelotrichaceae.UCG.006,G__Solobacterium,G__Holdemania,G__none.183,G__none.184,G__Catenisphaera,G__none.185,G__Leuconostoc,G__Weissella,G__none.186,G__Phascolarctobacterium,G__Christensenellaceae.R.7.group,G__none.187,G__none.188,G__none.189,G__Succinispira,G__Clostridium.sensu.stricto.6,G__Clostridium.sensu.stricto.16,G__none.190,G__Elusimicrobium,G__Paraherbaspirillum,G__Paenalcaligenes,G__Aquincola,G__none.192,G__Parasutterella,G__Verticiella,G__Pusillimonas,G__Lautropia,G__none.193,G__Massilia,G__none.197,G__Oxalobacter,G__none.198,G__none.199,G__Sutterella,G__none.201,G__Cellvibrio,G__none.202,G__Enterobacter,G__none.203,G__Escherichia.Shigella,G__Phaseolibacter,G__none.204,G__Neisseria,G__Bergeriella,G__none.209,G__Pseudomonas,G__none.210,G__none.211,G__Marinobacter,G__none.212,G__Halomonas,G__Acinetobacter,G__Marinicella,G__Psychrobacter,G__Desulfovibrio,G__none.215,G__none.216,G__none.217,G__none.218,G__Thermomonas,G__none.222,G__none.224,G__none.225,G__none.226,G__Methylobacterium.Methylorubrum,G__Neorhizobium,G__Allorhizobium.Neorhizobium.Pararhizobium.Rhizobium,G__Devosia,G__none.229,G__Oceanicella,G__none.231,G__Oceaniovalibus,G__Pontibaca,G__Sphingopyxis,G__Erythrobacter,G__Sphingomonas,G__MN.122.2a,G__none.235,G__Victivallis,G__none.236,G__none.237,G__Campylobacter,G__none.238,G__Catenibacterium,G__Erysipelatoclostridium,G__Erysipelotrichaceae.UCG.003,G__none.239,G__Prevotella_7,G__Prevotellaceae.NK3B31.group,G__none.240,G__Shuttleworthia,G__Agathobacter,G__Treponema,G__Parasporobacterium
88,1e-6,1e-6,1e-6,1e-6,1677,1e-6,1e-6,1e-6,1e-6,1e-6,1e-6,1e-6,1e-6,1e-6,1e-6,1e-6,211,1e-6,1e-6,4132,3,1e-6,763,1e-6,1e-6,1e-6,1e-6,1e-6,1e-6,1e-6,1e-6,1e-6,1e-6,1e-6,1e-6,1e-6,1e-6,182,61,3,1e-6,1e-6,1e-6,1e-6,1e-6,1e-6,1e-6,1e-6,1e-6,1e-6,1e-6,1e-6,1e-6,1e-6,1e-6,1e-6,1e-6,1e-6,1e-6,1e-6,1e-6,1e-6,1e-6,1e-6,1e-6,1e-6,1e-6,176,1e-6,14,1e-6,1e-6,1e-6,1e-6,42,70726,1e-6,1e-6,1e-6,109,1e-6,2854,339,1e-6,2592,11,29601,1e-6,1e-6,2527,1897,1e-6,9805,121,24925,1e-6,1459,1e-6,1e-6,6204,1e-6,1e-6,1e-6,1e-6,1e-6,1e-6,1e-6,1e-6,1e-6,2223,568,414,1e-6,1e-6,1559,1e-6,271,1e-6,202,1e-6,3,13,48,823,2,4281,251,1e-6,1e-6,46,342,1e-6,150,3970,1109,1e-6,1e-6,110,68,2,1e-6,1e-6,1e-6,1e-6,36,76,527,1e-6,1e-6,1e-6,1e-6,1e-6,1e-6,1e-6,1e-6,1e-6,16,1e-6,1e-6,1e-6,336,40,1e-6,1e-6,1e-6,1e-6,1e-6,1e-6,314,1e-6,1e-6,1e-6,1e-6,1e-6,1e-6,1e-6,223,1e-6,1e-6,1e-6,1588,19815,732,18833,4593,88,1e-6,1e-6,1e-6,1e-6,1e-6,1634,1e-6,1e-6,1e-6,1e-6,1e-6,1e-6,1e-6,1e-6,1e-6,1e-6,1e-6,1e-6,1e-6,1e-6,1e-6,1e-6,1e-6,1e-6,1e-6,1e-6,1e-6,211,1e-6,1e-6,1e-6,48,1e-6,1e-6,1e-6,1e-6,1e-6,4132,1e-6,3,6354,1e-6,763,1e-6,1e-6,1e-6,1e-6,1e-6,1e-6,1e-6,1e-6,1e-6,1e-6,1e-6,1e-6,1e-6,1e-6,1e-6,1e-6,1e-6,1e-6,182,61,3,1e-6,1e-6,1e-6,1e-6,1e-6,1e-6,1e-6,1e-6,1e-6,1e-6,1e-6,1e-6,1e-6,1e-6,1e-6,1e-6,1e-6,1e-6,1e-6,1e-6,1e-6,1e-6,1e-6,1e-6,1e-6,1e-6,1e-6,84,1e-6,1e-6,1e-6,14,1e-6,1e-6,448,29,1e-6,1e-6,1e-6,1e-6,1e-6,42,1e-6,43,54363,624,5137,1e-6,1e-6,1e-6,1e-6,1e-6,1e-6,1e-6,18367,719,1e-6,1e-6,4281,184,827,158,3408,1e-6,1e-6,109,107,1e-6,1e-6,2854,1e-6,339,1e-6,16,955,884,228,241,1e-6,188,1e-6,2592,1e-6,11,983,20302,1795,1e-6,270,1e-6,127,1e-6,84,51,2527,1718,28,767,1e-6,24,127,3578,1e-6,1e-6,342,573,77,1e-6,237,1e-6,330,1e-6,1e-6,1e-6,1e-6,391,2538,147,65,1e-6,1951,270,29,447,1e-6,89,492,121,1e-6,1e-6,11988,12489,159,1e-6,524,15,390,1e-6,1e-6,1e-6,464,161,334,192,1e-6,515,1025,1e-6,1459,1e-6,1e-6,1e-6,1e-6,1e-6,1e-6,3115,222,3838,27,2300,1e-6,1e-6,1e-6,1e-6,1e-6,9,1e-6,1e-6,1e-6,1e-6,1e-6,1e-6,1e-6,1e-6,1e-6,1e-6,974,1e-6,1e-6,1e-6,1e-6,1e-6,1e-6,1e-6,1e-6,1e-6,1e-6,1e-6,1e-6,905,1e-6,1016,92,668,1e-6,132,122,312,1e-6,1e-6,1e-6,2,1e-6,1e-6,78,414,14,1e-6,1e-6,1e-6,1e-6,1559,1e-6,1e-6,101,1e-6,1e-6,1e-6,170,1e-6,1e-6,1e-6,1e-6,202,1e-6,1e-6,3,1e-6,248,1e-6,823,870,117,1877,1e-6,2,194,1223,199,1e-6,1e-6,52,1e-6,1e-6,1e-6,1e-6,1e-6,1e-6,1e-6,1e-6,1e-6,27,19,77,342,1e-6,59,420,1e-6,1e-6,102,1e-6,150,4,1e-6,5,3965,1002,1e-6,1e-6,110,1e-6,1e-6,1e-6,39,68,1e-6,1e-6,1e-6,2,1e-6,1e-6,1e-6,1e-6,1e-6,1e-6,36,76,1e-6,1e-6,527,1e-6,1e-6,1e-6,1e-6,1e-6,1e-6,1e-6,1e-6,1e-6,1e-6,1e-6,1e-6,1e-6,16,1e-6,1e-6,1e-6,1e-6,1e-6,1e-6,307,40,1e-6,1e-6,1e-6,1e-6,1e-6,1e-6,314,1e-6,1e-6,1e-6,1e-6,1e-6,1e-6,1e-6,1e-6,1e-6,1e-6,1e-6,1e-6,1e-6,1e-6,1e-6,223,1e-6,1e-6,1e-6,1588,904,1e-6,219,732,2853,1395,1e-6,1e-6,1086,4593,1e-6
33,1e-6,667,1e-6,2,880,12,16,78,3,1e-6,1e-6,1e-6,35,1e-6,5,7,662,1e-6,1e-6,463,34,1e-6,15,48,1e-6,1e-6,1e-6,1e-6,1e-6,1e-6,1e-6,1e-6,182,1e-6,1e-6,1e-6,4,43,1e-6,1e-6,1e-6,1e-6,1e-6,1e-6,1e-6,7,108,4,1e-6,1e-6,1e-6,1e-6,13,1e-6,35,1e-6,1e-6,1e-6,1e-6,5,1e-6,1e-6,39,1e-6,2,1e-6,2,447,67,1e-6,1e-6,1e-6,1e-6,1e-6,256,26855,1e-6,1e-6,1e-6,102,14,1603,959,60,1846,73,19211,1e-6,1e-6,1085,825,1e-6,8367,121,9191,1e-6,363,1e-6,1e-6,1916,55,5,37,1e-6,1e-6,848,299,1e-6,73,4317,822,1432,5,1e-6,4924,6,257,1e-6,68381,1e-6,8,23,42,804,1e-6,1847,637,12,1e-6,186,320,1e-6,194,1e-6,1383,1e-6,1e-6,1e-6,407,129,14,7,1e-6,1e-6,145,23,1475,1e-6,1e-6,58,1e-6,9066,1e-6,2,1e-6,1e-6,21,1e-6,17,148,369,13,1e-6,1e-6,6,20,460,351,287,1e-6,1e-6,1e-6,11,1e-6,8,20,1e-6,188,1e-6,1e-6,1e-6,3925,1301,35784,1e-6,33,1e-6,1e-6,340,327,1e-6,781,1e-6,1e-6,8,1e-6,1e-6,1e-6,1e-6,56,14,8,1e-6,3,1e-6,1e-6,35,1e-6,5,1e-6,1e-6,7,1e-6,662,1e-6,1e-6,1e-6,27,1e-6,1e-6,99,1e-6,1e-6,463,1e-6,34,4683,1e-6,15,17,1e-6,1e-6,29,1e-6,1e-6,1e-6,1e-6,1e-6,1e-6,1e-6,1e-6,1e-6,1e-6,1e-6,1e-6,1e-6,4,43,1e-6,1e-6,1e-6,1e-6,1e-6,1e-6,1e-6,1e-6,1e-6,108,4,1e-6,1e-6,1e-6,1e-6,1e-6,13,1e-6,1e-6,14,1e-6,1e-6,1e-6,1e-6,1e-6,39,2,1e-6,2,98,1e-6,338,67,1e-6,1e-6,1e-6,559,1e-6,1e-6,1e-6,1e-6,1e-6,1e-6,256,6,1e-6,15730,767,3699,1e-6,1e-6,8,1e-6,1e-6,1e-6,4,1189,476,1e-6,1e-6,4742,220,459,73,2488,42,85,102,337,14,1e-6,1603,1e-6,959,60,1e-6,516,897,392,42,1e-6,382,79,1846,199,73,171,8667,3192,1e-6,1e-6,1e-6,72,1e-6,133,77,1085,750,3,817,1e-6,1e-6,7,3586,96,481,483,285,269,1e-6,233,1e-6,1171,66,276,153,1e-6,421,4442,1e-6,330,1e-6,2483,1609,77,693,33,1e-6,432,4,2,115,4160,4472,328,1e-6,245,37,1713,51,1e-6,1e-6,1477,336,226,683,123,433,5104,1e-6,363,1e-6,1e-6,1e-6,1e-6,1e-6,37,2873,223,1662,1e-6,212,1e-6,1e-6,1e-6,1e-6,1e-6,20,1e-6,1e-6,1e-6,1e-6,5,39,37,1e-6,1e-6,1e-6,274,709,111,1e-6,142,46,1e-6,1e-6,20,48,5,1e-6,139,3098,1e-6,1080,571,2493,90,150,327,255,1e-6,1e-6,1e-6,1e-6,1e-6,272,77,1432,1e-6,1e-6,5,2,1e-6,4922,1e-6,6,1e-6,1e-6,1e-6,1e-6,257,1e-6,1e-6,1e-6,1e-6,68381,1e-6,1e-6,8,1e-6,107,15,804,176,2,1060,1e-6,1e-6,115,494,236,1e-6,1e-6,401,1e-6,1e-6,6,2,1e-6,4,1e-6,1e-6,1e-6,170,16,29,320,1e-6,162,1021,1e-6,1e-6,367,1e-6,194,1e-6,3,1e-6,1e-6,1046,1e-6,1e-6,1e-6,1e-6,21,1e-6,21,407,1e-6,1e-6,1e-6,129,1e-6,6,8,7,1e-6,1e-6,145,23,1e-6,1e-6,1475,1e-6,7,32,1e-6,269,8459,1e-6,1e-6,1e-6,2,1e-6,1e-6,1e-6,21,1e-6,130,15,1e-6,17,148,369,13,1e-6,1e-6,6,1e-6,453,351,287,1e-6,1e-6,1e-6,1e-6,7,1e-6,1e-6,1e-6,1e-6,1e-6,1e-6,1e-6,1e-6,1e-6,1e-6,1e-6,188,1e-6,1e-6,1e-6,649,323,1624,1301,1777,199,1e-6,1e-6,2969,1e-6,3
108,1e-6,1418,1e-6,1e-6,216,1e-6,1e-6,1e-6,1e-6,1e-6,1e-6,1e-6,1e-6,1e-6,1e-6,6,652,73,1e-6,1718,3,4,2165,1e-6,1e-6,1e-6,1e-6,1e-6,1e-6,1e-6,1e-6,1e-6,1e-6,3,1e-6,1e-6,1e-6,80,1e-6,1e-6,1e-6,5,18994,1e-6,1e-6,1e-6,1e-6,1e-6,1e-6,1e-6,1e-6,1e-6,2,1e-6,1e-6,1e-6,1e-6,1e-6,1e-6,1e-6,1e-6,3,1e-6,1e-6,1e-6,1e-6,1e-6,1502,2,1e-6,1e-6,1e-6,1e-6,1e-6,963,40231,1e-6,1e-6,1e-6,172,9,2147,727,1e-6,2430,15,26499,1e-6,1e-6,1344,715,1e-6,7313,171,1e-6,1e-6,1038,1e-6,1e-6,5268,1e-6,1e-6,1e-6,1e-6,1e-6,1e-6,1e-6,1e-6,1e-6,1214,337,684,1e-6,1e-6,8523,1e-6,2287,1e-6,15,1e-6,1e-6,531,429,906,3,377,329,1e-6,1e-6,230,153,1e-6,140,3,1993,1e-6,1e-6,316,271,48,2,1e-6,1e-6,1e-6,5,168,2293,1e-6,1e-6,1e-6,1e-6,321,1e-6,12,1e-6,1e-6,6,1e-6,1e-6,1e-6,336,20,1e-6,7,1e-6,1e-6,45,1e-6,1e-6,1e-6,1e-6,1e-6,1e-6,1e-6,1e-6,1e-6,31,480,1e-6,2,1e-6,2099,422,34172,1e-6,108,1e-6,1e-6,352,1066,1e-6,1e-6,1e-6,1e-6,1e-6,1e-6,1e-6,1e-6,1e-6,1e-6,1e-6,1e-6,1e-6,1e-6,1e-6,1e-6,1e-6,1e-6,1e-6,1e-6,1e-6,1e-6,1e-6,652,1e-6,73,273,186,1e-6,1e-6,216,1e-6,1e-6,1445,1e-6,3,7814,4,2165,1e-6,1e-6,1e-6,1e-6,1e-6,1e-6,1e-6,1e-6,1e-6,1e-6,1e-6,1e-6,3,61,11,1e-6,1e-6,1e-6,80,1e-6,1e-6,1e-6,5,103,8,18809,1e-6,1e-6,1e-6,1e-6,1e-6,1e-6,1e-6,1e-6,1e-6,1e-6,2,1e-6,1e-6,1e-6,1e-6,1e-6,1e-6,3,1e-6,1e-6,1e-6,1e-6,777,1e-6,3,2,1e-6,2,1e-6,1e-6,1e-6,1e-6,1e-6,1e-6,1e-6,1e-6,963,33,1e-6,18439,2385,10949,1e-6,1e-6,7,1e-6,1e-6,1e-6,1e-6,1680,585,1e-6,1e-6,4078,345,594,443,2516,1e-6,66,172,164,9,1e-6,2147,1e-6,727,1e-6,32,504,1500,217,37,74,367,1e-6,2430,189,15,493,16707,1148,1e-6,276,1e-6,282,198,138,1e-6,1344,385,14,1412,1e-6,34,53,2409,3,630,438,279,274,1e-6,134,1e-6,818,1e-6,243,1e-6,1e-6,389,6467,234,1e-6,1e-6,1622,412,111,577,1e-6,959,445,171,1e-6,1e-6,1e-6,1e-6,473,1e-6,386,86,919,424,1e-6,1e-6,527,410,1e-6,412,92,473,1441,1e-6,1038,1e-6,1e-6,1e-6,1e-6,1e-6,1e-6,2710,160,5262,1e-6,1e-6,1e-6,1e-6,1e-6,1e-6,1e-6,1e-6,1e-6,1e-6,1e-6,1e-6,1e-6,1e-6,1e-6,1e-6,1e-6,1e-6,26,1e-6,1e-6,1e-6,1e-6,1e-6,1e-6,1e-6,1e-6,1e-6,1e-6,1e-6,1e-6,4113,1e-6,1044,314,513,55,1e-6,155,106,1e-6,1e-6,1e-6,14,7,687,38,684,1e-6,1e-6,1e-6,1e-6,1e-6,4394,49,1e-6,4,4080,1e-6,1e-6,2283,1e-6,1e-6,1e-6,1e-6,15,1e-6,35,1e-6,496,188,243,906,38,1e-6,85,1e-6,3,1e-6,254,96,1e-6,1e-6,233,1e-6,1e-6,1e-6,1e-6,1e-6,1e-6,1e-6,1e-6,1e-6,227,3,1e-6,153,9,83,583,1e-6,1e-6,1e-6,1e-6,140,1e-6,1e-6,1e-6,3,1829,1e-6,1e-6,316,1e-6,6,1e-6,1e-6,271,2,1e-6,1e-6,48,97,1e-6,1e-6,1e-6,1e-6,1e-6,5,166,1e-6,1e-6,2196,1e-6,1e-6,1e-6,1e-6,1e-6,318,1e-6,1e-6,12,1e-6,1e-6,1e-6,1e-6,6,1e-6,1e-6,1e-6,1e-6,1e-6,1e-6,264,20,1e-6,7,1e-6,1e-6,45,1e-6,1e-6,1e-6,1e-6,1e-6,1e-6,1e-6,1e-6,1e-6,1e-6,1e-6,1e-6,1e-6,1e-6,1e-6,1e-6,1e-6,31,480,1e-6,2,1e-6,1e-6,1e-6,231,422,4,640,6,44,5562,1e-6,1e-6
69,1e-6,1e-6,1e-6,1e-6,226,1e-6,1e-6,1e-6,1e-6,1e-6,1e-6,1e-6,1e-6,1e-6,1e-6,1e-6,2494,198,3,1e-6,16,1e-6,12,1e-6,1e-6,1e-6,1e-6,1e-6,1e-6,1e-6,1e-6,1e-6,1e-6,1e-6,1e-6,1e-6,1e-6,26,1e-6,1e-6,1e-6,1e-6,920,1e-6,1e-6,1e-6,1e-6,1e-6,1e-6,2,1e-6,1e-6,1e-6,1e-6,1e-6,1e-6,1e-6,1e-6,1e-6,1e-6,1e-6,10,1e-6,1e-6,1e-6,1e-6,49,150,1e-6,1e-6,1e-6,1e-6,1e-6,1e-6,198,79521,1e-6,1e-6,1e-6,42,51,742,712,1e-6,2489,35,27251,1e-6,1e-6,1532,818,1e-6,6244,166,1e-6,1e-6,928,1e-6,177,1772,1e-6,1e-6,1e-6,1e-6,1e-6,1e-6,1e-6,1e-6,1e-6,2635,838,1043,1e-6,1e-6,5055,3,2,1e-6,627,1e-6,10,400,144,1405,13,3873,276,5,1e-6,61,104,1e-6,222,1e-6,1875,20,1e-6,1e-6,1e-6,114,1e-6,1e-6,1e-6,1e-6,1e-6,202,1314,1e-6,1e-6,1e-6,1e-6,115,1e-6,1e-6,1e-6,1e-6,1e-6,1e-6,1e-6,1e-6,1e-6,4,1e-6,1e-6,1e-6,1e-6,1e-6,1e-6,1e-6,1e-6,1e-6,1e-6,1e-6,1e-6,1e-6,1e-6,1e-6,46,1e-6,1e-6,1e-6,1853,966,33045,1e-6,69,1e-6,1e-6,1e-6,1e-6,1e-6,1e-6,1e-6,1e-6,1e-6,1e-6,1e-6,1e-6,1e-6,1e-6,1e-6,1e-6,1e-6,1e-6,1e-6,1e-6,1e-6,1e-6,1e-6,1e-6,1e-6,1e-6,1e-6,2494,1e-6,198,1e-6,144,3,1e-6,226,1e-6,1e-6,1e-6,1e-6,16,1e-6,1e-6,12,1e-6,1e-6,1e-6,1e-6,1e-6,1e-6,1e-6,1e-6,1e-6,1e-6,1e-6,1e-6,1e-6,1e-6,1e-6,1e-6,1e-6,1e-6,26,1e-6,1e-6,1e-6,1e-6,1e-6,1e-6,918,1e-6,2,1e-6,1e-6,1e-6,1e-6,1e-6,1e-6,1e-6,1e-6,1e-6,1e-6,1e-6,1e-6,1e-6,1e-6,1e-6,10,1e-6,1e-6,1e-6,49,150,1e-6,1e-6,1e-6,1e-6,1e-6,1e-6,1e-6,1e-6,1e-6,1e-6,1e-6,1e-6,1e-6,198,3,1e-6,68833,81,10607,1e-6,1e-6,1e-6,1e-6,1e-6,1e-6,1e-6,1e-6,504,1e-6,1e-6,5733,1e-6,338,217,2459,1e-6,104,42,188,51,1e-6,742,1e-6,712,1e-6,1e-6,646,254,258,1e-6,2,402,1e-6,2489,1e-6,35,101,18185,1584,1e-6,361,1e-6,166,1e-6,285,71,1532,643,9,677,1e-6,1e-6,86,1756,1e-6,75,694,1e-6,250,1e-6,65,1e-6,626,1e-6,265,9,13,667,3279,1e-6,8,1e-6,5711,605,124,98,83,666,123,73,1e-6,93,1e-6,1e-6,593,1e-6,353,102,42,86,1e-6,1e-6,912,507,217,123,311,334,4837,1e-6,928,1e-6,1e-6,1e-6,177,1e-6,1e-6,3586,64,1752,1e-6,1e-6,1e-6,1e-6,1e-6,1e-6,1e-6,1e-6,1e-6,1e-6,1e-6,1e-6,1e-6,1e-6,1e-6,1e-6,1e-6,1e-6,1108,1e-6,1e-6,1e-6,1e-6,1e-6,1e-6,1e-6,1e-6,1e-6,1e-6,1e-6,1e-6,2925,1e-6,790,632,1524,62,1e-6,122,505,1e-6,70,79,1e-6,1e-6,1e-6,1e-6,1043,1e-6,1e-6,1e-6,3,1e-6,5019,33,3,2,1e-6,1e-6,1e-6,1e-6,1e-6,1e-6,165,1e-6,462,1e-6,1e-6,10,168,179,1e-6,1405,767,49,827,1e-6,13,558,1672,179,1e-6,1e-6,94,1e-6,1e-6,1e-6,1e-6,3,1e-6,2,1e-6,1e-6,28,33,9,104,1e-6,1e-6,3,1e-6,1e-6,1e-6,1e-6,222,223,1e-6,1e-6,1e-6,1687,20,1e-6,1e-6,1e-6,11,1e-6,9,1e-6,9,1e-6,1e-6,114,1e-6,1e-6,1e-6,1e-6,1e-6,1e-6,1e-6,193,1e-6,1e-6,1314,1e-6,1e-6,1e-6,1e-6,1e-6,115,1e-6,1e-6,1e-6,1e-6,1e-6,1e-6,1e-6,1e-6,1e-6,1e-6,1e-6,1e-6,1e-6,1e-6,1e-6,4,1e-6,1e-6,1e-6,1e-6,1e-6,1e-6,1e-6,1e-6,1e-6,1e-6,1e-6,1e-6,1e-6,1e-6,1e-6,1e-6,1e-6,1e-6,1e-6,1e-6,1e-6,1e-6,1e-6,46,1e-6,1e-6,1e-6,799,157,709,966,1e-6,1e-6,1e-6,1e-6,2711,1e-6,27
217,1e-6,2858,1e-6,1e-6,5308,1e-6,1e-6,1e-6,1e-6,1e-6,1e-6,1e-6,1e-6,1e-6,1e-6,1e-6,23485,38,1e-6,1191,271,1e-6,349,1e-6,1e-6,9,1e-6,1e-6,1e-6,1e-6,1e-6,2,1e-6,1e-6,1e-6,1e-6,7,201,5,1e-6,2,3,1e-6,1e-6,1e-6,1e-6,1e-6,1e-6,1e-6,1e-6,1e-6,1e-6,1e-6,1e-6,1e-6,1e-6,1e-6,1e-6,1e-6,1e-6,1e-6,1e-6,1e-6,1e-6,1e-6,1e-6,5,272,17,1e-6,1e-6,1e-6,1e-6,233,1952,11508,1e-6,1e-6,4,1195,117,2467,498,1e-6,5432,301,16154,4,8,2514,2043,1e-6,13644,1e-6,50898,1e-6,1496,1e-6,68,5480,1e-6,1e-6,5,3,1e-6,271,1e-6,1e-6,1e-6,1393,1602,211,1e-6,1e-6,398,1e-6,1e-6,4,1e-6,1e-6,10,1e-6,1156,4230,3,2247,1025,8,11,124,271,1e-6,454,2918,6870,13,1e-6,6,3916,91,1e-6,1e-6,1e-6,1e-6,1e-6,193,595,1e-6,1e-6,1e-6,1e-6,1827,1e-6,1e-6,1e-6,1e-6,122,1e-6,1e-6,1e-6,863,98,1e-6,1e-6,1e-6,1e-6,57,148,267,1e-6,1e-6,1e-6,1e-6,1e-6,1e-6,2,193,2182,1e-6,1e-6,619,999,3386,23787,4975,217,1e-6,7,31,2820,1e-6,5147,1e-6,1e-6,1e-6,1e-6,1e-6,1e-6,1e-6,1e-6,1e-6,1e-6,1e-6,1e-6,1e-6,1e-6,1e-6,1e-6,1e-6,56,153,1e-6,1e-6,23485,8,38,1e-6,725,1e-6,1e-6,161,1e-6,1e-6,1191,1e-6,271,1617,1e-6,349,1e-6,1e-6,1e-6,1e-6,1e-6,9,1e-6,1e-6,1e-6,1e-6,1e-6,2,1e-6,1e-6,2,1e-6,1e-6,7,201,5,1e-6,2,3,1e-6,1e-6,1e-6,1e-6,1e-6,1e-6,1e-6,1e-6,1e-6,1e-6,1e-6,1e-6,1e-6,1e-6,1e-6,1e-6,1e-6,1e-6,1e-6,1e-6,1e-6,1e-6,1e-6,1e-6,5,161,1e-6,30,17,1e-6,1e-6,1e-6,47429,298,1e-6,16,1e-6,217,1e-6,1896,69,1e-6,7193,15,2530,1e-6,1e-6,9,1e-6,1e-6,4,1e-6,1e-6,852,1e-6,13,4504,759,1723,368,4201,45,1e-6,1195,1375,117,1e-6,2467,1e-6,498,1e-6,6,368,583,356,4,1e-6,296,54,5432,256,301,168,5279,1037,4,205,8,1541,1e-6,492,1e-6,2514,465,37,2871,1e-6,1e-6,249,6150,1e-6,251,273,256,218,30,127,1e-6,883,1054,914,1e-6,3007,447,3521,862,154,1e-6,2938,477,20,134,82,1e-6,1e-6,1e-6,1e-6,1e-6,1609,1860,124,137,343,1e-6,1e-6,60,1e-6,1e-6,339,371,268,25,1e-6,607,347,1e-6,1496,1e-6,1e-6,1e-6,68,1e-6,1e-6,1961,66,2092,1e-6,3321,1e-6,1e-6,1e-6,1e-6,1e-6,1e-6,1e-6,1e-6,1e-6,1e-6,1e-6,1e-6,5,3,1e-6,1e-6,175,258,1e-6,1e-6,1e-6,1e-6,1e-6,1e-6,1e-6,1e-6,1e-6,1e-6,13,987,1e-6,854,1e-6,564,132,275,665,530,1e-6,1e-6,1e-6,1e-6,1e-6,1e-6,111,211,1e-6,1e-6,1e-6,1e-6,1e-6,398,1e-6,1e-6,1e-6,1e-6,1e-6,1e-6,1e-6,1e-6,4,1e-6,1e-6,1e-6,1e-6,1e-6,10,1e-6,285,423,4230,642,43,823,1e-6,3,157,582,307,1e-6,196,522,1e-6,1e-6,1e-6,1e-6,1e-6,1e-6,1e-6,11,4,15,109,75,271,1e-6,214,100,1e-6,1e-6,340,1e-6,454,1e-6,1e-6,1e-6,2918,5495,13,1e-6,6,1e-6,6,3,58,3916,3,1e-6,1e-6,91,1e-6,1e-6,1e-6,1e-6,1e-6,1e-6,1e-6,190,1e-6,1e-6,595,1e-6,1e-6,1e-6,1e-6,1e-6,1797,1e-6,1e-6,1e-6,1e-6,1e-6,1e-6,1e-6,122,1e-6,1e-6,1e-6,1e-6,1e-6,1e-6,560,98,1e-6,1e-6,1e-6,1e-6,57,148,267,1e-6,1e-6,1e-6,1e-6,1e-6,1e-6,1e-6,1e-6,1e-6,1e-6,2,1e-6,1e-6,1e-6,1e-6,193,2182,1e-6,1e-6,619,58,65,516,3386,1e-6,1e-6,1e-6,9,458,4975,5
210,1e-6,1723,1e-6,1e-6,7354,1e-6,1e-6,1e-6,1e-6,2,1e-6,1e-6,1e-6,1e-6,1e-6,1e-6,61,1e-6,1e-6,639,4,1e-6,566,1e-6,1e-6,1e-6,22,1e-6,1e-6,1e-6,1e-6,1e-6,1e-6,1e-6,1e-6,1e-6,1e-6,89,39,1e-6,1e-6,1e-6,1e-6,1e-6,1e-6,1e-6,1e-6,1e-6,1e-6,25,1e-6,1e-6,1e-6,1e-6,1e-6,1e-6,1e-6,1e-6,1e-6,1e-6,1e-6,12,1e-6,1e-6,1e-6,1e-6,1e-6,488,115,1e-6,1e-6,1e-6,1e-6,719,43,53737,1e-6,1e-6,1e-6,606,33,2410,909,1e-6,2913,69,19692,1e-6,11,1756,1282,1e-6,10108,1e-6,21351,4,2800,1e-6,1e-6,1346,1e-6,1e-6,1e-6,1e-6,1e-6,1e-6,1e-6,1e-6,1e-6,1751,677,515,104,1e-6,3182,1e-6,2204,1e-6,142,4,8,1e-6,78,2113,4,2838,673,12,25,113,202,1e-6,370,357,2570,9,1e-6,1e-6,8262,114,1e-6,1e-6,1e-6,1e-6,1e-6,478,370,1e-6,1e-6,1e-6,1e-6,632,1e-6,1e-6,1e-6,1e-6,24,1e-6,1e-6,1e-6,261,33,2,1e-6,1e-6,1e-6,277,1e-6,674,1e-6,1e-6,1e-6,1e-6,1e-6,1e-6,1e-6,250,894,1e-6,1e-6,1e-6,1664,1338,24759,1e-6,210,1e-6,1e-6,804,919,1e-6,7237,1e-6,1e-6,1e-6,1e-6,1e-6,1e-6,1e-6,1e-6,1e-6,1e-6,1e-6,1e-6,2,1e-6,1e-6,1e-6,1e-6,1e-6,1e-6,1e-6,1e-6,61,2,1e-6,1e-6,76,1e-6,1e-6,117,1417,1e-6,639,1e-6,4,1566,1e-6,566,1e-6,1e-6,1e-6,1e-6,1e-6,1e-6,22,1e-6,1e-6,1e-6,1e-6,1e-6,1e-6,1e-6,1e-6,1e-6,1e-6,1e-6,89,39,1e-6,1e-6,1e-6,1e-6,1e-6,1e-6,1e-6,25,1e-6,1e-6,1e-6,1e-6,1e-6,1e-6,1e-6,1e-6,1e-6,1e-6,1e-6,1e-6,1e-6,1e-6,1e-6,12,1e-6,1e-6,1e-6,1e-6,236,1e-6,44,115,1e-6,1e-6,1e-6,15422,1e-6,1e-6,7,1e-6,615,97,43,25,1e-6,44428,1774,3625,1e-6,1e-6,11,1e-6,1e-6,1e-6,1e-6,255,431,1e-6,1e-6,5817,578,1075,185,4003,1e-6,60,606,145,33,1e-6,2410,1e-6,909,1e-6,21,247,291,243,98,1e-6,218,1e-6,2913,317,69,395,8577,1605,1e-6,61,11,128,1e-6,155,101,1756,748,406,1786,1e-6,1e-6,173,3792,9,69,294,565,72,1e-6,2,105,496,1e-6,1714,75,940,315,3258,863,123,1e-6,2960,596,1e-6,395,1e-6,314,88,1e-6,1e-6,1e-6,2796,3133,1070,16,238,44,321,1e-6,9,1e-6,168,444,107,32,53,229,2358,4,2800,1e-6,1e-6,188,1e-6,1e-6,1e-6,2168,187,1240,11,1e-6,1e-6,1e-6,1e-6,1e-6,1e-6,1e-6,1e-6,1e-6,1e-6,1e-6,1e-6,1e-6,1e-6,1e-6,1e-6,1e-6,595,1e-6,1e-6,1e-6,1e-6,1e-6,1e-6,1e-6,1e-6,1e-6,1e-6,1e-6,1e-6,1078,1e-6,675,1e-6,765,119,65,104,344,1e-6,1e-6,1e-6,1e-6,45,187,65,515,1e-6,1e-6,104,2,1e-6,3180,1e-6,1e-6,1871,1e-6,1e-6,1e-6,333,1e-6,1e-6,1e-6,3,139,4,1e-6,8,1e-6,111,1e-6,2113,664,28,735,1e-6,4,222,1189,187,216,1e-6,270,1e-6,1e-6,1e-6,1e-6,1e-6,1e-6,1e-6,25,12,59,54,37,202,1e-6,1e-6,356,1e-6,1e-6,35,1e-6,370,1e-6,1e-6,1e-6,357,2425,9,1e-6,1e-6,1e-6,79,1e-6,16,8262,40,1e-6,1e-6,114,82,1e-6,1e-6,1e-6,1e-6,1e-6,1e-6,417,21,48,240,1e-6,1e-6,1e-6,1e-6,1e-6,588,1e-6,1e-6,1e-6,1e-6,1e-6,1e-6,1e-6,24,1e-6,1e-6,1e-6,1e-6,1e-6,1e-6,261,33,2,1e-6,1e-6,1e-6,277,1e-6,674,1e-6,1e-6,1e-6,1e-6,1e-6,1e-6,1e-6,1e-6,1e-6,1e-6,1e-6,1e-6,1e-6,1e-6,82,168,894,1e-6,1e-6,1e-6,1116,2,141,1338,776,151,1e-6,91,1538,1e-6,27
106,1e-6,325,1e-6,1e-6,2217,1e-6,1e-6,1e-6,1e-6,2,1e-6,1e-6,1e-6,2,1e-6,7,442,1e-6,23,1245,3,1e-6,1040,1e-6,3,1e-6,1e-6,1e-6,1e-6,1e-6,1e-6,1e-6,1e-6,1e-6,1e-6,1e-6,51,125,1e-6,5,1e-6,2,70,1e-6,1e-6,1e-6,12,1e-6,1e-6,4,1e-6,1e-6,1e-6,1e-6,1e-6,1e-6,2,1e-6,2,1e-6,1e-6,9,1e-6,1e-6,1e-6,1e-6,1e-6,433,88,1e-6,1e-6,1e-6,4,785,778,72392,1e-6,1e-6,1e-6,259,50,2623,515,1e-6,2272,108,17059,3,1e-6,959,2720,1e-6,9358,704,84640,1e-6,1681,1e-6,3,2139,1e-6,1e-6,10,1e-6,1e-6,211,1e-6,1e-6,1e-6,2353,826,876,46,1e-6,2540,1e-6,732,1e-6,1460,1e-6,13,10,43,1293,1e-6,1432,273,2,1e-6,109,28,1e-6,91,692,1743,1e-6,1e-6,36,252,133,1e-6,1e-6,1e-6,1e-6,10,124,1032,1e-6,1e-6,1e-6,1e-6,2977,1e-6,1e-6,1e-6,1e-6,23,1e-6,1e-6,1e-6,411,33,1e-6,1e-6,1e-6,1e-6,438,762,693,1e-6,1e-6,3,1e-6,1e-6,1e-6,1e-6,28,917,1e-6,68,1e-6,1873,1315,29256,1e-6,106,1e-6,1e-6,132,193,1e-6,2031,1e-6,1e-6,1e-6,1e-6,1e-6,1e-6,1e-6,1e-6,1e-6,1e-6,1e-6,1e-6,2,1e-6,1e-6,1e-6,1e-6,1e-6,21,1e-6,1e-6,442,1e-6,1e-6,117,43,23,1e-6,186,1e-6,1e-6,1128,3,3,6378,1e-6,1040,1e-6,1e-6,1e-6,1e-6,3,1e-6,1e-6,1e-6,1e-6,1e-6,1e-6,1e-6,1e-6,1e-6,1e-6,1e-6,1e-6,51,125,1e-6,5,1e-6,2,1e-6,1e-6,70,1e-6,4,1e-6,1e-6,1e-6,1e-6,1e-6,1e-6,12,1e-6,1e-6,1e-6,1e-6,1e-6,2,2,1e-6,9,1e-6,1e-6,1e-6,1e-6,244,1e-6,34,88,1e-6,1e-6,1e-6,32927,1e-6,1e-6,8,4,394,383,778,69,1e-6,58915,1758,3880,1e-6,1e-6,1e-6,1e-6,1e-6,1e-6,6,176,557,1e-6,1e-6,4604,1e-6,1087,71,4112,1e-6,13,259,9,50,1e-6,2623,1e-6,515,1e-6,23,427,448,277,1e-6,1e-6,276,4,2272,114,108,357,8187,2264,3,48,1e-6,230,1e-6,163,1e-6,959,962,1461,824,1e-6,67,109,3017,50,484,367,213,1e-6,1e-6,71,1e-6,946,1e-6,129,1e-6,1e-6,92,2918,240,366,1e-6,3133,407,93,680,1e-6,276,275,420,104,180,24811,26902,1e-6,1e-6,355,77,601,131,18,1e-6,861,335,163,288,74,290,2766,1e-6,1681,1e-6,1e-6,3,3,1e-6,1e-6,4183,74,2028,60,1e-6,1e-6,2,1e-6,1e-6,1e-6,8,1e-6,1e-6,1e-6,1e-6,1e-6,1e-6,10,1e-6,1e-6,1e-6,358,200,1e-6,1e-6,1e-6,1e-6,1e-6,1e-6,1e-6,1e-6,1e-6,1e-6,11,2142,1e-6,1142,256,1527,53,179,135,459,1e-6,1e-6,1e-6,1e-6,1e-6,142,47,876,1e-6,1e-6,46,1e-6,1e-6,2360,1e-6,1e-6,1e-6,180,1e-6,1e-6,732,1e-6,1e-6,62,1e-6,1395,1e-6,1e-6,13,1e-6,298,1e-6,1293,403,12,368,1e-6,1e-6,5,644,102,1e-6,1e-6,171,1e-6,1e-6,2,1e-6,1e-6,1e-6,1e-6,1e-6,1e-6,109,1e-6,9,28,1e-6,61,397,1e-6,1e-6,10,1e-6,91,1e-6,1e-6,1e-6,689,1734,1e-6,1e-6,36,3,48,1e-6,3,252,10,1e-6,1e-6,133,1e-6,1e-6,1e-6,1e-6,1e-6,5,10,109,1e-6,145,887,1e-6,1e-6,1e-6,1e-6,12,2931,1e-6,1e-6,1e-6,1e-6,1e-6,1e-6,1e-6,23,1e-6,1e-6,1e-6,1e-6,1e-6,1e-6,411,33,1e-6,1e-6,1e-6,1e-6,438,762,693,1e-6,1e-6,3,1e-6,1e-6,1e-6,1e-6,1e-6,1e-6,1e-6,1e-6,1e-6,1e-6,1e-6,1e-6,28,917,1e-6,68,1e-6,1098,19,267,1315,1316,124,4,1e-6,4073,1e-6,10
151,3,2118,1e-6,1e-6,2448,1e-6,1e-6,1e-6,1e-6,1e-6,1e-6,1e-6,1e-6,1e-6,1e-6,1e-6,262,1e-6,1e-6,1040,86,1e-6,32,1e-6,1e-6,1e-6,1e-6,1e-6,1e-6,1e-6,1e-6,1e-6,1e-6,1e-6,1e-6,1e-6,6,222,44,1e-6,1e-6,1e-6,1e-6,1e-6,1e-6,1e-6,1e-6,1e-6,1e-6,1e-6,1e-6,1e-6,1e-6,1e-6,1e-6,1e-6,1e-6,1e-6,1e-6,1e-6,1e-6,1e-6,1e-6,1e-6,1e-6,3,1e-6,493,6,1e-6,1e-6,1e-6,1e-6,1e-6,169,37359,1e-6,1e-6,1e-6,622,12,4255,736,1e-6,2722,57,16148,1e-6,16,2004,1067,1e-6,10586,1e-6,23811,2,5127,1e-6,19,331,1e-6,1e-6,3,1e-6,1e-6,1e-6,1e-6,6,1e-6,1333,668,793,170,1e-6,5397,5,204,1e-6,102,1e-6,8,18,52,4349,5,1550,294,1e-6,1e-6,156,19,1e-6,148,499,3121,16,6,1e-6,6725,4,1e-6,1e-6,1e-6,1e-6,1e-6,4,254,1e-6,1e-6,1e-6,1e-6,200,1e-6,1e-6,1e-6,1e-6,14,1e-6,1e-6,1e-6,147,65,1e-6,1e-6,1e-6,1e-6,313,296,573,110,1e-6,1e-6,1e-6,1e-6,1e-6,1e-6,413,1330,19,1e-6,1000,1714,3704,17380,5101,151,3,1e-6,671,1447,1e-6,2427,1e-6,1e-6,1e-6,1e-6,1e-6,1e-6,1e-6,1e-6,1e-6,1e-6,1e-6,1e-6,1e-6,1e-6,1e-6,1e-6,1e-6,1e-6,1e-6,1e-6,226,262,1e-6,1e-6,1e-6,43,1e-6,1e-6,21,1040,935,1040,1e-6,86,2319,1e-6,32,1e-6,1e-6,1e-6,1e-6,1e-6,1e-6,1e-6,1e-6,1e-6,1e-6,1e-6,1e-6,1e-6,1e-6,1e-6,1e-6,1e-6,6,222,44,1e-6,1e-6,1e-6,1e-6,1e-6,1e-6,1e-6,1e-6,1e-6,1e-6,1e-6,1e-6,1e-6,1e-6,1e-6,1e-6,1e-6,1e-6,1e-6,1e-6,1e-6,1e-6,1e-6,1e-6,1e-6,1e-6,3,1e-6,72,1e-6,1e-6,6,1e-6,1e-6,1e-6,3114,4,1e-6,1e-6,1e-6,1e-6,1e-6,169,15,1e-6,19119,3513,7936,9,1e-6,1e-6,1e-6,1e-6,1e-6,12,245,358,1e-6,1e-6,4661,448,1129,429,4187,1e-6,77,622,407,12,1e-6,4255,1e-6,736,1e-6,11,276,471,188,1e-6,1e-6,410,1e-6,2722,417,57,262,6339,1575,1e-6,84,16,184,1e-6,264,1e-6,2004,571,312,1618,1e-6,1e-6,158,3785,1e-6,752,230,335,1e-6,1e-6,92,1e-6,542,1e-6,1218,1e-6,182,339,1747,407,1e-6,1e-6,2115,23,48,1e-6,29,283,99,1e-6,1e-6,1e-6,9952,10745,440,1e-6,352,1e-6,391,18,1e-6,1e-6,203,1e-6,159,160,71,343,797,2,5127,1e-6,1e-6,1e-6,19,1e-6,1e-6,2890,105,331,1e-6,1e-6,1e-6,1e-6,1e-6,1e-6,1e-6,2,1e-6,1e-6,1e-6,1e-6,1e-6,1e-6,3,1e-6,1e-6,1e-6,80,1e-6,1e-6,1e-6,1e-6,1e-6,6,1e-6,1e-6,1e-6,1e-6,1e-6,1e-6,488,1e-6,681,1e-6,763,96,95,175,302,1e-6,1e-6,1e-6,1e-6,1e-6,214,141,793,1e-6,66,170,8,1e-6,4105,27,5,59,1257,7,138,1e-6,1e-6,1e-6,1e-6,1e-6,102,1e-6,1e-6,8,1e-6,385,9,4349,153,20,120,1e-6,5,138,1119,108,1e-6,1e-6,180,1e-6,1e-6,1e-6,1e-6,1e-6,1e-6,1e-6,1e-6,1e-6,123,33,1e-6,19,1e-6,3,484,1e-6,1e-6,3,1e-6,148,16,1e-6,7,489,2714,16,6,1e-6,3,1e-6,1e-6,1e-6,6725,4,1e-6,1e-6,4,1e-6,1e-6,1e-6,1e-6,1e-6,1e-6,1e-6,1e-6,1e-6,1e-6,254,1e-6,1e-6,1e-6,1e-6,22,178,1e-6,1e-6,1e-6,1e-6,1e-6,1e-6,1e-6,14,1e-6,1e-6,1e-6,1e-6,1e-6,1e-6,143,65,1e-6,1e-6,1e-6,1e-6,313,296,573,110,1e-6,1e-6,1e-6,1e-6,1e-6,1e-6,1e-6,1e-6,1e-6,1e-6,1e-6,1e-6,1e-6,254,159,1330,19,1e-6,1000,1048,1e-6,24,3704,1459,812,1e-6,1e-6,1390,5101,14
100,1e-6,357,1e-6,1e-6,2339,1e-6,1e-6,1e-6,1e-6,1e-6,1e-6,1e-6,1e-6,1e-6,1e-6,1e-6,800,1e-6,1e-6,3295,10,1e-6,112,1e-6,1e-6,47,3,1e-6,1e-6,1e-6,1e-6,2,1e-6,1e-6,1e-6,1e-6,1e-6,124,1e-6,2,1e-6,1e-6,1e-6,1e-6,1e-6,1e-6,5,1e-6,1e-6,5,1e-6,1e-6,1e-6,1e-6,1e-6,1e-6,1e-6,1e-6,1e-6,1e-6,1e-6,9,1e-6,1e-6,1e-6,1e-6,1e-6,487,3,4,1e-6,1e-6,1e-6,1e-6,337,79100,1e-6,1e-6,1e-6,135,1e-6,1708,54,1e-6,1167,18,22402,1e-6,16,567,863,1e-6,7334,39,10821,1e-6,831,1e-6,28,1078,15,1e-6,1e-6,1e-6,1e-6,1e-6,1e-6,5,1e-6,1776,460,523,1e-6,1e-6,2220,1e-6,341,1e-6,84,1e-6,8,12,50,319,7,3312,416,1e-6,2,149,1e-6,1e-6,8,1146,1509,18,1e-6,1e-6,292,42,1e-6,1e-6,1e-6,1e-6,114,67,1827,1e-6,1e-6,1e-6,11,363,1e-6,1e-6,1e-6,1e-6,12,1e-6,1e-6,1e-6,574,12,1e-6,1e-6,1e-6,1e-6,1e-6,1e-6,151,1e-6,1e-6,1e-6,1e-6,1e-6,1e-6,1e-6,6,1e-6,1e-6,1e-6,707,2052,349,17639,11823,100,1e-6,1e-6,227,130,1e-6,2335,1e-6,1e-6,1e-6,1e-6,1e-6,1e-6,1e-6,1e-6,1e-6,1e-6,1e-6,1e-6,1e-6,1e-6,1e-6,1e-6,1e-6,1e-6,1e-6,1e-6,1e-6,800,1e-6,1e-6,1e-6,50,1e-6,1e-6,1e-6,725,586,3295,1e-6,10,10244,1e-6,112,1e-6,1e-6,1e-6,1e-6,1e-6,47,3,1e-6,1e-6,1e-6,1e-6,2,1e-6,1e-6,1e-6,1e-6,1e-6,1e-6,124,1e-6,2,1e-6,1e-6,1e-6,1e-6,1e-6,1e-6,5,1e-6,1e-6,1e-6,1e-6,1e-6,1e-6,5,1e-6,1e-6,1e-6,1e-6,1e-6,1e-6,1e-6,1e-6,9,1e-6,1e-6,1e-6,1e-6,182,1e-6,1e-6,3,4,1e-6,1e-6,1e-6,10,1e-6,1e-6,1e-6,1e-6,1e-6,337,1e-6,4,55544,2291,7643,1e-6,1e-6,3,1e-6,1e-6,1e-6,16,1220,164,1e-6,1e-6,3548,633,334,249,3301,1e-6,1e-6,135,1e-6,1e-6,1e-6,1708,1e-6,54,1e-6,17,626,13,279,1e-6,1e-6,240,1e-6,1167,180,18,250,14954,2036,1e-6,1e-6,16,71,1e-6,28,1e-6,567,573,199,743,1e-6,20,42,2185,17,573,346,270,1e-6,1e-6,116,1e-6,316,1e-6,33,1e-6,1e-6,426,2100,39,69,1e-6,2190,1081,72,69,1e-6,169,190,2,1e-6,37,5319,5502,457,1e-6,137,30,565,19,1e-6,1e-6,528,51,111,254,1e-6,263,992,1e-6,831,1e-6,1e-6,1e-6,28,1e-6,1e-6,1931,120,1067,1e-6,1e-6,1e-6,1e-6,1e-6,1e-6,1e-6,1e-6,1e-6,1e-6,1e-6,1e-6,1e-6,15,1e-6,1e-6,1e-6,1e-6,290,1e-6,1e-6,1e-6,1e-6,1e-6,1e-6,5,1e-6,1e-6,1e-6,1e-6,1e-6,1586,1e-6,748,236,1153,40,97,154,169,1e-6,1e-6,1e-6,1e-6,1e-6,127,86,523,1e-6,92,1e-6,1e-6,118,1686,1e-6,1e-6,1e-6,416,1e-6,341,1e-6,1e-6,1e-6,75,2,7,1e-6,1e-6,8,1e-6,158,1e-6,319,307,41,795,1e-6,7,208,1961,162,138,1e-6,116,1e-6,1e-6,1e-6,1e-6,1e-6,1e-6,1e-6,2,1e-6,116,33,1e-6,1e-6,7,1e-6,236,1e-6,1e-6,90,1e-6,8,12,1e-6,1e-6,1144,1509,18,1e-6,1e-6,2,1e-6,1e-6,11,292,1e-6,1e-6,2,42,1e-6,1e-6,1e-6,1e-6,1e-6,1e-6,112,67,1e-6,1e-6,1827,1e-6,1e-6,1e-6,97,1e-6,266,1e-6,1e-6,1e-6,1e-6,1e-6,1e-6,1e-6,12,1e-6,1e-6,1e-6,1e-6,1e-6,1e-6,564,12,1e-6,1e-6,1e-6,1e-6,1e-6,1e-6,151,1e-6,1e-6,1e-6,1e-6,1e-6,1e-6,1e-6,1e-6,1e-6,1e-6,1e-6,1e-6,1e-6,1e-6,1e-6,6,1e-6,1e-6,1e-6,707,288,25,345,349,1192,875,1e-6,1e-6,1444,11823,2
15,1e-6,304,1e-6,7,740,15,5,107,1e-6,2,1e-6,1e-6,1e-6,6,31,3,318,1e-6,1e-6,2025,11,14,25,2,1e-6,1e-6,1e-6,9,1e-6,1e-6,1e-6,6,200,1e-6,3,1e-6,4,227,59,5,1e-6,1e-6,1e-6,1e-6,1e-6,1e-6,49,3,21,35,2,1e-6,3,1e-6,4,1e-6,1e-6,1e-6,1e-6,3,1e-6,1e-6,2,1e-6,1e-6,1e-6,1e-6,233,2,1e-6,1e-6,1e-6,1e-6,1e-6,825,56969,1e-6,1e-6,1e-6,116,1e-6,875,19,1e-6,977,6,23580,1e-6,1e-6,1022,1137,1e-6,5757,121,1507,1e-6,1134,1e-6,13,8260,16,4,1e-6,1e-6,1e-6,1e-6,164,16,12,6139,840,265,71,1e-6,2777,1e-6,428,2,91,1e-6,22,10,1e-6,2029,24,3372,404,1e-6,4,48,579,1e-6,22,2702,1475,8,1e-6,148,123,10,22,1e-6,1e-6,1e-6,1e-6,72,303,1e-6,64,2,1e-6,5,1e-6,1e-6,1e-6,17,4,15,27,19,298,51,1e-6,1e-6,1e-6,5,28,1e-6,33,1e-6,1e-6,2,1e-6,4,60,9,62,91,2,1e-6,1e-6,1665,921,23817,31297,15,1e-6,1e-6,1e-6,304,1e-6,654,1e-6,1e-6,10,61,7,1e-6,1e-6,3,5,18,1e-6,1e-6,1e-6,1e-6,1e-6,6,9,1e-6,1e-6,1e-6,1e-6,318,1e-6,1e-6,164,1e-6,1e-6,1e-6,86,1e-6,1e-6,1861,3,11,4302,14,25,1e-6,1e-6,1e-6,1e-6,1e-6,1e-6,1e-6,1e-6,1e-6,9,1e-6,6,1e-6,1e-6,14,3,1e-6,4,227,59,5,1e-6,1e-6,1e-6,1e-6,1e-6,1e-6,19,39,3,21,1e-6,1e-6,1e-6,10,3,1e-6,1e-6,4,1e-6,1e-6,1e-6,1e-6,1e-6,2,1e-6,1e-6,1e-6,127,1e-6,1e-6,2,1e-6,1e-6,1e-6,605,60,1e-6,1e-6,1e-6,1e-6,1e-6,825,36,1e-6,36091,4316,8814,1e-6,1e-6,1e-6,1e-6,1e-6,1e-6,14,1e-6,1063,1e-6,1e-6,1882,1879,464,34,3336,92,48,116,86,1e-6,1e-6,875,1e-6,19,1e-6,17,436,397,145,3,1e-6,269,1e-6,977,15,6,272,15161,3094,1e-6,210,1e-6,14,1e-6,190,1e-6,1022,890,233,480,1e-6,1e-6,60,810,1e-6,412,461,613,159,1e-6,83,216,680,1e-6,132,60,1e-6,400,2302,332,250,28,3548,370,158,328,1e-6,1e-6,1e-6,121,1e-6,1e-6,333,569,100,1e-6,277,1e-6,302,1e-6,1e-6,1e-6,774,194,144,493,153,841,1298,1e-6,1134,1e-6,1e-6,1e-6,13,1e-6,1e-6,4298,120,8134,15,81,1e-6,1e-6,1e-6,1e-6,1e-6,1e-6,1e-6,1e-6,16,4,1e-6,1e-6,1e-6,1e-6,1e-6,1e-6,1806,1e-6,17,51,1e-6,96,1e-6,10,12,1e-6,1e-6,2,1e-6,1452,1e-6,808,80,2542,95,38,293,414,1e-6,1e-6,1e-6,1e-6,1e-6,1e-6,106,265,1e-6,1e-6,71,3,1e-6,2703,71,1e-6,1e-6,1e-6,1e-6,1e-6,425,2,1e-6,1e-6,1e-6,91,1e-6,1e-6,22,8,253,1e-6,2029,479,49,426,1e-6,24,183,2235,226,178,1e-6,1e-6,1e-6,1e-6,1e-6,1e-6,1e-6,1e-6,1e-6,4,1e-6,38,10,15,579,9,63,1451,1e-6,1e-6,258,1e-6,22,1e-6,1e-6,1e-6,2697,1389,8,1e-6,148,5,4,1e-6,26,123,1e-6,1e-6,1e-6,10,1e-6,1e-6,22,1e-6,1e-6,1e-6,1e-6,72,1e-6,1e-6,303,2,2,1e-6,1e-6,1e-6,5,1e-6,1e-6,1e-6,1e-6,1e-6,17,1e-6,4,15,1e-6,200,1e-6,27,19,224,51,1e-6,1e-6,1e-6,5,28,1e-6,33,1e-6,1e-6,1e-6,1e-6,1e-6,1e-6,5,51,4,1e-6,1e-6,1e-6,9,1e-6,33,29,91,2,1e-6,1e-6,315,86,982,921,2793,653,1e-6,1e-6,895,31297,1e-6
215,1e-6,1710,1e-6,1e-6,591,1e-6,1e-6,1e-6,1e-6,1e-6,1e-6,1e-6,1e-6,1e-6,1e-6,5,711,163,3,231,19,1e-6,3,1e-6,1e-6,1e-6,8,1e-6,1e-6,1e-6,1e-6,1e-6,1e-6,1e-6,1e-6,1e-6,1e-6,46,1e-6,1e-6,1e-6,4,5824,1e-6,1e-6,1e-6,2,1e-6,1e-6,3,1e-6,1e-6,1e-6,1e-6,1e-6,1e-6,1e-6,1e-6,1e-6,1e-6,1e-6,1e-6,1e-6,12,1e-6,1e-6,1e-6,434,1e-6,1e-6,1e-6,1e-6,1e-6,1e-6,103,39754,1e-6,1e-6,1e-6,317,1e-6,1137,1226,4,3301,44,24415,1e-6,1e-6,2068,1525,1e-6,8353,114,1e-6,1e-6,2260,1e-6,6,5314,1e-6,1e-6,1e-6,1e-6,1e-6,2,1e-6,1e-6,1e-6,2590,625,2319,310,1e-6,2671,7,836,1e-6,60,1e-6,38,665,295,3444,34,3772,647,2,1e-6,54,149,1e-6,136,769,1965,48,4,92,1451,25,1e-6,1e-6,1e-6,1e-6,5,211,784,1e-6,1e-6,1e-6,1e-6,98,1e-6,12,1e-6,1e-6,1e-6,1e-6,1e-6,1e-6,526,14,1e-6,1e-6,1e-6,1e-6,304,11,1084,1e-6,1e-6,1e-6,1e-6,1e-6,1e-6,1e-6,336,59,1e-6,2,1e-6,4583,2307,33744,1e-6,215,1e-6,1e-6,446,1264,1e-6,280,1e-6,1e-6,1e-6,1e-6,1e-6,1e-6,1e-6,1e-6,1e-6,1e-6,1e-6,1e-6,1e-6,1e-6,1e-6,1e-6,1e-6,1e-6,1e-6,1e-6,1e-6,711,1e-6,163,1e-6,139,3,1e-6,311,1e-6,1e-6,231,5,19,2366,1e-6,3,1e-6,1e-6,1e-6,1e-6,1e-6,1e-6,8,1e-6,1e-6,1e-6,1e-6,1e-6,1e-6,1e-6,1e-6,1e-6,1e-6,1e-6,46,1e-6,1e-6,1e-6,4,59,1e-6,5752,1e-6,3,1e-6,1e-6,1e-6,1e-6,1e-6,1e-6,2,1e-6,1e-6,1e-6,1e-6,1e-6,1e-6,1e-6,1e-6,1e-6,1e-6,1e-6,1e-6,1e-6,430,12,4,1e-6,1e-6,1e-6,1e-6,1e-6,94,1e-6,1e-6,1e-6,1e-6,1e-6,103,40,1e-6,33678,3202,508,1e-6,1e-6,54,1e-6,1e-6,1e-6,15,1e-6,250,1e-6,1e-6,6540,324,1069,309,2623,25,34,317,206,1e-6,4,1137,1e-6,1226,1e-6,3,543,286,189,1e-6,13,343,1e-6,3301,226,44,458,12510,2540,1e-6,170,1e-6,287,1e-6,281,87,2068,912,326,993,1e-6,1e-6,141,2999,1e-6,128,530,1e-6,164,47,213,1e-6,1244,2,470,1e-6,1e-6,757,3268,260,1e-6,1e-6,2169,777,195,1280,30,694,629,114,1e-6,1e-6,1e-6,1e-6,218,1e-6,489,111,631,220,1e-6,1e-6,1179,1123,274,584,313,797,1819,1e-6,2260,1e-6,1e-6,1e-6,1e-6,6,1e-6,3317,219,5189,1e-6,63,1e-6,1e-6,1e-6,1e-6,1e-6,1e-6,8,1e-6,1e-6,1e-6,1e-6,1e-6,1e-6,1e-6,1e-6,1e-6,198,1e-6,1e-6,1e-6,1e-6,1e-6,1e-6,1e-6,1e-6,1e-6,1e-6,1e-6,2,4382,1e-6,1306,379,2074,4,55,1e-6,534,1e-6,32,1e-6,1e-6,1e-6,1e-6,1e-6,2319,4,1e-6,310,1e-6,1e-6,2662,9,7,1e-6,1e-6,1e-6,1e-6,836,1e-6,1e-6,1e-6,1e-6,60,1e-6,66,38,591,396,156,3444,690,5,669,1e-6,34,196,2212,158,1e-6,2,481,1e-6,1e-6,1e-6,1e-6,1e-6,1e-6,2,1e-6,1e-6,54,1e-6,87,149,1e-6,1e-6,318,1e-6,1e-6,1e-6,1e-6,136,1e-6,1e-6,1e-6,763,1759,48,4,92,6,54,1e-6,4,1451,8,1e-6,1e-6,25,1e-6,1e-6,1e-6,1e-6,1e-6,1e-6,5,203,1e-6,1e-6,784,1e-6,1e-6,1e-6,1e-6,1e-6,94,1e-6,1e-6,12,1e-6,1e-6,1e-6,1e-6,1e-6,1e-6,1e-6,1e-6,1e-6,1e-6,1e-6,432,14,1e-6,1e-6,1e-6,1e-6,304,11,1084,1e-6,1e-6,1e-6,1e-6,1e-6,1e-6,1e-6,1e-6,1e-6,1e-6,1e-6,1e-6,1e-6,1e-6,10,326,59,1e-6,2,1e-6,3648,112,325,2307,1e-6,1e-6,1e-6,1e-6,3229,1e-6,28
254,1e-6,542,1e-6,1e-6,2173,1e-6,1e-6,1e-6,1e-6,1e-6,1e-6,1e-6,1e-6,2,1e-6,10,342,1e-6,5,2823,21,2,228,1e-6,1e-6,1e-6,1e-6,1e-6,1e-6,1e-6,1e-6,1e-6,15,1e-6,1e-6,1e-6,131,397,8,1e-6,1e-6,1e-6,1e-6,1e-6,7,1e-6,50,4,6,9,1e-6,4,67,1e-6,1e-6,1e-6,1e-6,1e-6,1e-6,1e-6,1e-6,1e-6,3,1e-6,1e-6,1e-6,1e-6,219,3,1e-6,1e-6,1e-6,1e-6,1e-6,822,52388,2,1e-6,1e-6,360,8,2557,445,1e-6,2477,86,25303,1e-6,15,1765,1499,1e-6,13389,79,6078,1e-6,3060,3,16,5956,17,8,1e-6,8,1e-6,1e-6,57,1e-6,1e-6,3290,1017,503,1e-6,1e-6,1775,1e-6,143,1e-6,228,1e-6,13,142,53,3966,12,3895,1036,1e-6,4,137,239,3,45,2386,2043,4,1e-6,1e-6,775,30,10,1e-6,1e-6,3,3,164,416,1e-6,1e-6,1e-6,1e-6,1297,1e-6,1e-6,1e-6,10,16,1e-6,1e-6,111,306,86,1e-6,1e-6,2,1e-6,312,204,1705,42,1e-6,1e-6,1e-6,1e-6,3,2,225,550,1e-6,126,963,660,1684,26773,9829,254,1e-6,14,1e-6,528,1e-6,1882,1e-6,1e-6,1e-6,1e-6,1e-6,1e-6,1e-6,1e-6,1e-6,1e-6,1e-6,1e-6,1e-6,1e-6,1e-6,2,1e-6,1e-6,1e-6,1e-6,1e-6,342,1e-6,1e-6,74,53,5,195,96,1737,1e-6,2749,1e-6,21,4196,2,228,1e-6,1e-6,1e-6,1e-6,1e-6,1e-6,1e-6,1e-6,1e-6,1e-6,1e-6,1e-6,1e-6,1e-6,1e-6,1e-6,1e-6,131,397,8,1e-6,1e-6,1e-6,1e-6,1e-6,1e-6,7,9,5,4,6,1e-6,1e-6,1e-6,1e-6,1e-6,67,1e-6,1e-6,1e-6,1e-6,1e-6,1e-6,1e-6,3,1e-6,1e-6,1e-6,208,1e-6,55,3,1e-6,1e-6,1e-6,1455,7,1e-6,1e-6,1e-6,1e-6,1e-6,822,36,1e-6,31029,2843,10586,1e-6,2,27,1e-6,1e-6,1e-6,2,13,728,1e-6,1e-6,3163,3893,1454,300,5564,1e-6,1e-6,360,1e-6,8,1e-6,2557,1e-6,445,1e-6,5,617,228,395,48,1e-6,435,1e-6,2477,158,86,507,11997,3862,1e-6,111,15,295,1e-6,189,125,1765,939,265,1011,1e-6,1e-6,170,4312,59,692,209,797,243,1e-6,253,1e-6,738,1e-6,615,2,1e-6,243,2540,368,111,1e-6,2985,55,97,182,1e-6,182,301,79,1e-6,1e-6,2139,2484,455,1e-6,492,9,223,4,1e-6,1e-6,1672,243,208,96,81,446,3258,1e-6,3060,23,3,1e-6,16,1e-6,1e-6,3373,264,5884,1e-6,3,1e-6,1e-6,1e-6,17,1e-6,1e-6,1e-6,1e-6,17,8,1e-6,1e-6,1e-6,8,1e-6,1e-6,794,1e-6,1e-6,1e-6,57,1e-6,1e-6,1e-6,1e-6,1e-6,1e-6,1e-6,1e-6,1284,1e-6,650,1e-6,1529,4,50,265,698,1e-6,1e-6,1e-6,1e-6,1e-6,1e-6,11,503,1e-6,1e-6,1e-6,3,1e-6,1189,50,1e-6,143,533,1e-6,1e-6,1e-6,1e-6,1e-6,139,1e-6,89,1e-6,1e-6,13,39,72,1e-6,3966,620,22,860,1e-6,12,405,1988,192,462,1e-6,382,1e-6,1e-6,1e-6,1e-6,1e-6,1e-6,1e-6,4,1e-6,97,40,42,239,1e-6,133,712,1e-6,3,122,1e-6,45,86,1e-6,13,2373,2043,4,1e-6,1e-6,1e-6,52,1e-6,17,775,7,10,3,30,1e-6,1e-6,1e-6,1e-6,1e-6,1e-6,1e-6,157,1e-6,1e-6,416,1e-6,1e-6,1e-6,1e-6,3,1239,1e-6,1e-6,1e-6,1e-6,1e-6,10,1e-6,16,1e-6,1e-6,15,1e-6,1e-6,111,299,86,1e-6,1e-6,2,1e-6,312,204,1705,42,1e-6,1e-6,1e-6,1e-6,1e-6,1e-6,1e-6,1e-6,3,1e-6,2,1e-6,1e-6,1e-6,225,550,1e-6,126,963,240,1e-6,291,1684,997,1000,10,1e-6,2683,9806,17
563,1e-6,1143,1e-6,1e-6,1295,1e-6,3,1e-6,1e-6,1e-6,1e-6,1e-6,1e-6,2,1e-6,1e-6,9142,154,3,1368,32,5,34,1e-6,1e-6,1e-6,1e-6,1e-6,1e-6,1e-6,1e-6,1e-6,6,1e-6,1e-6,1e-6,4,123,1e-6,1e-6,1e-6,1e-6,11165,1e-6,1e-6,1e-6,1e-6,1e-6,1e-6,1e-6,1e-6,1e-6,1e-6,1e-6,1e-6,1e-6,1e-6,1e-6,1e-6,1e-6,1e-6,1e-6,1e-6,1e-6,1e-6,1e-6,195,514,1e-6,1e-6,1e-6,1e-6,1e-6,1e-6,357,56300,1e-6,1e-6,1e-6,181,1e-6,2746,1939,1e-6,2979,36,21565,1e-6,1e-6,2073,1645,1e-6,8424,240,1e-6,1e-6,6723,1e-6,41,3020,1e-6,3,1e-6,1e-6,1e-6,1e-6,1e-6,1e-6,1e-6,4719,853,464,1e-6,1e-6,83,1e-6,1e-6,7,224,1e-6,8,675,956,3392,128,5607,300,1e-6,1e-6,107,348,3,302,2079,3226,52,1e-6,10,1e-6,8,1e-6,1e-6,1e-6,1e-6,11,95,1026,1e-6,1e-6,1e-6,1e-6,85,1e-6,3,1e-6,1e-6,2,1e-6,1e-6,1e-6,768,34,1e-6,4,1e-6,1e-6,659,9,1375,1e-6,1e-6,1e-6,1e-6,1e-6,1e-6,1e-6,228,1e-6,1e-6,1e-6,1e-6,7807,3361,24768,3469,563,1e-6,1e-6,987,156,1e-6,953,1e-6,1e-6,1e-6,1e-6,1e-6,1e-6,1e-6,1e-6,1e-6,1e-6,1e-6,1e-6,1e-6,1e-6,1e-6,2,1e-6,1e-6,1e-6,1e-6,1e-6,9142,1e-6,113,1e-6,779,3,1e-6,342,1e-6,1e-6,1368,1e-6,32,1e-6,5,34,1e-6,1e-6,1e-6,1e-6,1e-6,1e-6,1e-6,1e-6,1e-6,1e-6,1e-6,1e-6,1e-6,1e-6,1e-6,1e-6,1e-6,4,123,1e-6,1e-6,1e-6,1e-6,214,23,10911,1e-6,1e-6,1e-6,1e-6,1e-6,1e-6,1e-6,1e-6,1e-6,1e-6,1e-6,1e-6,1e-6,1e-6,1e-6,1e-6,1e-6,1e-6,1e-6,1e-6,1e-6,195,377,1e-6,2,1e-6,1e-6,1e-6,1e-6,1e-6,1e-6,1e-6,1e-6,1e-6,1e-6,1e-6,357,5,1e-6,56300,1e-6,1e-6,11,1e-6,8,1e-6,1e-6,1e-6,1e-6,6807,377,1e-6,1e-6,7909,447,1211,217,2340,1e-6,36,181,35,1e-6,1e-6,2746,1e-6,1939,1e-6,146,374,526,153,78,17,293,76,2979,337,36,261,8920,1636,1e-6,181,1e-6,511,1e-6,187,1e-6,2073,1031,80,1140,1e-6,23,48,3336,1e-6,5,326,1e-6,151,1e-6,176,183,677,1e-6,680,78,629,453,3008,230,205,1e-6,2713,259,211,433,1e-6,107,788,122,34,84,1e-6,1e-6,155,1e-6,944,37,308,1e-6,1e-6,1e-6,881,509,240,256,68,678,1020,1e-6,6723,7,1e-6,1e-6,41,1e-6,1e-6,3400,310,2812,1e-6,205,1e-6,1e-6,1e-6,1e-6,1e-6,1e-6,1e-6,1e-6,1e-6,1e-6,1e-6,1e-6,1e-6,1e-6,1e-6,3,2068,1e-6,1e-6,1e-6,1e-6,1e-6,1e-6,1e-6,1e-6,1e-6,1e-6,2,1e-6,1170,1e-6,924,125,2644,93,192,202,366,1e-6,1e-6,1e-6,1e-6,1e-6,1e-6,137,464,1e-6,1e-6,1e-6,1e-6,1e-6,1e-6,83,1e-6,1e-6,1e-6,1e-6,1e-6,1e-6,1e-6,7,17,1e-6,207,1e-6,73,8,600,358,177,3392,363,61,689,1e-6,128,839,3655,159,1e-6,3,138,1e-6,1e-6,1e-6,1e-6,1e-6,1e-6,1e-6,1e-6,1e-6,90,17,78,346,1e-6,1e-6,1e-6,7,3,1e-6,1e-6,302,1e-6,1e-6,1e-6,2079,3191,52,1e-6,10,1e-6,1e-6,1e-6,3,1e-6,1e-6,1e-6,11,8,148,1e-6,1e-6,1e-6,1e-6,1e-6,1e-6,95,1e-6,1e-6,878,1e-6,1e-6,1e-6,1e-6,1e-6,83,1e-6,1e-6,1e-6,3,1e-6,1e-6,1e-6,2,1e-6,1e-6,6,1e-6,1e-6,1e-6,768,34,1e-6,4,1e-6,1e-6,659,9,1375,1e-6,1e-6,1e-6,1e-6,1e-6,1e-6,1e-6,1e-6,1e-6,1e-6,1e-6,1e-6,1e-6,1e-6,1e-6,228,1e-6,1e-6,1e-6,1e-6,1e-6,31,533,3361,1e-6,1e-6,1e-6,1e-6,2154,3462,3
354,1e-6,2393,1e-6,1e-6,1427,1e-6,1e-6,1e-6,1e-6,1e-6,1e-6,1e-6,1e-6,1e-6,1e-6,1e-6,8100,196,1e-6,25089,36,1e-6,121,1e-6,1e-6,1e-6,1e-6,1e-6,1e-6,1e-6,1e-6,1e-6,5,1e-6,1e-6,1e-6,1e-6,39,2,7,1e-6,1e-6,4712,1e-6,1e-6,1e-6,1e-6,1e-6,2,1e-6,1e-6,1e-6,6,1e-6,1e-6,1e-6,1e-6,1e-6,1e-6,1e-6,1e-6,1e-6,1e-6,1e-6,1e-6,1e-6,1e-6,1e-6,1e-6,1e-6,1e-6,1e-6,1e-6,1e-6,434,3439,1e-6,1e-6,1e-6,382,129,2080,1368,1e-6,1784,37,30587,1e-6,17,724,1348,1e-6,9263,152,1e-6,1e-6,1e-6,1e-6,41,511,1e-6,1e-6,8,1e-6,1e-6,1e-6,1e-6,1e-6,1e-6,3500,1049,1395,1e-6,1e-6,62,1e-6,1e-6,1e-6,2,3,7,5326,1e-6,272,70,5280,915,1e-6,1e-6,135,326,1e-6,158,1e-6,1079,8,1e-6,1e-6,1e-6,1e-6,1e-6,1e-6,1e-6,1e-6,1e-6,1e-6,187,1e-6,1e-6,1e-6,1e-6,430,1e-6,18,1e-6,4,4,1e-6,1e-6,1e-6,1e-6,23,1e-6,1e-6,1e-6,1e-6,1e-6,1e-6,1e-6,1e-6,1e-6,1e-6,1e-6,1e-6,5,1e-6,352,114,1e-6,1e-6,1e-6,2983,66,35698,1e-6,354,1e-6,1e-6,1e-6,2393,1e-6,890,1e-6,1e-6,1e-6,1e-6,1e-6,1e-6,1e-6,1e-6,1e-6,1e-6,1e-6,1e-6,1e-6,1e-6,1e-6,1e-6,1e-6,266,1e-6,1e-6,1e-6,8100,1e-6,196,1e-6,1e-6,1e-6,1e-6,537,1e-6,1e-6,25089,1e-6,36,3439,1e-6,121,1e-6,1e-6,1e-6,1e-6,1e-6,1e-6,1e-6,1e-6,1e-6,1e-6,1e-6,1e-6,1e-6,1e-6,1e-6,1e-6,1e-6,1e-6,39,2,7,1e-6,1e-6,332,1e-6,4380,1e-6,1e-6,1e-6,1e-6,2,1e-6,1e-6,1e-6,1e-6,1e-6,6,1e-6,1e-6,1e-6,1e-6,1e-6,1e-6,1e-6,1e-6,1e-6,1e-6,1e-6,1e-6,1e-6,33,1e-6,1e-6,1e-6,1e-6,1e-6,1e-6,1e-6,1e-6,1e-6,1e-6,1e-6,168,1e-6,1e-6,1e-6,1e-6,1e-6,1e-6,1e-6,1e-6,1e-6,1e-6,1e-6,1e-6,1e-6,1118,1e-6,1e-6,13607,239,1020,420,1581,56,75,382,1e-6,129,1e-6,2080,1e-6,1368,1e-6,4,357,609,169,1e-6,1e-6,489,1e-6,1784,9,37,76,10679,3092,1e-6,4,17,110,1e-6,612,1e-6,724,1218,20,1646,1e-6,1e-6,103,4914,1e-6,97,763,1e-6,104,1e-6,1e-6,1e-6,2296,1e-6,1e-6,1e-6,1e-6,416,1579,52,338,1e-6,698,486,63,1414,19,1e-6,1261,150,2,1e-6,1e-6,1e-6,1032,1e-6,814,53,724,1e-6,1e-6,1e-6,1701,487,285,61,257,2173,6247,1e-6,1e-6,1e-6,1e-6,1e-6,41,1e-6,1e-6,2895,182,511,1e-6,1e-6,1e-6,1e-6,1e-6,1e-6,1e-6,1e-6,1e-6,1e-6,1e-6,1e-6,1e-6,1e-6,8,1e-6,1e-6,1e-6,259,1e-6,1e-6,1e-6,1e-6,1e-6,1e-6,1e-6,1e-6,1e-6,1e-6,5,1e-6,1856,1e-6,986,89,891,107,29,490,337,12,64,10,1e-6,1e-6,1e-6,1e-6,1395,1e-6,1e-6,1e-6,1e-6,52,1e-6,1e-6,1e-6,1e-6,1e-6,1e-6,1e-6,1e-6,1e-6,1e-6,1e-6,1e-6,2,3,320,7,5001,1e-6,1e-6,272,464,31,1077,1e-6,70,290,3418,189,188,1e-6,538,1e-6,1e-6,1e-6,1e-6,1e-6,1e-6,1e-6,1e-6,1e-6,104,31,119,326,3,159,2184,1e-6,1e-6,4,1e-6,158,1e-6,1e-6,1e-6,1e-6,1079,8,1e-6,1e-6,1e-6,1e-6,1e-6,1e-6,1e-6,1e-6,1e-6,1e-6,1e-6,187,1e-6,1e-6,1e-6,1e-6,1e-6,1e-6,1e-6,1e-6,1e-6,1e-6,1e-6,1e-6,1e-6,1e-6,1e-6,397,1e-6,1e-6,18,1e-6,1e-6,1e-6,4,4,1e-6,1e-6,5,1e-6,1e-6,1e-6,1e-6,23,1e-6,1e-6,1e-6,1e-6,1e-6,1e-6,1e-6,1e-6,1e-6,1e-6,1e-6,1e-6,1e-6,1e-6,1e-6,5,1e-6,1e-6,1e-6,1e-6,1e-6,216,136,114,1e-6,1e-6,1e-6,237,13,2614,66,1e-6,1e-6,1e-6,1e-6,5223,1e-6,4
177,1e-6,2624,1e-6,1e-6,3787,1e-6,1e-6,1e-6,1e-6,1e-6,1e-6,1e-6,1e-6,1e-6,1e-6,1e-6,300,1e-6,1e-6,1438,14,1e-6,388,1e-6,1e-6,3,1e-6,1e-6,1e-6,1e-6,1e-6,1e-6,1e-6,1e-6,1e-6,1e-6,1e-6,112,112,7,3,1e-6,158,1e-6,1e-6,1e-6,1e-6,1e-6,1e-6,1e-6,1e-6,1e-6,10,1e-6,1e-6,3,1e-6,1e-6,1e-6,1e-6,1e-6,1e-6,1e-6,1e-6,1e-6,1e-6,1e-6,680,1e-6,1e-6,1e-6,1e-6,1e-6,1e-6,168,40804,1e-6,1e-6,1e-6,650,36,2354,605,1e-6,3052,73,21071,1e-6,18,3740,1403,1e-6,9538,1e-6,21851,1e-6,2591,1e-6,14,4562,1e-6,1e-6,2,1e-6,1e-6,1e-6,1e-6,1e-6,1e-6,4840,1196,1306,2,1e-6,6665,41,570,1e-6,163,2,1e-6,362,1e-6,2454,15,3936,858,2,1e-6,85,124,1e-6,74,245,1818,25,1e-6,156,1440,80,1e-6,1e-6,1e-6,1e-6,1e-6,54,1177,1e-6,1e-6,1e-6,1e-6,3,1e-6,1e-6,1e-6,1e-6,13,1e-6,1e-6,1e-6,313,17,1e-6,1e-6,1e-6,1e-6,32,5,1369,1e-6,1e-6,1e-6,1e-6,1e-6,1e-6,1e-6,114,262,1e-6,1e-6,1434,5922,1808,30277,1e-6,177,1e-6,9,584,2031,1e-6,3762,1e-6,1e-6,1e-6,1e-6,1e-6,1e-6,1e-6,1e-6,1e-6,1e-6,1e-6,1e-6,1e-6,1e-6,1e-6,1e-6,1e-6,1e-6,1e-6,1e-6,1e-6,300,1e-6,1e-6,1e-6,1e-6,1e-6,1e-6,25,712,1e-6,1438,1e-6,14,2562,1e-6,388,1e-6,1e-6,1e-6,1e-6,1e-6,3,1e-6,1e-6,1e-6,1e-6,1e-6,1e-6,1e-6,1e-6,4,1e-6,1e-6,1e-6,112,112,7,3,1e-6,2,1e-6,156,1e-6,1e-6,1e-6,1e-6,1e-6,1e-6,1e-6,1e-6,1e-6,1e-6,10,1e-6,1e-6,3,1e-6,1e-6,1e-6,1e-6,1e-6,1e-6,1e-6,1e-6,381,1e-6,1e-6,1e-6,1e-6,1e-6,1e-6,1e-6,32,1e-6,1e-6,1e-6,1e-6,1e-6,168,11,1e-6,29014,2835,2391,1e-6,1e-6,11,1e-6,1e-6,1e-6,6,3372,491,1e-6,1e-6,3913,118,1738,115,3035,1e-6,1e-6,650,204,36,1e-6,2354,1e-6,605,1e-6,10,397,468,297,77,1e-6,475,1e-6,3052,312,73,136,11616,2844,1e-6,178,18,229,1e-6,140,55,3740,814,360,1291,1e-6,1e-6,31,3250,1e-6,1e-6,461,946,180,1e-6,152,55,1111,1e-6,539,1e-6,329,552,2787,318,46,25,1212,688,92,503,1e-6,100,229,1e-6,1e-6,1e-6,10661,11190,3,1e-6,419,46,547,130,1e-6,1e-6,1868,393,285,170,80,544,2458,1e-6,2591,1e-6,1e-6,1e-6,14,1e-6,1e-6,4222,154,4512,1e-6,1e-6,1e-6,1e-6,1e-6,1e-6,1e-6,1e-6,1e-6,1e-6,1e-6,1e-6,1e-6,1e-6,2,1e-6,1e-6,1e-6,422,1e-6,1e-6,1e-6,1e-6,1e-6,1e-6,1e-6,1e-6,1e-6,1e-6,1e-6,1e-6,2385,57,2191,201,3147,157,73,535,431,1e-6,1e-6,1e-6,1e-6,1e-6,149,147,1306,3,1e-6,2,1e-6,1e-6,6665,1e-6,41,3,1e-6,1e-6,1e-6,567,1e-6,1e-6,46,4,113,2,3,1e-6,359,275,1e-6,2454,984,23,1701,1e-6,15,335,893,132,1e-6,9,717,1e-6,1e-6,1e-6,2,1e-6,1e-6,1e-6,1e-6,1e-6,28,57,121,124,5,220,1009,1e-6,1e-6,37,1e-6,74,1e-6,1e-6,1e-6,245,1614,25,1e-6,156,1e-6,18,1e-6,32,1440,1e-6,1e-6,1e-6,80,1e-6,1e-6,1e-6,1e-6,1e-6,1e-6,1e-6,54,1e-6,1e-6,1177,1e-6,1e-6,1e-6,1e-6,1e-6,3,1e-6,1e-6,1e-6,1e-6,1e-6,1e-6,1e-6,13,1e-6,1e-6,1e-6,1e-6,1e-6,1e-6,277,17,1e-6,1e-6,1e-6,1e-6,32,5,1369,1e-6,1e-6,1e-6,1e-6,1e-6,1e-6,1e-6,1e-6,1e-6,1e-6,1e-6,1e-6,1e-6,1e-6,1e-6,114,262,1e-6,1e-6,1434,1759,87,302,1808,2502,788,1e-6,1e-6,3396,1e-6,3
67,1e-6,80,1e-6,1e-6,1243,1e-6,1e-6,1e-6,1e-6,1e-6,207,1e-6,1e-6,1e-6,1e-6,8,407,1e-6,1e-6,2198,24,1e-6,279,1e-6,1e-6,1e-6,1e-6,1e-6,1e-6,1e-6,1e-6,1e-6,1e-6,1e-6,1e-6,1e-6,6,239,39,4,1e-6,1e-6,130,1e-6,1e-6,1e-6,38,1e-6,1e-6,9,1e-6,1e-6,1e-6,1e-6,1e-6,1e-6,1e-6,1e-6,1e-6,1e-6,1e-6,11,1e-6,1e-6,1e-6,1e-6,11,154,1e-6,1e-6,1e-6,1e-6,1e-6,35,444,62007,1e-6,1e-6,65,191,18,1446,302,1e-6,1833,22,18503,1e-6,2,737,1123,1e-6,7593,268,39271,4,2301,1e-6,20,4664,1e-6,3,46,1e-6,1e-6,1e-6,1e-6,1e-6,1e-6,2002,467,511,1e-6,1e-6,2254,5,486,1e-6,34,1e-6,10,1342,80,1632,43,2259,239,1e-6,1e-6,66,139,1e-6,41,683,1053,1e-6,1e-6,139,713,21,1e-6,1e-6,1e-6,1e-6,39,69,461,1e-6,1e-6,1e-6,1e-6,1e-6,1e-6,7,1e-6,1e-6,12,1e-6,1e-6,1e-6,256,16,1e-6,1e-6,1e-6,1e-6,1e-6,23,3388,1e-6,1e-6,1e-6,1e-6,1e-6,1e-6,1e-6,5,185,1e-6,206,158,4959,1425,32263,7097,67,1e-6,1e-6,1e-6,80,1e-6,1063,1e-6,1e-6,1e-6,1e-6,1e-6,1e-6,1e-6,1e-6,1e-6,1e-6,1e-6,1e-6,1e-6,207,1e-6,1e-6,1e-6,1e-6,33,1e-6,136,407,1e-6,1e-6,1e-6,69,1e-6,1e-6,137,163,1e-6,2198,1e-6,24,4268,1e-6,279,1e-6,1e-6,1e-6,1e-6,1e-6,1e-6,1e-6,1e-6,1e-6,1e-6,1e-6,1e-6,1e-6,1e-6,1e-6,1e-6,1e-6,6,239,39,4,1e-6,1e-6,1e-6,1e-6,130,1e-6,9,1e-6,1e-6,1e-6,1e-6,1e-6,1e-6,38,1e-6,1e-6,1e-6,1e-6,1e-6,1e-6,1e-6,1e-6,11,1e-6,1e-6,1e-6,11,2,1e-6,1e-6,1e-6,1e-6,1e-6,1e-6,11882,1e-6,1e-6,1e-6,1e-6,1e-6,1e-6,444,58,43,48562,2138,3756,1e-6,1e-6,5,35,1e-6,65,11,918,572,1e-6,11,5002,348,655,214,3710,1e-6,1e-6,191,52,18,1e-6,1446,1e-6,302,1e-6,24,644,451,212,1e-6,1e-6,111,1e-6,1833,28,22,178,9210,1967,1e-6,90,2,193,1e-6,89,24,737,656,254,1075,1e-6,20,156,1940,41,60,279,241,125,27,85,240,1094,1e-6,1e-6,39,1e-6,600,2935,1e-6,252,1e-6,3367,1005,77,1586,1e-6,157,315,195,51,22,13278,14111,459,1e-6,790,22,1088,217,1e-6,1e-6,989,333,315,209,32,969,2040,4,2301,1e-6,1e-6,1e-6,20,1e-6,1e-6,4216,96,4495,1e-6,149,1e-6,1e-6,1e-6,1e-6,1e-6,3,1e-6,1e-6,1e-6,1e-6,3,1e-6,46,1e-6,1e-6,1e-6,839,1e-6,1e-6,1e-6,1e-6,1e-6,1e-6,1e-6,1e-6,1e-6,1e-6,7,1e-6,1065,1e-6,552,326,858,87,32,159,189,1e-6,1e-6,1e-6,1e-6,1e-6,92,60,511,1e-6,1e-6,1e-6,1e-6,1e-6,2155,99,5,1e-6,1e-6,1e-6,18,468,1e-6,1e-6,21,1e-6,13,1e-6,120,10,1210,338,11,1632,697,30,683,1e-6,43,165,684,69,25,1e-6,145,1e-6,1e-6,1e-6,1e-6,1e-6,1e-6,1e-6,1e-6,1e-6,58,8,21,139,1e-6,1e-6,234,1e-6,1e-6,71,1e-6,41,2,1e-6,1e-6,683,1001,1e-6,1e-6,139,1e-6,1e-6,1e-6,20,713,1e-6,1e-6,4,21,1e-6,1e-6,1e-6,1e-6,1e-6,1e-6,35,69,1e-6,1e-6,461,1e-6,1e-6,1e-6,1e-6,1e-6,1e-6,1e-6,1e-6,7,1e-6,1e-6,1e-6,1e-6,12,1e-6,1e-6,1e-6,1e-6,1e-6,1e-6,256,16,1e-6,1e-6,1e-6,1e-6,1e-6,23,3388,1e-6,1e-6,1e-6,1e-6,1e-6,1e-6,1e-6,1e-6,1e-6,1e-6,1e-6,1e-6,1e-6,1e-6,1e-6,5,185,1e-6,206,158,2885,138,648,1425,2448,503,8,1e-6,5339,7097,3
262,1e-6,1e-6,1e-6,1e-6,3607,1e-6,1e-6,1e-6,1e-6,1e-6,562,1e-6,1e-6,10,1e-6,138,384,1e-6,1e-6,10079,25,1e-6,89,1e-6,2,1e-6,1e-6,1e-6,10,1e-6,1e-6,1e-6,1e-6,1e-6,2,313,1e-6,84,1e-6,3,1e-6,3,1e-6,1e-6,1e-6,1e-6,20,1e-6,1e-6,1e-6,1e-6,1e-6,1e-6,1e-6,2,1e-6,1e-6,1e-6,1e-6,1e-6,1e-6,40,1e-6,1e-6,2,1e-6,1e-6,1e-6,1e-6,1e-6,1e-6,1e-6,2,276,912,72355,1e-6,1e-6,109,51,1e-6,1068,131,1e-6,2032,72,15158,1e-6,1e-6,760,422,1e-6,6712,109,56386,1e-6,2699,1e-6,6,533,16,1e-6,1e-6,1e-6,1e-6,1e-6,1e-6,1e-6,1e-6,754,247,161,1e-6,8,403,1e-6,296,1e-6,88,1e-6,7,1e-6,83,928,1e-6,450,216,6,1e-6,23,698,1e-6,67,2726,1670,3,1e-6,1e-6,461,27,1e-6,1e-6,1e-6,1e-6,1e-6,75,464,1e-6,1e-6,1e-6,1e-6,1e-6,1e-6,18,1e-6,3,58,1e-6,1e-6,3,56,19,1e-6,1e-6,1e-6,1e-6,4,6,282,75,1e-6,1e-6,1e-6,1e-6,1e-6,1e-6,1e-6,3,1e-6,224,19,750,1150,23056,4756,262,1e-6,1e-6,1e-6,1e-6,1e-6,3456,1e-6,1e-6,1e-6,1e-6,1e-6,1e-6,1e-6,1e-6,1e-6,1e-6,1e-6,1e-6,1e-6,562,1e-6,10,1e-6,1e-6,1e-6,132,1e-6,384,1e-6,1e-6,1e-6,83,1e-6,1e-6,148,2886,1579,10079,1e-6,25,6114,1e-6,89,1e-6,1e-6,1e-6,1e-6,1e-6,1e-6,1e-6,1e-6,1e-6,1e-6,1e-6,1e-6,1e-6,1e-6,2,1e-6,313,1e-6,84,1e-6,3,1e-6,3,1e-6,1e-6,1e-6,1e-6,1e-6,1e-6,1e-6,1e-6,1e-6,1e-6,1e-6,20,1e-6,1e-6,1e-6,2,1e-6,1e-6,1e-6,1e-6,40,1e-6,2,1e-6,1e-6,1e-6,1e-6,1e-6,1e-6,1e-6,1e-6,1e-6,37892,54,1e-6,1e-6,2,128,22,912,15,3,42063,3371,15233,1e-6,1e-6,43,126,1e-6,109,5,91,284,1e-6,1e-6,2871,208,587,325,2819,1e-6,138,51,3,1e-6,1e-6,1068,7,131,1e-6,5,477,350,126,61,1e-6,167,1e-6,2032,18,72,290,7738,2812,1e-6,43,1e-6,92,1e-6,68,13,760,330,1e-6,695,1e-6,1e-6,8,1899,52,1e-6,276,8,1e-6,1e-6,169,20,425,1e-6,1e-6,1e-6,1e-6,317,3294,161,730,1e-6,2101,193,98,510,1e-6,592,1e-6,109,1e-6,1e-6,8866,9628,1330,1e-6,365,11,160,1e-6,1e-6,1e-6,1250,167,184,296,54,193,2579,1e-6,2699,1e-6,1e-6,20,6,1e-6,1e-6,3076,113,531,1e-6,1e-6,1e-6,1e-6,1e-6,1e-6,1e-6,1e-6,1e-6,1e-6,1e-6,1e-6,1e-6,16,1e-6,1e-6,1e-6,1e-6,307,1e-6,1e-6,1e-6,1e-6,1e-6,1e-6,1e-6,1e-6,1e-6,1e-6,1e-6,1e-6,1295,1e-6,552,1e-6,255,27,2,54,164,1e-6,1e-6,1e-6,1e-6,1e-6,1e-6,1e-6,161,1e-6,1e-6,1e-6,1e-6,1e-6,359,44,1e-6,1e-6,1e-6,19,277,1e-6,1e-6,1e-6,1e-6,1e-6,88,1e-6,1e-6,7,1e-6,39,1e-6,928,105,2,212,1e-6,1e-6,5,126,84,1e-6,1e-6,132,1e-6,1e-6,1e-6,1e-6,3,3,1e-6,1e-6,1e-6,23,1e-6,55,698,1e-6,1e-6,1e-6,1e-6,1e-6,192,1e-6,67,1e-6,1e-6,1e-6,2726,1667,3,1e-6,1e-6,1e-6,1e-6,2,1e-6,461,1e-6,1e-6,1e-6,27,1e-6,1e-6,1e-6,1e-6,1e-6,1e-6,1e-6,75,1e-6,1e-6,464,1e-6,1e-6,1e-6,1e-6,1e-6,1e-6,1e-6,1e-6,18,1e-6,1e-6,3,1e-6,58,1e-6,1e-6,1e-6,3,1e-6,1e-6,1e-6,19,1e-6,1e-6,1e-6,1e-6,4,6,282,75,1e-6,1e-6,1e-6,1e-6,1e-6,1e-6,1e-6,1e-6,1e-6,1e-6,1e-6,1e-6,1e-6,1e-6,1e-6,3,1e-6,224,19,132,222,206,1150,399,710,6,1e-6,2268,4756,1e-6
31,1e-6,300,114,1e-6,3005,1e-6,1e-6,14,1e-6,1e-6,1e-6,1e-6,1e-6,1e-6,1e-6,9,1052,1e-6,3,2002,10,1e-6,800,1e-6,2,1e-6,1e-6,1e-6,1e-6,1e-6,2,2,42,1e-6,1e-6,1e-6,1e-6,56,1e-6,12,1e-6,1e-6,773,1e-6,1e-6,21,1e-6,1e-6,4,19,1e-6,1e-6,1e-6,1e-6,1e-6,1e-6,1e-6,1e-6,1e-6,1e-6,1e-6,23,1e-6,1e-6,2,1e-6,1e-6,548,2,1e-6,1e-6,1e-6,1e-6,1e-6,980,81054,2,1e-6,1e-6,158,1e-6,705,306,1e-6,1531,6,17405,2,1e-6,357,1138,1e-6,6313,106,6362,1e-6,1415,9,38,4628,1e-6,1e-6,1e-6,1e-6,1e-6,1e-6,24,1e-6,1e-6,11599,1258,1839,96,1e-6,2078,1e-6,362,1e-6,192,1e-6,31,15,85,353,47,6648,394,1e-6,1e-6,96,239,1e-6,92,453,1977,15,1e-6,33,255,11,3,1e-6,1e-6,1e-6,1e-6,209,495,7,1e-6,1e-6,1e-6,140,1e-6,2,1e-6,1e-6,8,3,3,1e-6,113,18,1e-6,1e-6,1e-6,1e-6,14,3,2257,1e-6,1e-6,1e-6,1e-6,2,10,4,19,78,1e-6,1e-6,1e-6,1499,972,35036,1e-6,31,1e-6,1e-6,94,206,114,2928,1e-6,1e-6,1e-6,5,3,1e-6,1e-6,3,1e-6,3,1e-6,1e-6,1e-6,1e-6,1e-6,1e-6,1e-6,5,4,4,1e-6,1052,1e-6,1e-6,1e-6,85,3,1e-6,77,1e-6,1e-6,2002,2,10,7733,1e-6,800,1e-6,1e-6,1e-6,1e-6,1e-6,1e-6,1e-6,1e-6,1e-6,1e-6,1e-6,2,1e-6,1e-6,17,1e-6,1e-6,1e-6,56,1e-6,12,1e-6,1e-6,3,9,761,1e-6,19,1e-6,1e-6,4,1e-6,1e-6,1e-6,1e-6,1e-6,1e-6,1e-6,1e-6,1e-6,1e-6,1e-6,1e-6,23,1e-6,2,1e-6,1e-6,317,1e-6,1e-6,2,1e-6,1e-6,1e-6,1e-6,1e-6,1e-6,1e-6,1e-6,1e-6,1e-6,975,10,1e-6,59906,3762,8179,1e-6,2,4,1e-6,1e-6,1e-6,2,1e-6,683,1e-6,1e-6,5097,1e-6,530,138,3180,1e-6,81,158,1e-6,1e-6,1e-6,705,8,306,1e-6,29,566,380,377,1e-6,1e-6,354,1e-6,1531,110,6,357,7726,2520,1e-6,81,1e-6,90,180,343,1e-6,357,623,408,611,1e-6,17,222,966,1e-6,777,380,600,60,1e-6,6,206,1111,1e-6,179,12,1e-6,316,4113,45,1e-6,1e-6,4464,239,66,144,1e-6,40,383,2,1e-6,104,3021,3341,430,1e-6,557,1e-6,681,1e-6,42,24,1262,175,464,256,235,415,3244,1e-6,1415,1e-6,9,1e-6,38,1e-6,1e-6,4376,121,4550,15,1e-6,1e-6,1e-6,1e-6,1e-6,1e-6,10,1e-6,1e-6,1e-6,1e-6,1e-6,1e-6,1e-6,1e-6,1e-6,1e-6,10167,1e-6,1e-6,1e-6,24,1e-6,1e-6,1e-6,1e-6,1e-6,1e-6,1e-6,1e-6,2300,1e-6,1001,205,617,89,327,268,574,1e-6,1e-6,1e-6,1e-6,1e-6,147,84,1839,1e-6,1e-6,96,1e-6,1e-6,2078,1e-6,1e-6,11,1e-6,1e-6,1e-6,351,1e-6,1e-6,1e-6,1e-6,192,1e-6,1e-6,31,1e-6,326,1e-6,353,1237,55,859,1e-6,47,335,4157,112,196,1e-6,86,1e-6,1e-6,1e-6,1e-6,1e-6,1e-6,1e-6,1e-6,1e-6,96,1e-6,47,239,3,6,778,1e-6,1e-6,28,1e-6,92,1e-6,1e-6,7,446,1977,15,1e-6,33,1e-6,1e-6,1e-6,63,255,6,1e-6,1e-6,11,1e-6,1e-6,3,1e-6,1e-6,1e-6,1e-6,203,1e-6,1e-6,495,1e-6,1e-6,1e-6,1e-6,1e-6,140,1e-6,1e-6,1e-6,2,1e-6,1e-6,1e-6,8,3,7,35,1e-6,3,1e-6,96,18,1e-6,1e-6,1e-6,1e-6,14,3,2257,1e-6,1e-6,1e-6,1e-6,1e-6,1e-6,1e-6,6,1e-6,1e-6,1e-6,2,1e-6,1e-6,19,1e-6,78,1e-6,1e-6,1e-6,1047,1e-6,77,972,1470,1e-6,3,1e-6,5267,1e-6,5
1e-6,1e-6,1e-6,1e-6,1e-6,213,1e-6,1e-6,1e-6,1e-6,1e-6,1e-6,1e-6,1e-6,1e-6,1e-6,1e-6,282,6,1e-6,514,1e-6,1e-6,11,1e-6,1e-6,1e-6,1e-6,1e-6,1e-6,1e-6,1e-6,1e-6,1e-6,1e-6,1e-6,1e-6,3,28,1e-6,1e-6,1e-6,1e-6,1e-6,1e-6,1e-6,1e-6,30,1e-6,1e-6,12,1e-6,1e-6,1e-6,1e-6,1e-6,1e-6,1e-6,1e-6,1e-6,1e-6,1e-6,5,1e-6,1e-6,1e-6,1e-6,1e-6,155,1e-6,1e-6,1e-6,1e-6,1e-6,1e-6,133,79487,1e-6,1e-6,1e-6,14,3,121,60,1e-6,137,1e-6,18383,1e-6,1e-6,239,1380,1e-6,3018,1908,20636,1e-6,1362,1e-6,1e-6,1671,1e-6,1e-6,10,1e-6,1e-6,3,1e-6,8,1e-6,1877,509,547,1e-6,1e-6,1813,1e-6,156,1e-6,437,1e-6,1e-6,1e-6,12,711,27,1030,196,1e-6,1e-6,19,186,1e-6,1e-6,600,521,1e-6,1e-6,1e-6,1e-6,90,2,1e-6,1e-6,1e-6,1e-6,72,1721,1e-6,1e-6,1e-6,1e-6,391,1e-6,73,1e-6,1e-6,7,1e-6,1e-6,1e-6,62,5,1e-6,1e-6,1e-6,1e-6,1e-6,1e-6,3161,1e-6,1e-6,1e-6,1e-6,1e-6,1e-6,1e-6,1e-6,1e-6,1e-6,1e-6,1e-6,1535,237,24781,1e-6,1e-6,1e-6,1e-6,1e-6,1e-6,1e-6,184,1e-6,1e-6,1e-6,1e-6,1e-6,1e-6,1e-6,1e-6,1e-6,1e-6,1e-6,1e-6,1e-6,1e-6,1e-6,1e-6,1e-6,1e-6,1e-6,1e-6,1e-6,282,1e-6,6,1e-6,12,1e-6,1e-6,29,1e-6,1e-6,514,1e-6,1e-6,11059,1e-6,11,1e-6,1e-6,1e-6,1e-6,1e-6,1e-6,1e-6,1e-6,1e-6,1e-6,1e-6,1e-6,1e-6,4,1e-6,1e-6,1e-6,3,28,1e-6,1e-6,1e-6,1e-6,1e-6,1e-6,1e-6,1e-6,12,1e-6,1e-6,1e-6,1e-6,1e-6,1e-6,30,1e-6,1e-6,1e-6,1e-6,1e-6,1e-6,1e-6,1e-6,5,1e-6,1e-6,1e-6,1e-6,93,1e-6,10,1e-6,1e-6,1e-6,1e-6,1e-6,1e-6,1e-6,1e-6,1e-6,1e-6,1e-6,133,5,1e-6,47013,6617,13411,1e-6,1e-6,4,1e-6,1e-6,1e-6,21,1e-6,605,1e-6,1e-6,1038,2105,147,131,1575,1e-6,1e-6,14,1e-6,3,1e-6,121,1e-6,60,1e-6,13,432,215,246,1e-6,1e-6,232,1e-6,137,1e-6,1e-6,254,12075,2005,1e-6,99,1e-6,18,1e-6,77,1e-6,239,1113,227,500,1e-6,22,7,255,15,82,374,232,1e-6,1e-6,183,1e-6,1251,1e-6,1e-6,191,1e-6,376,1822,28,420,1e-6,1099,286,170,702,1e-6,65,222,1155,74,679,10111,10525,169,1e-6,259,20,110,1e-6,1e-6,1e-6,602,487,64,597,3,359,1291,1e-6,1362,1e-6,1e-6,1e-6,1e-6,1e-6,1e-6,4915,1e-6,1616,55,1e-6,1e-6,1e-6,1e-6,1e-6,1e-6,1e-6,1e-6,1e-6,1e-6,1e-6,1e-6,1e-6,10,1e-6,1e-6,1e-6,389,1e-6,1e-6,1e-6,1e-6,1e-6,1e-6,8,1e-6,1e-6,1e-6,1e-6,3,974,1e-6,1104,257,1160,1e-6,78,128,303,1e-6,1e-6,1e-6,1e-6,1e-6,1e-6,62,547,1e-6,1e-6,1e-6,1e-6,1e-6,1593,1e-6,1e-6,1e-6,220,1e-6,1e-6,156,1e-6,1e-6,201,3,233,1e-6,1e-6,1e-6,1e-6,60,1e-6,711,295,1e-6,117,1e-6,27,86,532,78,110,1e-6,8,1e-6,1e-6,1e-6,1e-6,1e-6,1e-6,1e-6,1e-6,1e-6,19,1e-6,7,186,2,43,276,1e-6,1e-6,7,1e-6,1e-6,1e-6,1e-6,13,587,521,1e-6,1e-6,1e-6,1e-6,1e-6,1e-6,1e-6,1e-6,1e-6,1e-6,1e-6,90,1e-6,2,1e-6,1e-6,1e-6,1e-6,1e-6,72,1e-6,21,1700,1e-6,1e-6,1e-6,1e-6,51,330,1e-6,1e-6,73,1e-6,1e-6,1e-6,1e-6,7,1e-6,1e-6,1e-6,1e-6,1e-6,1e-6,58,5,1e-6,1e-6,1e-6,1e-6,1e-6,1e-6,3161,1e-6,1e-6,1e-6,1e-6,1e-6,1e-6,1e-6,1e-6,1e-6,1e-6,1e-6,1e-6,1e-6,1e-6,1e-6,1e-6,1e-6,1e-6,1e-6,1e-6,906,280,261,237,1042,345,1e-6,1e-6,5423,1e-6,1e-6
96,1e-6,315,1e-6,1e-6,1981,1e-6,1e-6,11,1e-6,1e-6,1e-6,1e-6,1e-6,3,1e-6,1e-6,318,1e-6,1e-6,2976,34,1e-6,315,2,1e-6,1e-6,1e-6,1e-6,1e-6,1e-6,1e-6,3,4,1e-6,2,26,107,280,1e-6,1e-6,1e-6,1e-6,1e-6,1e-6,4,1e-6,1e-6,1e-6,1e-6,1e-6,1e-6,1e-6,51,1e-6,2,1e-6,1e-6,1e-6,1e-6,1e-6,1e-6,104,1e-6,1e-6,1e-6,1e-6,1e-6,244,10,1e-6,1e-6,1e-6,1e-6,6,394,43893,1e-6,3,39,403,17,2725,373,1e-6,2457,90,23259,1e-6,4,1911,1828,1e-6,11735,157,14286,1e-6,2969,1e-6,1e-6,4459,38,24,6,1e-6,1e-6,82,10,1e-6,5,2769,592,323,1e-6,1e-6,2758,1e-6,395,1e-6,419,1e-6,10,587,158,4470,117,3277,643,1e-6,1e-6,117,366,1e-6,59,2784,1379,11,1e-6,11,624,1e-6,4,1e-6,1e-6,1e-6,21,136,314,12,1e-6,1e-6,1e-6,1203,1e-6,1e-6,1e-6,5,17,1e-6,2,106,218,58,1e-6,50,1e-6,1e-6,300,242,2330,1e-6,1e-6,1e-6,1e-6,1e-6,1e-6,1e-6,181,456,1e-6,112,531,2237,2234,29066,8971,96,1e-6,1e-6,1e-6,315,1e-6,1707,1e-6,1e-6,1e-6,8,1e-6,1e-6,1e-6,1e-6,1e-6,3,1e-6,1e-6,1e-6,1e-6,1e-6,3,1e-6,1e-6,1e-6,1e-6,1e-6,318,1e-6,1e-6,1e-6,158,1e-6,198,76,1468,1e-6,2976,1e-6,34,3899,1e-6,315,1e-6,1e-6,1e-6,2,1e-6,1e-6,1e-6,1e-6,1e-6,1e-6,1e-6,3,1e-6,1e-6,1e-6,2,26,107,280,1e-6,1e-6,1e-6,1e-6,1e-6,1e-6,1e-6,4,1e-6,1e-6,1e-6,1e-6,1e-6,1e-6,1e-6,1e-6,1e-6,51,1e-6,2,1e-6,1e-6,1e-6,1e-6,104,1e-6,1e-6,1e-6,1e-6,99,1e-6,12,10,1e-6,1e-6,1e-6,5278,1e-6,1e-6,1e-6,1e-6,1e-6,1e-6,394,1e-6,1e-6,25191,2773,8267,1e-6,1e-6,28,6,3,39,20,10,458,1e-6,1e-6,3819,3097,1183,55,4921,1e-6,1e-6,403,9,17,1e-6,2725,23,373,1e-6,9,1027,97,263,58,1e-6,370,1e-6,2457,187,90,480,10848,3003,1e-6,141,4,252,1e-6,139,125,1911,1171,396,1274,1e-6,9,21,3596,49,448,376,643,155,1e-6,235,1e-6,917,1e-6,400,1e-6,1e-6,482,3336,355,179,1e-6,2541,507,93,787,1e-6,302,411,157,1e-6,1e-6,4353,4655,420,1e-6,593,27,669,1e-6,1e-6,1e-6,1247,253,137,132,64,571,3017,1e-6,2969,1e-6,1e-6,40,1e-6,1e-6,1e-6,3625,262,4338,1e-6,90,1e-6,1e-6,1e-6,1e-6,1e-6,1e-6,1e-6,1e-6,33,24,1e-6,1e-6,6,1e-6,1e-6,1e-6,503,82,10,1e-6,1e-6,1e-6,1e-6,1e-6,1e-6,1e-6,5,1e-6,1e-6,988,1e-6,797,245,1357,51,1e-6,161,380,1e-6,1e-6,1e-6,1e-6,1e-6,82,63,323,1e-6,1e-6,1e-6,14,1e-6,1897,46,1e-6,93,801,1e-6,1e-6,302,1e-6,1e-6,223,1e-6,196,1e-6,72,10,448,112,1e-6,4470,710,15,827,1e-6,117,177,1548,118,172,1e-6,353,1e-6,1e-6,1e-6,1e-6,1e-6,1e-6,1e-6,1e-6,1e-6,92,25,32,364,7,192,601,1e-6,1e-6,109,1e-6,59,61,1e-6,2,2764,1370,11,1e-6,11,18,29,1e-6,2,624,4,2,1e-6,1e-6,1e-6,1e-6,2,1e-6,1e-6,1e-6,21,132,1e-6,1e-6,314,1e-6,1e-6,1e-6,1e-6,64,1127,1e-6,1e-6,1e-6,1e-6,1e-6,1e-6,5,17,1e-6,4,1e-6,1e-6,2,104,218,58,1e-6,50,1e-6,1e-6,300,242,2330,1e-6,1e-6,1e-6,1e-6,1e-6,1e-6,1e-6,1e-6,1e-6,1e-6,1e-6,1e-6,1e-6,1e-6,2,179,456,1e-6,112,531,1427,132,504,2234,1410,885,1e-6,1e-6,3530,8971,3
57,1e-6,1e-6,1e-6,1e-6,876,1e-6,1e-6,1e-6,3,1e-6,1e-6,1e-6,1e-6,1e-6,1e-6,1e-6,522,1e-6,1e-6,1286,1e-6,1e-6,36,1e-6,1e-6,1e-6,1e-6,1e-6,1e-6,2,1e-6,1e-6,1e-6,1e-6,1e-6,22,1e-6,8,1e-6,1e-6,1e-6,2,1e-6,1e-6,1e-6,1e-6,11,1e-6,1e-6,4,1e-6,1e-6,1e-6,1e-6,1e-6,1e-6,1e-6,1e-6,2,1e-6,1e-6,1e-6,1e-6,1e-6,1e-6,1e-6,1e-6,884,1e-6,1e-6,1e-6,1e-6,1e-6,1e-6,244,88159,1e-6,1e-6,1e-6,5,1e-6,554,82,1e-6,336,11,15041,1e-6,1e-6,336,815,1e-6,3525,80,10036,1e-6,1718,1e-6,1e-6,9619,1e-6,1e-6,1e-6,1e-6,1e-6,8,1e-6,1e-6,1e-6,1423,550,2329,1e-6,1e-6,3423,9,1e-6,1e-6,454,1e-6,13,5,43,381,3,578,85,1e-6,1e-6,36,65,1e-6,1e-6,832,414,1e-6,1e-6,17,764,94,1e-6,1e-6,1e-6,1e-6,15,1e-6,917,1e-6,1e-6,3,19,2554,1e-6,5,1e-6,1e-6,1e-6,1e-6,1e-6,1e-6,72,7,78,1e-6,1e-6,1e-6,1e-6,1e-6,237,1e-6,2,1e-6,1e-6,1e-6,1e-6,2,1e-6,1e-6,1e-6,1e-6,1e-6,6597,488,25731,1e-6,57,1e-6,1e-6,1e-6,1e-6,1e-6,876,1e-6,1e-6,1e-6,1e-6,1e-6,1e-6,1e-6,1e-6,1e-6,1e-6,1e-6,3,1e-6,1e-6,1e-6,1e-6,1e-6,1e-6,1e-6,1e-6,1e-6,522,1e-6,1e-6,1e-6,39,1e-6,1e-6,1e-6,1e-6,1e-6,1286,1e-6,1e-6,13348,1e-6,36,1e-6,1e-6,1e-6,1e-6,1e-6,1e-6,1e-6,1e-6,1e-6,1e-6,2,1e-6,1e-6,1e-6,1e-6,1e-6,22,1e-6,8,1e-6,1e-6,1e-6,2,1e-6,1e-6,1e-6,1e-6,4,1e-6,1e-6,1e-6,1e-6,1e-6,1e-6,11,1e-6,1e-6,1e-6,1e-6,1e-6,1e-6,2,1e-6,1e-6,1e-6,1e-6,1e-6,1e-6,324,1e-6,27,1e-6,1e-6,1e-6,1e-6,1e-6,23,1e-6,1e-6,1e-6,1e-6,1e-6,244,1e-6,1e-6,71138,1e-6,1927,1e-6,1e-6,27,1e-6,1e-6,1e-6,42,1840,274,1e-6,1e-6,1476,1e-6,130,186,1459,1e-6,1e-6,5,6,1e-6,1e-6,554,53,82,1e-6,3,517,16,277,1e-6,1e-6,13,1e-6,336,35,11,595,10022,2402,1e-6,56,1e-6,1e-6,1e-6,40,10,336,772,1e-6,389,1e-6,43,1e-6,925,1e-6,1e-6,628,1e-6,122,91,123,1e-6,667,1e-6,50,3,1e-6,721,1888,1e-6,23,1e-6,1341,509,71,4298,1e-6,203,94,80,1e-6,1e-6,4964,5072,251,1e-6,207,1e-6,147,1e-6,1e-6,1e-6,521,400,361,711,35,739,1242,1e-6,1718,1e-6,1e-6,1e-6,1e-6,1e-6,1e-6,5201,18,508,1e-6,9001,1e-6,1e-6,1e-6,1e-6,1e-6,5,1e-6,1e-6,1e-6,1e-6,1e-6,1e-6,1e-6,1e-6,1e-6,1e-6,194,1e-6,1e-6,1e-6,1e-6,1e-6,1e-6,1e-6,1e-6,1e-6,1e-6,1e-6,8,1602,24,1631,79,987,98,112,85,255,1e-6,1e-6,1e-6,1e-6,1e-6,482,78,2329,1e-6,1e-6,1e-6,14,1e-6,3217,192,9,1e-6,1e-6,1e-6,1e-6,1e-6,1e-6,1e-6,236,1e-6,218,1e-6,1e-6,13,1e-6,373,4,381,169,3,260,1e-6,3,1e-6,146,85,1e-6,1e-6,1e-6,1e-6,1e-6,1e-6,1e-6,1e-6,1e-6,1e-6,1e-6,1e-6,36,1e-6,1e-6,65,1e-6,51,141,1e-6,1e-6,50,1e-6,1e-6,1e-6,1e-6,2,830,408,1e-6,1e-6,17,1e-6,1e-6,1e-6,110,764,1e-6,1e-6,2,94,1e-6,1e-6,1e-6,1e-6,1e-6,1e-6,3,1e-6,1e-6,1e-6,917,1e-6,3,1e-6,1e-6,88,2439,1e-6,1e-6,5,1e-6,1e-6,1e-6,1e-6,1e-6,1e-6,1e-6,1e-6,1e-6,1e-6,1e-6,49,7,78,1e-6,1e-6,1e-6,1e-6,1e-6,237,1e-6,2,1e-6,1e-6,1e-6,1e-6,1e-6,1e-6,1e-6,1e-6,1e-6,1e-6,1e-6,1e-6,1e-6,1e-6,1e-6,1e-6,1e-6,1e-6,3976,1e-6,366,488,1746,1e-6,1e-6,1e-6,1391,1e-6,1e-6
261,1e-6,479,1e-6,1e-6,1680,1e-6,1e-6,1e-6,1e-6,1e-6,247,1e-6,1e-6,1e-6,1e-6,5,116,1e-6,8,2363,71,1e-6,30,1e-6,1e-6,1e-6,1e-6,1e-6,1e-6,1e-6,1e-6,1e-6,1e-6,1e-6,1e-6,12,9,184,61,1e-6,1e-6,1e-6,1e-6,1e-6,1e-6,1e-6,1e-6,1e-6,1e-6,16,1e-6,1e-6,1e-6,1e-6,1e-6,1e-6,1e-6,1e-6,1e-6,1e-6,1e-6,1e-6,1e-6,1e-6,1e-6,1e-6,1e-6,560,5,4,1e-6,1e-6,4,1e-6,218,62788,2,3,1e-6,126,1e-6,1545,193,1e-6,1097,28,18903,1e-6,15,1034,1269,1e-6,10218,392,80381,1e-6,2101,1e-6,1e-6,692,1e-6,1e-6,33,1e-6,1e-6,1e-6,1e-6,1e-6,1e-6,2117,822,735,76,1e-6,5575,4,282,1e-6,312,2,18,224,56,2013,17,2638,616,2,1e-6,151,109,1e-6,90,788,1593,17,1e-6,1e-6,2921,80,1e-6,1e-6,1e-6,1e-6,7,1e-6,629,1e-6,1e-6,1e-6,1e-6,43,1e-6,1e-6,1e-6,1e-6,159,1e-6,1e-6,1e-6,148,45,1e-6,1e-6,1e-6,1e-6,87,344,2134,1e-6,1e-6,1e-6,1e-6,1e-6,1e-6,1e-6,1e-6,288,1e-6,192,1e-6,2050,1581,17337,13008,261,1e-6,1e-6,1e-6,479,1e-6,1524,1e-6,1e-6,1e-6,1e-6,1e-6,1e-6,1e-6,1e-6,1e-6,1e-6,1e-6,1e-6,1e-6,247,1e-6,1e-6,1e-6,1e-6,1e-6,1e-6,1e-6,116,1e-6,1e-6,117,56,8,1e-6,118,533,518,2246,1e-6,71,7852,1e-6,30,1e-6,1e-6,1e-6,1e-6,1e-6,1e-6,1e-6,1e-6,1e-6,1e-6,1e-6,1e-6,1e-6,1e-6,1e-6,1e-6,12,9,184,61,1e-6,1e-6,1e-6,1e-6,1e-6,1e-6,1e-6,16,1e-6,1e-6,1e-6,1e-6,1e-6,1e-6,1e-6,1e-6,1e-6,1e-6,1e-6,1e-6,1e-6,1e-6,1e-6,1e-6,1e-6,1e-6,1e-6,1e-6,53,1e-6,2,5,4,1e-6,1e-6,79336,95,1e-6,1e-6,4,1e-6,1e-6,218,4,38,41755,2106,5952,32,2,3,1e-6,3,1e-6,1e-6,181,213,1e-6,1e-6,3264,289,765,175,4557,1e-6,12,126,265,1e-6,1e-6,1545,1e-6,193,1e-6,1e-6,427,498,311,49,1e-6,427,1e-6,1097,175,28,198,11988,882,1e-6,1e-6,15,247,193,127,104,1034,802,220,1153,1e-6,1e-6,6,3431,1e-6,416,428,1199,1e-6,1e-6,83,1e-6,828,1e-6,165,1e-6,191,487,2928,243,7,7,1408,1e-6,80,326,50,107,567,283,1e-6,109,430,615,68,1e-6,190,1e-6,378,175,1e-6,1e-6,393,132,55,33,64,329,588,1e-6,2101,6,1e-6,1e-6,1e-6,1e-6,1e-6,2461,64,388,1e-6,295,1e-6,1e-6,1e-6,1e-6,1e-6,1e-6,1e-6,1e-6,1e-6,1e-6,1e-6,1e-6,33,1e-6,1e-6,1e-6,753,1e-6,1e-6,1e-6,1e-6,1e-6,1e-6,1e-6,1e-6,1e-6,1e-6,4,1e-6,597,1e-6,393,361,703,56,153,249,364,1e-6,1e-6,1e-6,1e-6,1e-6,223,94,735,1e-6,190,76,99,1e-6,4505,83,4,113,888,2,167,1e-6,1e-6,1e-6,8,1e-6,304,2,1e-6,18,220,360,1e-6,2013,264,1e-6,339,1e-6,17,122,1913,138,177,7,294,1e-6,1e-6,2,1e-6,1e-6,1e-6,1e-6,1e-6,1e-6,85,66,39,109,1e-6,125,511,1e-6,1e-6,25,1e-6,90,1e-6,1e-6,1e-6,788,1328,17,1e-6,1e-6,1e-6,1e-6,1e-6,9,2921,1e-6,1e-6,3,80,1e-6,1e-6,1e-6,1e-6,1e-6,1e-6,4,1e-6,1e-6,1e-6,629,1e-6,1e-6,1e-6,1e-6,1e-6,41,1e-6,1e-6,1e-6,1e-6,1e-6,1e-6,1e-6,159,1e-6,1e-6,1e-6,1e-6,1e-6,1e-6,53,45,1e-6,1e-6,1e-6,1e-6,87,344,2134,1e-6,1e-6,1e-6,1e-6,1e-6,1e-6,1e-6,1e-6,1e-6,1e-6,1e-6,1e-6,1e-6,1e-6,1e-6,1e-6,288,1e-6,192,1e-6,884,87,499,1581,3250,822,5,23,1340,13002,11
256,2,950,1e-6,1e-6,5452,1e-6,1e-6,15,1e-6,1e-6,199,1e-6,1e-6,2,1e-6,31,294,1e-6,1e-6,3243,4,1e-6,86,2,1e-6,1e-6,1e-6,1e-6,1e-6,1e-6,1e-6,1e-6,1e-6,1e-6,1e-6,26,16,163,33,1e-6,1e-6,63,1e-6,1e-6,9,1e-6,1e-6,3,1e-6,1e-6,1e-6,8,1e-6,1e-6,1e-6,1e-6,1e-6,1e-6,1e-6,1e-6,1e-6,1e-6,1e-6,1e-6,1e-6,1e-6,1e-6,434,2,1e-6,1e-6,1e-6,4,1e-6,377,69241,1e-6,1e-6,1e-6,275,22,1623,230,1e-6,1798,35,17728,1e-6,107,1099,1332,1e-6,9711,771,71419,1e-6,1448,1e-6,84,2520,1e-6,1e-6,1e-6,1e-6,1e-6,1e-6,19,2,1e-6,1853,736,496,91,1e-6,2746,5,690,1e-6,1e-6,1e-6,14,4,263,1114,3,1910,272,3,1e-6,138,1e-6,3,128,682,1822,6,2,13,1798,8,1e-6,1e-6,1e-6,1e-6,4,187,569,1e-6,1e-6,1e-6,1e-6,1e-6,1e-6,1e-6,1e-6,1e-6,95,1e-6,1e-6,11,114,59,1e-6,2,1e-6,1e-6,285,14,1280,1e-6,1e-6,1e-6,1e-6,1e-6,1e-6,1e-6,161,2238,1e-6,1e-6,467,1225,1566,23087,41047,256,2,2,422,526,1e-6,5452,1e-6,1e-6,1e-6,1e-6,1e-6,1e-6,4,9,2,1e-6,1e-6,1e-6,1e-6,199,1e-6,2,1e-6,1e-6,1e-6,1e-6,1e-6,294,1e-6,1e-6,863,241,1e-6,1e-6,1e-6,1452,1e-6,2380,12,4,8825,1e-6,86,1e-6,1e-6,1e-6,2,1e-6,1e-6,1e-6,1e-6,1e-6,1e-6,1e-6,1e-6,1e-6,8,1e-6,1e-6,26,16,163,33,1e-6,1e-6,63,1e-6,1e-6,1e-6,9,1e-6,1e-6,3,1e-6,1e-6,1e-6,1e-6,1e-6,1e-6,1e-6,1e-6,1e-6,1e-6,1e-6,1e-6,1e-6,1e-6,1e-6,1e-6,1e-6,1e-6,262,1e-6,1e-6,2,1e-6,1e-6,1e-6,55685,1e-6,1e-6,1e-6,4,1e-6,1e-6,377,24,1e-6,43483,314,7970,1e-6,1e-6,4,1e-6,1e-6,1e-6,5,3,467,1e-6,1e-6,5356,88,1122,263,2733,1e-6,1e-6,275,257,22,1e-6,1623,1e-6,230,1e-6,14,786,1114,228,42,1e-6,319,1e-6,1798,286,35,152,8309,1351,1e-6,35,107,370,1e-6,88,30,1099,513,449,919,1e-6,1e-6,35,4050,1e-6,227,455,1158,114,20,152,325,740,1e-6,441,1e-6,348,207,2932,505,7,1e-6,2123,376,77,923,33,45,581,563,44,164,7590,8144,226,6,363,1e-6,600,1e-6,1e-6,1e-6,603,264,30,30,56,341,930,1e-6,1448,1e-6,1e-6,1e-6,84,1e-6,1e-6,2505,168,2277,3,230,1e-6,4,1e-6,1e-6,1e-6,1e-6,1e-6,1e-6,1e-6,1e-6,1e-6,1e-6,1e-6,1e-6,1e-6,1e-6,578,1e-6,1e-6,1e-6,1e-6,17,1e-6,2,1e-6,1e-6,1e-6,1e-6,1e-6,1256,1e-6,792,562,532,68,274,146,248,1e-6,1e-6,1e-6,1e-6,1e-6,133,39,496,1e-6,1e-6,91,1e-6,1e-6,2687,59,5,1e-6,1e-6,1e-6,1e-6,690,1e-6,1e-6,1e-6,1e-6,1e-6,1e-6,1e-6,14,1e-6,591,22,1114,340,14,711,1e-6,3,52,793,149,109,14,1e-6,1e-6,1e-6,1e-6,1e-6,1e-6,1e-6,3,1e-6,1e-6,103,35,3,1e-6,1e-6,91,638,1e-6,3,14,1e-6,128,1e-6,1e-6,4,678,1565,6,2,13,1e-6,1e-6,1e-6,10,1798,1e-6,1e-6,4,8,1e-6,1e-6,1e-6,1e-6,1e-6,1e-6,1e-6,187,1e-6,1e-6,569,1e-6,1e-6,1e-6,1e-6,1e-6,1e-6,1e-6,1e-6,1e-6,1e-6,1e-6,1e-6,1e-6,95,1e-6,1e-6,1e-6,1e-6,1e-6,11,106,59,1e-6,2,1e-6,1e-6,285,14,1280,1e-6,1e-6,1e-6,1e-6,1e-6,1e-6,1e-6,1e-6,1e-6,1e-6,1e-6,1e-6,1e-6,1e-6,1e-6,161,2238,1e-6,1e-6,467,431,20,172,1566,6108,1089,19,1e-6,2187,41047,3
72,1e-6,310,2,47,213,27,41,6176,72,1e-6,1e-6,1e-6,387,1201,668,1e-6,918,1e-6,1e-6,1500,35,2,19,1575,1e-6,3,1e-6,124,1e-6,1e-6,392,247,7436,3,185,145,1e-6,127,1e-6,1405,1e-6,32,2036,1e-6,402,488,2098,136,1079,153,4,5,2413,4,49,1e-6,1e-6,1e-6,1e-6,23,1e-6,11,113,2,57,1e-6,1e-6,206,106,1e-6,1e-6,1e-6,1e-6,1e-6,441,47803,1e-6,1e-6,1e-6,146,16,1012,123,51,427,1e-6,13997,1e-6,1e-6,1704,1061,1e-6,4060,353,3046,1e-6,1285,10,21,3770,1308,785,259,2,1e-6,602,1044,30,1176,3204,311,992,65,1e-6,3130,1e-6,140,1e-6,561,1e-6,42,278,94,395,4,3571,268,365,1e-6,39,1402,3,1e-6,693,229,1e-6,1e-6,5,2,90,2509,1e-6,1e-6,281,14,1e-6,757,468,2347,1194,53,1734,1e-6,43,1183,5452,503,2397,11,1479,293,20,1e-6,2,1e-6,210,162,2,11,4,1e-6,837,103,1e-6,635,98,26,1e-6,1e-6,1e-6,6,1503,944,27219,102,72,1e-6,1e-6,239,71,2,1e-6,1e-6,1e-6,27,823,188,858,1e-6,119,35,1225,7,1e-6,1e-6,1e-6,387,283,156,1e-6,29,1e-6,1e-6,918,1e-6,1e-6,1e-6,82,1e-6,1e-6,163,1e-6,1e-6,1500,1e-6,35,3951,2,19,803,1e-6,118,512,1e-6,3,1e-6,1e-6,1e-6,124,1e-6,247,3,1e-6,1e-6,185,145,1e-6,127,1e-6,1405,1e-6,32,59,1e-6,1977,376,1e-6,132,136,871,51,1e-6,1e-6,1e-6,147,2266,4,29,1e-6,1e-6,1e-6,1e-6,11,113,3,1e-6,1e-6,79,1e-6,36,106,1e-6,63,1e-6,1964,278,1e-6,1e-6,1e-6,1e-6,1e-6,441,19,23,39550,521,3551,7,1e-6,14,1e-6,1e-6,1e-6,3,1e-6,205,1e-6,1e-6,1256,453,200,19,961,1e-6,1e-6,146,1e-6,16,41,1012,95,123,1e-6,1e-6,349,159,216,25,1e-6,328,1e-6,427,8,1e-6,206,9008,2401,1e-6,15,1e-6,76,1e-6,167,1e-6,1704,751,220,281,1e-6,14,5,1767,36,12,495,1e-6,45,1e-6,283,1e-6,649,1e-6,78,9,1e-6,602,2259,1e-6,1e-6,1e-6,1228,347,140,1561,1e-6,75,1e-6,89,264,1e-6,510,572,93,1e-6,225,19,406,2,1e-6,1e-6,492,253,125,423,70,403,1343,1e-6,1285,1e-6,10,1e-6,13,8,294,2931,195,3121,26,498,1e-6,1e-6,1e-6,1e-6,1e-6,1e-6,1e-6,118,260,156,284,1e-6,259,2,1e-6,1e-6,556,455,412,44,368,126,1e-6,1e-6,165,161,111,1e-6,147,1304,1e-6,607,1e-6,543,100,31,78,65,1e-6,37,1e-6,1e-6,1e-6,32,95,992,1e-6,1e-6,65,9,1e-6,3021,96,1e-6,1e-6,4,1e-6,1e-6,140,1e-6,1e-6,295,1e-6,266,1e-6,4,42,1e-6,101,12,395,297,10,481,1e-6,4,724,2057,96,1e-6,1e-6,172,1e-6,1e-6,1e-6,7,1e-6,1e-6,1e-6,1e-6,1e-6,23,16,16,429,1e-6,158,114,1e-6,3,3,1e-6,1e-6,150,1e-6,1e-6,693,229,1e-6,1e-6,5,1e-6,1e-6,1e-6,71,2,1e-6,314,1e-6,90,1e-6,1e-6,783,1e-6,1e-6,1e-6,12,1e-6,1e-6,1e-6,757,75,658,178,1e-6,119,1579,1e-6,1e-6,38,1e-6,1183,4554,89,503,2397,341,3442,1116,1e-6,356,15,20,1e-6,2,1e-6,1e-6,109,2,11,4,1e-6,1e-6,1e-6,26,1e-6,14,129,376,6,6,1e-6,1e-6,1e-6,1e-6,26,1e-6,1e-6,1e-6,6,595,141,647,944,201,1e-6,1e-6,1e-6,10374,102,28
222,1e-6,431,1e-6,1e-6,2343,1e-6,1e-6,5,1e-6,1e-6,1e-6,1e-6,1e-6,1e-6,1e-6,9,1185,1e-6,1e-6,966,42,1e-6,143,1e-6,1e-6,1e-6,1e-6,1e-6,1e-6,1e-6,1e-6,1e-6,1e-6,1e-6,1e-6,1e-6,10,108,6,1e-6,1e-6,1e-6,1e-6,1e-6,1e-6,1e-6,33,2,6,9,1e-6,1e-6,23,1e-6,1e-6,1e-6,1e-6,1e-6,1e-6,1e-6,1e-6,1e-6,1e-6,1e-6,1e-6,1e-6,1e-6,204,39,1e-6,1e-6,1e-6,1e-6,1e-6,546,53250,1e-6,1e-6,1e-6,337,8,1845,582,5,2407,101,18143,1e-6,46,1675,1672,1e-6,7560,156,54478,1e-6,2526,1e-6,18,2339,16,5,1e-6,1e-6,1e-6,1e-6,152,1e-6,1e-6,1294,578,378,3,1e-6,2359,1e-6,533,5,78,4,13,2,185,5662,6,1480,658,1e-6,8,71,38,1e-6,189,1171,2133,16,1e-6,21,4331,3,1e-6,1e-6,26,1e-6,1e-6,97,268,1e-6,1e-6,1e-6,10,59,1e-6,7,1e-6,1e-6,41,1e-6,1e-6,69,336,119,23,9,1e-6,1e-6,30,180,1198,309,1e-6,1e-6,1e-6,1e-6,14,1e-6,77,264,1e-6,1399,291,2496,3372,23936,5187,222,1e-6,1e-6,1e-6,431,1e-6,2202,1e-6,1e-6,1e-6,1e-6,1e-6,1e-6,5,1e-6,1e-6,1e-6,1e-6,1e-6,1e-6,1e-6,1e-6,1e-6,1e-6,2,1e-6,1e-6,1e-6,1185,1e-6,1e-6,1e-6,185,1e-6,141,1e-6,1076,1e-6,966,1e-6,42,2909,1e-6,143,1e-6,1e-6,1e-6,1e-6,1e-6,1e-6,1e-6,1e-6,1e-6,1e-6,1e-6,1e-6,1e-6,1e-6,1e-6,1e-6,1e-6,10,108,6,1e-6,1e-6,1e-6,1e-6,1e-6,1e-6,1e-6,9,3,2,6,1e-6,1e-6,1e-6,14,1e-6,23,1e-6,1e-6,1e-6,1e-6,1e-6,1e-6,1e-6,1e-6,1e-6,1e-6,1e-6,1e-6,1e-6,1e-6,39,1e-6,1e-6,1e-6,47824,58,1e-6,1e-6,1e-6,1e-6,1e-6,544,22,1e-6,35250,1868,10800,1e-6,1e-6,15,1e-6,1e-6,1e-6,1e-6,388,685,1e-6,24,2489,428,1100,131,3532,1e-6,1e-6,337,497,8,1e-6,1845,1e-6,582,1e-6,123,176,377,263,1e-6,1e-6,166,1e-6,2407,174,101,555,9861,2571,1e-6,21,46,122,171,118,1e-6,1675,1409,122,1371,1e-6,19,5,2040,7,369,274,363,380,37,53,1e-6,485,1e-6,289,39,1e-6,410,3815,570,134,1e-6,1931,160,82,81,1e-6,65,645,4,1e-6,152,3032,3622,101,76,357,1e-6,461,175,1e-6,1e-6,1015,252,244,220,1e-6,420,2396,1e-6,2526,9,1e-6,94,18,1e-6,1e-6,3827,128,1583,1e-6,695,1e-6,1e-6,2,1e-6,1e-6,1e-6,1e-6,1e-6,16,1e-6,5,1e-6,1e-6,1e-6,1e-6,1e-6,200,1e-6,59,1e-6,93,1e-6,1e-6,1e-6,1e-6,1e-6,1e-6,1e-6,1e-6,992,5,907,155,1034,5,84,263,226,1e-6,1e-6,1e-6,1e-6,1e-6,1e-6,82,378,1e-6,122,3,10,1e-6,2330,19,1e-6,1e-6,1e-6,8,411,114,1e-6,5,1e-6,1e-6,78,4,1e-6,13,1e-6,301,1e-6,5662,388,26,516,1e-6,6,17,533,236,1e-6,1e-6,422,1e-6,1e-6,1e-6,1e-6,1e-6,1e-6,1e-6,8,1e-6,32,39,19,38,1e-6,1e-6,51,9,1e-6,1e-6,1e-6,189,1e-6,1e-6,3,1168,1636,16,1e-6,21,1e-6,47,1e-6,12,4331,5,1e-6,1e-6,3,1e-6,1e-6,1e-6,1e-6,26,1e-6,1e-6,92,1e-6,1e-6,268,1e-6,1e-6,1e-6,1e-6,1e-6,59,1e-6,1e-6,7,1e-6,1e-6,1e-6,1e-6,41,1e-6,1e-6,1e-6,1e-6,1e-6,69,278,119,23,9,1e-6,1e-6,30,180,1198,309,1e-6,1e-6,1e-6,1e-6,1e-6,1e-6,14,1e-6,1e-6,1e-6,1e-6,1e-6,1e-6,1e-6,77,264,1e-6,1399,291,769,390,629,3372,1167,180,9,33,1152,5178,22
28,4,1e-6,1e-6,1e-6,153,1e-6,1e-6,19,1e-6,1e-6,1e-6,1e-6,1e-6,1e-6,1e-6,1e-6,1139,14,1e-6,815,15,1e-6,124,1e-6,1e-6,108,1e-6,1e-6,1e-6,1e-6,1e-6,1e-6,1e-6,1e-6,1e-6,1e-6,1e-6,22,1e-6,1e-6,1e-6,1e-6,1e-6,1e-6,1e-6,1e-6,42,1e-6,1e-6,1e-6,6,1e-6,32,1e-6,1e-6,1e-6,2,1e-6,1e-6,1e-6,1e-6,1e-6,2,1e-6,1e-6,1e-6,1e-6,1e-6,4,1e-6,1e-6,1e-6,2,1e-6,246,43611,1e-6,1e-6,1e-6,132,7,146,484,1e-6,368,3,25583,1e-6,1e-6,460,391,1e-6,3373,104,51188,1e-6,1274,1e-6,1e-6,1919,1e-6,5,4,1e-6,1e-6,1e-6,1e-6,1e-6,102,650,237,1325,1e-6,1e-6,2871,1e-6,1e-6,1e-6,43,1e-6,1e-6,1e-6,166,942,1e-6,1451,174,1e-6,1e-6,50,107,1e-6,28,1729,529,1e-6,1e-6,1e-6,1e-6,1e-6,1e-6,1e-6,1e-6,1e-6,1e-6,1e-6,374,1e-6,1e-6,1e-6,1e-6,203,1e-6,1e-6,1e-6,1e-6,3,1e-6,1e-6,14,1e-6,23,1e-6,1e-6,1e-6,1e-6,2,1e-6,4541,1e-6,1e-6,1e-6,1e-6,1e-6,1e-6,1e-6,1e-6,1e-6,1e-6,1e-6,1e-6,14376,1953,23087,1e-6,28,4,1e-6,1e-6,1e-6,1e-6,1e-6,1e-6,1e-6,1e-6,1e-6,1e-6,1e-6,6,13,1e-6,1e-6,1e-6,1e-6,1e-6,1e-6,1e-6,1e-6,1e-6,1e-6,126,1e-6,1e-6,1139,1e-6,14,1e-6,123,1e-6,1e-6,153,1e-6,1e-6,815,1e-6,15,7366,1e-6,124,1e-6,1e-6,1e-6,1e-6,1e-6,1e-6,1e-6,108,1e-6,1e-6,1e-6,1e-6,1e-6,1e-6,1e-6,1e-6,1e-6,1e-6,22,1e-6,1e-6,1e-6,1e-6,1e-6,1e-6,1e-6,1e-6,1e-6,1e-6,1e-6,1e-6,1e-6,1e-6,1e-6,1e-6,1e-6,32,1e-6,1e-6,1e-6,2,1e-6,1e-6,1e-6,2,1e-6,1e-6,1e-6,1e-6,1e-6,9,4,1e-6,1e-6,1e-6,1e-6,1e-6,1e-6,1e-6,2,1e-6,1e-6,246,5,1e-6,33125,26,2968,4,1e-6,8,1e-6,1e-6,1e-6,1e-6,10785,117,1e-6,1e-6,10821,1e-6,73,207,1392,1e-6,5,132,91,7,1e-6,146,103,484,1e-6,1e-6,331,196,167,1e-6,1e-6,250,1e-6,368,1e-6,3,164,10760,3410,1e-6,1e-6,1e-6,1e-6,1e-6,8,1e-6,460,391,1e-6,220,1e-6,1e-6,79,948,1e-6,1e-6,330,287,277,1e-6,148,1e-6,877,1e-6,443,1e-6,1e-6,404,2219,1e-6,242,1e-6,2200,183,47,678,1e-6,6,403,100,4,1e-6,25302,25886,142,1e-6,464,1e-6,952,1e-6,1e-6,1e-6,1074,151,298,49,152,1281,1129,1e-6,1274,1e-6,1e-6,1e-6,1e-6,1e-6,1e-6,4608,1e-6,585,1e-6,1248,1e-6,1e-6,1e-6,1e-6,1e-6,1e-6,1e-6,1e-6,1e-6,1e-6,1e-6,1e-6,4,1e-6,1e-6,5,427,1e-6,1e-6,1e-6,1e-6,1e-6,1e-6,1e-6,1e-6,99,3,1e-6,1e-6,1588,1e-6,759,188,1e-6,1e-6,1e-6,1e-6,1e-6,49,119,65,1e-6,1e-6,1e-6,1e-6,1325,1e-6,1e-6,1e-6,1e-6,1e-6,2871,1e-6,1e-6,1e-6,1e-6,1e-6,1e-6,1e-6,1e-6,1e-6,1e-6,1e-6,43,1e-6,1e-6,1e-6,1e-6,165,43,942,260,20,474,1e-6,1e-6,1e-6,697,136,1e-6,1e-6,38,1e-6,1e-6,1e-6,1e-6,1e-6,1e-6,1e-6,1e-6,1e-6,41,9,1e-6,107,1e-6,1e-6,223,1e-6,1e-6,1e-6,1e-6,28,1e-6,1e-6,1e-6,1720,438,1e-6,1e-6,1e-6,9,1e-6,1e-6,86,1e-6,1e-6,1e-6,1e-6,1e-6,374,1e-6,1e-6,1e-6,1e-6,1e-6,1e-6,1e-6,1e-6,1e-6,1e-6,1e-6,1e-6,1e-6,1e-6,1e-6,194,1e-6,1e-6,1e-6,1e-6,1e-6,1e-6,1e-6,3,1e-6,1e-6,1e-6,2,1e-6,12,1e-6,23,1e-6,1e-6,1e-6,1e-6,2,1e-6,4541,1e-6,1e-6,1e-6,1e-6,1e-6,1e-6,1e-6,1e-6,1e-6,1e-6,1e-6,1e-6,1e-6,1e-6,1e-6,1e-6,1e-6,1e-6,1e-6,1e-6,1e-6,1e-6,3426,1953,1e-6,1e-6,1e-6,1e-6,1188,1e-6,8
147,1e-6,659,237,1e-6,3365,1e-6,1e-6,1e-6,4,1e-6,24,1e-6,1e-6,30,1e-6,45,748,1e-6,1e-6,1397,26,1e-6,251,3,5,635,1e-6,1e-6,1e-6,1e-6,1e-6,1e-6,1e-6,1e-6,1e-6,1e-6,111,513,52,1e-6,1e-6,1e-6,1e-6,1e-6,1e-6,1e-6,15,1e-6,1e-6,9,1e-6,1e-6,1e-6,1e-6,1e-6,1e-6,1e-6,1e-6,1e-6,1e-6,1e-6,3,1e-6,1e-6,1e-6,1e-6,1e-6,127,8,1e-6,1e-6,2,1e-6,1e-6,729,78941,1e-6,4,1e-6,481,1e-6,3402,736,1e-6,3103,63,22813,1e-6,16,1585,1442,1e-6,15277,151,22486,1e-6,2885,2,1e-6,6911,1e-6,1e-6,1e-6,1e-6,1e-6,1e-6,1e-6,1e-6,1e-6,2260,721,266,20,1e-6,1548,1e-6,500,17,1e-6,1e-6,1e-6,1e-6,131,2852,13,2903,831,258,1e-6,168,419,5,317,2872,2801,1e-6,1e-6,64,12303,19,1e-6,5,6,1e-6,1e-6,118,677,1e-6,1e-6,1e-6,1e-6,66,1e-6,1e-6,1e-6,5,1e-6,1e-6,1e-6,1e-6,425,44,1e-6,1e-6,1e-6,1e-6,1e-6,762,1461,60,1e-6,7,1e-6,1e-6,1e-6,4,52,1e-6,13,248,716,1794,1325,26629,10324,147,1e-6,13,1e-6,646,237,3332,3,2,1e-6,1e-6,1e-6,1e-6,1e-6,1e-6,1e-6,1e-6,1e-6,4,1e-6,24,1e-6,1e-6,1e-6,1e-6,1e-6,1e-6,187,748,1e-6,1e-6,87,131,1e-6,1e-6,26,1729,2953,1310,1e-6,26,4056,1e-6,251,1e-6,3,1e-6,1e-6,1e-6,606,1e-6,1e-6,29,1e-6,1e-6,1e-6,1e-6,1e-6,14,1e-6,1e-6,111,513,52,1e-6,1e-6,1e-6,1e-6,1e-6,1e-6,1e-6,9,1e-6,1e-6,1e-6,1e-6,1e-6,1e-6,15,1e-6,1e-6,1e-6,1e-6,1e-6,1e-6,1e-6,1e-6,3,1e-6,1e-6,1e-6,1e-6,1e-6,1e-6,1e-6,8,1e-6,1e-6,1e-6,4870,77,2,1e-6,1e-6,1e-6,1e-6,729,5,7,52900,3318,10358,1e-6,1e-6,20,1e-6,4,1e-6,1e-6,40,633,11,1e-6,4933,843,1818,444,7173,1e-6,1e-6,481,316,1e-6,1e-6,3402,1e-6,736,1e-6,39,806,530,442,1e-6,1e-6,305,1e-6,3103,197,63,270,10656,3743,1e-6,202,16,378,1e-6,251,1e-6,1585,872,192,1188,1e-6,1e-6,25,3976,1e-6,475,556,291,152,1e-6,351,1e-6,973,1e-6,588,1e-6,161,418,3904,112,1042,1e-6,2248,111,1e-6,239,18,74,433,5,1e-6,146,8417,9199,217,1e-6,1041,1e-6,1222,1e-6,1e-6,1e-6,652,247,75,427,118,775,3173,1e-6,2885,1e-6,2,1e-6,1e-6,1e-6,1e-6,3242,302,4052,44,2688,1e-6,1e-6,1e-6,1e-6,1e-6,1e-6,1e-6,1e-6,1e-6,1e-6,1e-6,1e-6,1e-6,1e-6,1e-6,1e-6,181,1e-6,1e-6,1e-6,1e-6,1e-6,1e-6,1e-6,1e-6,1e-6,1e-6,1e-6,1e-6,1058,1e-6,738,1e-6,1174,52,116,220,331,1e-6,1e-6,1e-6,1e-6,2,1e-6,56,266,1e-6,71,20,63,1e-6,1095,3,1e-6,14,387,7,225,254,17,1e-6,1e-6,1e-6,1e-6,1e-6,1e-6,1e-6,1e-6,288,1e-6,2852,568,50,441,107,13,73,1661,228,192,1e-6,388,23,1e-6,207,51,1e-6,1e-6,1e-6,1e-6,1e-6,56,112,57,419,1e-6,178,655,1e-6,5,72,1e-6,317,1e-6,1e-6,14,2858,2485,1e-6,1e-6,64,1e-6,7,1e-6,120,12303,1e-6,1e-6,1e-6,19,1e-6,1e-6,1e-6,5,6,1e-6,1e-6,118,1e-6,1e-6,677,1e-6,1e-6,1e-6,1e-6,1e-6,66,1e-6,1e-6,1e-6,1e-6,1e-6,5,1e-6,1e-6,1e-6,1e-6,1e-6,1e-6,1e-6,1e-6,334,44,1e-6,1e-6,1e-6,1e-6,1e-6,762,1461,60,1e-6,1e-6,1e-6,1e-6,1e-6,1e-6,1e-6,1e-6,1e-6,1e-6,1e-6,1e-6,4,1e-6,52,1e-6,13,248,716,310,191,908,1325,2566,874,45,84,672,10318,20
377,1e-6,776,1e-6,1e-6,1218,1e-6,1e-6,1e-6,1e-6,1e-6,1e-6,1e-6,1e-6,1e-6,1e-6,18,2287,1e-6,1e-6,1283,80,1e-6,40,1e-6,1e-6,41,3,1e-6,1e-6,1e-6,1e-6,1e-6,1e-6,17,1e-6,1e-6,6,144,1e-6,1e-6,1e-6,1e-6,1e-6,1e-6,1e-6,1e-6,1e-6,5,1e-6,89,1e-6,1e-6,5,1e-6,1e-6,1e-6,1e-6,1e-6,2,1e-6,2,1e-6,1e-6,1e-6,1e-6,2,1e-6,291,336,1e-6,8,1e-6,1e-6,1e-6,348,74768,1e-6,9,1e-6,89,14,1086,450,1e-6,2007,21,15178,1e-6,1e-6,778,1790,1e-6,10600,162,47736,1e-6,2180,1e-6,9,2211,1e-6,1e-6,1e-6,1e-6,1e-6,56,5,1e-6,1e-6,2011,696,937,121,1e-6,4150,1e-6,587,8,39,1e-6,15,58,79,764,1e-6,2793,408,20,9,157,152,1e-6,1e-6,594,2360,3,1e-6,5,2511,18,1e-6,1e-6,1e-6,1e-6,1e-6,141,331,1e-6,1e-6,1e-6,1e-6,2423,109,1e-6,1e-6,1e-6,50,1e-6,1e-6,16,313,67,1e-6,1e-6,1e-6,1e-6,88,1e-6,289,1e-6,1e-6,1e-6,1e-6,1e-6,1e-6,4,125,87,1e-6,2208,1e-6,1278,715,27423,1e-6,377,1e-6,2,249,525,1e-6,1193,1e-6,1e-6,1e-6,1e-6,1e-6,1e-6,1e-6,1e-6,1e-6,1e-6,1e-6,1e-6,1e-6,1e-6,1e-6,1e-6,1e-6,1e-6,1e-6,12,1e-6,2287,1e-6,1e-6,60,79,1e-6,1e-6,25,856,1e-6,1223,1e-6,80,6660,1e-6,40,1e-6,1e-6,1e-6,1e-6,1e-6,39,3,1e-6,2,1e-6,1e-6,1e-6,17,1e-6,1e-6,1e-6,1e-6,6,144,1e-6,1e-6,1e-6,1e-6,1e-6,1e-6,1e-6,1e-6,89,1e-6,5,1e-6,1e-6,1e-6,1e-6,1e-6,1e-6,5,1e-6,1e-6,1e-6,1e-6,2,2,1e-6,1e-6,1e-6,2,1e-6,78,1e-6,108,336,1e-6,1e-6,8,36565,26,1e-6,1e-6,1e-6,1e-6,1e-6,348,12,1e-6,49642,2180,9998,1e-6,1e-6,3,1e-6,9,1e-6,2,271,119,1e-6,1e-6,2976,1755,856,343,4386,1e-6,1e-6,89,490,14,1e-6,1086,1e-6,450,1e-6,11,424,289,410,41,1e-6,136,1e-6,2007,282,21,334,6565,1678,1e-6,151,1e-6,170,121,139,25,778,1030,590,846,1e-6,1e-6,258,3820,17,378,402,1186,348,1e-6,62,202,146,191,376,1e-6,125,317,4488,310,1e-6,1e-6,4301,153,57,330,1e-6,175,331,83,1e-6,79,5571,5600,448,1e-6,217,36,87,98,1e-6,1e-6,915,87,69,277,93,339,1821,1e-6,2180,1e-6,1e-6,1e-6,9,1e-6,1e-6,2822,184,2097,7,98,1e-6,1e-6,1e-6,1e-6,1e-6,1e-6,1e-6,1e-6,1e-6,1e-6,1e-6,1e-6,1e-6,1e-6,1e-6,1e-6,814,56,1e-6,5,1e-6,1e-6,1e-6,1e-6,1e-6,1e-6,1e-6,1e-6,1e-6,955,1e-6,909,120,887,77,48,215,356,1e-6,1e-6,1e-6,1e-6,1e-6,29,91,937,1e-6,93,121,7,1e-6,3833,1e-6,1e-6,147,310,14,182,244,1e-6,8,37,1e-6,2,1e-6,2,15,1e-6,183,1e-6,764,616,5,781,65,1e-6,232,1094,130,82,1e-6,196,1e-6,1e-6,1e-6,1e-6,1e-6,12,1e-6,9,8,153,4,37,152,1e-6,47,257,1e-6,1e-6,6,1e-6,1e-6,56,1e-6,1e-6,591,1870,3,1e-6,5,3,1e-6,1e-6,9,2511,1e-6,1e-6,1e-6,18,1e-6,1e-6,1e-6,1e-6,1e-6,1e-6,1e-6,141,1e-6,1e-6,331,1e-6,1e-6,1e-6,242,174,1899,99,10,1e-6,1e-6,1e-6,1e-6,1e-6,50,1e-6,1e-6,1e-6,16,1e-6,1e-6,287,67,1e-6,1e-6,1e-6,1e-6,88,1e-6,289,1e-6,1e-6,1e-6,1e-6,1e-6,1e-6,1e-6,1e-6,1e-6,1e-6,1e-6,1e-6,1e-6,4,55,70,87,1e-6,2208,1e-6,399,68,318,715,4794,638,6,1e-6,3587,1e-6,15
1e-6,1e-6,122,1e-6,1e-6,998,1e-6,1e-6,1e-6,1e-6,1e-6,1e-6,1e-6,1e-6,1e-6,1e-6,1e-6,311,1e-6,1e-6,571,6,1e-6,345,1e-6,1e-6,125,1e-6,1e-6,1e-6,1e-6,1e-6,1e-6,1e-6,1e-6,1e-6,1e-6,1e-6,25,97,14,1e-6,1e-6,2,4,1e-6,1e-6,14,1e-6,1e-6,3,1e-6,1e-6,1e-6,1e-6,1e-6,1e-6,1e-6,1e-6,1e-6,1e-6,1e-6,112,1e-6,1e-6,1e-6,10,1e-6,275,1e-6,1e-6,1e-6,1e-6,1e-6,195,180,62385,1e-6,11,1e-6,103,9,59,341,1e-6,288,3,19964,1e-6,1e-6,763,575,1e-6,3156,71,17907,1e-6,946,1e-6,1e-6,1150,1e-6,1e-6,6,1e-6,5,1e-6,1e-6,1e-6,1e-6,682,947,3792,1e-6,1e-6,1846,1e-6,1e-6,1e-6,100,1e-6,3,340,14,731,49,1313,210,1e-6,1e-6,1e-6,228,1e-6,1e-6,1240,1806,3,1e-6,1e-6,2195,1e-6,1e-6,1e-6,1e-6,1e-6,1e-6,2,148,1e-6,1e-6,1e-6,1e-6,71,1e-6,1e-6,1e-6,1e-6,1e-6,1e-6,2,1e-6,292,38,1e-6,1e-6,1e-6,1e-6,1e-6,1e-6,68,1e-6,5,1e-6,1e-6,1e-6,3,1e-6,40,16,1e-6,1203,1e-6,16831,818,43401,1e-6,1e-6,1e-6,1e-6,1e-6,122,1e-6,996,1e-6,1e-6,1e-6,1e-6,1e-6,1e-6,1e-6,1e-6,1e-6,1e-6,1e-6,1e-6,1e-6,1e-6,1e-6,1e-6,1e-6,1e-6,1e-6,1e-6,1e-6,311,1e-6,1e-6,180,1e-6,1e-6,1e-6,2,1e-6,1e-6,391,1e-6,6,8630,1e-6,345,1e-6,1e-6,1e-6,1e-6,1e-6,1e-6,1e-6,119,6,1e-6,1e-6,1e-6,1e-6,1e-6,1e-6,1e-6,1e-6,1e-6,25,97,14,1e-6,1e-6,1e-6,2,1e-6,1e-6,3,1e-6,1e-6,1e-6,1e-6,1e-6,1e-6,14,1e-6,1e-6,1e-6,1e-6,1e-6,1e-6,1e-6,1e-6,112,1e-6,1e-6,2,1e-6,82,1e-6,2,1e-6,1e-6,1e-6,1e-6,1e-6,12,1e-6,1e-6,1e-6,1e-6,1e-6,180,101,1e-6,43887,2654,6968,1e-6,1e-6,1e-6,195,11,1e-6,1e-6,1e-6,793,1e-6,6,1362,19,106,53,1852,1e-6,63,103,1e-6,9,1e-6,59,48,341,1e-6,10,221,77,272,1e-6,1e-6,190,1e-6,288,5,3,178,14980,2825,1e-6,20,1e-6,10,1e-6,151,1e-6,763,479,1e-6,347,1e-6,86,239,359,1e-6,108,538,395,91,1e-6,279,291,1871,1e-6,1e-6,1e-6,1e-6,551,2646,64,403,1e-6,2096,1569,96,3444,1e-6,9,1e-6,1e-6,1e-6,71,8452,9455,109,1e-6,966,1e-6,165,129,1e-6,1e-6,2203,534,389,593,28,912,3002,1e-6,946,1e-6,1e-6,230,1e-6,1e-6,1e-6,11055,34,1145,1e-6,1e-6,22,1e-6,1e-6,1e-6,1e-6,35,1e-6,194,1e-6,1e-6,1e-6,1e-6,6,1e-6,5,1e-6,127,1e-6,1e-6,1e-6,1e-6,1e-6,1e-6,1e-6,1e-6,1e-6,1e-6,1e-6,1e-6,2162,1e-6,926,80,379,153,136,265,393,1e-6,1e-6,1e-6,1e-6,1e-6,193,1e-6,3792,1e-6,1e-6,1e-6,34,1e-6,1812,1e-6,1e-6,1e-6,1e-6,1e-6,1e-6,1e-6,1e-6,1e-6,73,1e-6,27,1e-6,1e-6,3,1e-6,109,14,731,140,1e-6,395,1e-6,49,189,589,186,1e-6,1e-6,22,1e-6,2,1e-6,1e-6,1e-6,1e-6,1e-6,1e-6,1e-6,1e-6,1e-6,9,228,1e-6,176,1e-6,1e-6,1e-6,1e-6,1e-6,1e-6,89,1e-6,1e-6,1240,1806,3,1e-6,1e-6,1e-6,1e-6,1e-6,5,2195,1e-6,1e-6,1e-6,1e-6,148,1e-6,1e-6,1e-6,1e-6,1e-6,1e-6,1e-6,2,1e-6,1e-6,1e-6,1e-6,1e-6,1e-6,1e-6,69,1e-6,1e-6,1e-6,1e-6,1e-6,1e-6,1e-6,1e-6,1e-6,1e-6,1e-6,1e-6,1e-6,1e-6,280,38,1e-6,1e-6,1e-6,1e-6,1e-6,1e-6,68,1e-6,1e-6,1e-6,1e-6,1e-6,1e-6,1e-6,3,1e-6,1e-6,1e-6,1e-6,1e-6,1e-6,1e-6,40,16,1e-6,1203,1e-6,1e-6,172,16541,818,1e-6,246,1e-6,135,4141,1e-6,1e-6
558,1e-6,2455,1e-6,1e-6,2807,1e-6,1e-6,616,58,401,1e-6,1e-6,1e-6,5,1e-6,1e-6,142,1e-6,1e-6,20054,94,1e-6,44,688,728,1e-6,1e-6,4,1e-6,32,1e-6,1e-6,1e-6,1e-6,1e-6,1e-6,9,137,137,71,1e-6,1e-6,1335,1e-6,1e-6,1e-6,4,1e-6,39,10,1e-6,1e-6,1e-6,1e-6,1e-6,1e-6,1e-6,1e-6,1e-6,1e-6,1e-6,1e-6,1e-6,1e-6,587,1e-6,1e-6,776,1e-6,1e-6,1e-6,142,1e-6,1e-6,1e-6,43248,4,1e-6,1e-6,531,1e-6,3905,681,1e-6,2512,50,11073,1e-6,4,3097,1097,1e-6,13845,1e-6,10143,5,4276,1e-6,1e-6,3728,1e-6,1e-6,1e-6,1e-6,1e-6,1e-6,1e-6,1e-6,1e-6,2192,591,628,1e-6,1e-6,11699,1e-6,99,1e-6,1e-6,1e-6,11,28,11,6214,13,2172,725,1e-6,24,90,21,1e-6,30,475,3751,8,1e-6,29,2490,8,120,1e-6,1e-6,2,278,184,366,1e-6,1e-6,111,1e-6,1e-6,1e-6,1e-6,4,174,37,1e-6,1e-6,76,663,78,1e-6,50,2,396,4,24,649,16,77,462,291,29,13,396,1e-6,1597,1e-6,101,4759,7035,3999,22348,4688,558,1e-6,25,677,1753,1e-6,2786,1e-6,18,1e-6,1e-6,1e-6,608,1e-6,1e-6,1e-6,8,20,36,34,1e-6,1e-6,5,1e-6,1e-6,1e-6,1e-6,1e-6,142,1e-6,1e-6,1e-6,1e-6,1e-6,1e-6,21,3388,1e-6,20054,1e-6,94,464,1e-6,44,32,15,412,7,677,1e-6,1e-6,1e-6,1e-6,4,32,1e-6,1e-6,1e-6,2,1e-6,1e-6,9,137,137,71,1e-6,1e-6,26,1e-6,1307,1e-6,10,1e-6,1e-6,1e-6,39,1e-6,1e-6,4,1e-6,1e-6,1e-6,1e-6,1e-6,1e-6,1e-6,1e-6,1e-6,1e-6,577,1e-6,1e-6,378,1e-6,1e-6,1e-6,1e-6,3,1e-6,522,104,142,1e-6,1e-6,1e-6,1e-6,1e-6,1e-6,1e-6,30048,1477,3873,1e-6,4,2,1e-6,1e-6,1e-6,22,5175,377,6,16,3167,79,3043,463,2827,1e-6,81,531,620,1e-6,1e-6,3905,1e-6,681,1e-6,33,408,270,338,67,2,659,1e-6,2512,491,50,474,2485,1440,1e-6,163,4,251,1e-6,63,1e-6,3097,536,310,2441,1e-6,1e-6,202,5598,1e-6,647,430,1941,1e-6,1e-6,164,1e-6,442,1e-6,2709,1e-6,1265,222,3531,1357,1e-6,1e-6,2770,1e-6,31,343,60,264,92,1e-6,1e-6,1e-6,4745,4876,213,1e-6,316,1e-6,65,1e-6,1e-6,1e-6,184,167,156,153,139,182,522,5,4276,1e-6,1e-6,1e-6,1e-6,1e-6,1e-6,1080,339,2880,1e-6,713,1e-6,1e-6,1e-6,1e-6,1e-6,1e-6,1e-6,28,1e-6,1e-6,1e-6,1e-6,1e-6,1e-6,1e-6,1e-6,453,1e-6,1e-6,1e-6,1e-6,1e-6,1e-6,1e-6,1e-6,1e-6,1e-6,1e-6,1e-6,766,1e-6,849,160,1158,60,30,189,312,1e-6,1e-6,1e-6,1e-6,1e-6,269,129,628,1e-6,1e-6,1e-6,233,1e-6,9874,1e-6,1e-6,3,1592,1e-6,96,1e-6,1e-6,1e-6,1e-6,1e-6,1e-6,1e-6,1e-6,11,1e-6,504,11,6214,201,11,334,1e-6,13,280,1346,210,7,1e-6,508,1e-6,1e-6,1e-6,1e-6,1e-6,1e-6,1e-6,24,1e-6,39,51,18,21,1e-6,213,252,1e-6,1e-6,116,1e-6,30,1e-6,1e-6,1e-6,475,3131,8,1e-6,29,1e-6,113,1e-6,22,2490,2,1e-6,1e-6,8,1e-6,46,1e-6,1e-6,1e-6,1e-6,1e-6,173,9,1e-6,366,1e-6,107,4,1e-6,1e-6,1e-6,1e-6,1e-6,1e-6,1e-6,4,163,11,37,1e-6,1e-6,1e-6,1e-6,1e-6,1e-6,557,78,1e-6,50,2,16,4,24,649,16,75,198,178,275,5,1e-6,13,1e-6,1e-6,260,1e-6,117,1e-6,1e-6,1e-6,1597,1e-6,101,4759,1316,1e-6,1e-6,3999,3906,92,1e-6,173,338,4688,3
35,1e-6,380,28,1e-6,2360,1e-6,1e-6,1e-6,1e-6,1e-6,1e-6,1e-6,1e-6,3,1e-6,13,132,1e-6,1e-6,414,4,8,166,1e-6,1e-6,11,3,1e-6,1e-6,1e-6,1e-6,1e-6,1e-6,1e-6,1e-6,1e-6,1e-6,102,6,1e-6,1e-6,72,1957,1e-6,1e-6,1e-6,1e-6,2,1e-6,32,1e-6,1e-6,10,1e-6,1e-6,1e-6,1e-6,4,1e-6,1e-6,1e-6,1e-6,1e-6,9,1e-6,1e-6,1e-6,1723,2,1e-6,1e-6,1e-6,1e-6,1e-6,137,76585,1e-6,5,1e-6,138,4,512,235,1e-6,298,7,20407,1e-6,1e-6,1312,1819,1e-6,6551,352,15474,1e-6,2145,1e-6,34,195,1e-6,1e-6,4,1e-6,1e-6,1e-6,1e-6,1e-6,1e-6,4792,991,3746,46,1e-6,7615,4,1952,1e-6,501,3,4,181,56,493,6,339,896,1e-6,1e-6,209,1e-6,1e-6,1e-6,140,699,1e-6,1e-6,1e-6,828,28,1e-6,1e-6,1e-6,1e-6,1e-6,171,867,1e-6,1e-6,1e-6,1e-6,1e-6,1e-6,1e-6,1e-6,1e-6,15,1e-6,1e-6,1e-6,530,57,1e-6,1e-6,1e-6,1e-6,1e-6,1e-6,7,1e-6,1e-6,1e-6,1e-6,1e-6,1e-6,1e-6,2,38,1e-6,53,194,4005,1915,36392,4220,35,1e-6,3,86,291,28,2351,1e-6,1e-6,1e-6,1e-6,1e-6,1e-6,1e-6,1e-6,1e-6,1e-6,1e-6,1e-6,1e-6,1e-6,1e-6,1e-6,1e-6,1e-6,1e-6,1e-6,114,132,1e-6,1e-6,76,56,1e-6,1e-6,6,155,343,338,1e-6,4,7610,8,166,1e-6,1e-6,1e-6,1e-6,1e-6,11,3,1e-6,1e-6,1e-6,1e-6,1e-6,1e-6,18,90,1e-6,1e-6,1e-6,102,6,1e-6,1e-6,72,5,1e-6,1946,1e-6,32,1e-6,2,1e-6,1e-6,1e-6,1e-6,1e-6,1e-6,10,1e-6,1e-6,1e-6,1e-6,1e-6,1e-6,1e-6,1e-6,1e-6,1e-6,1e-6,823,9,1e-6,2,1e-6,1e-6,1e-6,1e-6,6,1e-6,1e-6,1e-6,1e-6,1e-6,137,39,3,59231,1925,3882,1e-6,1e-6,5,1e-6,5,1e-6,1e-6,1e-6,620,1e-6,1e-6,5915,401,669,56,1418,4,84,138,21,4,1e-6,512,1e-6,235,1e-6,1e-6,380,146,538,47,6,279,1e-6,298,47,7,266,9511,3038,1e-6,138,1e-6,117,1e-6,207,1e-6,1312,1345,357,736,1e-6,1e-6,1e-6,2986,1e-6,858,700,496,1e-6,1e-6,41,1e-6,2889,1e-6,188,1e-6,1e-6,540,3186,20,1e-6,1e-6,1037,564,70,1357,1e-6,506,508,194,69,89,7649,7825,965,1e-6,409,15,412,1e-6,1e-6,1e-6,1426,535,113,211,203,916,1521,1e-6,2145,1e-6,1e-6,46,34,1e-6,1e-6,4845,90,193,1e-6,1e-6,1e-6,8,27,1e-6,1e-6,1e-6,42,1e-6,1e-6,1e-6,1e-6,1e-6,4,1e-6,1e-6,1e-6,1e-6,1e-6,1e-6,1e-6,1e-6,1e-6,1e-6,1e-6,1e-6,1e-6,1e-6,1e-6,1e-6,2647,1e-6,4503,364,3461,213,111,295,345,1e-6,1e-6,1e-6,1e-6,27,489,213,3746,1e-6,198,46,7,165,6035,1e-6,4,226,1408,1e-6,1e-6,1726,1e-6,1e-6,8,1e-6,493,3,1e-6,4,104,445,1e-6,493,50,1e-6,21,1e-6,6,37,231,199,275,7,415,1e-6,1e-6,1e-6,1e-6,1e-6,1e-6,1e-6,1e-6,1e-6,15,194,5,1e-6,1e-6,117,1162,1e-6,1e-6,52,1e-6,1e-6,1e-6,1e-6,3,135,678,1e-6,1e-6,1e-6,2,1e-6,1e-6,2,828,4,1e-6,1e-6,28,1e-6,1e-6,1e-6,1e-6,1e-6,1e-6,1e-6,167,1e-6,1e-6,867,1e-6,1e-6,1e-6,1e-6,1e-6,1e-6,1e-6,1e-6,1e-6,1e-6,1e-6,1e-6,1e-6,15,1e-6,1e-6,1e-6,1e-6,1e-6,1e-6,416,57,1e-6,1e-6,1e-6,1e-6,1e-6,1e-6,7,1e-6,1e-6,1e-6,1e-6,1e-6,1e-6,1e-6,1e-6,1e-6,1e-6,1e-6,1e-6,1e-6,1e-6,1e-6,2,38,1e-6,53,194,3304,36,215,1915,2559,766,13,87,3546,4220,1e-6
1e-6,1e-6,32,1e-6,1e-6,903,1e-6,1e-6,1e-6,1e-6,1e-6,1e-6,1e-6,1e-6,1e-6,1e-6,9,381,1e-6,1e-6,1513,29,1e-6,152,1e-6,3,1e-6,1e-6,1e-6,1e-6,1e-6,1e-6,1e-6,1e-6,1e-6,1e-6,111,1e-6,96,1e-6,1e-6,1e-6,1e-6,1e-6,1e-6,1e-6,1e-6,1e-6,1e-6,7,6,1e-6,1e-6,1e-6,1e-6,1e-6,1e-6,1e-6,1e-6,1e-6,1e-6,1e-6,1e-6,1e-6,1e-6,1e-6,1e-6,1e-6,263,2,15,1e-6,1e-6,1e-6,1e-6,236,73162,1e-6,1e-6,1e-6,72,1e-6,3,95,1e-6,153,8,21999,5,1e-6,521,1257,1e-6,3224,7,151,1e-6,2639,16,44,8526,1e-6,1e-6,1e-6,1e-6,1e-6,1e-6,1e-6,50,1e-6,1433,938,930,2,1e-6,184,1e-6,151,1e-6,43,1e-6,14,21,2,1091,4,4367,215,1e-6,1e-6,1e-6,294,1e-6,1e-6,1948,893,1e-6,1e-6,190,1e-6,7,1e-6,1e-6,1e-6,1e-6,68,4,896,1e-6,1e-6,1e-6,1e-6,119,1e-6,1e-6,1e-6,1e-6,3,1e-6,1e-6,2,1e-6,5,1e-6,27,1e-6,1e-6,1e-6,1e-6,154,1e-6,13,10,1e-6,1e-6,1e-6,18,1e-6,22,1e-6,1e-6,1e-6,5027,1357,42839,488,1e-6,1e-6,1e-6,1e-6,32,1e-6,880,1e-6,1e-6,1e-6,1e-6,1e-6,1e-6,1e-6,1e-6,1e-6,1e-6,1e-6,1e-6,1e-6,1e-6,1e-6,1e-6,1e-6,1e-6,1e-6,1e-6,1e-6,381,1e-6,1e-6,1e-6,2,1e-6,1e-6,23,1e-6,1e-6,1513,1e-6,29,16245,1e-6,152,1e-6,1e-6,1e-6,1e-6,3,1e-6,1e-6,1e-6,1e-6,1e-6,1e-6,1e-6,1e-6,1e-6,1e-6,1e-6,111,1e-6,96,1e-6,1e-6,1e-6,1e-6,1e-6,1e-6,1e-6,1e-6,6,1e-6,1e-6,1e-6,1e-6,1e-6,1e-6,1e-6,1e-6,1e-6,1e-6,1e-6,1e-6,1e-6,1e-6,1e-6,1e-6,1e-6,1e-6,1e-6,1e-6,6,1e-6,2,2,15,1e-6,1e-6,1e-6,1e-6,1e-6,1e-6,1e-6,1e-6,1e-6,236,96,1e-6,45696,430,9799,1e-6,1e-6,13,1e-6,1e-6,1e-6,1e-6,1e-6,956,1e-6,1e-6,2951,253,126,50,2210,1e-6,28,72,1e-6,1e-6,1e-6,3,37,95,1e-6,16,434,341,100,11,1e-6,1e-6,1e-6,153,1e-6,8,262,13865,3588,5,169,1e-6,1e-6,1e-6,128,1e-6,521,1166,77,426,1e-6,14,174,262,16,161,406,1e-6,190,1e-6,231,154,828,1e-6,26,1e-6,15,627,5757,80,508,1e-6,1616,575,86,1118,60,440,17,1e-6,1e-6,7,119,32,365,1e-6,1632,126,863,790,1e-6,1e-6,677,752,205,997,378,1036,3920,1e-6,2639,1e-6,16,1e-6,44,1e-6,1e-6,10263,3,3443,1e-6,4889,2,1e-6,1e-6,1e-6,1e-6,13,1e-6,1e-6,1e-6,1e-6,1e-6,1e-6,1e-6,1e-6,1e-6,1e-6,777,1e-6,1e-6,1e-6,1e-6,1e-6,1e-6,50,1e-6,1e-6,1e-6,1e-6,1e-6,2254,156,1224,143,654,161,205,1e-6,514,1e-6,1e-6,58,1e-6,1e-6,1e-6,257,930,1e-6,1e-6,2,1e-6,1e-6,184,1e-6,1e-6,1e-6,1e-6,1e-6,151,1e-6,1e-6,1e-6,4,1e-6,39,1e-6,1e-6,14,1e-6,69,1e-6,1091,622,52,599,1e-6,4,735,2359,132,83,1e-6,1e-6,1e-6,1e-6,1e-6,1e-6,1e-6,1e-6,1e-6,1e-6,1e-6,1e-6,1e-6,15,294,1e-6,1e-6,1e-6,2,1e-6,1e-6,1e-6,1e-6,1e-6,6,4,1944,893,1e-6,1e-6,190,1e-6,1e-6,1e-6,194,1e-6,1e-6,1e-6,68,7,1e-6,1e-6,1e-6,1e-6,1e-6,1e-6,1e-6,1e-6,1e-6,1e-6,896,1e-6,1e-6,1e-6,1e-6,77,40,1e-6,1e-6,1e-6,1e-6,1e-6,1e-6,1e-6,3,1e-6,1e-6,1e-6,2,1e-6,1e-6,1e-6,5,1e-6,27,1e-6,1e-6,1e-6,1e-6,154,1e-6,7,1e-6,1e-6,1e-6,1e-6,1e-6,1e-6,1e-6,1e-6,1e-6,1e-6,16,1e-6,1e-6,1e-6,22,1e-6,1e-6,1e-6,720,480,3743,1357,580,412,9,1e-6,2569,488,165
1e-6,1e-6,1e-6,1e-6,1e-6,422,2,1e-6,36,3,5,1e-6,4,3,1e-6,1e-6,1e-6,102,1e-6,1e-6,99,20,1e-6,4,1e-6,1e-6,8,1e-6,1e-6,1e-6,1e-6,2,1e-6,93,1e-6,1e-6,1e-6,1e-6,56,31,1e-6,1e-6,1e-6,254,1e-6,1e-6,11,31,1e-6,6,4,9,1e-6,20,1e-6,1e-6,1e-6,1e-6,1e-6,1e-6,1e-6,1e-6,1e-6,5,1e-6,1e-6,1e-6,1e-6,986,3,1e-6,1e-6,1e-6,1e-6,1e-6,1e-6,85602,1e-6,1e-6,106,42,1e-6,10,5,1e-6,4,15,17878,1e-6,1e-6,217,762,1e-6,1470,500,40514,1e-6,352,1e-6,4,8040,3,4,4,1e-6,1e-6,216,72,12,2,2026,451,1092,5,1e-6,5075,1e-6,907,1e-6,1138,1e-6,1e-6,1997,1e-6,95,1e-6,2662,156,2,1e-6,17,1e-6,1e-6,1e-6,943,11,1e-6,1e-6,207,12,3,3,1e-6,1e-6,1e-6,1e-6,4,528,1e-6,1e-6,1e-6,1e-6,309,1e-6,5,1e-6,5,21,1e-6,1e-6,10,70,7,1e-6,1e-6,1e-6,1e-6,1e-6,1e-6,1e-6,1e-6,1e-6,7,1e-6,1e-6,12,15,1e-6,1e-6,1e-6,702,1e-6,3072,168,19225,466,1e-6,1e-6,1e-6,1e-6,1e-6,1e-6,422,1e-6,1e-6,2,2,1e-6,1e-6,1e-6,1e-6,8,19,1e-6,3,1e-6,1e-6,3,1e-6,1e-6,1e-6,1e-6,1e-6,1e-6,102,1e-6,1e-6,1e-6,1e-6,1e-6,1e-6,1e-6,217,3,99,1e-6,20,6753,1e-6,4,1e-6,1e-6,1e-6,1e-6,1e-6,1e-6,1e-6,8,1e-6,1e-6,1e-6,1e-6,1e-6,1e-6,4,1e-6,1e-6,1e-6,56,31,1e-6,1e-6,1e-6,1e-6,1e-6,254,1e-6,4,1e-6,1e-6,1e-6,6,1e-6,1e-6,31,1e-6,20,1e-6,1e-6,1e-6,1e-6,1e-6,1e-6,1e-6,5,1e-6,1e-6,1e-6,441,1e-6,3,3,1e-6,1e-6,1e-6,247,1e-6,1e-6,1e-6,1e-6,1e-6,1e-6,1e-6,9,1e-6,64116,3130,8068,1e-6,1e-6,2,1e-6,1e-6,103,11,142,302,1e-6,1e-6,2660,182,130,1e-6,317,1e-6,9,42,1e-6,1e-6,1e-6,10,1e-6,5,1e-6,1e-6,314,14,136,16,1e-6,196,1e-6,4,2,15,185,12268,2345,1e-6,89,1e-6,9,1e-6,1e-6,8,217,441,281,125,1e-6,31,6,342,1e-6,780,310,1e-6,1e-6,1e-6,219,1e-6,1131,1e-6,17,1e-6,1e-6,342,1587,44,1e-6,1e-6,532,391,1e-6,523,1e-6,1e-6,80,251,165,84,19995,20272,77,1e-6,397,16,1073,31,1e-6,1e-6,1227,189,201,185,30,358,1378,1e-6,352,1e-6,1e-6,1e-6,4,1e-6,1e-6,3400,10,7787,143,79,4,1e-6,16,136,1e-6,1e-6,1e-6,1e-6,3,4,1e-6,1e-6,4,1e-6,1e-6,1e-6,40,208,10,1e-6,3,59,1e-6,2,1e-6,1e-6,2,1e-6,8,1251,1e-6,1020,62,1601,70,28,135,218,1e-6,1e-6,1e-6,1e-6,1e-6,466,79,1092,1e-6,1e-6,5,37,39,4816,95,1e-6,1e-6,88,1e-6,232,675,1e-6,1e-6,23,5,1110,1e-6,67,1e-6,661,1e-6,1e-6,95,215,1e-6,301,1e-6,1e-6,145,1971,127,1e-6,1e-6,29,1e-6,1e-6,2,1e-6,1e-6,1e-6,1e-6,1e-6,1e-6,15,2,2,1e-6,6,88,153,1e-6,1e-6,138,1e-6,1e-6,153,960,1e-6,943,11,1e-6,1e-6,207,1e-6,1e-6,1e-6,31,12,1e-6,1e-6,1e-6,3,1e-6,1e-6,1e-6,1e-6,1e-6,1e-6,1e-6,1e-6,1e-6,1e-6,528,1e-6,1e-6,1e-6,42,1e-6,264,1e-6,1e-6,5,1e-6,1e-6,5,1e-6,21,1e-6,18,75,5,1e-6,5,66,7,1e-6,1e-6,1e-6,1e-6,1e-6,1e-6,1e-6,1e-6,1e-6,1e-6,1e-6,1e-6,1e-6,5,7,1e-6,1e-6,1e-6,1e-6,1e-6,8,1e-6,1e-6,1e-6,1e-6,702,1e-6,2717,1e-6,200,168,2981,334,1e-6,1e-6,2047,466,8
165,1e-6,1046,121,1e-6,3781,1e-6,1e-6,6,1e-6,1e-6,1e-6,1e-6,1e-6,12,1e-6,1e-6,156,1e-6,1e-6,713,15,1e-6,251,1e-6,1e-6,1e-6,1e-6,1e-6,1e-6,1e-6,1e-6,1e-6,1e-6,1e-6,1e-6,1e-6,21,204,13,7,1e-6,2,45,1e-6,1e-6,1e-6,9,1e-6,1e-6,1e-6,1e-6,1e-6,1e-6,1e-6,2,4,1e-6,1e-6,1e-6,1e-6,1e-6,1e-6,1e-6,1e-6,1e-6,1e-6,1e-6,590,1e-6,1e-6,1e-6,1e-6,1e-6,1e-6,329,53457,1e-6,1e-6,1e-6,191,38,1046,379,1e-6,1527,24,22460,1e-6,13,819,1837,1e-6,6427,688,13329,1e-6,1045,1e-6,25,8717,1e-6,1e-6,3,1e-6,1e-6,37,11,6,1e-6,3060,398,486,70,1e-6,4057,5,284,1e-6,342,1e-6,16,74,29,2029,1e-6,3288,229,1e-6,1e-6,321,51,5,150,197,1485,1e-6,1e-6,11,698,1e-6,1e-6,1e-6,1e-6,1e-6,6,79,577,1e-6,1e-6,1e-6,1e-6,622,1e-6,11,1e-6,1e-6,1e-6,7,1e-6,1e-6,493,19,1e-6,1e-6,1e-6,1e-6,167,1e-6,587,1e-6,1e-6,1e-6,1e-6,1e-6,2,1e-6,197,134,1e-6,1e-6,334,8258,717,20523,30930,165,1e-6,1e-6,561,485,121,3565,1e-6,1e-6,1e-6,4,1e-6,1e-6,1e-6,1e-6,1e-6,2,1e-6,1e-6,1e-6,1e-6,1e-6,12,1e-6,1e-6,1e-6,1e-6,1e-6,156,1e-6,1e-6,1e-6,29,1e-6,216,1e-6,674,1e-6,713,1e-6,15,4282,1e-6,251,1e-6,1e-6,1e-6,1e-6,1e-6,1e-6,1e-6,1e-6,1e-6,1e-6,1e-6,1e-6,1e-6,1e-6,1e-6,1e-6,1e-6,21,204,13,7,1e-6,2,1e-6,1e-6,45,1e-6,1e-6,1e-6,1e-6,1e-6,1e-6,1e-6,1e-6,1e-6,1e-6,1e-6,1e-6,2,4,1e-6,1e-6,1e-6,1e-6,1e-6,1e-6,1e-6,1e-6,1e-6,1e-6,7,1e-6,1e-6,1e-6,1e-6,1e-6,17,1e-6,1e-6,1e-6,1e-6,1e-6,329,1e-6,1e-6,36428,2614,4874,8,1e-6,4,1e-6,1e-6,1e-6,5,6552,497,1e-6,1e-6,9158,324,725,178,2778,1e-6,16,191,193,38,1e-6,1046,1e-6,379,1e-6,7,558,683,313,4,1e-6,233,1e-6,1527,208,24,283,7115,3298,1e-6,113,13,16,149,381,63,819,320,1481,677,1e-6,20,4,1595,1e-6,801,344,2049,1e-6,1e-6,89,154,726,1e-6,185,96,176,197,1916,104,170,1e-6,1473,416,44,192,1e-6,6,259,444,34,210,6606,6723,282,1e-6,558,1e-6,562,1e-6,1e-6,1e-6,393,352,88,169,36,267,528,1e-6,1045,9,1e-6,1e-6,19,1e-6,1e-6,3429,27,8381,1e-6,264,1e-6,1e-6,1e-6,1e-6,1e-6,1e-6,1e-6,1e-6,1e-6,1e-6,1e-6,1e-6,3,1e-6,1e-6,1e-6,1343,29,1e-6,1e-6,11,1e-6,1e-6,6,1e-6,1e-6,1e-6,1e-6,8,1463,1e-6,972,535,1052,104,9,66,219,1e-6,1e-6,1e-6,1e-6,1e-6,288,68,486,1e-6,234,70,29,1e-6,3011,89,5,284,928,1e-6,1e-6,1e-6,1e-6,1e-6,141,1e-6,201,1e-6,1e-6,16,1e-6,71,1e-6,2029,552,15,744,1e-6,1e-6,180,1797,134,1e-6,2,93,1e-6,1e-6,1e-6,1e-6,1e-6,1e-6,1e-6,1e-6,1e-6,291,30,16,51,1e-6,1e-6,615,1e-6,5,50,1e-6,150,1e-6,74,1e-6,197,1292,1e-6,1e-6,11,1e-6,36,1e-6,36,698,3,1e-6,6,1e-6,1e-6,1e-6,1e-6,1e-6,1e-6,1e-6,1e-6,76,1e-6,1e-6,577,1e-6,1e-6,1e-6,1e-6,1e-6,615,1e-6,1e-6,11,1e-6,1e-6,1e-6,1e-6,1e-6,7,1e-6,1e-6,1e-6,1e-6,1e-6,476,19,1e-6,1e-6,1e-6,1e-6,167,1e-6,587,1e-6,1e-6,1e-6,1e-6,1e-6,1e-6,2,1e-6,1e-6,1e-6,1e-6,1e-6,1e-6,1e-6,29,168,134,1e-6,1e-6,334,1605,1e-6,9,717,3815,770,1e-6,1e-6,980,30921,1e-6
1e-6,1e-6,816,16,1e-6,2181,1e-6,1e-6,1e-6,1e-6,1e-6,226,1e-6,1e-6,6,1e-6,10,399,1e-6,1e-6,4793,20,1e-6,1395,1e-6,1e-6,1e-6,1e-6,1e-6,1e-6,1e-6,1e-6,1e-6,1e-6,1e-6,1e-6,1e-6,1e-6,111,1e-6,1e-6,1e-6,1e-6,148,1e-6,1e-6,1e-6,109,11,1e-6,32,1e-6,1e-6,11,2,1e-6,1e-6,1e-6,1e-6,1e-6,1e-6,1e-6,1e-6,1e-6,1e-6,1e-6,1e-6,1e-6,1086,7,1e-6,1e-6,1e-6,1e-6,1e-6,253,56590,1e-6,1e-6,8,159,35,82,561,1e-6,868,35,26608,1e-6,1e-6,2289,1424,1e-6,7973,10250,958,1e-6,1e-6,1e-6,31,1366,7,1e-6,30,1e-6,1e-6,559,1e-6,1e-6,1e-6,2638,871,827,120,1e-6,12371,13,153,1e-6,17412,2,2,564,39,1556,14,3344,874,1e-6,1e-6,118,1e-6,1e-6,1e-6,242,2109,1e-6,1e-6,1e-6,399,43,1e-6,1e-6,121,1e-6,1e-6,153,1e-6,1e-6,1e-6,1e-6,1e-6,613,1e-6,130,1e-6,2,1e-6,1e-6,1e-6,1e-6,179,23,1e-6,3,1e-6,1e-6,1e-6,4,335,1e-6,1e-6,1e-6,1e-6,1e-6,1e-6,1e-6,1e-6,1e-6,1e-6,1e-6,191,2028,994,21711,13005,1e-6,1e-6,8,384,424,16,2168,1e-6,1e-6,1e-6,1e-6,1e-6,1e-6,1e-6,1e-6,1e-6,1e-6,1e-6,1e-6,1e-6,226,1e-6,6,1e-6,1e-6,1e-6,1e-6,120,399,1e-6,1e-6,1503,39,1e-6,1e-6,13,374,381,3290,1e-6,20,3616,1e-6,1395,1e-6,1e-6,1e-6,1e-6,1e-6,1e-6,1e-6,1e-6,1e-6,1e-6,1e-6,1e-6,1e-6,1e-6,1e-6,1e-6,1e-6,1e-6,111,1e-6,1e-6,1e-6,1e-6,1e-6,1e-6,148,1e-6,32,1e-6,11,1e-6,1e-6,1e-6,1e-6,109,1e-6,11,2,1e-6,1e-6,1e-6,1e-6,1e-6,1e-6,1e-6,1e-6,1e-6,1e-6,443,1e-6,5,7,1e-6,1e-6,1e-6,1e-6,1e-6,1e-6,1e-6,1e-6,1e-6,1e-6,253,62,1e-6,45223,1893,1990,2,1e-6,8,1e-6,1e-6,8,4,301,316,1e-6,1e-6,6320,2358,1017,175,2854,1e-6,21,159,1e-6,35,1e-6,82,1e-6,561,1e-6,13,255,200,185,1e-6,1e-6,127,42,868,299,35,330,12809,3173,1e-6,31,1e-6,207,107,128,1e-6,2289,851,366,851,1e-6,1e-6,6,3210,1e-6,1288,97,513,1e-6,1e-6,57,1e-6,899,1e-6,326,19,118,396,898,142,1e-6,1e-6,1133,500,1e-6,244,12,326,99,6814,652,2784,497,461,242,1e-6,199,21,266,245,1e-6,1e-6,801,105,121,433,71,334,1270,1e-6,1e-6,1e-6,1e-6,1e-6,31,1e-6,1e-6,3665,87,1350,4,1e-6,1e-6,1e-6,1e-6,1e-6,138,1e-6,1e-6,1e-6,1e-6,1e-6,1e-6,1e-6,30,1e-6,1e-6,1e-6,266,518,1e-6,1e-6,1e-6,1e-6,1e-6,1e-6,1e-6,1e-6,1e-6,1e-6,41,1652,130,894,161,1334,111,136,399,225,1e-6,1e-6,1e-6,1e-6,1e-6,237,101,827,1e-6,305,120,128,138,10985,535,13,153,585,1e-6,1e-6,1e-6,1e-6,1e-6,408,133,16871,2,20,2,341,47,1e-6,1556,564,19,644,1e-6,14,81,2036,80,564,7,223,1e-6,1e-6,1e-6,1e-6,1e-6,1e-6,1e-6,1e-6,1e-6,57,61,1e-6,1e-6,1e-6,119,680,1e-6,1e-6,132,107,1e-6,1e-6,65,1e-6,242,2109,1e-6,1e-6,1e-6,1e-6,1e-6,1e-6,12,399,1e-6,1e-6,1e-6,43,1e-6,1e-6,1e-6,1e-6,121,1e-6,1e-6,153,1e-6,1e-6,1e-6,1e-6,1e-6,1e-6,159,1e-6,449,1e-6,1e-6,130,1e-6,1e-6,1e-6,2,1e-6,1e-6,1e-6,1e-6,1e-6,1e-6,1e-6,179,23,1e-6,3,1e-6,1e-6,1e-6,4,335,1e-6,1e-6,1e-6,1e-6,1e-6,1e-6,1e-6,1e-6,1e-6,1e-6,1e-6,1e-6,1e-6,1e-6,1e-6,1e-6,1e-6,1e-6,1e-6,191,1477,114,85,994,2871,122,10,1e-6,3629,13005,1e-6
1e-6,1e-6,1e-6,1e-6,1e-6,90,1e-6,1e-6,1e-6,1e-6,1e-6,1e-6,1e-6,1e-6,1e-6,1e-6,1e-6,379,47,1e-6,358,1e-6,1e-6,2,1e-6,1e-6,1e-6,3,1e-6,1e-6,1e-6,1e-6,1e-6,1e-6,1e-6,1e-6,1e-6,1e-6,27,1e-6,1e-6,1e-6,1e-6,20489,1e-6,1e-6,1e-6,107,2,1e-6,24,1e-6,1e-6,13,1e-6,1e-6,1e-6,1e-6,1e-6,1e-6,1e-6,1e-6,8,1e-6,1e-6,1e-6,1e-6,1e-6,1683,2,1e-6,1e-6,1e-6,1e-6,1e-6,124,39825,1e-6,1e-6,1e-6,29,1e-6,68,37,3,428,21,22773,1e-6,1e-6,1122,1226,1e-6,2367,1089,1e-6,1e-6,79,1e-6,1e-6,1439,1e-6,2,3,1e-6,1e-6,106,2,1e-6,1e-6,7779,2425,2613,1e-6,1e-6,5861,4,359,1e-6,3642,3,4,3977,1e-6,158,40,5446,42,1e-6,1e-6,210,1e-6,1e-6,1e-6,290,629,1e-6,1e-6,3,1e-6,1e-6,1e-6,1e-6,1e-6,1e-6,1e-6,53,28,1e-6,1e-6,1e-6,1e-6,178,1e-6,1e-6,1e-6,1e-6,3,1e-6,1e-6,2,1e-6,7,1e-6,1e-6,1e-6,1e-6,1e-6,1e-6,1e-6,1e-6,1e-6,1e-6,1e-6,1e-6,1e-6,1e-6,1e-6,1e-6,1e-6,1e-6,1e-6,5521,636,28398,1e-6,1e-6,1e-6,1e-6,1e-6,1e-6,1e-6,1e-6,1e-6,1e-6,1e-6,1e-6,1e-6,1e-6,1e-6,1e-6,1e-6,1e-6,1e-6,1e-6,1e-6,1e-6,1e-6,1e-6,1e-6,1e-6,1e-6,1e-6,1e-6,379,1e-6,47,1e-6,1e-6,1e-6,1e-6,90,1e-6,1e-6,358,1e-6,1e-6,1510,1e-6,2,1e-6,1e-6,1e-6,1e-6,1e-6,1e-6,1e-6,1e-6,1e-6,1e-6,1e-6,1e-6,1e-6,1e-6,1e-6,1e-6,1e-6,1e-6,27,1e-6,1e-6,1e-6,1e-6,340,1e-6,20132,1e-6,15,1e-6,2,1e-6,1e-6,9,1e-6,107,13,1e-6,1e-6,1e-6,1e-6,1e-6,1e-6,1e-6,8,1e-6,1e-6,1e-6,1e-6,515,1e-6,2,2,1e-6,1e-6,1e-6,1e-6,1e-6,1e-6,1e-6,1e-6,1e-6,1e-6,124,12,1e-6,33772,3,2377,1e-6,1e-6,1e-6,1e-6,1e-6,1e-6,1e-6,205,432,1e-6,1e-6,1426,2806,569,37,649,1e-6,1e-6,29,1e-6,1e-6,3,68,1e-6,37,1e-6,7,298,1e-6,262,1e-6,15,28,1e-6,428,6,21,55,15312,2848,1e-6,41,1e-6,12,1e-6,1e-6,1e-6,1122,776,331,269,1e-6,107,109,509,10,21,155,215,63,1e-6,148,1e-6,1651,1e-6,104,1e-6,1e-6,693,1132,1e-6,1e-6,1e-6,1393,459,51,719,1e-6,1e-6,47,738,48,303,1e-6,1e-6,4,1e-6,465,176,119,1e-6,1e-6,1e-6,977,418,106,236,79,761,2155,1e-6,79,1e-6,1e-6,1e-6,1e-6,1e-6,1e-6,6379,15,1430,1e-6,1e-6,1e-6,1e-6,1e-6,1e-6,1e-6,33,1e-6,1e-6,1e-6,1e-6,1e-6,1e-6,3,1e-6,1e-6,2,449,106,1e-6,1e-6,2,1e-6,1e-6,1e-6,1e-6,1e-6,1e-6,5,1e-6,1102,1e-6,2656,1e-6,6690,235,423,378,1389,1e-6,1e-6,1e-6,1e-6,1e-6,892,273,2613,3,1e-6,1e-6,6,1e-6,5024,282,4,1e-6,549,1e-6,1e-6,359,1e-6,1e-6,300,1e-6,3342,3,184,4,3674,26,1e-6,158,1460,117,1115,1e-6,40,212,2542,14,1e-6,1e-6,22,1e-6,6,1e-6,1e-6,1e-6,1e-6,1e-6,1e-6,1e-6,210,1e-6,1e-6,1e-6,14,1e-6,588,1e-6,1e-6,38,1e-6,1e-6,81,1e-6,1e-6,290,629,1e-6,1e-6,3,1e-6,1e-6,1e-6,9,1e-6,2,1e-6,1e-6,1e-6,1e-6,1e-6,1e-6,1e-6,1e-6,1e-6,1e-6,47,4,1e-6,28,1e-6,1e-6,1e-6,1e-6,1e-6,176,1e-6,1e-6,1e-6,1e-6,1e-6,1e-6,1e-6,3,1e-6,1e-6,1e-6,2,1e-6,1e-6,1e-6,7,1e-6,1e-6,1e-6,1e-6,1e-6,1e-6,1e-6,1e-6,1e-6,1e-6,1e-6,1e-6,1e-6,1e-6,1e-6,1e-6,1e-6,1e-6,1e-6,1e-6,1e-6,1e-6,1e-6,1e-6,1e-6,1e-6,1e-6,4662,1e-6,628,636,2163,1e-6,1e-6,1e-6,5343,1e-6,5
9,1e-6,50,1e-6,1e-6,1243,1e-6,1e-6,1e-6,1e-6,1e-6,1e-6,1e-6,1e-6,1e-6,1e-6,1e-6,638,82,1e-6,155,8,1e-6,24,1e-6,1e-6,1e-6,1e-6,1e-6,1e-6,1e-6,1e-6,1e-6,1e-6,1e-6,1e-6,1e-6,17,113,1e-6,30,1e-6,1e-6,1e-6,1e-6,1e-6,1e-6,1e-6,1e-6,1e-6,1e-6,1e-6,1e-6,1e-6,1e-6,1e-6,1e-6,1e-6,1e-6,1e-6,1e-6,1e-6,84,1e-6,1e-6,1e-6,1e-6,1e-6,565,1e-6,1e-6,1e-6,1e-6,1e-6,141,358,66385,1e-6,1e-6,1e-6,421,60,388,1040,30,1579,9,28607,1e-6,3,1444,1007,1e-6,7138,64,4005,1e-6,646,1e-6,120,1714,1e-6,1e-6,1e-6,1e-6,1e-6,1e-6,1e-6,1e-6,1e-6,5234,2391,1499,7,1e-6,3332,1e-6,1e-6,1e-6,11,1e-6,8,1e-6,151,2685,1e-6,3036,529,1e-6,1e-6,31,27,1e-6,48,4823,3239,101,1e-6,1e-6,8,3,1e-6,1e-6,1e-6,1e-6,1e-6,176,27,1e-6,1e-6,1e-6,1e-6,1e-6,1e-6,1e-6,1e-6,1e-6,9,1e-6,1e-6,1e-6,53,14,1e-6,1e-6,1e-6,1e-6,1e-6,5,1873,1e-6,1e-6,1e-6,1e-6,1e-6,1e-6,1e-6,1e-6,24,1e-6,125,1e-6,3437,3518,41108,1e-6,9,1e-6,1e-6,1e-6,50,1e-6,1076,1e-6,1e-6,1e-6,1e-6,1e-6,1e-6,1e-6,1e-6,1e-6,1e-6,1e-6,1e-6,1e-6,1e-6,1e-6,1e-6,1e-6,1e-6,113,1e-6,1e-6,638,2,82,1e-6,149,1e-6,1e-6,167,1e-6,1e-6,155,1e-6,8,2493,1e-6,24,1e-6,1e-6,1e-6,1e-6,1e-6,1e-6,1e-6,1e-6,1e-6,1e-6,1e-6,1e-6,1e-6,1e-6,1e-6,1e-6,1e-6,17,113,1e-6,30,1e-6,1e-6,1e-6,1e-6,1e-6,1e-6,1e-6,1e-6,1e-6,1e-6,1e-6,1e-6,1e-6,1e-6,1e-6,1e-6,1e-6,1e-6,1e-6,1e-6,1e-6,1e-6,84,1e-6,1e-6,1e-6,1e-6,188,1e-6,1e-6,1e-6,1e-6,1e-6,1e-6,80,9,1e-6,1e-6,1e-6,115,26,358,19,1e-6,57976,1000,1497,1e-6,1e-6,9,1e-6,1e-6,1e-6,6,1e-6,1044,1e-6,1e-6,7185,151,754,146,2747,31,1e-6,421,8,60,1e-6,388,1e-6,1040,1e-6,1e-6,396,269,371,1e-6,1e-6,309,1e-6,1579,67,9,263,11966,7159,1e-6,143,3,134,1e-6,132,37,1444,757,93,1147,1e-6,23,283,2335,88,1e-6,235,1e-6,26,1e-6,228,1e-6,1455,1e-6,485,24,1e-6,834,3398,241,90,1e-6,5200,4,34,1022,1e-6,263,561,64,1e-6,1e-6,1921,2004,508,1e-6,133,2,1e-6,1e-6,1e-6,22,1792,516,5,907,37,577,9482,1e-6,646,1e-6,1e-6,1e-6,120,1e-6,1e-6,6397,49,1669,1e-6,1e-6,1e-6,1e-6,1e-6,1e-6,1e-6,1e-6,1e-6,1e-6,1e-6,1e-6,1e-6,1e-6,1e-6,1e-6,1e-6,1e-6,329,1e-6,1e-6,1e-6,1e-6,1e-6,1e-6,1e-6,1e-6,1e-6,1e-6,1e-6,1e-6,1862,1e-6,2075,100,3891,195,671,471,1050,1e-6,1e-6,1e-6,1e-6,1e-6,377,1e-6,1499,1e-6,1e-6,7,8,1e-6,3324,1e-6,1e-6,1e-6,1e-6,1e-6,1e-6,1e-6,1e-6,1e-6,1e-6,1e-6,11,1e-6,1e-6,8,1e-6,118,1e-6,2685,653,131,985,1e-6,1e-6,133,1134,1e-6,179,3,347,1e-6,1e-6,1e-6,1e-6,1e-6,1e-6,1e-6,1e-6,1e-6,21,10,1e-6,27,3,137,868,1e-6,1e-6,6,1e-6,48,1e-6,1e-6,7,4816,3231,101,1e-6,1e-6,1e-6,29,1e-6,16,8,2,1e-6,1e-6,3,27,1e-6,1e-6,1e-6,1e-6,1e-6,1e-6,174,1e-6,1e-6,1e-6,1e-6,1e-6,1e-6,1e-6,1e-6,1e-6,1e-6,1e-6,1e-6,1e-6,1e-6,1e-6,1e-6,9,1e-6,1e-6,1e-6,1e-6,1e-6,1e-6,44,14,1e-6,1e-6,1e-6,1e-6,1e-6,5,1873,1e-6,1e-6,1e-6,1e-6,1e-6,1e-6,1e-6,1e-6,1e-6,1e-6,1e-6,1e-6,1e-6,1e-6,1e-6,1e-6,24,1e-6,125,1e-6,1050,296,1967,3518,2976,330,1e-6,26,1208,1e-6,4
1e-6,1e-6,3813,1e-6,1e-6,8910,1e-6,1e-6,1e-6,1e-6,1e-6,1e-6,1e-6,1e-6,1e-6,1e-6,1e-6,497,18,6,2134,6,1e-6,84,1e-6,1e-6,1e-6,1e-6,1e-6,1e-6,1e-6,1e-6,1e-6,1e-6,1e-6,1e-6,1e-6,4,34,5,1e-6,1e-6,1e-6,552,1e-6,1e-6,1e-6,1e-6,1e-6,1e-6,1e-6,1e-6,1e-6,1e-6,1e-6,1e-6,1e-6,1e-6,1e-6,1e-6,1e-6,1e-6,1e-6,1e-6,1e-6,1e-6,1e-6,1e-6,421,1e-6,1e-6,1e-6,1e-6,1e-6,1e-6,94,9042,1e-6,1e-6,1e-6,208,208,443,771,1e-6,1324,64,18158,1e-6,1e-6,1927,800,1e-6,6165,22,150,1e-6,4966,1e-6,37,3393,1e-6,1e-6,3,1e-6,1e-6,1e-6,1e-6,1e-6,1e-6,2744,1968,755,1e-6,1e-6,1e-6,1e-6,1e-6,1e-6,1e-6,1e-6,6,1e-6,43,6094,11,2204,481,1e-6,1e-6,10,1e-6,1e-6,24,879,1523,6,1e-6,4,87,1e-6,1e-6,1e-6,1e-6,1e-6,1e-6,84,3,1e-6,1e-6,1e-6,1e-6,1e-6,1e-6,1e-6,1e-6,1e-6,1e-6,1e-6,1e-6,1e-6,21,8,1e-6,1e-6,1e-6,1e-6,1e-6,1e-6,1e-6,1e-6,1e-6,1e-6,1e-6,1e-6,1e-6,1e-6,1e-6,1e-6,1e-6,1e-6,1e-6,3936,7593,25339,1e-6,1e-6,1e-6,1e-6,1e-6,3813,1e-6,8716,1e-6,1e-6,1e-6,1e-6,1e-6,1e-6,1e-6,1e-6,1e-6,1e-6,1e-6,1e-6,1e-6,1e-6,1e-6,1e-6,1e-6,2,1e-6,1e-6,1e-6,497,1e-6,18,1e-6,1e-6,6,1e-6,194,1e-6,1e-6,2134,1e-6,6,257,1e-6,84,1e-6,1e-6,1e-6,1e-6,1e-6,1e-6,1e-6,1e-6,1e-6,1e-6,1e-6,1e-6,1e-6,1e-6,1e-6,1e-6,1e-6,4,34,5,1e-6,1e-6,1e-6,40,1e-6,510,1e-6,1e-6,1e-6,1e-6,1e-6,1e-6,1e-6,1e-6,1e-6,1e-6,1e-6,1e-6,1e-6,1e-6,1e-6,1e-6,1e-6,1e-6,1e-6,1e-6,1e-6,1e-6,206,1e-6,1e-6,1e-6,1e-6,1e-6,1e-6,1e-6,21,1e-6,1e-6,1e-6,1e-6,1e-6,92,8,1e-6,8570,119,96,1e-6,1e-6,1e-6,1e-6,1e-6,1e-6,60,179,946,1e-6,1e-6,3148,2437,910,127,2374,52,1e-6,208,222,208,1e-6,443,1e-6,771,1e-6,5,300,367,238,27,2,177,1e-6,1324,1e-6,64,369,6562,3968,1e-6,125,1e-6,120,1e-6,193,1e-6,1927,670,10,949,1e-6,1e-6,196,1845,40,275,97,1001,158,1e-6,5,307,964,1e-6,410,2,1023,315,2467,53,239,1e-6,1479,297,1e-6,233,1e-6,422,266,22,1e-6,1e-6,78,72,147,1e-6,8,1e-6,357,192,1e-6,1e-6,448,445,112,142,104,641,2089,1e-6,4966,1e-6,1e-6,1e-6,37,1e-6,1e-6,3249,115,3046,1e-6,337,1e-6,1e-6,1e-6,1e-6,1e-6,1e-6,1e-6,1e-6,1e-6,1e-6,1e-6,1e-6,3,1e-6,1e-6,1e-6,749,1e-6,1e-6,1e-6,1e-6,1e-6,1e-6,1e-6,1e-6,1e-6,1e-6,1e-6,1e-6,2040,1e-6,1506,65,1995,468,276,111,1113,1e-6,1e-6,1e-6,1e-6,1e-6,215,1e-6,755,1e-6,1e-6,1e-6,1e-6,1e-6,1e-6,1e-6,1e-6,1e-6,1e-6,1e-6,1e-6,1e-6,1e-6,1e-6,1e-6,1e-6,1e-6,1e-6,1e-6,6,1e-6,3,43,6094,476,16,560,1e-6,11,279,873,119,177,1e-6,185,1e-6,1e-6,1e-6,1e-6,1e-6,1e-6,1e-6,1e-6,1e-6,10,1e-6,1e-6,1e-6,1e-6,1e-6,1e-6,1e-6,1e-6,1e-6,1e-6,24,1e-6,1e-6,3,876,1301,6,1e-6,4,1e-6,1e-6,1e-6,10,87,1e-6,1e-6,1e-6,1e-6,3,1e-6,1e-6,1e-6,1e-6,1e-6,1e-6,84,1e-6,1e-6,1e-6,1e-6,1e-6,1e-6,1e-6,1e-6,1e-6,1e-6,1e-6,1e-6,1e-6,1e-6,1e-6,1e-6,1e-6,1e-6,1e-6,1e-6,1e-6,1e-6,1e-6,1e-6,8,1e-6,1e-6,1e-6,1e-6,1e-6,1e-6,1e-6,1e-6,1e-6,1e-6,1e-6,1e-6,1e-6,1e-6,1e-6,1e-6,1e-6,1e-6,1e-6,1e-6,1e-6,1e-6,1e-6,1e-6,1e-6,1e-6,1e-6,3216,1e-6,478,7593,1e-6,1e-6,1e-6,1e-6,2626,1e-6,1e-6
1e-6,1e-6,2892,1e-6,1e-6,1024,1e-6,1e-6,1e-6,1e-6,1e-6,1e-6,1e-6,1e-6,1e-6,1e-6,2,334,1e-6,3,1238,25,1e-6,544,1e-6,1e-6,1e-6,1e-6,1e-6,1e-6,1e-6,1e-6,1e-6,1e-6,1e-6,1e-6,1e-6,1e-6,69,1e-6,1e-6,1e-6,2,1099,1e-6,1e-6,1e-6,9,1e-6,1e-6,4,1e-6,1e-6,1e-6,1e-6,1e-6,1e-6,1e-6,1e-6,1e-6,1e-6,1e-6,1e-6,1e-6,1e-6,1e-6,1e-6,1e-6,1156,1e-6,1e-6,1e-6,1e-6,1e-6,1e-6,141,36011,1e-6,1e-6,1e-6,442,1e-6,107,1390,1e-6,1334,66,24340,1e-6,1e-6,2521,1187,1e-6,13995,114,99,1e-6,354,1e-6,74,6374,1e-6,1e-6,5,1e-6,1e-6,250,1e-6,4,1e-6,3549,1033,2349,197,31,16189,3,519,1e-6,583,1e-6,16,721,99,2523,4,4026,1195,3,1e-6,244,1e-6,1e-6,4,583,2401,1e-6,1e-6,4,684,1e-6,1e-6,1e-6,1e-6,1e-6,1e-6,134,44,1e-6,1e-6,1e-6,1e-6,536,20,1e-6,1e-6,1e-6,1e-6,1e-6,1e-6,1e-6,147,32,1e-6,1e-6,1e-6,1e-6,108,1e-6,208,1e-6,1e-6,1e-6,1e-6,1e-6,1e-6,1e-6,13,2,1e-6,366,1e-6,2778,2705,31586,2940,1e-6,1e-6,1e-6,779,2113,1e-6,1021,1e-6,1e-6,1e-6,1e-6,1e-6,1e-6,1e-6,1e-6,1e-6,1e-6,1e-6,1e-6,1e-6,1e-6,1e-6,1e-6,1e-6,1e-6,1e-6,2,1e-6,334,1e-6,1e-6,293,99,3,1e-6,1e-6,264,1e-6,945,1e-6,25,670,1e-6,544,1e-6,1e-6,1e-6,1e-6,1e-6,1e-6,1e-6,1e-6,1e-6,1e-6,1e-6,1e-6,1e-6,1e-6,1e-6,1e-6,1e-6,1e-6,69,1e-6,1e-6,1e-6,2,85,1e-6,1014,1e-6,1e-6,1e-6,1e-6,1e-6,1e-6,1e-6,4,9,1e-6,1e-6,1e-6,1e-6,1e-6,1e-6,1e-6,1e-6,1e-6,1e-6,1e-6,1e-6,1e-6,739,1e-6,2,1e-6,1e-6,1e-6,1e-6,1e-6,7,1e-6,1e-6,1e-6,1e-6,1e-6,141,12,3,31493,1319,465,1e-6,1e-6,5,1e-6,1e-6,1e-6,4,393,533,1e-6,1e-6,3738,3549,1950,374,4517,1e-6,56,442,317,1e-6,1e-6,107,1e-6,1390,1e-6,13,423,454,485,61,1e-6,91,28,1334,235,66,1e-6,8891,4869,1e-6,80,1e-6,254,17,596,1e-6,2521,657,224,1906,1e-6,52,37,5777,5,1212,22,956,1e-6,1e-6,133,1e-6,890,1e-6,738,1e-6,329,144,1974,34,1e-6,1e-6,890,440,1e-6,347,1e-6,330,269,112,2,1e-6,1e-6,99,6996,1e-6,89,82,61,1e-6,1e-6,1e-6,1012,538,77,626,188,727,1663,1e-6,354,1e-6,1e-6,1e-6,74,1e-6,1e-6,2357,233,4250,1e-6,2104,4,1e-6,1e-6,10,1e-6,1e-6,1e-6,127,1e-6,1e-6,1e-6,1e-6,5,1e-6,1e-6,1e-6,340,234,1e-6,1e-6,1e-6,1e-6,4,1e-6,1e-6,1e-6,1e-6,1e-6,16,1944,1e-6,2056,139,1920,122,421,241,249,1e-6,1e-6,1e-6,1e-6,1e-6,321,96,2349,1e-6,1e-6,197,11,102,15892,67,3,519,117,1e-6,1e-6,1e-6,1e-6,1e-6,542,3,35,1e-6,30,16,329,13,1e-6,2523,1022,204,990,1e-6,4,216,1594,219,480,1e-6,496,1e-6,1e-6,1e-6,1e-6,1e-6,3,1e-6,1e-6,1e-6,227,17,6,1e-6,1e-6,106,998,1e-6,1e-6,185,1e-6,4,181,40,3,580,2084,1e-6,1e-6,4,1e-6,1e-6,1e-6,20,684,1e-6,1e-6,1e-6,1e-6,1e-6,1e-6,1e-6,1e-6,1e-6,1e-6,1e-6,134,1e-6,44,1e-6,1e-6,1e-6,1e-6,142,1e-6,392,1e-6,20,1e-6,1e-6,1e-6,1e-6,1e-6,1e-6,1e-6,1e-6,1e-6,1e-6,1e-6,1e-6,140,32,1e-6,1e-6,1e-6,1e-6,108,1e-6,208,1e-6,1e-6,1e-6,1e-6,1e-6,1e-6,1e-6,1e-6,1e-6,1e-6,1e-6,1e-6,1e-6,1e-6,1e-6,13,2,1e-6,366,1e-6,1709,1e-6,653,2705,1726,74,1e-6,41,3679,2940,3
12,1e-6,4767,1e-6,1e-6,619,4,1e-6,8,1e-6,1e-6,393,1e-6,1e-6,1e-6,1e-6,1e-6,5175,1e-6,1e-6,188,63,1e-6,130,1e-6,1e-6,1e-6,1e-6,5,1e-6,1e-6,1e-6,1e-6,106,1e-6,1e-6,1e-6,2,189,1e-6,1e-6,1e-6,1e-6,4529,1e-6,1e-6,1e-6,27,1e-6,3,2,1e-6,1e-6,34,1e-6,1e-6,1e-6,1e-6,1e-6,1e-6,1e-6,2,9,1e-6,1e-6,1e-6,1e-6,71,141,7,1e-6,10,1e-6,1e-6,1e-6,1053,19452,1e-6,1e-6,1e-6,588,50,1442,2356,8,3186,166,29935,1e-6,8,1535,971,1e-6,15616,118,667,1e-6,2513,1e-6,53,452,1e-6,13,3,1e-6,1e-6,1e-6,1e-6,1e-6,1e-6,1183,642,294,1e-6,1e-6,1e-6,1e-6,1e-6,1e-6,212,2,1e-6,221,68,4451,3,565,556,5,1e-6,83,19,1e-6,160,2487,8324,37,1e-6,1e-6,1833,3,1e-6,1e-6,1e-6,1e-6,1e-6,120,110,1e-6,1e-6,1e-6,1e-6,640,201,1e-6,1e-6,32,1e-6,3,1e-6,8,728,41,7,1e-6,1e-6,1e-6,49,1e-6,120,1e-6,1e-6,1e-6,1e-6,1e-6,2,2,6,26,1e-6,1e-6,1e-6,2870,4527,29443,16371,12,1e-6,3,605,4159,1e-6,1e-6,1e-6,1e-6,4,4,1e-6,1e-6,1e-6,1e-6,1e-6,4,1e-6,1e-6,1e-6,393,1e-6,1e-6,1e-6,143,1e-6,1e-6,1e-6,5175,1e-6,1e-6,1e-6,68,1e-6,1e-6,619,1243,1e-6,188,1e-6,63,1533,1e-6,130,1e-6,1e-6,1e-6,1e-6,1e-6,1e-6,1e-6,1e-6,1e-6,5,1e-6,1e-6,1e-6,18,1e-6,1e-6,1e-6,2,189,1e-6,1e-6,1e-6,1e-6,229,1e-6,4300,1e-6,1e-6,1e-6,1e-6,1e-6,3,1e-6,1e-6,27,1e-6,34,1e-6,1e-6,1e-6,1e-6,1e-6,2,9,1e-6,1e-6,1e-6,71,1e-6,1e-6,51,7,1e-6,1e-6,10,1e-6,99,1e-6,1e-6,1e-6,1e-6,1e-6,910,43,1e-6,10237,1461,4385,34,1e-6,1e-6,1e-6,1e-6,1e-6,17,36,1004,1e-6,1e-6,15322,165,1484,504,6217,1e-6,1e-6,588,838,50,8,1442,1e-6,2356,1e-6,13,435,306,255,13,1e-6,246,1e-6,3186,132,166,357,9086,1984,1e-6,371,8,151,1e-6,180,1e-6,1535,820,1e-6,1980,1e-6,1e-6,363,6216,18,1e-6,117,278,127,1e-6,425,1e-6,1060,1e-6,1618,1e-6,1e-6,648,3269,1314,158,1e-6,6064,285,149,470,17,108,484,4,1e-6,114,250,417,555,1e-6,67,1e-6,203,1e-6,1e-6,1e-6,1071,660,80,79,68,512,1055,1e-6,2513,1e-6,1e-6,1e-6,53,1e-6,6,3835,246,331,1e-6,109,8,1e-6,1e-6,1e-6,1e-6,15,1e-6,153,1e-6,7,1e-6,1e-6,3,1e-6,1e-6,1e-6,110,1e-6,1e-6,1e-6,1e-6,1e-6,1e-6,1e-6,1e-6,1e-6,1e-6,1e-6,1e-6,876,76,1341,1e-6,1e-6,5,231,163,243,1e-6,1e-6,1e-6,1e-6,1e-6,51,90,294,1e-6,1e-6,1e-6,1e-6,1e-6,1e-6,1e-6,1e-6,1e-6,1e-6,1e-6,1e-6,1e-6,1e-6,1e-6,154,1e-6,58,2,1e-6,1e-6,1e-6,29,1e-6,4451,115,1e-6,235,1e-6,3,22,193,112,1e-6,3,441,1e-6,1e-6,2,3,1e-6,1e-6,1e-6,1e-6,1e-6,30,53,31,19,3,289,481,1e-6,1e-6,300,1e-6,160,42,3,1e-6,2487,7484,37,1e-6,1e-6,1e-6,1e-6,1e-6,12,1833,1e-6,1e-6,1e-6,3,1e-6,1e-6,1e-6,1e-6,1e-6,1e-6,1e-6,120,1e-6,1e-6,110,1e-6,1e-6,1e-6,1e-6,3,523,120,81,1e-6,1e-6,1e-6,32,1e-6,1e-6,3,1e-6,100,8,1e-6,1e-6,611,41,7,1e-6,1e-6,1e-6,49,1e-6,120,1e-6,1e-6,1e-6,1e-6,1e-6,1e-6,1e-6,1e-6,1e-6,2,1e-6,2,1e-6,1e-6,6,1e-6,26,1e-6,1e-6,1e-6,1361,1e-6,1396,4527,1e-6,593,1e-6,1e-6,942,16371,9
36,1e-6,1e-6,1e-6,1e-6,3239,4,1e-6,55,1e-6,1e-6,277,1e-6,1e-6,1e-6,1e-6,1e-6,247,1e-6,1e-6,22682,13,1e-6,42,1e-6,1e-6,1e-6,1e-6,1e-6,1e-6,1e-6,1e-6,1e-6,104,1e-6,1e-6,1e-6,1e-6,132,1e-6,1e-6,1e-6,6,1e-6,1e-6,4,1e-6,1e-6,1e-6,1e-6,26,1e-6,1e-6,43,3,3,1e-6,1e-6,1e-6,1e-6,1e-6,1e-6,1e-6,1e-6,1e-6,1e-6,1e-6,1e-6,159,1e-6,1e-6,1e-6,1e-6,5,670,9,41054,1e-6,1e-6,1e-6,857,10,694,1474,1e-6,2680,117,25152,1e-6,7,3371,1493,1e-6,14751,170,2,1e-6,912,1e-6,1e-6,7738,1e-6,4,6,1e-6,1e-6,1e-6,287,1e-6,1e-6,2799,1875,856,1e-6,3,4123,1e-6,456,1e-6,320,4,21,1e-6,162,1522,1e-6,2403,954,1e-6,1e-6,28,4,15,6,2953,4372,19,1e-6,34,330,6,1e-6,1e-6,1e-6,1e-6,20,171,123,1e-6,2,1e-6,1e-6,87,1e-6,1e-6,1e-6,4,1e-6,1e-6,1e-6,11,116,26,1e-6,1e-6,1e-6,4,1e-6,1e-6,158,1e-6,1e-6,2,1e-6,1e-6,21,2,1e-6,50,1e-6,98,1e-6,2096,746,29181,16016,36,1e-6,1e-6,1e-6,1e-6,1e-6,3137,1e-6,1e-6,4,6,1e-6,1e-6,1e-6,1e-6,1e-6,49,1e-6,1e-6,1e-6,277,1e-6,1e-6,1e-6,1e-6,1e-6,1e-6,1e-6,247,1e-6,1e-6,1e-6,147,1e-6,1e-6,11,747,1e-6,22682,1e-6,13,1210,1e-6,42,1e-6,1e-6,1e-6,1e-6,1e-6,1e-6,1e-6,1e-6,1e-6,1e-6,1e-6,1e-6,1e-6,1e-6,1e-6,1e-6,1e-6,1e-6,132,1e-6,1e-6,1e-6,6,1e-6,1e-6,1e-6,4,20,1e-6,1e-6,1e-6,1e-6,1e-6,3,1e-6,1e-6,43,3,3,1e-6,1e-6,1e-6,1e-6,1e-6,1e-6,1e-6,1e-6,1e-6,43,1e-6,1e-6,1e-6,1e-6,1e-6,1e-6,2,1e-6,1e-6,61,5,417,192,9,1e-6,91,31973,2096,3703,6,1e-6,2,1e-6,1e-6,1e-6,10,1e-6,505,1e-6,19,3533,2344,1333,550,4898,20,52,857,415,10,1e-6,694,1e-6,1474,1e-6,18,429,855,305,1e-6,1e-6,134,5,2680,292,117,137,11457,4975,1e-6,196,7,473,1e-6,156,8,3371,980,40,1193,1e-6,1e-6,165,6708,1e-6,1e-6,20,76,24,1e-6,206,15,1128,1e-6,963,61,55,369,3669,294,106,1e-6,3860,510,36,356,1e-6,225,451,170,1e-6,1e-6,1e-6,1e-6,738,1e-6,73,1e-6,147,1e-6,13,1e-6,1157,137,66,173,35,343,4022,1e-6,912,45,1e-6,1e-6,1e-6,1e-6,1e-6,2896,298,1807,1e-6,5765,1e-6,1e-6,1e-6,1e-6,1e-6,1e-6,1e-6,1e-6,1e-6,1e-6,1e-6,1e-6,6,1e-6,1e-6,4,160,1e-6,1e-6,1e-6,11,274,1e-6,1e-6,1e-6,1e-6,1e-6,1e-6,1e-6,3633,81,1655,195,1270,165,201,783,726,1e-6,1e-6,1e-6,1e-6,1e-6,1e-6,116,856,1e-6,1e-6,1e-6,62,1e-6,4056,5,1e-6,1e-6,1e-6,6,1e-6,450,1e-6,1e-6,1e-6,1e-6,320,4,1e-6,21,1e-6,30,15,1522,750,37,1418,1e-6,1e-6,1e-6,198,73,1e-6,1e-6,879,1e-6,2,1e-6,1e-6,1e-6,1e-6,1e-6,1e-6,1e-6,28,1e-6,13,4,4,124,549,6,15,686,1e-6,6,1e-6,1e-6,1e-6,2953,3953,19,1e-6,34,1e-6,16,7,143,330,1e-6,1e-6,1e-6,6,1e-6,1e-6,1e-6,1e-6,1e-6,1e-6,20,171,1e-6,1e-6,123,2,1e-6,1e-6,1e-6,1e-6,87,1e-6,1e-6,1e-6,1e-6,1e-6,1e-6,1e-6,1e-6,1e-6,15,89,1e-6,1e-6,11,116,26,1e-6,1e-6,1e-6,4,1e-6,1e-6,158,1e-6,1e-6,1e-6,2,1e-6,1e-6,1e-6,19,2,1e-6,1e-6,1e-6,2,1e-6,1e-6,1e-6,50,1e-6,98,1e-6,542,98,1403,746,779,546,1e-6,1e-6,691,15971,12
31,1e-6,2468,1e-6,1e-6,668,1e-6,1e-6,1e-6,1e-6,1e-6,1e-6,1e-6,1e-6,1e-6,1e-6,9,1226,1e-6,1e-6,7486,1e-6,1e-6,13,1e-6,1e-6,6,1e-6,1e-6,1e-6,1e-6,1e-6,1e-6,1e-6,1e-6,1e-6,1e-6,1e-6,41,1e-6,3,1e-6,13,2774,1e-6,1e-6,1e-6,1e-6,1e-6,1e-6,287,1e-6,1e-6,1e-6,1e-6,1e-6,1e-6,1e-6,1e-6,1e-6,1e-6,1e-6,1e-6,1e-6,1e-6,1e-6,1e-6,1e-6,661,3,1e-6,1e-6,1e-6,1e-6,1e-6,209,46946,1e-6,1e-6,1e-6,109,98,65,1176,1e-6,1121,77,33193,1e-6,1e-6,1881,1761,1e-6,7636,2,4000,1e-6,485,7,103,1438,1e-6,1e-6,1e-6,1e-6,1e-6,1e-6,1e-6,1e-6,1e-6,2788,2139,2447,1e-6,1e-6,6343,3,1e-6,1e-6,4,1e-6,1e-6,10,96,2961,13,1040,722,7,1e-6,53,1e-6,1e-6,1e-6,117,2934,13,1e-6,1e-6,1e-6,1e-6,1e-6,1e-6,1e-6,1e-6,1e-6,154,50,1e-6,1e-6,1e-6,1e-6,419,1e-6,1e-6,1e-6,1e-6,11,1e-6,1e-6,1e-6,252,16,1e-6,1e-6,1e-6,1e-6,1e-6,1e-6,138,1e-6,1e-6,1e-6,1e-6,1e-6,1e-6,1e-6,124,1e-6,1e-6,1e-6,305,5382,3499,42294,1e-6,31,1e-6,1e-6,671,1797,1e-6,437,1e-6,1e-6,1e-6,1e-6,1e-6,1e-6,1e-6,1e-6,1e-6,1e-6,1e-6,1e-6,1e-6,1e-6,1e-6,1e-6,1e-6,1e-6,1e-6,7,1e-6,1226,1e-6,1e-6,1e-6,42,1e-6,1e-6,231,1e-6,1e-6,7486,2,1e-6,1105,1e-6,13,1e-6,1e-6,1e-6,1e-6,1e-6,6,1e-6,1e-6,1e-6,1e-6,1e-6,1e-6,1e-6,1e-6,6,1e-6,1e-6,1e-6,41,1e-6,3,1e-6,13,31,1e-6,2735,1e-6,115,1e-6,1e-6,1e-6,1e-6,168,1e-6,1e-6,1e-6,1e-6,1e-6,1e-6,1e-6,1e-6,1e-6,1e-6,1e-6,1e-6,1e-6,1e-6,1e-6,240,1e-6,3,3,1e-6,1e-6,1e-6,236,47,1e-6,1e-6,1e-6,1e-6,1e-6,209,1e-6,1e-6,44092,904,560,38,1e-6,3,1e-6,1e-6,1e-6,11,150,1306,1e-6,1e-6,15475,1508,682,137,1842,1e-6,39,109,329,98,1e-6,65,24,1176,1e-6,14,226,284,289,40,8,225,1e-6,1121,6,77,321,10514,3910,1e-6,31,1e-6,134,1e-6,277,1e-6,1881,1167,440,829,1e-6,20,32,4039,1e-6,711,92,1009,42,1e-6,1e-6,1e-6,1786,1e-6,752,1e-6,174,383,4246,685,171,11,4074,395,1e-6,1118,1e-6,119,612,2,1e-6,1e-6,1765,1999,1182,1e-6,52,109,496,1e-6,1e-6,60,913,488,175,297,219,470,3627,1e-6,485,1e-6,7,1e-6,103,1e-6,1e-6,4284,117,1218,1e-6,214,1e-6,1e-6,1e-6,1e-6,1e-6,1e-6,1e-6,1e-6,1e-6,1e-6,1e-6,1e-6,1e-6,1e-6,1e-6,1e-6,63,1e-6,1e-6,1e-6,1e-6,1e-6,1e-6,1e-6,1e-6,1e-6,1e-6,1e-6,1e-6,3006,1e-6,1783,1e-6,1544,170,1096,286,587,1e-6,1e-6,1e-6,1e-6,1e-6,197,127,2447,1e-6,97,1e-6,1e-6,1e-6,6174,8,3,1e-6,161,1e-6,1e-6,1e-6,1e-6,1e-6,1e-6,1e-6,4,1e-6,1e-6,1e-6,10,1e-6,54,2961,331,6,294,1e-6,13,1e-6,409,134,1e-6,2,582,4,1e-6,1e-6,7,1e-6,1e-6,1e-6,1e-6,1e-6,20,33,4,1e-6,4,133,1026,1e-6,1e-6,18,1e-6,1e-6,1e-6,1e-6,1e-6,117,2605,13,1e-6,1e-6,1e-6,1e-6,1e-6,6,1e-6,1e-6,1e-6,1e-6,1e-6,1e-6,1e-6,1e-6,1e-6,1e-6,1e-6,1e-6,149,5,1e-6,50,1e-6,1e-6,1e-6,1e-6,1e-6,416,1e-6,1e-6,1e-6,1e-6,1e-6,1e-6,1e-6,11,1e-6,1e-6,1e-6,1e-6,1e-6,1e-6,199,16,1e-6,1e-6,1e-6,1e-6,1e-6,1e-6,138,1e-6,1e-6,1e-6,1e-6,1e-6,1e-6,1e-6,1e-6,1e-6,1e-6,1e-6,1e-6,1e-6,1e-6,1e-6,124,1e-6,1e-6,1e-6,305,4801,120,296,3499,1e-6,285,1e-6,98,7267,1e-6,4
26,1e-6,2127,1e-6,1e-6,957,1e-6,1e-6,1e-6,1e-6,1e-6,76,1e-6,1e-6,1e-6,1e-6,1e-6,615,22,1e-6,7283,1e-6,1e-6,6,1e-6,1e-6,1e-6,1e-6,1e-6,1e-6,1e-6,1e-6,1e-6,1e-6,1e-6,1e-6,13,15,91,1e-6,22,1e-6,1e-6,1385,1e-6,1e-6,1e-6,15,1e-6,1e-6,36,1e-6,1e-6,5,1e-6,1e-6,1e-6,1e-6,1e-6,1e-6,1e-6,1e-6,1e-6,1e-6,1e-6,1e-6,1e-6,1e-6,700,1e-6,1e-6,1e-6,1e-6,1e-6,1e-6,72,45539,1e-6,1e-6,1e-6,170,83,17,1434,1e-6,1383,54,28379,1e-6,1e-6,1897,1295,1e-6,7359,22,16889,1e-6,923,1e-6,94,2332,1e-6,1e-6,1e-6,1e-6,1e-6,1e-6,1e-6,1e-6,1e-6,3760,1745,1535,1e-6,1e-6,5010,3,221,1e-6,80,3,14,96,74,2641,1e-6,1314,476,3,2,38,7,1e-6,1e-6,230,2464,5,1e-6,35,1e-6,1e-6,1e-6,1e-6,1e-6,1e-6,1e-6,133,49,1e-6,1e-6,1e-6,1e-6,259,1e-6,1e-6,1e-6,1e-6,1e-6,1e-6,1e-6,1e-6,226,59,1e-6,1e-6,1e-6,1e-6,1e-6,2,568,1e-6,1e-6,1e-6,1e-6,1e-6,1e-6,1e-6,58,1e-6,1e-6,67,361,5474,3355,35417,494,26,1e-6,3,398,1726,1e-6,852,1e-6,1e-6,1e-6,1e-6,1e-6,1e-6,1e-6,1e-6,1e-6,1e-6,1e-6,1e-6,1e-6,76,1e-6,1e-6,1e-6,1e-6,1e-6,1e-6,1e-6,615,1e-6,22,1e-6,45,1e-6,1e-6,105,171,1005,7283,1e-6,1e-6,779,1e-6,6,1e-6,1e-6,1e-6,1e-6,1e-6,1e-6,1e-6,1e-6,1e-6,1e-6,1e-6,1e-6,1e-6,1e-6,6,1e-6,13,15,91,1e-6,22,1e-6,1e-6,124,1e-6,1261,1e-6,12,1e-6,1e-6,1e-6,1e-6,24,1e-6,12,1e-6,5,1e-6,1e-6,1e-6,1e-6,1e-6,1e-6,1e-6,1e-6,1e-6,1e-6,1e-6,251,1e-6,5,1e-6,1e-6,1e-6,1e-6,211,47,1e-6,1e-6,1e-6,1e-6,1e-6,72,1e-6,1e-6,39515,1259,1980,28,1e-6,7,1e-6,1e-6,1e-6,20,116,1154,1e-6,1e-6,13287,1232,1127,146,1760,1e-6,1e-6,170,300,83,1e-6,17,23,1434,1e-6,3,246,279,272,1e-6,1e-6,368,1e-6,1383,65,54,287,9143,2813,1e-6,1e-6,1e-6,113,1e-6,323,1e-6,1897,815,367,922,1e-6,1e-6,44,3291,1e-6,644,38,562,1e-6,1e-6,155,1e-6,1142,1e-6,310,1e-6,192,256,3367,674,125,1e-6,3296,267,1e-6,662,1e-6,261,433,1e-6,1e-6,22,8193,8485,683,1e-6,153,74,302,1e-6,1e-6,1e-6,510,429,172,315,76,394,3864,1e-6,923,1e-6,1e-6,1e-6,94,1e-6,1e-6,5118,149,1546,1e-6,764,1e-6,1e-6,1e-6,1e-6,1e-6,14,1e-6,1e-6,1e-6,1e-6,1e-6,1e-6,1e-6,1e-6,1e-6,1e-6,39,1e-6,1e-6,1e-6,1e-6,1e-6,1e-6,1e-6,1e-6,1e-6,1e-6,3,1e-6,1982,1e-6,2023,71,2403,133,701,337,574,1e-6,1e-6,1e-6,1e-6,1e-6,243,197,1535,1e-6,9,1e-6,1e-6,1e-6,5005,1e-6,3,1e-6,5,6,215,1e-6,1e-6,1e-6,1e-6,1e-6,80,3,6,14,68,3,29,2641,316,5,288,1e-6,1e-6,1e-6,705,121,3,9,343,1e-6,1e-6,1e-6,1e-6,3,1e-6,1e-6,2,1e-6,27,11,9,7,9,170,1085,1e-6,1e-6,54,1e-6,1e-6,1e-6,5,1e-6,230,2164,5,1e-6,35,1e-6,1e-6,1e-6,22,1e-6,10,1e-6,1e-6,1e-6,1e-6,1e-6,1e-6,1e-6,1e-6,1e-6,1e-6,123,1e-6,1e-6,49,1e-6,1e-6,1e-6,1e-6,28,226,1e-6,1e-6,1e-6,1e-6,1e-6,1e-6,1e-6,1e-6,1e-6,1e-6,1e-6,1e-6,1e-6,1e-6,173,59,1e-6,1e-6,1e-6,1e-6,1e-6,2,568,1e-6,1e-6,1e-6,1e-6,1e-6,1e-6,1e-6,1e-6,1e-6,1e-6,1e-6,1e-6,1e-6,1e-6,1e-6,58,1e-6,1e-6,67,361,4999,141,186,3355,487,343,1e-6,247,5372,494,17
1e-6,1e-6,10392,1e-6,1e-6,3896,1e-6,1e-6,2,9,1e-6,1e-6,2,1e-6,1e-6,1e-6,1e-6,2187,1e-6,4,2608,60,1e-6,29,17,1e-6,1e-6,1e-6,1e-6,6,1e-6,1e-6,1e-6,1e-6,1e-6,1e-6,1e-6,4,64,60,1e-6,1e-6,1e-6,1e-6,8,1e-6,1e-6,1e-6,1e-6,1e-6,114,1e-6,1e-6,3,1e-6,1e-6,1e-6,3,1e-6,1e-6,1e-6,1e-6,53,1e-6,1e-6,1e-6,1e-6,1e-6,2034,1e-6,1e-6,1e-6,1e-6,1e-6,1e-6,476,10839,1e-6,1e-6,1e-6,786,9,455,3326,1e-6,2835,274,15770,1e-6,1e-6,7688,1320,2,17353,67,507,8,902,1e-6,148,10094,12,2,5,1e-6,1e-6,1e-6,1e-6,1e-6,1e-6,10248,3250,4020,1e-6,1e-6,4420,1e-6,189,6,636,1e-6,13,1e-6,338,2060,38,9506,905,14,123,402,4,5,205,261,10444,88,1e-6,89,13,1e-6,1e-6,3,1e-6,1e-6,1e-6,152,129,1e-6,1e-6,1e-6,1e-6,168,1e-6,1e-6,4,111,1e-6,1e-6,1e-6,1e-6,247,38,1e-6,1e-6,1e-6,1e-6,19,29,117,1e-6,1e-6,1e-6,1e-6,3,1e-6,29,1e-6,110,1e-6,1e-6,62,5240,1640,23234,869,1e-6,1e-6,2,1e-6,10390,1e-6,3715,1e-6,1e-6,1e-6,1e-6,1e-6,2,1e-6,1e-6,1e-6,1e-6,1e-6,9,1e-6,1e-6,1e-6,1e-6,1e-6,1e-6,1e-6,1e-6,1e-6,2187,1e-6,1e-6,1e-6,338,4,1e-6,167,1e-6,1e-6,2608,1e-6,60,185,1e-6,29,1e-6,17,1e-6,1e-6,1e-6,1e-6,1e-6,1e-6,1e-6,1e-6,1e-6,1e-6,1e-6,1e-6,41,1e-6,1e-6,4,64,60,1e-6,1e-6,1e-6,1e-6,1e-6,1e-6,1e-6,9,1e-6,1e-6,1e-6,1e-6,101,4,1e-6,1e-6,3,1e-6,1e-6,1e-6,3,1e-6,1e-6,53,1e-6,1e-6,1e-6,1e-6,229,1e-6,2,1e-6,1e-6,1e-6,1e-6,64,17,1e-6,1e-6,1e-6,1e-6,1e-6,476,6,14,8955,1043,306,9,1e-6,7,1e-6,1e-6,1e-6,15,1e-6,770,1e-6,1e-6,1334,1e-6,1209,487,4843,75,1e-6,786,540,9,1e-6,455,140,3326,1e-6,12,401,966,441,50,1e-6,361,1e-6,2835,439,274,1e-6,6335,4745,1e-6,298,1e-6,158,1e-6,532,1e-6,7688,1125,37,1099,2,1e-6,145,9367,13,1e-6,149,1e-6,1e-6,1e-6,341,676,5066,1e-6,636,1e-6,1e-6,795,2536,419,1e-6,25,990,1e-6,58,970,1e-6,268,114,67,1e-6,1e-6,152,291,142,1e-6,1e-6,1e-6,78,140,184,1e-6,329,293,284,93,73,378,535,8,902,1e-6,1e-6,1e-6,148,1e-6,1e-6,2438,119,7178,1e-6,2581,1e-6,1e-6,1e-6,1e-6,1e-6,1e-6,1e-6,1e-6,1e-6,1e-6,2,12,5,1e-6,1e-6,1e-6,5028,1e-6,1e-6,1e-6,1e-6,1e-6,1e-6,1e-6,1e-6,1e-6,1e-6,1e-6,1e-6,2089,97,1397,10,3772,414,395,804,1637,1e-6,1e-6,1e-6,1e-6,1e-6,751,339,4020,1e-6,715,1e-6,2,1e-6,4306,112,1e-6,1e-6,1e-6,1e-6,1e-6,189,6,1e-6,1e-6,1e-6,636,1e-6,1e-6,13,1e-6,102,1e-6,2060,2328,212,3126,1e-6,38,88,3752,74,1e-6,6,825,1e-6,1e-6,10,1e-6,1e-6,4,1e-6,123,1e-6,28,374,22,4,1e-6,127,1018,1e-6,5,303,1e-6,205,1e-6,1e-6,1e-6,261,9904,88,1e-6,89,1e-6,129,10,196,13,3,1e-6,1e-6,1e-6,1e-6,1e-6,1e-6,3,1e-6,26,1e-6,121,1e-6,1e-6,129,1e-6,1e-6,1e-6,1e-6,1e-6,143,1e-6,1e-6,1e-6,1e-6,4,111,1e-6,1e-6,1e-6,1e-6,1e-6,1e-6,1e-6,1e-6,189,38,1e-6,1e-6,1e-6,1e-6,19,29,117,1e-6,1e-6,1e-6,1e-6,1e-6,3,1e-6,1e-6,1e-6,1e-6,1e-6,1e-6,29,1e-6,1e-6,1e-6,110,1e-6,1e-6,62,3043,287,1771,1640,255,95,1e-6,1e-6,545,869,3
1e-6,1e-6,1e-6,1e-6,1e-6,471,1e-6,1e-6,1e-6,1e-6,1e-6,1e-6,1e-6,1e-6,1e-6,1e-6,1e-6,983,70,8,440,15,1e-6,35,1e-6,1e-6,418,1e-6,1e-6,1e-6,1e-6,1e-6,1e-6,1e-6,1e-6,1e-6,1e-6,1e-6,39,1e-6,8,1e-6,3,9431,1e-6,1e-6,1e-6,115,12,1e-6,197,1e-6,1e-6,24,1e-6,1e-6,1e-6,1e-6,1e-6,1e-6,1e-6,1e-6,1e-6,1e-6,1e-6,1e-6,1e-6,1e-6,549,47,1e-6,13,1e-6,1e-6,1e-6,386,17767,1e-6,1e-6,1e-6,82,13,101,159,80,383,24,35841,1e-6,1e-6,917,1438,1e-6,7852,8487,727,1e-6,26,1e-6,28,17746,1e-6,5,120,1e-6,215,1e-6,68,2,1e-6,12460,1143,3288,4,1e-6,8082,1e-6,674,1e-6,5231,4,21,803,23,658,48,13590,357,2,1e-6,369,1e-6,5,1e-6,71,1420,13,1e-6,338,1e-6,1e-6,1e-6,1e-6,1e-6,1e-6,248,1e-6,177,1e-6,1e-6,1e-6,1e-6,744,1e-6,1e-6,1e-6,1e-6,3,1e-6,1e-6,1e-6,3,20,1e-6,1e-6,1e-6,1e-6,1e-6,1e-6,43,1e-6,1e-6,1e-6,1e-6,1e-6,1e-6,1e-6,1e-6,11,1e-6,1e-6,1e-6,8189,251,28593,1e-6,1e-6,1e-6,1e-6,1e-6,1e-6,1e-6,375,1e-6,1e-6,1e-6,1e-6,1e-6,1e-6,1e-6,1e-6,1e-6,1e-6,1e-6,1e-6,1e-6,1e-6,1e-6,1e-6,1e-6,1e-6,1e-6,1e-6,1e-6,983,1e-6,70,1e-6,1e-6,8,1e-6,96,1e-6,1e-6,440,1e-6,15,3017,1e-6,35,1e-6,1e-6,1e-6,1e-6,1e-6,240,1e-6,162,16,1e-6,1e-6,1e-6,1e-6,1e-6,1e-6,1e-6,1e-6,1e-6,39,1e-6,8,1e-6,3,116,1e-6,9305,1e-6,197,1e-6,12,1e-6,1e-6,1e-6,1e-6,115,1e-6,24,1e-6,1e-6,1e-6,1e-6,1e-6,1e-6,1e-6,1e-6,1e-6,1e-6,1e-6,237,1e-6,5,47,1e-6,1e-6,13,1e-6,1e-6,1e-6,1e-6,1e-6,1e-6,1e-6,386,17,1e-6,11309,45,2096,1e-6,1e-6,2,1e-6,1e-6,1e-6,29,91,729,1e-6,1e-6,5686,2204,674,19,4768,1e-6,1e-6,82,4,13,1e-6,101,1e-6,159,80,8,23,265,447,1e-6,10,70,1e-6,383,1e-6,24,151,21360,4997,1e-6,62,1e-6,86,1e-6,52,3,917,1045,307,1057,1e-6,1e-6,318,1851,4,68,312,1225,214,1e-6,219,1e-6,872,1e-6,64,1e-6,1e-6,880,2178,12,1e-6,1e-6,597,513,7,131,1e-6,60,59,5351,607,2476,327,400,135,33,833,123,471,1e-6,1e-6,1e-6,436,744,308,429,1e-6,1110,761,1e-6,26,1e-6,1e-6,1e-6,28,1e-6,1e-6,7575,1e-6,6118,8,11337,4,1e-6,1e-6,1e-6,1e-6,1e-6,33,1e-6,1e-6,1e-6,1e-6,1e-6,120,1e-6,215,5,8044,1e-6,1e-6,68,1e-6,1e-6,1e-6,2,1e-6,1e-6,1e-6,1e-6,1e-6,1409,1e-6,2026,1e-6,3216,74,290,145,634,1e-6,1e-6,1e-6,1e-6,1e-6,227,75,3288,7,1e-6,4,8,17,7051,423,1e-6,1e-6,583,1e-6,1e-6,674,1e-6,1e-6,32,1e-6,5199,4,20,21,356,27,23,658,1212,86,834,62,48,821,10575,220,23,1e-6,103,1e-6,11,1e-6,1e-6,1e-6,2,1e-6,1e-6,1e-6,369,1e-6,1e-6,1e-6,1e-6,243,929,1e-6,5,26,1e-6,1e-6,1e-6,390,1e-6,71,1416,13,1e-6,338,1e-6,1e-6,205,78,1e-6,1e-6,1e-6,4,1e-6,1e-6,1e-6,1e-6,1e-6,1e-6,1e-6,244,1e-6,1e-6,1e-6,177,1e-6,1e-6,1e-6,80,333,326,1e-6,1e-6,1e-6,1e-6,1e-6,1e-6,1e-6,3,1e-6,1e-6,1e-6,1e-6,1e-6,1e-6,3,20,1e-6,1e-6,1e-6,1e-6,1e-6,1e-6,43,1e-6,1e-6,1e-6,1e-6,1e-6,1e-6,1e-6,1e-6,1e-6,1e-6,1e-6,1e-6,1e-6,1e-6,1e-6,1e-6,11,1e-6,1e-6,1e-6,7851,1e-6,191,251,1300,1e-6,1e-6,1e-6,3665,1e-6,1e-6
1e-6,1e-6,1e-6,1e-6,1e-6,2279,1e-6,1e-6,1e-6,1e-6,1e-6,99,1e-6,1e-6,2,1e-6,25,47,1e-6,1e-6,4920,1e-6,2,370,1e-6,1e-6,1e-6,1e-6,1e-6,1e-6,1e-6,1e-6,1e-6,1e-6,1e-6,1e-6,1e-6,1e-6,42,7,11,1e-6,1e-6,1e-6,1e-6,1e-6,1e-6,10,1e-6,1e-6,69,1e-6,1e-6,8,1e-6,1e-6,1e-6,1e-6,1e-6,1e-6,1e-6,1e-6,52,1e-6,1e-6,1e-6,1e-6,1e-6,389,1e-6,1e-6,1e-6,1e-6,1e-6,1e-6,367,29550,1e-6,1e-6,1e-6,119,13,443,878,1e-6,1832,39,34158,1e-6,1e-6,3227,2345,1e-6,10229,198,482,1e-6,186,1e-6,1e-6,986,1e-6,1e-6,1e-6,1e-6,1e-6,1e-6,1e-6,1e-6,1e-6,2629,1577,812,1e-6,1e-6,2463,1e-6,1e-6,1e-6,213,2,8,131,1e-6,655,1e-6,1775,500,1e-6,1e-6,50,20,1e-6,1e-6,2411,2658,1e-6,1e-6,1e-6,1e-6,1e-6,1e-6,1e-6,1e-6,1e-6,1e-6,150,1e-6,1e-6,1e-6,1e-6,1e-6,1e-6,1e-6,3,1e-6,1e-6,3,1e-6,1e-6,1e-6,78,22,1e-6,1e-6,1e-6,1e-6,1e-6,1e-6,241,1e-6,1e-6,1e-6,1e-6,1e-6,1e-6,1e-6,1e-6,56,1e-6,139,1e-6,2646,449,26855,14199,1e-6,1e-6,1e-6,1e-6,1e-6,1e-6,2273,1e-6,1e-6,1e-6,1e-6,1e-6,1e-6,1e-6,1e-6,1e-6,1e-6,1e-6,1e-6,1e-6,99,1e-6,1e-6,1e-6,1e-6,1e-6,1e-6,124,47,1e-6,1e-6,1e-6,1e-6,1e-6,1e-6,1e-6,1e-6,1e-6,4920,1e-6,1e-6,1224,2,370,1e-6,1e-6,1e-6,1e-6,1e-6,1e-6,1e-6,1e-6,1e-6,1e-6,1e-6,1e-6,1e-6,1e-6,1e-6,1e-6,1e-6,1e-6,42,7,11,1e-6,1e-6,1e-6,1e-6,1e-6,1e-6,69,1e-6,1e-6,1e-6,1e-6,1e-6,1e-6,10,1e-6,8,1e-6,1e-6,1e-6,1e-6,1e-6,1e-6,52,1e-6,1e-6,1e-6,1e-6,165,1e-6,1e-6,1e-6,1e-6,1e-6,1e-6,1e-6,28,1e-6,1e-6,1e-6,1e-6,1e-6,367,1e-6,1e-6,23366,1247,2725,1e-6,1e-6,2,1e-6,1e-6,1e-6,2,101,1092,1e-6,1e-6,18705,140,745,339,2631,1e-6,1e-6,119,14,13,1e-6,443,1e-6,878,1e-6,33,295,289,442,1e-6,1e-6,244,1e-6,1832,55,39,182,9999,3138,1e-6,202,1e-6,189,1e-6,163,197,3227,1727,429,1033,1e-6,1e-6,183,5343,55,349,63,406,1e-6,1e-6,97,1e-6,1278,1e-6,1e-6,1e-6,1e-6,231,1766,134,308,1e-6,2032,166,42,420,1e-6,1e-6,407,54,58,86,201,281,635,1e-6,59,1e-6,255,1e-6,1e-6,1e-6,1533,178,237,267,121,477,1395,1e-6,186,1e-6,1e-6,1e-6,1e-6,1e-6,1e-6,6474,190,253,1e-6,721,1e-6,1e-6,1e-6,1e-6,1e-6,1e-6,1e-6,1e-6,1e-6,1e-6,1e-6,1e-6,1e-6,1e-6,1e-6,1e-6,248,1e-6,1e-6,1e-6,1e-6,1e-6,1e-6,1e-6,1e-6,1e-6,1e-6,1e-6,1e-6,2867,40,1884,45,1319,233,230,511,603,1e-6,1e-6,1e-6,1e-6,1e-6,111,113,812,1e-6,1e-6,1e-6,46,31,2228,46,1e-6,1e-6,112,1e-6,1e-6,1e-6,1e-6,1e-6,1e-6,1e-6,213,2,1e-6,8,1e-6,42,1e-6,655,467,8,535,1e-6,1e-6,110,655,66,1e-6,1e-6,424,1e-6,10,1e-6,1e-6,1e-6,1e-6,1e-6,1e-6,1e-6,7,43,1e-6,20,1e-6,1e-6,956,1e-6,1e-6,106,1e-6,1e-6,1e-6,131,4,2400,2644,1e-6,1e-6,1e-6,7,1e-6,1e-6,12,1e-6,1e-6,1e-6,1e-6,1e-6,1e-6,1e-6,1e-6,1e-6,1e-6,1e-6,1e-6,150,1e-6,1e-6,1e-6,1e-6,1e-6,1e-6,1e-6,1e-6,1e-6,1e-6,1e-6,3,1e-6,1e-6,1e-6,1e-6,3,1e-6,1e-6,1e-6,1e-6,1e-6,1e-6,50,22,1e-6,1e-6,1e-6,1e-6,1e-6,1e-6,241,1e-6,1e-6,1e-6,1e-6,1e-6,1e-6,1e-6,1e-6,1e-6,1e-6,1e-6,1e-6,1e-6,1e-6,1e-6,1e-6,56,1e-6,139,1e-6,1477,134,890,449,569,295,25,177,1185,14199,2
1e-6,1e-6,311,1e-6,1e-6,517,1e-6,1e-6,1e-6,1e-6,1e-6,1e-6,1e-6,1e-6,1e-6,1e-6,1e-6,1504,1e-6,1e-6,2847,15,1e-6,497,1e-6,1e-6,1e-6,4,1e-6,1e-6,1e-6,1e-6,1e-6,1e-6,1e-6,1e-6,1e-6,1e-6,63,89,1e-6,1e-6,2,13,3,1e-6,1e-6,1e-6,1e-6,1e-6,91,1e-6,1e-6,9,1e-6,1e-6,5,3,1e-6,1e-6,1e-6,3,2,1e-6,16,1e-6,1e-6,36,659,5,5,1e-6,1e-6,1e-6,86,1153,85738,1e-6,1e-6,1e-6,48,46,310,27,1e-6,622,18,31386,1e-6,1e-6,1980,2043,1e-6,7732,129,537,1e-6,187,1e-6,6,2443,1e-6,1e-6,1e-6,1e-6,13,24,1e-6,1e-6,1e-6,2676,1403,501,1e-6,1e-6,5722,1e-6,1e-6,1e-6,61,1e-6,12,1e-6,473,861,3,1028,464,24,1e-6,244,74,2,1e-6,2967,1103,18,1e-6,1e-6,219,12,1e-6,1e-6,1e-6,1e-6,31,194,187,1e-6,1e-6,1e-6,1e-6,1131,1e-6,1e-6,1e-6,1e-6,1e-6,1e-6,1e-6,1e-6,23,49,1e-6,1e-6,1e-6,1e-6,1e-6,1e-6,44,1e-6,1e-6,1e-6,1e-6,5,1e-6,1e-6,1e-6,11,1e-6,5,1e-6,3199,1359,36481,1e-6,1e-6,1e-6,1e-6,1e-6,311,1e-6,464,1e-6,1e-6,1e-6,1e-6,1e-6,1e-6,1e-6,1e-6,1e-6,1e-6,1e-6,1e-6,1e-6,1e-6,1e-6,1e-6,1e-6,1e-6,1e-6,1e-6,1e-6,1504,4,1e-6,1e-6,337,1e-6,1e-6,48,1e-6,1e-6,2847,1e-6,15,3529,1e-6,497,1e-6,1e-6,1e-6,1e-6,1e-6,1e-6,4,1e-6,1e-6,1e-6,1e-6,1e-6,1e-6,1e-6,1e-6,1e-6,1e-6,1e-6,63,89,1e-6,1e-6,2,1e-6,1e-6,13,1e-6,91,1e-6,1e-6,1e-6,1e-6,1e-6,1e-6,1e-6,1e-6,9,1e-6,1e-6,5,3,1e-6,3,2,1e-6,1e-6,1e-6,36,420,16,37,5,5,1e-6,1e-6,31,1e-6,1e-6,1e-6,1e-6,1e-6,1e-6,1153,3,1e-6,73229,537,8126,1e-6,1e-6,13,86,1e-6,1e-6,18,125,700,1e-6,1e-6,2554,1515,575,172,2747,1e-6,1e-6,48,1e-6,46,1e-6,310,1e-6,27,1e-6,29,406,850,429,1e-6,1e-6,4,1e-6,622,45,18,140,19412,5472,1e-6,35,1e-6,75,1e-6,151,88,1980,1894,18,1051,1e-6,56,125,3271,73,1e-6,444,34,140,14,94,1e-6,1551,1e-6,359,5,1e-6,1081,3585,165,246,1e-6,5579,167,80,396,22,256,424,56,1e-6,73,233,273,443,1e-6,346,6,116,1e-6,1e-6,1e-6,1140,466,252,346,1e-6,363,5309,1e-6,187,1e-6,1e-6,1e-6,6,1e-6,1e-6,6175,128,923,1e-6,1485,1e-6,1e-6,1e-6,1e-6,1e-6,1e-6,1e-6,1e-6,1e-6,1e-6,1e-6,1e-6,1e-6,1e-6,13,1e-6,124,24,1e-6,1e-6,1e-6,1e-6,1e-6,1e-6,1e-6,1e-6,1e-6,1e-6,1e-6,1742,16,895,1e-6,1953,135,126,243,891,1e-6,1e-6,8,1e-6,1e-6,52,179,501,8,1e-6,1e-6,7,1e-6,5635,80,1e-6,1e-6,1e-6,1e-6,1e-6,1e-6,1e-6,1e-6,1e-6,1e-6,61,1e-6,1e-6,12,1e-6,197,132,861,328,1e-6,168,1e-6,3,103,429,1e-6,275,1e-6,189,1e-6,1e-6,22,1e-6,1e-6,1e-6,1e-6,1e-6,1e-6,244,1e-6,1e-6,74,1e-6,134,312,1e-6,2,153,1e-6,1e-6,1e-6,1e-6,4,2963,1103,18,1e-6,1e-6,1e-6,1e-6,1e-6,35,219,1e-6,1e-6,1e-6,12,28,1e-6,1e-6,1e-6,1e-6,1e-6,31,194,1e-6,1e-6,159,1e-6,1e-6,1e-6,105,1e-6,989,1e-6,1e-6,1e-6,1e-6,1e-6,1e-6,1e-6,1e-6,1e-6,1e-6,1e-6,1e-6,1e-6,1e-6,23,49,1e-6,1e-6,1e-6,1e-6,1e-6,1e-6,44,1e-6,1e-6,1e-6,1e-6,1e-6,5,1e-6,1e-6,1e-6,1e-6,1e-6,1e-6,1e-6,1e-6,1e-6,1e-6,11,1e-6,5,1e-6,2018,77,764,1359,317,1e-6,1e-6,1e-6,3351,1e-6,1e-6
1e-6,1e-6,339,1e-6,1e-6,178,1e-6,1e-6,1e-6,1e-6,1e-6,1e-6,1e-6,1e-6,1e-6,1e-6,1e-6,882,1e-6,1e-6,744,2,1e-6,451,1e-6,2,1e-6,1e-6,1e-6,1e-6,1e-6,1e-6,1e-6,1e-6,1e-6,1e-6,1e-6,1e-6,18,99,1e-6,1e-6,1e-6,1e-6,1e-6,1e-6,1e-6,1e-6,1e-6,1e-6,76,1e-6,1e-6,16,1e-6,1e-6,1e-6,1e-6,2,1e-6,1e-6,1e-6,9,1e-6,19,1e-6,1e-6,1e-6,649,3,1e-6,1e-6,1e-6,1e-6,155,873,77368,1e-6,1e-6,1e-6,42,29,421,1e-6,1e-6,504,11,28035,1e-6,1e-6,1416,1844,1e-6,5136,187,322,1e-6,1e-6,1e-6,1e-6,286,1e-6,1e-6,3,1e-6,1e-6,40,1e-6,2,1e-6,2476,1195,365,1e-6,1e-6,7157,9,1e-6,1e-6,49,1e-6,1e-6,1e-6,101,431,1e-6,703,178,1e-6,1e-6,263,53,1e-6,1e-6,5630,953,10,1e-6,1e-6,1e-6,2,1e-6,1e-6,1e-6,1e-6,20,6,41,1e-6,1e-6,1e-6,1e-6,1654,1e-6,1e-6,1e-6,1e-6,1e-6,1e-6,1e-6,1e-6,201,5,1e-6,1e-6,1e-6,1e-6,1e-6,1e-6,3,1e-6,1e-6,1e-6,1e-6,1e-6,1e-6,1e-6,1e-6,1e-6,1e-6,1e-6,1e-6,2585,478,31678,1e-6,1e-6,1e-6,6,1e-6,333,1e-6,178,2,1e-6,1e-6,1e-6,1e-6,1e-6,1e-6,1e-6,1e-6,1e-6,1e-6,1e-6,1e-6,1e-6,1e-6,1e-6,1e-6,8,1e-6,1e-6,1e-6,882,1e-6,1e-6,1e-6,43,1e-6,1e-6,1e-6,1e-6,1e-6,744,1e-6,2,2091,1e-6,451,1e-6,1e-6,1e-6,1e-6,1e-6,1e-6,1e-6,1e-6,1e-6,1e-6,1e-6,1e-6,1e-6,1e-6,1e-6,1e-6,1e-6,1e-6,18,99,1e-6,1e-6,1e-6,1e-6,1e-6,1e-6,1e-6,74,1e-6,1e-6,1e-6,1e-6,1e-6,1e-6,1e-6,1e-6,16,1e-6,1e-6,1e-6,1e-6,1e-6,1e-6,9,1e-6,1e-6,1e-6,1e-6,430,1e-6,63,3,1e-6,1e-6,1e-6,1e-6,1e-6,1e-6,1e-6,1e-6,1e-6,1e-6,865,16,1e-6,69015,734,5528,1e-6,1e-6,15,155,1e-6,1e-6,1e-6,1e-6,604,1e-6,1e-6,1993,51,440,59,1873,1e-6,1e-6,42,1e-6,29,1e-6,421,1e-6,1e-6,1e-6,16,359,517,454,14,1e-6,56,1e-6,504,1e-6,11,1e-6,17592,6910,1e-6,109,1e-6,1e-6,1e-6,112,1e-6,1416,1831,13,639,1e-6,1e-6,171,1801,112,1e-6,220,1e-6,67,1e-6,1e-6,1e-6,1906,1e-6,216,20,1e-6,1095,3767,84,117,1e-6,3275,1e-6,82,287,1e-6,328,98,122,1e-6,65,118,204,172,1e-6,547,1e-6,131,1e-6,1e-6,1e-6,878,431,192,565,1e-6,161,2983,1e-6,1e-6,1e-6,1e-6,1e-6,1e-6,1e-6,1e-6,6578,80,1e-6,1e-6,286,1e-6,1e-6,1e-6,1e-6,1e-6,1e-6,1e-6,1e-6,1e-6,1e-6,1e-6,1e-6,3,1e-6,1e-6,1e-6,5,40,1e-6,1e-6,1e-6,1e-6,1e-6,1e-6,1e-6,1e-6,1e-6,1e-6,1e-6,2030,87,823,1e-6,2144,94,82,252,767,1e-6,1e-6,1e-6,1e-6,1e-6,1e-6,219,365,1e-6,1e-6,1e-6,5,1e-6,7026,126,9,1e-6,1e-6,1e-6,1e-6,1e-6,1e-6,1e-6,1e-6,1e-6,49,1e-6,1e-6,1e-6,1e-6,203,58,431,496,10,197,1e-6,1e-6,1e-6,1e-6,16,1e-6,6,156,1e-6,1e-6,1e-6,1e-6,1e-6,1e-6,1e-6,1e-6,1e-6,263,1e-6,2,53,1e-6,213,114,1e-6,1e-6,1e-6,1e-6,1e-6,1e-6,1e-6,4,5626,953,10,1e-6,1e-6,1e-6,1e-6,1e-6,1e-6,1e-6,6,1e-6,1e-6,2,41,1e-6,1e-6,1e-6,1e-6,1e-6,20,1e-6,1e-6,1e-6,1e-6,1e-6,1e-6,1e-6,1e-6,2,1589,1e-6,1e-6,1e-6,1e-6,1e-6,1e-6,1e-6,1e-6,1e-6,1e-6,1e-6,1e-6,1e-6,1e-6,201,5,1e-6,1e-6,1e-6,1e-6,1e-6,1e-6,3,1e-6,1e-6,1e-6,1e-6,1e-6,1e-6,1e-6,1e-6,1e-6,1e-6,1e-6,1e-6,1e-6,1e-6,1e-6,1e-6,1e-6,1e-6,1e-6,1e-6,2109,1e-6,271,478,1e-6,1e-6,1e-6,1e-6,3716,1e-6,1e-6
1e-6,1e-6,1e-6,1e-6,1e-6,188,1e-6,1e-6,1e-6,1e-6,1e-6,1e-6,1e-6,1e-6,1e-6,1e-6,1e-6,1896,40,1e-6,107,65,1e-6,6,1e-6,1e-6,1e-6,1e-6,1e-6,1e-6,1e-6,1e-6,1e-6,1e-6,1e-6,1e-6,1e-6,1e-6,30,1e-6,4,1e-6,1e-6,1e-6,1e-6,1e-6,1e-6,1e-6,1e-6,1e-6,1e-6,1e-6,1e-6,1e-6,1e-6,1e-6,1e-6,1e-6,1e-6,1e-6,1e-6,1e-6,34,1e-6,1e-6,1e-6,1e-6,301,644,1e-6,1e-6,1e-6,1e-6,2,1e-6,72,8620,1e-6,1e-6,1e-6,10,43,1e-6,520,1e-6,197,2,44506,1e-6,1e-6,2028,2717,1e-6,4318,351,166,1e-6,27,1e-6,134,10178,1e-6,7,2,1e-6,1e-6,1e-6,1e-6,1e-6,1e-6,6515,2900,2344,146,3,1532,13,216,1e-6,2304,5,6,565,60,917,146,16456,431,8,1e-6,742,4,1e-6,10,1e-6,1281,6,1e-6,3,1e-6,3,1e-6,1e-6,1e-6,1e-6,1e-6,1e-6,88,1e-6,1e-6,1e-6,1e-6,80,1e-6,1e-6,1e-6,1e-6,1e-6,1e-6,1e-6,1e-6,91,24,1e-6,1e-6,1e-6,1e-6,1e-6,1e-6,1e-6,1e-6,1e-6,1e-6,1e-6,1e-6,1e-6,3,1e-6,1e-6,1e-6,1e-6,1e-6,8499,796,38159,1e-6,1e-6,1e-6,1e-6,1e-6,1e-6,1e-6,1e-6,1e-6,1e-6,1e-6,1e-6,1e-6,1e-6,1e-6,1e-6,1e-6,1e-6,1e-6,1e-6,1e-6,1e-6,1e-6,1e-6,1e-6,1e-6,52,1e-6,1e-6,1896,1e-6,40,1e-6,3,1e-6,1e-6,188,1e-6,1e-6,107,1e-6,65,1e-6,1e-6,6,1e-6,1e-6,1e-6,1e-6,1e-6,1e-6,1e-6,1e-6,1e-6,1e-6,1e-6,1e-6,1e-6,1e-6,1e-6,1e-6,1e-6,1e-6,30,1e-6,4,1e-6,1e-6,1e-6,1e-6,1e-6,1e-6,1e-6,1e-6,1e-6,1e-6,1e-6,1e-6,1e-6,1e-6,1e-6,1e-6,1e-6,1e-6,1e-6,1e-6,1e-6,1e-6,34,1e-6,1e-6,1e-6,301,632,1e-6,5,1e-6,1e-6,1e-6,1e-6,1e-6,1e-6,1e-6,1e-6,2,1e-6,1e-6,72,13,1e-6,7646,2,920,1e-6,1e-6,1e-6,1e-6,1e-6,1e-6,1e-6,635,1340,1e-6,1e-6,3491,14622,91,60,2712,1e-6,19,10,9,43,1e-6,1e-6,1e-6,520,1e-6,68,112,1e-6,623,1e-6,1e-6,89,1e-6,197,1e-6,2,1e-6,20015,5650,1e-6,1e-6,1e-6,1e-6,1e-6,250,1e-6,2028,1865,852,401,1e-6,1e-6,533,612,39,178,10,1e-6,334,1e-6,95,1e-6,3308,1e-6,137,1e-6,1e-6,759,1899,1e-6,1e-6,1e-6,1389,353,49,252,16,1e-6,511,212,1e-6,139,113,53,73,44,291,236,135,1e-6,1e-6,1e-6,1187,1876,337,655,1e-6,925,1821,1e-6,27,1e-6,1e-6,54,134,1e-6,1e-6,10070,1e-6,10009,1e-6,1e-6,10,1e-6,1e-6,1e-6,1e-6,1e-6,1e-6,181,1e-6,1e-6,1e-6,1e-6,2,1e-6,1e-6,7,852,1e-6,1e-6,1e-6,1e-6,1e-6,1e-6,1e-6,1e-6,1e-6,1e-6,1e-6,1e-6,1077,1e-6,3905,19,5652,202,364,219,2030,1e-6,41,1e-6,32,1e-6,1e-6,12,2344,1e-6,1e-6,146,17,1e-6,1512,3,13,1e-6,1e-6,1e-6,1e-6,216,1e-6,1e-6,834,11,1459,5,2,6,1e-6,15,57,917,1246,26,654,1e-6,146,692,13838,237,1e-6,10,184,1e-6,1e-6,6,1e-6,1e-6,1e-6,1e-6,1e-6,2,731,11,14,4,1e-6,1e-6,4,7,1e-6,1e-6,1e-6,10,195,158,1e-6,1e-6,1272,6,1e-6,3,1e-6,1e-6,5,164,1e-6,1e-6,1e-6,1e-6,3,16,1e-6,1e-6,1e-6,1e-6,1e-6,1e-6,1e-6,1e-6,1e-6,72,1e-6,1e-6,1e-6,1e-6,1e-6,75,1e-6,1e-6,1e-6,1e-6,1e-6,1e-6,1e-6,1e-6,1e-6,1e-6,1e-6,1e-6,1e-6,1e-6,91,24,1e-6,1e-6,1e-6,1e-6,1e-6,1e-6,1e-6,1e-6,1e-6,1e-6,1e-6,1e-6,1e-6,1e-6,1e-6,1e-6,1e-6,1e-6,1e-6,3,1e-6,1e-6,1e-6,1e-6,1e-6,1e-6,1e-6,1369,411,6055,796,1e-6,1e-6,1e-6,1e-6,4210,1e-6,1e-6
1e-6,1e-6,1e-6,1e-6,1e-6,2210,1e-6,1e-6,138,25,87,1e-6,4,1e-6,3,1e-6,2,2125,15,1e-6,731,18,1e-6,28,72,224,1e-6,1e-6,1e-6,5,4,1e-6,1e-6,1e-6,1e-6,1e-6,1e-6,1e-6,32,1e-6,28,1e-6,1e-6,1e-6,1e-6,1e-6,1e-6,1e-6,1e-6,1e-6,3,1e-6,1e-6,4,1e-6,1e-6,1e-6,1e-6,4,1e-6,1e-6,1e-6,1e-6,1e-6,1e-6,42,2,1e-6,632,1e-6,1e-6,1e-6,5,1e-6,1e-6,231,22789,6,1e-6,1e-6,263,61,703,2367,1e-6,1809,17,29930,1e-6,1e-6,2365,1753,1e-6,10067,5,1140,1e-6,1054,1e-6,146,1329,1e-6,1e-6,12,1e-6,1e-6,1e-6,1e-6,1e-6,1e-6,5179,3939,1172,1e-6,1e-6,5103,1e-6,208,1e-6,133,14,2,347,320,5115,2,1353,473,16,1e-6,17,1e-6,1e-6,26,1363,3237,7,1e-6,7,841,1e-6,30,1e-6,1e-6,3,296,247,1e-6,1e-6,1e-6,1e-6,1e-6,16,1e-6,1e-6,1e-6,149,1e-6,1e-6,1e-6,1e-6,1e-6,13,1e-6,1e-6,1e-6,81,1e-6,3,437,2,33,239,80,13,1e-6,103,1e-6,1e-6,1e-6,53,1e-6,1678,3090,38065,1e-6,1e-6,1e-6,1e-6,1e-6,1e-6,1e-6,2086,14,44,1e-6,1e-6,1e-6,138,1e-6,1e-6,1e-6,1e-6,8,17,48,1e-6,1e-6,3,1e-6,1e-6,1e-6,2,1e-6,2125,1e-6,15,1e-6,320,1e-6,1e-6,124,1e-6,1e-6,731,1e-6,18,1571,1e-6,28,12,1e-6,57,1e-6,166,1e-6,1e-6,1e-6,1e-6,1e-6,4,1e-6,1e-6,1e-6,1e-6,1e-6,1e-6,1e-6,32,1e-6,28,1e-6,1e-6,1e-6,1e-6,1e-6,1e-6,3,1e-6,1e-6,1e-6,1e-6,1e-6,1e-6,1e-6,1e-6,4,1e-6,1e-6,1e-6,1e-6,1e-6,1e-6,1e-6,1e-6,42,2,1e-6,211,1e-6,1e-6,1e-6,1e-6,1e-6,1e-6,13,1e-6,5,1e-6,1e-6,1e-6,1e-6,231,21,1e-6,18046,646,2104,1e-6,6,14,1e-6,1e-6,1e-6,5,39,831,1e-6,1e-6,10847,212,1119,361,2510,1e-6,2,263,194,61,1e-6,703,1e-6,2367,1e-6,54,336,727,384,40,1e-6,163,1e-6,1809,1e-6,17,144,10575,5396,1e-6,83,1e-6,71,1e-6,510,1e-6,2365,1128,554,1436,1e-6,1e-6,198,4991,1e-6,429,233,1e-6,205,1e-6,117,1e-6,2140,1e-6,703,1e-6,260,810,2916,844,243,1e-6,2746,405,42,609,1e-6,821,1014,5,1e-6,1e-6,530,597,451,1e-6,122,1e-6,348,1e-6,1e-6,1e-6,1745,788,187,147,120,821,3756,1e-6,1054,1e-6,1e-6,1e-6,146,1e-6,1e-6,4859,161,864,1e-6,454,18,1e-6,1e-6,1e-6,1e-6,1e-6,1e-6,96,1e-6,1e-6,1e-6,1e-6,12,1e-6,1e-6,1e-6,42,1e-6,1e-6,1e-6,1e-6,1e-6,1e-6,1e-6,1e-6,1e-6,1e-6,1e-6,1e-6,2980,1e-6,3507,179,3526,132,1227,834,1746,1e-6,1e-6,1e-6,1e-6,1e-6,214,207,1172,1e-6,1e-6,1e-6,4,1e-6,5099,1e-6,1e-6,1e-6,1e-6,1e-6,1e-6,208,1e-6,1e-6,126,1e-6,7,14,1e-6,2,8,130,1e-6,5115,631,10,339,1e-6,2,1e-6,373,181,1e-6,1e-6,292,1e-6,1e-6,9,1e-6,1e-6,1e-6,1e-6,1e-6,1e-6,2,15,1e-6,1e-6,1e-6,213,1398,1e-6,1e-6,1e-6,1e-6,26,225,1e-6,24,1336,3043,7,1e-6,7,3,1e-6,1e-6,11,841,1e-6,1e-6,6,1e-6,1e-6,1e-6,1e-6,1e-6,1e-6,76,52,108,1e-6,1e-6,1e-6,1e-6,1e-6,1e-6,1e-6,16,1e-6,1e-6,1e-6,1e-6,1e-6,1e-6,145,4,1e-6,1e-6,1e-6,1e-6,1e-6,1e-6,1e-6,1e-6,13,1e-6,1e-6,1e-6,26,1e-6,3,437,2,22,107,91,80,1e-6,1e-6,1e-6,1e-6,1e-6,7,1e-6,89,1e-6,1e-6,1e-6,1e-6,1e-6,53,1e-6,888,232,384,3090,1e-6,422,1e-6,1e-6,2395,1e-6,5
1e-6,1e-6,407,1e-6,1e-6,713,1e-6,1e-6,1e-6,1e-6,1e-6,1e-6,1e-6,1e-6,1e-6,1e-6,1e-6,2510,130,1e-6,1259,35,1e-6,15,1e-6,1e-6,90,1e-6,1e-6,1e-6,1e-6,1e-6,1e-6,1e-6,2,1e-6,1e-6,1e-6,23,1e-6,1e-6,1e-6,1e-6,2,1e-6,1e-6,1e-6,14,1e-6,1e-6,31,1e-6,1e-6,1e-6,1e-6,1e-6,1e-6,1e-6,1e-6,1e-6,1e-6,1e-6,1e-6,1e-6,1e-6,1e-6,1e-6,16,192,5,1e-6,1e-6,1e-6,1e-6,1e-6,867,47364,1e-6,1e-6,1e-6,43,1e-6,37,456,1e-6,442,1e-6,23541,1e-6,1e-6,860,1205,1e-6,5776,181,396,1e-6,157,1e-6,1e-6,16752,1e-6,1e-6,6,1e-6,1e-6,981,1e-6,1e-6,1e-6,4588,1710,1573,121,1e-6,9829,12,517,1e-6,945,2,7,68,185,1232,8,7775,321,8,1e-6,98,1e-6,1e-6,1e-6,1e-6,2396,19,1e-6,1e-6,298,1e-6,1e-6,1e-6,1e-6,1e-6,1e-6,50,179,1e-6,1e-6,1e-6,1e-6,11297,1e-6,1e-6,1e-6,1e-6,71,1e-6,1e-6,1e-6,12,6,1e-6,1e-6,1e-6,1e-6,1e-6,1e-6,173,1e-6,1e-6,1e-6,1e-6,1e-6,1e-6,1e-6,1e-6,1e-6,1e-6,1e-6,1e-6,2883,1176,35406,1e-6,1e-6,1e-6,1e-6,99,308,1e-6,1e-6,1e-6,1e-6,1e-6,1e-6,1e-6,1e-6,1e-6,1e-6,1e-6,1e-6,1e-6,1e-6,1e-6,1e-6,1e-6,1e-6,1e-6,1e-6,1e-6,1e-6,1e-6,2510,1e-6,130,1e-6,56,1e-6,1e-6,713,1e-6,143,1259,1e-6,35,9807,1e-6,15,1e-6,1e-6,1e-6,1e-6,1e-6,90,1e-6,1e-6,1e-6,1e-6,1e-6,1e-6,2,1e-6,4,1e-6,1e-6,1e-6,23,1e-6,1e-6,1e-6,1e-6,1e-6,1e-6,1e-6,1e-6,25,1e-6,1e-6,1e-6,1e-6,1e-6,6,14,1e-6,1e-6,1e-6,1e-6,1e-6,1e-6,1e-6,1e-6,1e-6,1e-6,1e-6,1e-6,16,192,1e-6,320,5,1e-6,1e-6,1e-6,1e-6,1e-6,1e-6,1e-6,1e-6,1e-6,1e-6,867,1e-6,1e-6,35716,115,1564,1e-6,1e-6,14,1e-6,1e-6,1e-6,2,1e-6,660,1e-6,11,3357,186,165,62,3602,1e-6,11,43,1e-6,1e-6,1e-6,37,76,456,1e-6,16,359,275,276,1e-6,2,159,1e-6,442,1e-6,1e-6,175,12982,5722,1e-6,16,1e-6,29,95,262,17,860,955,203,431,1e-6,18,8,1087,23,271,269,1e-6,480,1e-6,118,1e-6,1765,1e-6,175,145,1e-6,835,2268,37,495,1e-6,2887,50,138,183,1e-6,1e-6,603,81,1e-6,100,228,168,129,1e-6,707,50,474,522,1e-6,1e-6,1589,643,64,789,101,664,6219,1e-6,157,1e-6,1e-6,1e-6,1e-6,1e-6,1e-6,3543,44,5877,1e-6,10837,1e-6,1e-6,1e-6,1e-6,1e-6,6,1e-6,1e-6,1e-6,1e-6,1e-6,1e-6,6,1e-6,1e-6,1e-6,1031,852,1e-6,1e-6,1e-6,1e-6,1e-6,1e-6,1e-6,1e-6,1e-6,1e-6,129,1540,56,1290,51,2928,211,257,215,991,1e-6,1e-6,1e-6,1e-6,36,1e-6,1e-6,1573,1e-6,1e-6,121,5,1e-6,9816,8,12,1e-6,1e-6,1e-6,1e-6,517,1e-6,1e-6,663,81,201,2,1e-6,7,57,23,129,1232,1965,56,2129,1e-6,8,867,2758,82,105,1e-6,134,1e-6,1e-6,1e-6,1e-6,1e-6,4,1e-6,1e-6,4,98,1e-6,1e-6,1e-6,1e-6,1e-6,506,1e-6,1e-6,123,1e-6,1e-6,5,1e-6,1e-6,1e-6,2396,19,1e-6,1e-6,1e-6,1e-6,1e-6,38,298,1e-6,1e-6,1e-6,1e-6,103,1e-6,1e-6,1e-6,1e-6,1e-6,1e-6,50,1e-6,1e-6,76,1e-6,1e-6,1e-6,1e-6,13,10964,1e-6,1e-6,1e-6,1e-6,1e-6,1e-6,1e-6,71,1e-6,1e-6,1e-6,1e-6,1e-6,1e-6,8,6,1e-6,1e-6,1e-6,1e-6,1e-6,1e-6,173,1e-6,1e-6,1e-6,1e-6,1e-6,1e-6,1e-6,1e-6,1e-6,1e-6,1e-6,1e-6,1e-6,1e-6,1e-6,1e-6,1e-6,1e-6,1e-6,1e-6,1163,174,1521,1176,1e-6,1e-6,1e-6,1e-6,5482,1e-6,1e-6
43,1e-6,1e-6,1e-6,1e-6,451,1e-6,1e-6,1e-6,1e-6,1e-6,1e-6,1e-6,1e-6,1e-6,1e-6,1e-6,979,16,1e-6,670,5,1e-6,4,1e-6,1e-6,134,1e-6,1e-6,1e-6,1e-6,1e-6,1e-6,1e-6,1e-6,1e-6,1e-6,1e-6,17,1e-6,1e-6,1e-6,2,29634,1e-6,1e-6,1e-6,1e-6,1e-6,1e-6,1e-6,1e-6,1e-6,1e-6,1e-6,1e-6,1e-6,1e-6,1e-6,1e-6,1e-6,1e-6,1e-6,1e-6,1e-6,1e-6,1e-6,1e-6,290,5,1e-6,1e-6,1e-6,1e-6,1e-6,85,46639,1e-6,1e-6,1e-6,150,1e-6,178,316,1e-6,938,35,16529,1e-6,1e-6,2395,779,1e-6,8637,76,332,1e-6,135,1e-6,1e-6,1212,1e-6,1e-6,3,1e-6,23,1e-6,1e-6,1e-6,1e-6,2672,2084,1780,1e-6,1e-6,11278,1e-6,420,1e-6,586,5,191,2484,287,1904,13,1837,295,10,1e-6,257,1e-6,1e-6,1e-6,1e-6,1016,1e-6,1e-6,9,7,1e-6,1e-6,1e-6,1e-6,1e-6,1e-6,50,350,1e-6,1e-6,1e-6,1e-6,413,1e-6,1e-6,1e-6,1e-6,1e-6,1e-6,1e-6,1e-6,477,2,1e-6,1e-6,1e-6,1e-6,6,1e-6,622,1e-6,1e-6,1e-6,1e-6,1e-6,1e-6,1e-6,37,1e-6,1e-6,1e-6,1e-6,7959,2570,30874,1e-6,43,1e-6,1e-6,1e-6,1e-6,1e-6,215,1e-6,1e-6,1e-6,1e-6,1e-6,1e-6,1e-6,1e-6,1e-6,1e-6,1e-6,1e-6,1e-6,1e-6,1e-6,1e-6,1e-6,1e-6,1e-6,1e-6,1e-6,979,1e-6,16,1e-6,236,1e-6,1e-6,225,206,1e-6,670,1e-6,5,2249,1e-6,4,1e-6,1e-6,1e-6,1e-6,1e-6,122,1e-6,1e-6,12,1e-6,1e-6,1e-6,1e-6,1e-6,1e-6,1e-6,1e-6,1e-6,17,1e-6,1e-6,1e-6,2,299,1e-6,29335,1e-6,1e-6,1e-6,1e-6,1e-6,1e-6,1e-6,1e-6,1e-6,1e-6,1e-6,1e-6,1e-6,1e-6,1e-6,1e-6,1e-6,1e-6,1e-6,1e-6,1e-6,1e-6,290,1e-6,9,5,1e-6,1e-6,1e-6,1e-6,56,1e-6,1e-6,1e-6,1e-6,1e-6,85,12,11,41310,503,1978,1e-6,1e-6,13,1e-6,1e-6,1e-6,31,1e-6,525,1e-6,1e-6,1950,1e-6,538,147,2349,1e-6,1e-6,150,1e-6,1e-6,1e-6,178,1e-6,316,1e-6,8,202,1113,292,1e-6,1e-6,67,1e-6,938,1e-6,35,116,8169,4208,1e-6,107,1e-6,70,1e-6,236,1e-6,2395,695,14,630,1e-6,1e-6,13,4893,1e-6,55,157,1e-6,87,1e-6,9,1e-6,1721,1e-6,517,1e-6,1e-6,245,1855,1e-6,1e-6,1e-6,746,717,1e-6,1120,1e-6,297,900,1e-6,1e-6,76,16,316,394,1e-6,28,1e-6,572,1e-6,1e-6,1e-6,342,456,94,175,68,728,2316,1e-6,135,1e-6,1e-6,1e-6,1e-6,1e-6,1e-6,4048,149,822,1e-6,369,1e-6,1e-6,1e-6,1e-6,1e-6,1e-6,1e-6,22,1e-6,1e-6,1e-6,1e-6,3,1e-6,23,1e-6,208,1e-6,1e-6,1e-6,1e-6,1e-6,1e-6,1e-6,1e-6,1e-6,1e-6,1e-6,1e-6,3070,4,2041,70,1850,258,609,173,1036,1e-6,1e-6,8,1e-6,1e-6,1e-6,1e-6,1780,1e-6,1e-6,1e-6,20,1e-6,11258,1e-6,1e-6,1e-6,1e-6,1e-6,1e-6,420,1e-6,1e-6,130,1e-6,456,5,153,191,1993,93,51,1904,477,7,899,1e-6,13,13,441,51,1e-6,1e-6,244,1e-6,1e-6,6,1e-6,1e-6,1e-6,1e-6,1e-6,4,244,13,3,1e-6,46,1e-6,568,1e-6,1e-6,1e-6,1e-6,1e-6,114,200,1e-6,1e-6,1016,1e-6,1e-6,9,1e-6,1e-6,1e-6,21,7,1e-6,1e-6,1e-6,1e-6,1e-6,1e-6,1e-6,1e-6,1e-6,1e-6,1e-6,50,1e-6,1e-6,350,1e-6,1e-6,1e-6,1e-6,1e-6,404,1e-6,1e-6,1e-6,1e-6,1e-6,1e-6,1e-6,1e-6,1e-6,1e-6,1e-6,1e-6,1e-6,1e-6,421,2,1e-6,1e-6,1e-6,1e-6,6,1e-6,622,1e-6,1e-6,1e-6,1e-6,1e-6,1e-6,1e-6,1e-6,1e-6,1e-6,1e-6,1e-6,1e-6,1e-6,1e-6,37,1e-6,1e-6,1e-6,1e-6,7165,49,618,2570,393,1e-6,1e-6,1e-6,7440,1e-6,31
79,1e-6,10,1e-6,1e-6,762,1e-6,1e-6,1e-6,1e-6,1e-6,1e-6,1e-6,1e-6,1e-6,1e-6,1e-6,307,1e-6,1e-6,2127,3,1e-6,91,1e-6,1e-6,1e-6,1e-6,1e-6,1e-6,1e-6,1e-6,1e-6,57,1e-6,4,1e-6,7,168,44,1e-6,1e-6,1e-6,9,1e-6,1e-6,1e-6,44,1e-6,1e-6,9,1e-6,1e-6,1e-6,1e-6,1e-6,1e-6,1e-6,1e-6,1e-6,1e-6,1e-6,2,1e-6,1e-6,1e-6,1e-6,1e-6,180,8,1e-6,1e-6,1e-6,1e-6,34,7,52677,1e-6,1e-6,70,239,29,938,373,59,2019,8,16631,1e-6,1e-6,725,1327,1e-6,5958,258,44020,5,1907,1e-6,27,3757,25,1e-6,9,1e-6,1e-6,1e-6,1e-6,34,203,1254,410,490,1e-6,1e-6,2478,20,493,1e-6,308,3,6,791,108,971,1e-6,1950,308,1e-6,1e-6,32,215,1e-6,1e-6,507,698,16,1e-6,4,58,7,1e-6,1e-6,1e-6,1e-6,12,1e-6,527,1e-6,1e-6,1e-6,1e-6,104,1e-6,10,1e-6,1e-6,3,1e-6,1e-6,123,235,12,1e-6,1e-6,1e-6,1e-6,1e-6,184,3573,1e-6,1e-6,1e-6,1e-6,1e-6,1e-6,1e-6,1e-6,288,1e-6,1e-6,99,4632,688,28195,2217,79,1e-6,1e-6,10,1e-6,1e-6,633,1e-6,1e-6,1e-6,1e-6,1e-6,1e-6,1e-6,1e-6,1e-6,1e-6,1e-6,1e-6,1e-6,1e-6,1e-6,1e-6,1e-6,1e-6,1e-6,1e-6,1e-6,307,1e-6,1e-6,2,108,1e-6,1e-6,129,184,1e-6,2125,1e-6,3,2254,1e-6,91,1e-6,1e-6,1e-6,1e-6,1e-6,1e-6,1e-6,1e-6,1e-6,1e-6,1e-6,1e-6,1e-6,23,5,4,1e-6,7,168,44,1e-6,1e-6,1e-6,1e-6,1e-6,9,1e-6,7,1e-6,1e-6,1e-6,1e-6,1e-6,2,44,1e-6,1e-6,1e-6,1e-6,1e-6,1e-6,1e-6,1e-6,2,1e-6,1e-6,1e-6,1e-6,82,1e-6,1e-6,8,1e-6,1e-6,1e-6,15146,1e-6,1e-6,1e-6,1e-6,1e-6,1e-6,7,1e-6,1e-6,44062,670,2869,1e-6,1e-6,36,34,1e-6,70,20,347,302,1e-6,12,5139,136,601,213,2131,1e-6,1e-6,239,1e-6,29,1e-6,938,56,373,59,1e-6,570,352,172,54,1e-6,199,1e-6,2019,47,8,104,8367,1454,1e-6,59,1e-6,160,1e-6,92,1e-6,725,921,246,852,1e-6,1e-6,22,1888,29,1e-6,299,142,51,1e-6,132,1e-6,1051,1e-6,72,187,1e-6,632,2792,27,145,1e-6,2691,696,45,1402,1e-6,82,297,178,1e-6,80,14042,14832,306,1e-6,495,25,1109,1e-6,1e-6,1e-6,989,239,228,209,32,938,1690,5,1907,1e-6,1e-6,1e-6,27,1e-6,1e-6,3732,118,3373,4,358,1e-6,1e-6,1e-6,1e-6,1e-6,3,1e-6,1e-6,1e-6,1e-6,1e-6,25,9,1e-6,1e-6,1e-6,256,1e-6,1e-6,1e-6,1e-6,1e-6,1e-6,34,191,1e-6,8,1e-6,1e-6,830,1e-6,1003,524,637,73,12,87,238,1e-6,1e-6,1e-6,1e-6,1e-6,98,1e-6,490,1e-6,1e-6,1e-6,17,1e-6,2440,21,20,1e-6,1e-6,1e-6,16,477,1e-6,1e-6,77,1e-6,231,3,83,6,705,113,1e-6,971,486,19,527,1e-6,1e-6,266,652,53,1e-6,1e-6,255,1e-6,1e-6,1e-6,1e-6,1e-6,1e-6,1e-6,1e-6,1e-6,32,1e-6,34,215,1e-6,1e-6,361,1e-6,1e-6,1e-6,1e-6,1e-6,1e-6,1e-6,16,491,698,16,1e-6,4,1e-6,1e-6,1e-6,22,58,1e-6,1e-6,1e-6,7,1e-6,1e-6,1e-6,1e-6,1e-6,1e-6,12,1e-6,1e-6,1e-6,527,1e-6,1e-6,1e-6,1e-6,85,19,1e-6,1e-6,10,1e-6,1e-6,1e-6,1e-6,3,1e-6,1e-6,1e-6,119,1e-6,4,207,12,1e-6,1e-6,1e-6,1e-6,1e-6,184,3573,1e-6,1e-6,1e-6,1e-6,1e-6,1e-6,1e-6,1e-6,1e-6,1e-6,1e-6,1e-6,1e-6,1e-6,1e-6,1e-6,288,1e-6,1e-6,99,3482,1e-6,636,688,2315,323,1e-6,1e-6,4687,2217,1e-6
170,3,300,1e-6,1e-6,2040,1e-6,1e-6,1e-6,1e-6,1e-6,1038,1e-6,1e-6,1e-6,1e-6,21,520,1e-6,1e-6,1327,13,1e-6,60,1e-6,1e-6,4,1e-6,1e-6,1e-6,1e-6,1e-6,1e-6,1e-6,1e-6,1e-6,1e-6,1e-6,139,1e-6,111,1e-6,3,152,1e-6,1e-6,1e-6,61,1e-6,1e-6,105,1e-6,1e-6,8,1e-6,1e-6,1e-6,1e-6,1e-6,1e-6,1e-6,1e-6,159,1e-6,1e-6,1e-6,1e-6,1e-6,785,1e-6,1e-6,1e-6,1e-6,1e-6,1e-6,739,59725,1e-6,1e-6,1e-6,348,42,583,388,56,691,15,33786,1e-6,1e-6,809,2551,3,9244,899,4378,1e-6,2655,1e-6,361,4483,1e-6,1e-6,115,1e-6,1e-6,7,1e-6,148,1e-6,6566,2392,1623,204,1e-6,4238,1e-6,276,2,4677,5,25,29,88,479,2,6625,443,10,1e-6,67,225,1e-6,1e-6,544,1619,15,1e-6,10,241,108,1e-6,1e-6,1e-6,1e-6,2,146,2027,1e-6,1e-6,1e-6,1e-6,323,19,1e-6,1e-6,1e-6,8,1e-6,1e-6,1e-6,333,146,1e-6,5,1e-6,1e-6,58,1e-6,539,1e-6,1e-6,1e-6,1e-6,1e-6,1e-6,1e-6,1e-6,30,1e-6,1e-6,1e-6,2472,480,33852,26010,170,3,1e-6,180,120,1e-6,1946,1e-6,1e-6,1e-6,1e-6,1e-6,1e-6,1e-6,1e-6,1e-6,1e-6,1e-6,1e-6,1e-6,1038,1e-6,1e-6,1e-6,1e-6,1e-6,19,1e-6,520,1e-6,1e-6,1e-6,88,1e-6,1e-6,94,721,857,1327,2,13,10917,1e-6,60,1e-6,1e-6,1e-6,1e-6,1e-6,4,1e-6,1e-6,1e-6,1e-6,1e-6,1e-6,1e-6,8,1e-6,1e-6,1e-6,1e-6,139,1e-6,111,1e-6,3,1e-6,1e-6,152,1e-6,80,1e-6,1e-6,1e-6,1e-6,1e-6,1e-6,61,1e-6,8,1e-6,1e-6,1e-6,1e-6,1e-6,1e-6,159,1e-6,1e-6,1e-6,1e-6,217,1e-6,1e-6,1e-6,1e-6,1e-6,1e-6,1e-6,1e-6,1e-6,1e-6,1e-6,1e-6,1e-6,739,2,1e-6,40520,993,4376,1e-6,1e-6,3,1e-6,1e-6,1e-6,8,1e-6,981,1e-6,1e-6,10184,2502,586,141,5018,1e-6,158,348,11,42,1e-6,583,1e-6,388,56,78,644,104,330,57,1e-6,563,1e-6,691,54,15,590,12941,6479,1e-6,278,1e-6,40,1e-6,69,25,809,1697,781,560,3,33,168,1710,1e-6,704,432,1e-6,248,1e-6,65,266,1106,1e-6,479,1e-6,1e-6,301,3156,38,3,1e-6,3633,1109,166,491,1e-6,1e-6,436,610,58,231,2072,2306,177,1e-6,752,7,881,1e-6,1e-6,1e-6,1566,369,478,834,25,792,2504,1e-6,2655,18,1e-6,1e-6,359,2,1e-6,6267,37,4461,13,1e-6,3,1e-6,1e-6,1e-6,1e-6,1e-6,1e-6,1e-6,1e-6,1e-6,1e-6,1e-6,115,1e-6,1e-6,1e-6,4226,1e-6,1e-6,1e-6,1e-6,1e-6,106,42,1e-6,1e-6,1e-6,1e-6,7,2316,30,1945,184,1750,85,587,291,1429,1e-6,1e-6,1e-6,1e-6,1e-6,133,344,1623,1e-6,91,204,1e-6,1e-6,3274,964,1e-6,1e-6,1e-6,1e-6,1e-6,276,1e-6,2,2325,33,2319,5,2,25,1e-6,165,1e-6,479,1015,183,1739,1e-6,2,613,3075,134,231,1e-6,78,1e-6,1e-6,1e-6,1e-6,1e-6,7,1e-6,1e-6,1e-6,67,1e-6,1e-6,225,1e-6,1e-6,456,1e-6,1e-6,3,131,1e-6,24,1e-6,9,535,1608,15,1e-6,10,1e-6,1e-6,1e-6,9,241,1e-6,1e-6,2,108,5,1e-6,1e-6,1e-6,1e-6,1e-6,1e-6,146,1e-6,1e-6,2022,1e-6,1e-6,1e-6,206,1e-6,117,3,16,1e-6,1e-6,1e-6,1e-6,1e-6,8,1e-6,1e-6,1e-6,1e-6,1e-6,1e-6,325,146,1e-6,5,1e-6,1e-6,58,1e-6,539,1e-6,1e-6,1e-6,1e-6,1e-6,1e-6,1e-6,1e-6,1e-6,1e-6,1e-6,1e-6,1e-6,1e-6,1e-6,1e-6,30,1e-6,1e-6,1e-6,1376,346,577,480,557,784,1e-6,1e-6,844,25992,16
