"ID","Kingdom","Phylum","Class","Order","Family","Genus","Species","group","Label"
".alpha..D.Xylopyranose",NA,NA,NA,NA,NA,NA,NA,"metabolites",".alpha..D.Xylopyranose"
".alpha..Hyodeoxycholic.acid.methyl.ester",NA,NA,NA,NA,NA,NA,NA,"metabolites",".alpha..Hyodeoxycholic.acid.methyl.ester"
".beta..Alanylleucine",NA,NA,NA,NA,NA,NA,NA,"metabolites",".beta..Alanylleucine"
".beta..Gentiobiose",NA,NA,NA,NA,NA,NA,NA,"metabolites",".beta..Gentiobiose"
".gamma..Aminobutyric.acid",NA,NA,NA,NA,NA,NA,NA,"metabolites",".gamma..Aminobutyric.acid"
"Acetyl.DL.carnitine",NA,NA,NA,NA,NA,NA,NA,"metabolites","Acetyl.DL.carnitine"
"Acetyl.L.threonine",NA,NA,NA,NA,NA,NA,NA,"metabolites","Acetyl.L.threonine"
"Acetylaniline",NA,NA,NA,NA,NA,NA,NA,"metabolites","Acetylaniline"
"Adenine",NA,NA,NA,NA,NA,NA,NA,"metabolites","Adenine"
"ADIPIC.ACID",NA,NA,NA,NA,NA,NA,NA,"metabolites","ADIPIC.ACID"
"Ala.Pro",NA,NA,NA,NA,NA,NA,NA,"metabolites","Ala.Pro"
"Ala.Val",NA,NA,NA,NA,NA,NA,NA,"metabolites","Ala.Val"
"ALPHA.GLUCOSE.1.PHOSPHATE",NA,NA,NA,NA,NA,NA,NA,"metabolites","ALPHA.GLUCOSE.1.PHOSPHATE"
"alpha.Naphthoflavone",NA,NA,NA,NA,NA,NA,NA,"metabolites","alpha.Naphthoflavone"
"Aminomethylphosphonic.acid",NA,NA,NA,NA,NA,NA,NA,"metabolites","Aminomethylphosphonic.acid"
"Aniline",NA,NA,NA,NA,NA,NA,NA,"metabolites","Aniline"
"Arg.Leu",NA,NA,NA,NA,NA,NA,NA,"metabolites","Arg.Leu"
"Asn.Ile",NA,NA,NA,NA,NA,NA,NA,"metabolites","Asn.Ile"
"Asp.Ile",NA,NA,NA,NA,NA,NA,NA,"metabolites","Asp.Ile"
"ASPARTIC.ACID",NA,NA,NA,NA,NA,NA,NA,"metabolites","ASPARTIC.ACID"
"Asperlactone",NA,NA,NA,NA,NA,NA,NA,"metabolites","Asperlactone"
"Atropic.acid",NA,NA,NA,NA,NA,NA,NA,"metabolites","Atropic.acid"
"Azelaic.acid..Not.validated.",NA,NA,NA,NA,NA,NA,NA,"metabolites","Azelaic.acid..Not.validated."
"Benzyl.alcohol",NA,NA,NA,NA,NA,NA,NA,"metabolites","Benzyl.alcohol"
"Bestatin",NA,NA,NA,NA,NA,NA,NA,"metabolites","Bestatin"
"BETA.ALANINE",NA,NA,NA,NA,NA,NA,NA,"metabolites","BETA.ALANINE"
"BETAINE",NA,NA,NA,NA,NA,NA,NA,"metabolites","BETAINE"
"Bicine",NA,NA,NA,NA,NA,NA,NA,"metabolites","Bicine"
"Bis.2.ethylhexyl..adipate",NA,NA,NA,NA,NA,NA,NA,"metabolites","Bis.2.ethylhexyl..adipate"
"Butin",NA,NA,NA,NA,NA,NA,NA,"metabolites","Butin"
"C10.LAS..TENTATIVE.",NA,NA,NA,NA,NA,NA,NA,"metabolites","C10.LAS..TENTATIVE."
"C12.AE1S..TENTATIVE.",NA,NA,NA,NA,NA,NA,NA,"metabolites","C12.AE1S..TENTATIVE."
"C16.Lactosyl.Ceramide..d18.1.16.0.",NA,NA,NA,NA,NA,NA,NA,"metabolites","C16.Lactosyl.Ceramide..d18.1.16.0."
"CADAVERINE",NA,NA,NA,NA,NA,NA,NA,"metabolites","CADAVERINE"
"Caffeic.acid",NA,NA,NA,NA,NA,NA,NA,"metabolites","Caffeic.acid"
"Caffeine",NA,NA,NA,NA,NA,NA,NA,"metabolites","Caffeine"
"Catechol",NA,NA,NA,NA,NA,NA,NA,"metabolites","Catechol"
"Chelidonic.acid",NA,NA,NA,NA,NA,NA,NA,"metabolites","Chelidonic.acid"
"Cholic.Acid",NA,NA,NA,NA,NA,NA,NA,"metabolites","Cholic.Acid"
"Choline.chloride",NA,NA,NA,NA,NA,NA,NA,"metabolites","Choline.chloride"
"Citric.acid",NA,NA,NA,NA,NA,NA,NA,"metabolites","Citric.acid"
"CocamidopropylBetaine",NA,NA,NA,NA,NA,NA,NA,"metabolites","CocamidopropylBetaine"
"Cotinine",NA,NA,NA,NA,NA,NA,NA,"metabolites","Cotinine"
"CREATINE",NA,NA,NA,NA,NA,NA,NA,"metabolites","CREATINE"
"CREATININE",NA,NA,NA,NA,NA,NA,NA,"metabolites","CREATININE"
"Cyclohexanesulfamic.acid",NA,NA,NA,NA,NA,NA,NA,"metabolites","Cyclohexanesulfamic.acid"
"CYTOSINE",NA,NA,NA,NA,NA,NA,NA,"metabolites","CYTOSINE"
"D.....Cellobiose",NA,NA,NA,NA,NA,NA,NA,"metabolites","D.....Cellobiose"
"D.....Quinic.acid",NA,NA,NA,NA,NA,NA,NA,"metabolites","D.....Quinic.acid"
"D.....Ribonic.acid..gamma..lactone",NA,NA,NA,NA,NA,NA,NA,"metabolites","D.....Ribonic.acid..gamma..lactone"
"D.erythro.N.stearoylsphingosine",NA,NA,NA,NA,NA,NA,NA,"metabolites","D.erythro.N.stearoylsphingosine"
"D.pantothenic.acid",NA,NA,NA,NA,NA,NA,NA,"metabolites","D.pantothenic.acid"
"D.Pipecolinic.acid",NA,NA,NA,NA,NA,NA,NA,"metabolites","D.Pipecolinic.acid"
"d.Pro",NA,NA,NA,NA,NA,NA,NA,"metabolites","d.Pro"
"D.Pyroglutamic.acid",NA,NA,NA,NA,NA,NA,NA,"metabolites","D.Pyroglutamic.acid"
"Decanoylcarnitine",NA,NA,NA,NA,NA,NA,NA,"metabolites","Decanoylcarnitine"
"Demethoxycurcumin",NA,NA,NA,NA,NA,NA,NA,"metabolites","Demethoxycurcumin"
"Demissidine",NA,NA,NA,NA,NA,NA,NA,"metabolites","Demissidine"
"DEOXYCARNITINE",NA,NA,NA,NA,NA,NA,NA,"metabolites","DEOXYCARNITINE"
"Deoxycholic.acid",NA,NA,NA,NA,NA,NA,NA,"metabolites","Deoxycholic.acid"
"Deoxykhivorin",NA,NA,NA,NA,NA,NA,NA,"metabolites","Deoxykhivorin"
"Deoxyuridine",NA,NA,NA,NA,NA,NA,NA,"metabolites","Deoxyuridine"
"Diethyl.pyridine.2.4.dicarboxylate",NA,NA,NA,NA,NA,NA,NA,"metabolites","Diethyl.pyridine.2.4.dicarboxylate"
"Dihexadecyldimethylammonium.cation",NA,NA,NA,NA,NA,NA,NA,"metabolites","Dihexadecyldimethylammonium.cation"
"dihydroferulic.acid",NA,NA,NA,NA,NA,NA,NA,"metabolites","dihydroferulic.acid"
"Diisooctyl.phthalate",NA,NA,NA,NA,NA,NA,NA,"metabolites","Diisooctyl.phthalate"
"Diisopropyl.phosphate",NA,NA,NA,NA,NA,NA,NA,"metabolites","Diisopropyl.phosphate"
"DL..beta..Homophenylalanine",NA,NA,NA,NA,NA,NA,NA,"metabolites","DL..beta..Homophenylalanine"
"DL..beta..Hydroxypalmitic.acid",NA,NA,NA,NA,NA,NA,NA,"metabolites","DL..beta..Hydroxypalmitic.acid"
"DL.2.Hydroxyvaleric.acid.sodium.salt.hydrate",NA,NA,NA,NA,NA,NA,NA,"metabolites","DL.2.Hydroxyvaleric.acid.sodium.salt.hydrate"
"DL.3.Phenyllactic.acid",NA,NA,NA,NA,NA,NA,NA,"metabolites","DL.3.Phenyllactic.acid"
"DL.alpha.Hydroxyglutaric.acid",NA,NA,NA,NA,NA,NA,NA,"metabolites","DL.alpha.Hydroxyglutaric.acid"
"DL.Leu.DL.Val",NA,NA,NA,NA,NA,NA,NA,"metabolites","DL.Leu.DL.Val"
"DL.Octopamine",NA,NA,NA,NA,NA,NA,NA,"metabolites","DL.Octopamine"
"Dodecanedioic.acid",NA,NA,NA,NA,NA,NA,NA,"metabolites","Dodecanedioic.acid"
"Dodecanoic.acid..12....cyclohexylamino.carbonyl.amino..",NA,NA,NA,NA,NA,NA,NA,"metabolites","Dodecanoic.acid..12....cyclohexylamino.carbonyl.amino.."
"Eglumegad",NA,NA,NA,NA,NA,NA,NA,"metabolites","Eglumegad"
"Endothal",NA,NA,NA,NA,NA,NA,NA,"metabolites","Endothal"
"Enterolactone",NA,NA,NA,NA,NA,NA,NA,"metabolites","Enterolactone"
"Epitestosterone.sulfate",NA,NA,NA,NA,NA,NA,NA,"metabolites","Epitestosterone.sulfate"
"Erlose",NA,NA,NA,NA,NA,NA,NA,"metabolites","Erlose"
"Erucamide",NA,NA,NA,NA,NA,NA,NA,"metabolites","Erucamide"
"Ethylenediaminetetraacetic.acid",NA,NA,NA,NA,NA,NA,NA,"metabolites","Ethylenediaminetetraacetic.acid"
"Gallic.acid",NA,NA,NA,NA,NA,NA,NA,"metabolites","Gallic.acid"
"gamma.Glutamylmethionine",NA,NA,NA,NA,NA,NA,NA,"metabolites","gamma.Glutamylmethionine"
"gamma.Glutamylphenylalanine",NA,NA,NA,NA,NA,NA,NA,"metabolites","gamma.Glutamylphenylalanine"
"Ganoderic.acid.H",NA,NA,NA,NA,NA,NA,NA,"metabolites","Ganoderic.acid.H"
"Gln.Glu",NA,NA,NA,NA,NA,NA,NA,"metabolites","Gln.Glu"
"Gln.Ile",NA,NA,NA,NA,NA,NA,NA,"metabolites","Gln.Ile"
"Gln.Leu",NA,NA,NA,NA,NA,NA,NA,"metabolites","Gln.Leu"
"Gln.Pro",NA,NA,NA,NA,NA,NA,NA,"metabolites","Gln.Pro"
"Glu.Glu.Lys",NA,NA,NA,NA,NA,NA,NA,"metabolites","Glu.Glu.Lys"
"Glu.Ile.Lys",NA,NA,NA,NA,NA,NA,NA,"metabolites","Glu.Ile.Lys"
"Glu.Pro",NA,NA,NA,NA,NA,NA,NA,"metabolites","Glu.Pro"
"GLUCONIC.ACID",NA,NA,NA,NA,NA,NA,NA,"metabolites","GLUCONIC.ACID"
"Glucuronic.acid",NA,NA,NA,NA,NA,NA,NA,"metabolites","Glucuronic.acid"
"Glutamylleucine",NA,NA,NA,NA,NA,NA,NA,"metabolites","Glutamylleucine"
"GLUTARIC.ACID",NA,NA,NA,NA,NA,NA,NA,"metabolites","GLUTARIC.ACID"
"Gly.Leu",NA,NA,NA,NA,NA,NA,NA,"metabolites","Gly.Leu"
"Gly.Phe",NA,NA,NA,NA,NA,NA,NA,"metabolites","Gly.Phe"
"GLYCERIC.ACID",NA,NA,NA,NA,NA,NA,NA,"metabolites","GLYCERIC.ACID"
"Glycyl.L.proline",NA,NA,NA,NA,NA,NA,NA,"metabolites","Glycyl.L.proline"
"Guanidine",NA,NA,NA,NA,NA,NA,NA,"metabolites","Guanidine"
"Guanine",NA,NA,NA,NA,NA,NA,NA,"metabolites","Guanine"
"Guanosine",NA,NA,NA,NA,NA,NA,NA,"metabolites","Guanosine"
"Hamamelitannin",NA,NA,NA,NA,NA,NA,NA,"metabolites","Hamamelitannin"
"Heptadecanoyl.Ethanolamide",NA,NA,NA,NA,NA,NA,NA,"metabolites","Heptadecanoyl.Ethanolamide"
"Hexadecyltrimethylammonium.cation",NA,NA,NA,NA,NA,NA,NA,"metabolites","Hexadecyltrimethylammonium.cation"
"Hexaethylene.glycol",NA,NA,NA,NA,NA,NA,NA,"metabolites","Hexaethylene.glycol"
"His.Ile",NA,NA,NA,NA,NA,NA,NA,"metabolites","His.Ile"
"Hydroxysydonic.acid",NA,NA,NA,NA,NA,NA,NA,"metabolites","Hydroxysydonic.acid"
"Hypaphorine",NA,NA,NA,NA,NA,NA,NA,"metabolites","Hypaphorine"
"Hypoxanthine",NA,NA,NA,NA,NA,NA,NA,"metabolites","Hypoxanthine"
"Ile.Ala",NA,NA,NA,NA,NA,NA,NA,"metabolites","Ile.Ala"
"Ile.Glu",NA,NA,NA,NA,NA,NA,NA,"metabolites","Ile.Glu"
"Ile.Ile",NA,NA,NA,NA,NA,NA,NA,"metabolites","Ile.Ile"
"Ile.Pro",NA,NA,NA,NA,NA,NA,NA,"metabolites","Ile.Pro"
"Ile.Thr",NA,NA,NA,NA,NA,NA,NA,"metabolites","Ile.Thr"
"Ile.Val",NA,NA,NA,NA,NA,NA,NA,"metabolites","Ile.Val"
"Indole.3.aldehyde",NA,NA,NA,NA,NA,NA,NA,"metabolites","Indole.3.aldehyde"
"Indole.3.carbinol",NA,NA,NA,NA,NA,NA,NA,"metabolites","Indole.3.carbinol"
"INDOLE.3.CARBOXALDEHYDE",NA,NA,NA,NA,NA,NA,NA,"metabolites","INDOLE.3.CARBOXALDEHYDE"
"indole.3.propionic.acid",NA,NA,NA,NA,NA,NA,NA,"metabolites","indole.3.propionic.acid"
"Indolelactic.acid",NA,NA,NA,NA,NA,NA,NA,"metabolites","Indolelactic.acid"
"Inosine",NA,NA,NA,NA,NA,NA,NA,"metabolites","Inosine"
"Isoprocarb",NA,NA,NA,NA,NA,NA,NA,"metabolites","Isoprocarb"
"Isovalerophenone",NA,NA,NA,NA,NA,NA,NA,"metabolites","Isovalerophenone"
"Kynurenic.acid",NA,NA,NA,NA,NA,NA,NA,"metabolites","Kynurenic.acid"
"L..beta..Homomethionine",NA,NA,NA,NA,NA,NA,NA,"metabolites","L..beta..Homomethionine"
"L.Alanyl.L.norleucine",NA,NA,NA,NA,NA,NA,NA,"metabolites","L.Alanyl.L.norleucine"
"L.Allothreonine",NA,NA,NA,NA,NA,NA,NA,"metabolites","L.Allothreonine"
"L.Arginine",NA,NA,NA,NA,NA,NA,NA,"metabolites","L.Arginine"
"L.CARNITINE",NA,NA,NA,NA,NA,NA,NA,"metabolites","L.CARNITINE"
"L.Citrulline",NA,NA,NA,NA,NA,NA,NA,"metabolites","L.Citrulline"
"L.Glutamic.acid",NA,NA,NA,NA,NA,NA,NA,"metabolites","L.Glutamic.acid"
"L.Histidine",NA,NA,NA,NA,NA,NA,NA,"metabolites","L.Histidine"
"L.Isoleucine",NA,NA,NA,NA,NA,NA,NA,"metabolites","L.Isoleucine"
"L.Kynurenine",NA,NA,NA,NA,NA,NA,NA,"metabolites","L.Kynurenine"
"L.Leucyl.L.leucine.methyl.ester",NA,NA,NA,NA,NA,NA,NA,"metabolites","L.Leucyl.L.leucine.methyl.ester"
"L.Proline",NA,NA,NA,NA,NA,NA,NA,"metabolites","L.Proline"
"L.Propionylcarnitine",NA,NA,NA,NA,NA,NA,NA,"metabolites","L.Propionylcarnitine"
"L.Pyroglutamic.acid",NA,NA,NA,NA,NA,NA,NA,"metabolites","L.Pyroglutamic.acid"
"L.Serine",NA,NA,NA,NA,NA,NA,NA,"metabolites","L.Serine"
"L.Threonine",NA,NA,NA,NA,NA,NA,NA,"metabolites","L.Threonine"
"L.Tyrosine",NA,NA,NA,NA,NA,NA,NA,"metabolites","L.Tyrosine"
"LACTIC.ACID",NA,NA,NA,NA,NA,NA,NA,"metabolites","LACTIC.ACID"
"Lauryldimethylamine.Oxide",NA,NA,NA,NA,NA,NA,NA,"metabolites","Lauryldimethylamine.Oxide"
"Laurylsulfuric.acid",NA,NA,NA,NA,NA,NA,NA,"metabolites","Laurylsulfuric.acid"
"Leu.ala",NA,NA,NA,NA,NA,NA,NA,"metabolites","Leu.ala"
"Leu.Glu",NA,NA,NA,NA,NA,NA,NA,"metabolites","Leu.Glu"
"Leu.Ile",NA,NA,NA,NA,NA,NA,NA,"metabolites","Leu.Ile"
"Leu.Ser",NA,NA,NA,NA,NA,NA,NA,"metabolites","Leu.Ser"
"Leucine",NA,NA,NA,NA,NA,NA,NA,"metabolites","Leucine"
"Linoleoylcarnitine",NA,NA,NA,NA,NA,NA,NA,"metabolites","Linoleoylcarnitine"
"Lys.Tyr",NA,NA,NA,NA,NA,NA,NA,"metabolites","Lys.Tyr"
"Lysine",NA,NA,NA,NA,NA,NA,NA,"metabolites","Lysine"
"m.Toluidine",NA,NA,NA,NA,NA,NA,NA,"metabolites","m.Toluidine"
"MALEATE",NA,NA,NA,NA,NA,NA,NA,"metabolites","MALEATE"
"MALIC.ACID",NA,NA,NA,NA,NA,NA,NA,"metabolites","MALIC.ACID"
"Malonic.acid",NA,NA,NA,NA,NA,NA,NA,"metabolites","Malonic.acid"
"Maltose",NA,NA,NA,NA,NA,NA,NA,"metabolites","Maltose"
"Methacholine.cation",NA,NA,NA,NA,NA,NA,NA,"metabolites","Methacholine.cation"
"METHIONINE",NA,NA,NA,NA,NA,NA,NA,"metabolites","METHIONINE"
"Methioninesulfoxide",NA,NA,NA,NA,NA,NA,NA,"metabolites","Methioninesulfoxide"
"Methyl.2...2.hydroxy.3.methylbutanoyl.amino..3.methylbutanoate",NA,NA,NA,NA,NA,NA,NA,"metabolites","Methyl.2...2.hydroxy.3.methylbutanoyl.amino..3.methylbutanoate"
"Methyl.5.phenyl.1H.pyrazole.3.carboxylate",NA,NA,NA,NA,NA,NA,NA,"metabolites","Methyl.5.phenyl.1H.pyrazole.3.carboxylate"
"N..2.3.Dimethylphenyl..3.oxobutanamide",NA,NA,NA,NA,NA,NA,NA,"metabolites","N..2.3.Dimethylphenyl..3.oxobutanamide"
"N..2.Chlorophenyl..3.phenyl.2.propenamide",NA,NA,NA,NA,NA,NA,NA,"metabolites","N..2.Chlorophenyl..3.phenyl.2.propenamide"
"N..3.Acetylphenyl..N...1.methyl.1H.pyrazol.3.yl.thiourea",NA,NA,NA,NA,NA,NA,NA,"metabolites","N..3.Acetylphenyl..N...1.methyl.1H.pyrazol.3.yl.thiourea"
"N..4.Bromophenyl.acrylamide",NA,NA,NA,NA,NA,NA,NA,"metabolites","N..4.Bromophenyl.acrylamide"
"N..4.Chlorobenzoyl.tryptophan",NA,NA,NA,NA,NA,NA,NA,"metabolites","N..4.Chlorobenzoyl.tryptophan"
"N..4.Methylpentanoyl.phenylalanine",NA,NA,NA,NA,NA,NA,NA,"metabolites","N..4.Methylpentanoyl.phenylalanine"
"N.Acetyl..beta..D.mannosamine",NA,NA,NA,NA,NA,NA,NA,"metabolites","N.Acetyl..beta..D.mannosamine"
"N.Acetyl.D.glucosamine",NA,NA,NA,NA,NA,NA,NA,"metabolites","N.Acetyl.D.glucosamine"
"N.Acetyl.D.phenylalanine",NA,NA,NA,NA,NA,NA,NA,"metabolites","N.Acetyl.D.phenylalanine"
"N.Acetyl.D.tryptophan",NA,NA,NA,NA,NA,NA,NA,"metabolites","N.Acetyl.D.tryptophan"
"N.Acetyl.DL.valine",NA,NA,NA,NA,NA,NA,NA,"metabolites","N.Acetyl.DL.valine"
"N.ACETYL.GLUTAMIC.ACID",NA,NA,NA,NA,NA,NA,NA,"metabolites","N.ACETYL.GLUTAMIC.ACID"
"N.Acetyl.L.leucine",NA,NA,NA,NA,NA,NA,NA,"metabolites","N.Acetyl.L.leucine"
"N.Acetyl.methionine",NA,NA,NA,NA,NA,NA,NA,"metabolites","N.Acetyl.methionine"
"N.ACETYLMURAMIC.ACID",NA,NA,NA,NA,NA,NA,NA,"metabolites","N.ACETYLMURAMIC.ACID"
"N.Acetylneuraminic.acid",NA,NA,NA,NA,NA,NA,NA,"metabolites","N.Acetylneuraminic.acid"
"N.Acetyltyramine",NA,NA,NA,NA,NA,NA,NA,"metabolites","N.Acetyltyramine"
"N.Aceyl.L.tyrosine",NA,NA,NA,NA,NA,NA,NA,"metabolites","N.Aceyl.L.tyrosine"
"N.alpha..Acetyl.L.lysine",NA,NA,NA,NA,NA,NA,NA,"metabolites","N.alpha..Acetyl.L.lysine"
"N.alpha.Acetyl.L.lysine",NA,NA,NA,NA,NA,NA,NA,"metabolites","N.alpha.Acetyl.L.lysine"
"N.Cyclohexyl.N...tetrahydro.2.furanylmethyl.urea",NA,NA,NA,NA,NA,NA,NA,"metabolites","N.Cyclohexyl.N...tetrahydro.2.furanylmethyl.urea"
"N.Decyl.N.N.dimethyl.1.decanaminium.cation",NA,NA,NA,NA,NA,NA,NA,"metabolites","N.Decyl.N.N.dimethyl.1.decanaminium.cation"
"N.Formyltryptophan",NA,NA,NA,NA,NA,NA,NA,"metabolites","N.Formyltryptophan"
"N.Isobutyl.3.methylbutanamide",NA,NA,NA,NA,NA,NA,NA,"metabolites","N.Isobutyl.3.methylbutanamide"
"N.Methyldodecylamine",NA,NA,NA,NA,NA,NA,NA,"metabolites","N.Methyldodecylamine"
"N.Methyltryptamine",NA,NA,NA,NA,NA,NA,NA,"metabolites","N.Methyltryptamine"
"N.N.Dibutyl.N...3.chloro.2.methylphenyl.urea",NA,NA,NA,NA,NA,NA,NA,"metabolites","N.N.Dibutyl.N...3.chloro.2.methylphenyl.urea"
"N.N.Dimethylaniline",NA,NA,NA,NA,NA,NA,NA,"metabolites","N.N.Dimethylaniline"
"N.N.N.Trimethyl.5...tricyclo.3.3.1.1.3.7..dec.1.ylmethyl.amino..1.pentanaminium.cation",NA,NA,NA,NA,NA,NA,NA,"metabolites","N.N.N.Trimethyl.5...tricyclo.3.3.1.1.3.7..dec.1.ylmethyl.amino..1.pentanaminium.cation"
"N.Nervonoyl.D.erythro.sphingosylphosphorylcholine",NA,NA,NA,NA,NA,NA,NA,"metabolites","N.Nervonoyl.D.erythro.sphingosylphosphorylcholine"
"n.Octadecylamine",NA,NA,NA,NA,NA,NA,NA,"metabolites","n.Octadecylamine"
"N.Oleoyl.D.erythro.sphingosylphosphorylcholine",NA,NA,NA,NA,NA,NA,NA,"metabolites","N.Oleoyl.D.erythro.sphingosylphosphorylcholine"
"N.Oleoylethanolamine",NA,NA,NA,NA,NA,NA,NA,"metabolites","N.Oleoylethanolamine"
"N1.Acetylspermidine",NA,NA,NA,NA,NA,NA,NA,"metabolites","N1.Acetylspermidine"
"Nicotinic.acid",NA,NA,NA,NA,NA,NA,NA,"metabolites","Nicotinic.acid"
"o.Hydroxyhippuric.acid",NA,NA,NA,NA,NA,NA,NA,"metabolites","o.Hydroxyhippuric.acid"
"O6.MeG",NA,NA,NA,NA,NA,NA,NA,"metabolites","O6.MeG"
"Octyl..alpha..ketoglutarate",NA,NA,NA,NA,NA,NA,NA,"metabolites","Octyl..alpha..ketoglutarate"
"Oleamide",NA,NA,NA,NA,NA,NA,NA,"metabolites","Oleamide"
"Oleoyl.L.Carnitine",NA,NA,NA,NA,NA,NA,NA,"metabolites","Oleoyl.L.Carnitine"
"ORNITHINE",NA,NA,NA,NA,NA,NA,NA,"metabolites","ORNITHINE"
"Orotic.acid",NA,NA,NA,NA,NA,NA,NA,"metabolites","Orotic.acid"
"Ortophosphate",NA,NA,NA,NA,NA,NA,NA,"metabolites","Ortophosphate"
"p.Hydroxyphenyllactic.acid",NA,NA,NA,NA,NA,NA,NA,"metabolites","p.Hydroxyphenyllactic.acid"
"Palmitoyl.ethanolamide",NA,NA,NA,NA,NA,NA,NA,"metabolites","Palmitoyl.ethanolamide"
"Palmitoyl.sphingomyelin",NA,NA,NA,NA,NA,NA,NA,"metabolites","Palmitoyl.sphingomyelin"
"pantothenic.acid",NA,NA,NA,NA,NA,NA,NA,"metabolites","pantothenic.acid"
"Pentadecylamine",NA,NA,NA,NA,NA,NA,NA,"metabolites","Pentadecylamine"
"Phe.Asp",NA,NA,NA,NA,NA,NA,NA,"metabolites","Phe.Asp"
"Phe.Ile",NA,NA,NA,NA,NA,NA,NA,"metabolites","Phe.Ile"
"Phe.Pro",NA,NA,NA,NA,NA,NA,NA,"metabolites","Phe.Pro"
"Phe.Val",NA,NA,NA,NA,NA,NA,NA,"metabolites","Phe.Val"
"Phenylacetaldehyde",NA,NA,NA,NA,NA,NA,NA,"metabolites","Phenylacetaldehyde"
"PHENYLACETYL.GLUTAMINE",NA,NA,NA,NA,NA,NA,NA,"metabolites","PHENYLACETYL.GLUTAMINE"
"PHENYLALANINE",NA,NA,NA,NA,NA,NA,NA,"metabolites","PHENYLALANINE"
"Picolinic.acid.N.oxide",NA,NA,NA,NA,NA,NA,NA,"metabolites","Picolinic.acid.N.oxide"
"Piperine",NA,NA,NA,NA,NA,NA,NA,"metabolites","Piperine"
"Pro.Asp",NA,NA,NA,NA,NA,NA,NA,"metabolites","Pro.Asp"
"Pro.Leu",NA,NA,NA,NA,NA,NA,NA,"metabolites","Pro.Leu"
"Prohexadione",NA,NA,NA,NA,NA,NA,NA,"metabolites","Prohexadione"
"Propamocarb",NA,NA,NA,NA,NA,NA,NA,"metabolites","Propamocarb"
"Putrescine",NA,NA,NA,NA,NA,NA,NA,"metabolites","Putrescine"
"PYRIDOXINE",NA,NA,NA,NA,NA,NA,NA,"metabolites","PYRIDOXINE"
"PYROGLUTAMIC.ACID",NA,NA,NA,NA,NA,NA,NA,"metabolites","PYROGLUTAMIC.ACID"
"Quercetagetinidin.cation",NA,NA,NA,NA,NA,NA,NA,"metabolites","Quercetagetinidin.cation"
"Quinoline.2.4.diol",NA,NA,NA,NA,NA,NA,NA,"metabolites","Quinoline.2.4.diol"
"Quinoline.2.8.diol",NA,NA,NA,NA,NA,NA,NA,"metabolites","Quinoline.2.8.diol"
"Quinoline.2.carboxylic.acid",NA,NA,NA,NA,NA,NA,NA,"metabolites","Quinoline.2.carboxylic.acid"
"Resedine",NA,NA,NA,NA,NA,NA,NA,"metabolites","Resedine"
"S.Allyl.L.Cysteine",NA,NA,NA,NA,NA,NA,NA,"metabolites","S.Allyl.L.Cysteine"
"Salicylic.alcohol",NA,NA,NA,NA,NA,NA,NA,"metabolites","Salicylic.alcohol"
"SARCOSINE",NA,NA,NA,NA,NA,NA,NA,"metabolites","SARCOSINE"
"Sarsasapogenin",NA,NA,NA,NA,NA,NA,NA,"metabolites","Sarsasapogenin"
"Sebacic.acid",NA,NA,NA,NA,NA,NA,NA,"metabolites","Sebacic.acid"
"Sebacic.acid.monomethyl.ester",NA,NA,NA,NA,NA,NA,NA,"metabolites","Sebacic.acid.monomethyl.ester"
"Selfotel",NA,NA,NA,NA,NA,NA,NA,"metabolites","Selfotel"
"seq1","Bacteria","Bacteroidota","Bacteroidia","Bacteroidales","Prevotellaceae","Prevotella_9","none","OTU","seq1"
"seq10","Bacteria","Bacteroidota","Bacteroidia","Bacteroidales","Prevotellaceae","Prevotella_9","none","OTU","seq10"
"seq100","Bacteria","Proteobacteria","Gammaproteobacteria","Enterobacterales","Succinivibrionaceae","Ruminobacter","none","OTU","seq100"
"seq1000","Bacteria","Firmicutes","Clostridia","Lachnospirales","Lachnospiraceae","Coprococcus","none","OTU","seq1000"
"seq1001","Bacteria","Firmicutes","Clostridia","Lachnospirales","Lachnospiraceae","Roseburia","none","OTU","seq1001"
"seq1002","Bacteria","Firmicutes","Bacilli","Erysipelotrichales","Erysipelotrichaceae","Turicibacter","none","OTU","seq1002"
"seq1003","Bacteria","Firmicutes","Clostridia","Lachnospirales","Lachnospiraceae","Marvinbryantia","none","OTU","seq1003"
"seq1004","Bacteria","Bacteroidota","Bacteroidia","Bacteroidales","Prevotellaceae","Prevotella_9","none","OTU","seq1004"
"seq1005","Bacteria","Proteobacteria","Gammaproteobacteria","Enterobacterales","Enterobacteriaceae","Escherichia-Shigella","none","OTU","seq1005"
"seq1006","Bacteria","Firmicutes","Clostridia","Lachnospirales","Lachnospiraceae","Roseburia","none","OTU","seq1006"
"seq1007","Archaea","Euryarchaeota","Methanobacteria","Methanobacteriales","Methanobacteriaceae","Methanobrevibacter","none","OTU","seq1007"
"seq1008","Archaea","Euryarchaeota","Methanobacteria","Methanobacteriales","Methanobacteriaceae","Methanobrevibacter","none","OTU","seq1008"
"seq1009","Bacteria","Bacteroidota","Bacteroidia","Bacteroidales","Prevotellaceae","Prevotella","none","OTU","seq1009"
"seq101","Bacteria","Bacteroidota","Bacteroidia","Bacteroidales","Prevotellaceae","Prevotella_9","none","OTU","seq101"
"seq1010","Bacteria","Bacteroidota","Bacteroidia","Bacteroidales","Prevotellaceae","Prevotella","none","OTU","seq1010"
"seq1011","Bacteria","Firmicutes","Clostridia","Lachnospirales","Lachnospiraceae","Blautia","none","OTU","seq1011"
"seq1012","Bacteria","Firmicutes","Clostridia","Lachnospirales","Lachnospiraceae","Roseburia","none","OTU","seq1012"
"seq1013","Bacteria","Firmicutes","Bacilli","Lactobacillales","Streptococcaceae","Streptococcus","none","OTU","seq1013"
"seq1014","Bacteria","Firmicutes","Clostridia","Oscillospirales","Oscillospiraceae","UCG-002","none","OTU","seq1014"
"seq1015","Bacteria","Firmicutes","Clostridia","Oscillospirales","Oscillospiraceae","UCG-002","none","OTU","seq1015"
"seq1016","Bacteria","Actinobacteriota","Coriobacteriia","Coriobacteriales","Coriobacteriaceae","Collinsella","none","OTU","seq1016"
"seq1017","Bacteria","Firmicutes","Clostridia","Peptostreptococcales-Tissierellales","Peptostreptococcaceae","Terrisporobacter","none","OTU","seq1017"
"seq1018","Bacteria","Firmicutes","Clostridia","Oscillospirales","Oscillospiraceae","UCG-005","none","OTU","seq1018"
"seq1019","Bacteria","Bacteroidota","Bacteroidia","Bacteroidales","Prevotellaceae","Prevotella_9","none","OTU","seq1019"
"seq102","Bacteria","Proteobacteria","Gammaproteobacteria","Enterobacterales","Succinivibrionaceae","Succinivibrio","none","OTU","seq102"
"seq1020","Bacteria","Firmicutes","Clostridia","Lachnospirales","Lachnospiraceae","Coprococcus","none","OTU","seq1020"
"seq1021","Bacteria","Actinobacteriota","Actinobacteria","Bifidobacteriales","Bifidobacteriaceae","Bifidobacterium","none","OTU","seq1021"
"seq1022","Bacteria","Bacteroidota","Bacteroidia","Bacteroidales","Prevotellaceae","Prevotella","none","OTU","seq1022"
"seq1023","Bacteria","Firmicutes","Bacilli","Erysipelotrichales","Erysipelatoclostridiaceae","Erysipelotrichaceae UCG-003","none","OTU","seq1023"
"seq1024","Bacteria","Spirochaetota","Spirochaetia","Spirochaetales","Spirochaetaceae","Treponema","none","OTU","seq1024"
"seq1025","Bacteria","Bacteroidota","Bacteroidia","Bacteroidales","Prevotellaceae","Prevotella_9","none","OTU","seq1025"
"seq1026","Bacteria","Firmicutes","Clostridia","Lachnospirales","Lachnospiraceae","Blautia","none","OTU","seq1026"
"seq1027","Bacteria","Firmicutes","Clostridia","Oscillospirales","Ruminococcaceae","CAG-352","none","OTU","seq1027"
"seq1028","Bacteria","Firmicutes","Bacilli","Erysipelotrichales","Erysipelatoclostridiaceae","Asteroleplasma","none","OTU","seq1028"
"seq1029","Bacteria","Firmicutes","Clostridia","Oscillospirales","Oscillospiraceae","UCG-002","none","OTU","seq1029"
"seq103","Bacteria","Firmicutes","Clostridia","Oscillospirales","Ruminococcaceae","Faecalibacterium","none","OTU","seq103"
"seq1030","Bacteria","Firmicutes","Bacilli","Lactobacillales","Streptococcaceae","Streptococcus","none","OTU","seq1030"
"seq1032","Bacteria","Bacteroidota","Bacteroidia","Bacteroidales","Prevotellaceae","Prevotella","none","OTU","seq1032"
"seq1033","Bacteria","Firmicutes","Bacilli","Erysipelotrichales","Erysipelotrichaceae","Holdemanella","none","OTU","seq1033"
"seq1034","Bacteria","Firmicutes","Clostridia","Lachnospirales","Lachnospiraceae","none","none","OTU","seq1034"
"seq1035","Bacteria","Firmicutes","Clostridia","Oscillospirales","Oscillospiraceae","UCG-005","none","OTU","seq1035"
"seq1036","Bacteria","Firmicutes","Clostridia","Lachnospirales","Lachnospiraceae","Blautia","none","OTU","seq1036"
"seq1037","Bacteria","Bacteroidota","Bacteroidia","Bacteroidales","Prevotellaceae","Prevotella_9","none","OTU","seq1037"
"seq1038","Bacteria","Firmicutes","Clostridia","Peptostreptococcales-Tissierellales","Peptostreptococcaceae","Intestinibacter","none","OTU","seq1038"
"seq1039","Bacteria","Firmicutes","Clostridia","Lachnospirales","Lachnospiraceae","Dorea","none","OTU","seq1039"
"seq104","Bacteria","Firmicutes","Negativicutes","Veillonellales-Selenomonadales","Veillonellaceae","Dialister","none","OTU","seq104"
"seq1040","Bacteria","Firmicutes","Clostridia","Lachnospirales","Lachnospiraceae","Roseburia","none","OTU","seq1040"
"seq1041","Bacteria","Firmicutes","Clostridia","Lachnospirales","Lachnospiraceae","Blautia","none","OTU","seq1041"
"seq1042","Bacteria","Actinobacteriota","Actinobacteria","Bifidobacteriales","Bifidobacteriaceae","Bifidobacterium","none","OTU","seq1042"
"seq1043","Bacteria","Actinobacteriota","Actinobacteria","Bifidobacteriales","Bifidobacteriaceae","Bifidobacterium","none","OTU","seq1043"
"seq1044","Bacteria","Firmicutes","Clostridia","Oscillospirales","Ruminococcaceae","[Eubacterium] siraeum group","none","OTU","seq1044"
"seq1045","Bacteria","Firmicutes","Clostridia","Oscillospirales","Butyricicoccaceae","Butyricicoccus","none","OTU","seq1045"
"seq1046","Bacteria","Bacteroidota","Bacteroidia","Bacteroidales","Prevotellaceae","Prevotella","none","OTU","seq1046"
"seq1047","Bacteria","Bacteroidota","Bacteroidia","Bacteroidales","Prevotellaceae","Alloprevotella","none","OTU","seq1047"
"seq1048","Bacteria","Firmicutes","Clostridia","Lachnospirales","Lachnospiraceae","Coprococcus","none","OTU","seq1048"
"seq1049","Bacteria","Firmicutes","Negativicutes","Acidaminococcales","Acidaminococcaceae","Phascolarctobacterium","none","OTU","seq1049"
"seq105","Bacteria","Proteobacteria","Gammaproteobacteria","Enterobacterales","Succinivibrionaceae","Succinivibrio","none","OTU","seq105"
"seq1050","Bacteria","Firmicutes","Clostridia","Oscillospirales","Ruminococcaceae","Subdoligranulum","none","OTU","seq1050"
"seq1051","Bacteria","Firmicutes","Clostridia","Oscillospirales","Oscillospiraceae","UCG-005","none","OTU","seq1051"
"seq1052","Bacteria","Firmicutes","Clostridia","Lachnospirales","Lachnospiraceae","Lachnospiraceae ND3007 group","none","OTU","seq1052"
"seq1053","Bacteria","Firmicutes","Negativicutes","Acidaminococcales","Acidaminococcaceae","Phascolarctobacterium","none","OTU","seq1053"
"seq1054","Bacteria","Firmicutes","Clostridia","Lachnospirales","Lachnospiraceae","Lachnospiraceae NK4A136 group","none","OTU","seq1054"
"seq1055","Bacteria","Firmicutes","Bacilli","Lactobacillales","Streptococcaceae","Streptococcus","none","OTU","seq1055"
"seq1056","Bacteria","Spirochaetota","Spirochaetia","Spirochaetales","Spirochaetaceae","Treponema","none","OTU","seq1056"
"seq1057","Bacteria","Firmicutes","Clostridia","Oscillospirales","Oscillospiraceae","UCG-002","none","OTU","seq1057"
"seq1058","Bacteria","Firmicutes","Clostridia","Lachnospirales","Lachnospiraceae","[Ruminococcus] torques group","none","OTU","seq1058"
"seq1059","Bacteria","Firmicutes","Clostridia","Oscillospirales","Ruminococcaceae","Subdoligranulum","none","OTU","seq1059"
"seq106","Bacteria","Proteobacteria","Gammaproteobacteria","Enterobacterales","Succinivibrionaceae","none","none","OTU","seq106"
"seq1060","Bacteria","Bacteroidota","Bacteroidia","Bacteroidales","Prevotellaceae","Prevotella","none","OTU","seq1060"
"seq1061","Bacteria","Firmicutes","Clostridia","Lachnospirales","Lachnospiraceae","[Eubacterium] hallii group","none","OTU","seq1061"
"seq1062","Bacteria","Bacteroidota","Bacteroidia","Bacteroidales","Prevotellaceae","Prevotella_9","none","OTU","seq1062"
"seq1063","Bacteria","Firmicutes","Clostridia","Lachnospirales","Lachnospiraceae","Marvinbryantia","none","OTU","seq1063"
"seq1064","Bacteria","Bacteroidota","Bacteroidia","Bacteroidales","Prevotellaceae","Prevotella_9","none","OTU","seq1064"
"seq1065","Bacteria","Proteobacteria","Gammaproteobacteria","Enterobacterales","Enterobacteriaceae","Escherichia-Shigella","none","OTU","seq1065"
"seq1066","Bacteria","Firmicutes","Clostridia","Oscillospirales","Oscillospiraceae","UCG-005","none","OTU","seq1066"
"seq1067","Bacteria","Bacteroidota","Bacteroidia","Bacteroidales","Prevotellaceae","Prevotella_9","none","OTU","seq1067"
"seq1068","Bacteria","Bacteroidota","Bacteroidia","Bacteroidales","Prevotellaceae","Prevotella_9","none","OTU","seq1068"
"seq1069","Bacteria","Firmicutes","Clostridia","Christensenellales","Christensenellaceae","Christensenellaceae R-7 group","none","OTU","seq1069"
"seq107","Bacteria","Firmicutes","Negativicutes","Veillonellales-Selenomonadales","Veillonellaceae","Dialister","none","OTU","seq107"
"seq1070","Bacteria","Firmicutes","Clostridia","Clostridiales","Clostridiaceae","Clostridium sensu stricto 1","none","OTU","seq1070"
"seq1071","Bacteria","Firmicutes","Negativicutes","Veillonellales-Selenomonadales","Selenomonadaceae","Mitsuokella","none","OTU","seq1071"
"seq1072","Bacteria","Bacteroidota","Bacteroidia","Bacteroidales","Prevotellaceae","Prevotella","none","OTU","seq1072"
"seq1073","Bacteria","Firmicutes","Clostridia","Oscillospirales","Butyricicoccaceae","Butyricicoccus","none","OTU","seq1073"
"seq1074","Archaea","Euryarchaeota","Methanobacteria","Methanobacteriales","Methanobacteriaceae","Methanobrevibacter","none","OTU","seq1074"
"seq1075","Bacteria","Bacteroidota","Bacteroidia","Bacteroidales","Prevotellaceae","Prevotella","none","OTU","seq1075"
"seq1076","Bacteria","Firmicutes","Clostridia","Oscillospirales","Ruminococcaceae","CAG-352","none","OTU","seq1076"
"seq1077","Bacteria","Bacteroidota","Bacteroidia","Bacteroidales","Prevotellaceae","Prevotella_9","none","OTU","seq1077"
"seq1078","Bacteria","Bacteroidota","Bacteroidia","Bacteroidales","Prevotellaceae","Prevotella_9","none","OTU","seq1078"
"seq1079","Bacteria","Bacteroidota","Bacteroidia","Bacteroidales","Prevotellaceae","none","none","OTU","seq1079"
"seq108","Bacteria","Proteobacteria","Gammaproteobacteria","Enterobacterales","Succinivibrionaceae","Ruminobacter","none","OTU","seq108"
"seq1080","Bacteria","Firmicutes","Clostridia","Oscillospirales","Oscillospiraceae","UCG-002","none","OTU","seq1080"
"seq1081","Bacteria","Firmicutes","Clostridia","Lachnospirales","Lachnospiraceae","[Eubacterium] hallii group","none","OTU","seq1081"
"seq1082","Bacteria","Actinobacteriota","Actinobacteria","Bifidobacteriales","Bifidobacteriaceae","Bifidobacterium","none","OTU","seq1082"
"seq1083","Bacteria","Firmicutes","Clostridia","Lachnospirales","Lachnospiraceae","Lachnoclostridium","none","OTU","seq1083"
"seq1084","Bacteria","Firmicutes","Clostridia","Christensenellales","Christensenellaceae","Christensenellaceae R-7 group","none","OTU","seq1084"
"seq1085","Bacteria","Firmicutes","Clostridia","Oscillospirales","Ruminococcaceae","Ruminococcus","none","OTU","seq1085"
"seq1086","Bacteria","Firmicutes","Clostridia","Oscillospirales","Butyricicoccaceae","none","none","OTU","seq1086"
"seq1087","Bacteria","Bacteroidota","Bacteroidia","Bacteroidales","Prevotellaceae","Alloprevotella","none","OTU","seq1087"
"seq1088","Bacteria","Bacteroidota","Bacteroidia","Bacteroidales","Prevotellaceae","Prevotella_9","none","OTU","seq1088"
"seq1089","Bacteria","Firmicutes","Bacilli","Lactobacillales","Streptococcaceae","Streptococcus","none","OTU","seq1089"
"seq109","Bacteria","Proteobacteria","Gammaproteobacteria","Enterobacterales","Succinivibrionaceae","Ruminobacter","none","OTU","seq109"
"seq1090","Bacteria","Bacteroidota","Bacteroidia","Bacteroidales","Bacteroidaceae","Bacteroides","none","OTU","seq1090"
"seq1091","Bacteria","Elusimicrobiota","Elusimicrobia","Elusimicrobiales","Elusimicrobiaceae","Elusimicrobium","none","OTU","seq1091"
"seq1092","Bacteria","Firmicutes","Bacilli","Erysipelotrichales","Erysipelatoclostridiaceae","Erysipelotrichaceae UCG-003","none","OTU","seq1092"
"seq1093","Bacteria","Firmicutes","Clostridia","Oscillospirales","Ruminococcaceae","Ruminococcus","none","OTU","seq1093"
"seq1094","Bacteria","Firmicutes","Clostridia","Lachnospirales","Lachnospiraceae","[Ruminococcus] torques group","none","OTU","seq1094"
"seq1095","Bacteria","Firmicutes","Clostridia","Lachnospirales","Lachnospiraceae","Blautia","none","OTU","seq1095"
"seq1096","Bacteria","Firmicutes","Clostridia","Oscillospirales","Oscillospiraceae","UCG-002","none","OTU","seq1096"
"seq1097","Bacteria","Bacteroidota","Bacteroidia","Bacteroidales","Prevotellaceae","Prevotella_9","none","OTU","seq1097"
"seq1098","Bacteria","Firmicutes","Bacilli","Lactobacillales","Streptococcaceae","Streptococcus","none","OTU","seq1098"
"seq1099","Bacteria","Bacteroidota","Bacteroidia","Bacteroidales","Prevotellaceae","Prevotellaceae UCG-003","none","OTU","seq1099"
"seq11","Bacteria","Bacteroidota","Bacteroidia","Bacteroidales","Prevotellaceae","Prevotella_9","none","OTU","seq11"
"seq110","Bacteria","Firmicutes","Clostridia","Oscillospirales","Ruminococcaceae","Faecalibacterium","none","OTU","seq110"
"seq1100","Bacteria","Firmicutes","Clostridia","Lachnospirales","Lachnospiraceae","Lachnospiraceae NK4A136 group","none","OTU","seq1100"
"seq1101","Bacteria","Firmicutes","Clostridia","Lachnospirales","Lachnospiraceae","Fusicatenibacter","none","OTU","seq1101"
"seq1102","Bacteria","Firmicutes","Bacilli","Lactobacillales","Streptococcaceae","Streptococcus","none","OTU","seq1102"
"seq1103","Bacteria","Firmicutes","Bacilli","Erysipelotrichales","Erysipelotrichaceae","Holdemanella","none","OTU","seq1103"
"seq1104","Bacteria","Firmicutes","Clostridia","Oscillospirales","Ruminococcaceae","Subdoligranulum","none","OTU","seq1104"
"seq1105","Bacteria","Firmicutes","Clostridia","Oscillospirales","Oscillospiraceae","UCG-002","none","OTU","seq1105"
"seq1106","Bacteria","Firmicutes","Clostridia","Oscillospirales","Oscillospiraceae","UCG-002","none","OTU","seq1106"
"seq1107","Bacteria","Bacteroidota","Bacteroidia","Bacteroidales","Prevotellaceae","Prevotella_9","none","OTU","seq1107"
"seq1108","Bacteria","Firmicutes","Clostridia","Peptostreptococcales-Tissierellales","Peptostreptococcaceae","Terrisporobacter","none","OTU","seq1108"
"seq1109","Bacteria","Firmicutes","Bacilli","Erysipelotrichales","Erysipelotrichaceae","Holdemanella","none","OTU","seq1109"
"seq111","Bacteria","Bacteroidota","Bacteroidia","Bacteroidales","Prevotellaceae","Prevotella_9","none","OTU","seq111"
"seq1110","Bacteria","Firmicutes","Clostridia","Clostridiales","Clostridiaceae","Sarcina","none","OTU","seq1110"
"seq1111","Bacteria","Firmicutes","Clostridia","Lachnospirales","Lachnospiraceae","Coprococcus","none","OTU","seq1111"
"seq1112","Bacteria","Firmicutes","Clostridia","Oscillospirales","Ruminococcaceae","CAG-352","none","OTU","seq1112"
"seq1113","Bacteria","Firmicutes","Clostridia","Oscillospirales","[Eubacterium] coprostanoligenes group","none","none","OTU","seq1113"
"seq1114","Bacteria","Firmicutes","Bacilli","Erysipelotrichales","Erysipelatoclostridiaceae","Erysipelotrichaceae UCG-003","none","OTU","seq1114"
"seq1115","Bacteria","Firmicutes","Bacilli","Erysipelotrichales","Erysipelotrichaceae","Turicibacter","none","OTU","seq1115"
"seq1116","Bacteria","Firmicutes","Clostridia","Lachnospirales","Lachnospiraceae","none","none","OTU","seq1116"
"seq1117","Bacteria","Firmicutes","Bacilli","Erysipelotrichales","Erysipelatoclostridiaceae","Erysipelotrichaceae UCG-003","none","OTU","seq1117"
"seq1118","Bacteria","Bacteroidota","Bacteroidia","Bacteroidales","Prevotellaceae","Prevotellaceae UCG-003","none","OTU","seq1118"
"seq1119","Bacteria","Firmicutes","Clostridia","Oscillospirales","Ruminococcaceae","CAG-352","none","OTU","seq1119"
"seq112","Bacteria","Bacteroidota","Bacteroidia","Bacteroidales","Prevotellaceae","Prevotella_9","none","OTU","seq112"
"seq1120","Bacteria","Proteobacteria","Gammaproteobacteria","Enterobacterales","Enterobacteriaceae","Escherichia-Shigella","none","OTU","seq1120"
"seq1121","Bacteria","Bacteroidota","Bacteroidia","Bacteroidales","Prevotellaceae","Prevotella_9","none","OTU","seq1121"
"seq1122","Bacteria","Firmicutes","Clostridia","Lachnospirales","Lachnospiraceae","Fusicatenibacter","none","OTU","seq1122"
"seq1123","Bacteria","Actinobacteriota","Coriobacteriia","Coriobacteriales","Eggerthellaceae","Enterorhabdus","none","OTU","seq1123"
"seq1124","Bacteria","Firmicutes","Bacilli","Erysipelotrichales","Erysipelotrichaceae","Holdemanella","none","OTU","seq1124"
"seq1125","Bacteria","Actinobacteriota","Actinobacteria","Bifidobacteriales","Bifidobacteriaceae","Bifidobacterium","none","OTU","seq1125"
"seq1126","Bacteria","Bacteroidota","Bacteroidia","Bacteroidales","Prevotellaceae","Prevotella_9","none","OTU","seq1126"
"seq1127","Bacteria","Firmicutes","Clostridia","Lachnospirales","Lachnospiraceae","Lachnospiraceae UCG-004","none","OTU","seq1127"
"seq1129","Bacteria","Firmicutes","Clostridia","Peptostreptococcales-Tissierellales","Peptostreptococcaceae","Terrisporobacter","none","OTU","seq1129"
"seq113","Bacteria","Firmicutes","Clostridia","Lachnospirales","Lachnospiraceae","Agathobacter","none","OTU","seq113"
"seq1130","Bacteria","Firmicutes","Clostridia","Lachnospirales","Lachnospiraceae","Dorea","none","OTU","seq1130"
"seq1131","Bacteria","Firmicutes","Bacilli","Erysipelotrichales","Erysipelatoclostridiaceae","Erysipelotrichaceae UCG-003","none","OTU","seq1131"
"seq1132","Bacteria","Firmicutes","Clostridia","Lachnospirales","Lachnospiraceae","Lachnospiraceae NK4A136 group","none","OTU","seq1132"
"seq1133","Bacteria","Bacteroidota","Bacteroidia","Bacteroidales","Prevotellaceae","Prevotella_9","none","OTU","seq1133"
"seq1134","Bacteria","Firmicutes","Clostridia","Oscillospirales","Oscillospiraceae","UCG-005","none","OTU","seq1134"
"seq1135","Bacteria","Firmicutes","Bacilli","Lactobacillales","Streptococcaceae","Streptococcus","none","OTU","seq1135"
"seq1136","Bacteria","Spirochaetota","Spirochaetia","Spirochaetales","Spirochaetaceae","Treponema","none","OTU","seq1136"
"seq1137","Bacteria","Proteobacteria","Gammaproteobacteria","Enterobacterales","Enterobacteriaceae","Escherichia-Shigella","none","OTU","seq1137"
"seq1138","Bacteria","Firmicutes","Clostridia","Peptostreptococcales-Tissierellales","Peptostreptococcaceae","Intestinibacter","none","OTU","seq1138"
"seq1139","Bacteria","Firmicutes","Clostridia","Oscillospirales","Oscillospiraceae","Intestinimonas","none","OTU","seq1139"
"seq114","Bacteria","Firmicutes","Negativicutes","Veillonellales-Selenomonadales","Veillonellaceae","Dialister","none","OTU","seq114"
"seq1140","Bacteria","Firmicutes","Bacilli","Erysipelotrichales","Erysipelotrichaceae","Solobacterium","none","OTU","seq1140"
"seq1141","Bacteria","Bacteroidota","Bacteroidia","Bacteroidales","Prevotellaceae","none","none","OTU","seq1141"
"seq1142","Bacteria","Firmicutes","Clostridia","Lachnospirales","Lachnospiraceae","Blautia","none","OTU","seq1142"
"seq1143","Bacteria","Firmicutes","Clostridia","Oscillospirales","Oscillospiraceae","UCG-005","none","OTU","seq1143"
"seq1144","Bacteria","Firmicutes","Clostridia","Oscillospirales","Oscillospiraceae","UCG-005","none","OTU","seq1144"
"seq1145","Bacteria","Bacteroidota","Bacteroidia","Bacteroidales","Rikenellaceae","Rikenellaceae RC9 gut group","none","OTU","seq1145"
"seq1146","Bacteria","Bacteroidota","Bacteroidia","Bacteroidales","Prevotellaceae","Prevotella_9","none","OTU","seq1146"
"seq1147","Bacteria","Bacteroidota","Bacteroidia","Bacteroidales","Prevotellaceae","Prevotella","none","OTU","seq1147"
"seq1148","Bacteria","Firmicutes","Clostridia","Peptostreptococcales-Tissierellales","Peptostreptococcaceae","Terrisporobacter","none","OTU","seq1148"
"seq1149","Bacteria","Firmicutes","Clostridia","Oscillospirales","Ruminococcaceae","Faecalibacterium","none","OTU","seq1149"
"seq115","Bacteria","Proteobacteria","Gammaproteobacteria","Enterobacterales","Succinivibrionaceae","Succinivibrio","none","OTU","seq115"
"seq1150","Bacteria","Firmicutes","Bacilli","Erysipelotrichales","Erysipelotrichaceae","Holdemanella","none","OTU","seq1150"
"seq1151","Bacteria","Firmicutes","Clostridia","Lachnospirales","Lachnospiraceae","Lachnospiraceae NK4A136 group","none","OTU","seq1151"
"seq1152","Bacteria","Firmicutes","Bacilli","Erysipelotrichales","Erysipelatoclostridiaceae","Erysipelotrichaceae UCG-003","none","OTU","seq1152"
"seq1153","Bacteria","Firmicutes","Clostridia","Oscillospirales","Ruminococcaceae","Subdoligranulum","none","OTU","seq1153"
"seq1155","Bacteria","Bacteroidota","Bacteroidia","Bacteroidales","Prevotellaceae","Prevotella_9","none","OTU","seq1155"
"seq1156","Bacteria","Bacteroidota","Bacteroidia","Bacteroidales","Prevotellaceae","Prevotella_9","none","OTU","seq1156"
"seq1157","Bacteria","Actinobacteriota","Actinobacteria","Bifidobacteriales","Bifidobacteriaceae","Bifidobacterium","none","OTU","seq1157"
"seq1158","Bacteria","Firmicutes","Clostridia","Oscillospirales","Ruminococcaceae","Incertae Sedis","none","OTU","seq1158"
"seq1159","Bacteria","Firmicutes","Clostridia","Oscillospirales","Oscillospiraceae","NK4A214 group","none","OTU","seq1159"
"seq116","Bacteria","Firmicutes","Clostridia","Oscillospirales","Ruminococcaceae","Faecalibacterium","none","OTU","seq116"
"seq1160","Bacteria","Firmicutes","Clostridia","Clostridiales","Clostridiaceae","Sarcina","none","OTU","seq1160"
"seq1161","Bacteria","Firmicutes","Clostridia","Oscillospirales","Ruminococcaceae","Faecalibacterium","none","OTU","seq1161"
"seq1162","Bacteria","Actinobacteriota","Actinobacteria","Bifidobacteriales","Bifidobacteriaceae","Bifidobacterium","none","OTU","seq1162"
"seq1163","Bacteria","Firmicutes","Clostridia","Oscillospirales","Ruminococcaceae","Faecalibacterium","none","OTU","seq1163"
"seq1164","Bacteria","Proteobacteria","Gammaproteobacteria","Enterobacterales","Pasteurellaceae","Conservatibacter","none","OTU","seq1164"
"seq1165","Bacteria","Bacteroidota","Bacteroidia","Bacteroidales","Prevotellaceae","Prevotella_9","none","OTU","seq1165"
"seq1166","Bacteria","Bacteroidota","Bacteroidia","Bacteroidales","Prevotellaceae","Prevotella_9","none","OTU","seq1166"
"seq1167","Bacteria","Firmicutes","Clostridia","Oscillospirales","Oscillospiraceae","UCG-002","none","OTU","seq1167"
"seq1168","Bacteria","Firmicutes","Clostridia","Peptostreptococcales-Tissierellales","Peptostreptococcaceae","Terrisporobacter","none","OTU","seq1168"
"seq1169","Bacteria","Firmicutes","Bacilli","Erysipelotrichales","Erysipelotrichaceae","Turicibacter","none","OTU","seq1169"
"seq117","Bacteria","Bacteroidota","Bacteroidia","Bacteroidales","Prevotellaceae","Prevotella_9","none","OTU","seq117"
"seq1170","Bacteria","Elusimicrobiota","Elusimicrobia","Elusimicrobiales","Elusimicrobiaceae","Elusimicrobium","none","OTU","seq1170"
"seq1171","Bacteria","Firmicutes","Clostridia","Peptostreptococcales-Tissierellales","Peptostreptococcaceae","Intestinibacter","none","OTU","seq1171"
"seq1172","Bacteria","Firmicutes","Bacilli","Erysipelotrichales","Erysipelotrichaceae","Holdemanella","none","OTU","seq1172"
"seq1173","Bacteria","Firmicutes","Clostridia","Oscillospirales","Oscillospiraceae","UCG-002","none","OTU","seq1173"
"seq1174","Bacteria","Firmicutes","Clostridia","Lachnospirales","Lachnospiraceae","[Ruminococcus] gauvreauii group","none","OTU","seq1174"
"seq1175","Bacteria","Actinobacteriota","Coriobacteriia","Coriobacteriales","Coriobacteriaceae","Collinsella","none","OTU","seq1175"
"seq1176","Bacteria","Firmicutes","Clostridia","Lachnospirales","Lachnospiraceae","Lachnospiraceae NK4A136 group","none","OTU","seq1176"
"seq1177","Bacteria","Firmicutes","Clostridia","Lachnospirales","Lachnospiraceae","none","none","OTU","seq1177"
"seq1178","Bacteria","Firmicutes","Clostridia","Oscillospirales","Ruminococcaceae","Subdoligranulum","none","OTU","seq1178"
"seq1179","Bacteria","Proteobacteria","Gammaproteobacteria","Enterobacterales","Pasteurellaceae","Conservatibacter","none","OTU","seq1179"
"seq118","Bacteria","Proteobacteria","Gammaproteobacteria","Enterobacterales","Succinivibrionaceae","Ruminobacter","none","OTU","seq118"
"seq1180","Bacteria","Bacteroidota","Bacteroidia","Bacteroidales","Rikenellaceae","Rikenellaceae RC9 gut group","none","OTU","seq1180"
"seq1181","Bacteria","Proteobacteria","Gammaproteobacteria","Enterobacterales","Pasteurellaceae","Conservatibacter","none","OTU","seq1181"
"seq1182","Bacteria","Actinobacteriota","Coriobacteriia","Coriobacteriales","Coriobacteriaceae","Collinsella","none","OTU","seq1182"
"seq1183","Bacteria","Spirochaetota","Spirochaetia","Spirochaetales","Spirochaetaceae","Treponema","none","OTU","seq1183"
"seq1184","Bacteria","Firmicutes","Clostridia","Oscillospirales","Ruminococcaceae","Subdoligranulum","none","OTU","seq1184"
"seq1185","Bacteria","Actinobacteriota","Actinobacteria","Bifidobacteriales","Bifidobacteriaceae","Bifidobacterium","none","OTU","seq1185"
"seq1186","Bacteria","Bacteroidota","Bacteroidia","Bacteroidales","Prevotellaceae","Prevotella_7","none","OTU","seq1186"
"seq1187","Bacteria","Firmicutes","Clostridia","Oscillospirales","Oscillospiraceae","UCG-005","none","OTU","seq1187"
"seq1188","Bacteria","Firmicutes","Clostridia","Lachnospirales","Lachnospiraceae","Lachnospiraceae NK4A136 group","none","OTU","seq1188"
"seq1189","Bacteria","Firmicutes","Clostridia","Oscillospirales","Oscillospiraceae","UCG-005","none","OTU","seq1189"
"seq119","Bacteria","Spirochaetota","Spirochaetia","Spirochaetales","Spirochaetaceae","Treponema","none","OTU","seq119"
"seq1190","Bacteria","Firmicutes","Clostridia","Peptostreptococcales-Tissierellales","Peptostreptococcaceae","Intestinibacter","none","OTU","seq1190"
"seq1191","Bacteria","Firmicutes","Clostridia","Clostridiales","Clostridiaceae","Sarcina","none","OTU","seq1191"
"seq1192","Bacteria","Firmicutes","Clostridia","Lachnospirales","Lachnospiraceae","Lachnospiraceae NK3A20 group","none","OTU","seq1192"
"seq1193","Bacteria","Firmicutes","Clostridia","Oscillospirales","Oscillospiraceae","UCG-002","none","OTU","seq1193"
"seq1194","Archaea","Euryarchaeota","Methanobacteria","Methanobacteriales","Methanobacteriaceae","Methanobrevibacter","none","OTU","seq1194"
"seq1195","Bacteria","Firmicutes","Clostridia","Lachnospirales","Lachnospiraceae","Lachnospiraceae NK4A136 group","none","OTU","seq1195"
"seq1196","Bacteria","Firmicutes","Clostridia","Oscillospirales","Oscillospiraceae","Colidextribacter","none","OTU","seq1196"
"seq1197","Bacteria","Firmicutes","Clostridia","Oscillospirales","Ruminococcaceae","Faecalibacterium","none","OTU","seq1197"
"seq1198","Bacteria","Spirochaetota","Spirochaetia","Spirochaetales","Spirochaetaceae","Treponema","none","OTU","seq1198"
"seq1199","Bacteria","Spirochaetota","Spirochaetia","Spirochaetales","Spirochaetaceae","Treponema","none","OTU","seq1199"
"seq12","Bacteria","Bacteroidota","Bacteroidia","Bacteroidales","Prevotellaceae","Prevotella_9","none","OTU","seq12"
"seq120","Bacteria","Proteobacteria","Gammaproteobacteria","Enterobacterales","Succinivibrionaceae","Ruminobacter","none","OTU","seq120"
"seq1200","Bacteria","Firmicutes","Clostridia","Lachnospirales","Lachnospiraceae","Lachnospiraceae NK4A136 group","none","OTU","seq1200"
"seq1201","Archaea","Euryarchaeota","Methanobacteria","Methanobacteriales","Methanobacteriaceae","Methanobrevibacter","none","OTU","seq1201"
"seq1202","Bacteria","Firmicutes","Clostridia","Lachnospirales","Lachnospiraceae","Lachnospira","none","OTU","seq1202"
"seq1203","Bacteria","Firmicutes","Clostridia","Lachnospirales","Lachnospiraceae","Dorea","none","OTU","seq1203"
"seq1204","Bacteria","Firmicutes","Clostridia","Lachnospirales","Lachnospiraceae","Lachnoclostridium","none","OTU","seq1204"
"seq1205","Bacteria","Bacteroidota","Bacteroidia","Bacteroidales","Prevotellaceae","Prevotella_9","none","OTU","seq1205"
"seq1206","Bacteria","Firmicutes","Clostridia","Oscillospirales","Oscillospiraceae","UCG-002","none","OTU","seq1206"
"seq1207","Bacteria","Bacteroidota","Bacteroidia","Bacteroidales","Prevotellaceae","Prevotella_7","none","OTU","seq1207"
"seq1208","Archaea","Euryarchaeota","Methanobacteria","Methanobacteriales","Methanobacteriaceae","Methanobrevibacter","none","OTU","seq1208"
"seq121","Bacteria","Bacteroidota","Bacteroidia","Bacteroidales","Prevotellaceae","Prevotella_9","none","OTU","seq121"
"seq1210","Bacteria","Actinobacteriota","Coriobacteriia","Coriobacteriales","Coriobacteriaceae","Collinsella","none","OTU","seq1210"
"seq1211","Bacteria","Firmicutes","Clostridia","Peptostreptococcales-Tissierellales","Peptostreptococcaceae","Terrisporobacter","none","OTU","seq1211"
"seq1212","Bacteria","Spirochaetota","Spirochaetia","Spirochaetales","Spirochaetaceae","Treponema","none","OTU","seq1212"
"seq1213","Bacteria","Bacteroidota","Bacteroidia","Bacteroidales","Prevotellaceae","Prevotella_9","none","OTU","seq1213"
"seq1214","Bacteria","Firmicutes","Clostridia","Peptostreptococcales-Tissierellales","Peptostreptococcaceae","Intestinibacter","none","OTU","seq1214"
"seq1215","Bacteria","Firmicutes","Clostridia","Oscillospirales","Oscillospiraceae","UCG-002","none","OTU","seq1215"
"seq1216","Bacteria","Firmicutes","Clostridia","Oscillospirales","Oscillospiraceae","UCG-005","none","OTU","seq1216"
"seq1217","Bacteria","Bacteroidota","Bacteroidia","Bacteroidales","Prevotellaceae","Alloprevotella","none","OTU","seq1217"
"seq1218","Bacteria","Firmicutes","Clostridia","Oscillospirales","Ruminococcaceae","Faecalibacterium","none","OTU","seq1218"
"seq1219","Bacteria","Firmicutes","Bacilli","Erysipelotrichales","Erysipelatoclostridiaceae","Catenibacterium","none","OTU","seq1219"
"seq122","Bacteria","Firmicutes","Clostridia","Oscillospirales","Ruminococcaceae","Faecalibacterium","none","OTU","seq122"
"seq1220","Archaea","Euryarchaeota","Methanobacteria","Methanobacteriales","Methanobacteriaceae","Methanobrevibacter","none","OTU","seq1220"
"seq1221","Bacteria","Firmicutes","Clostridia","Oscillospirales","Ruminococcaceae","Faecalibacterium","none","OTU","seq1221"
"seq1222","Bacteria","Bacteroidota","Bacteroidia","Bacteroidales","Prevotellaceae","Alloprevotella","none","OTU","seq1222"
"seq1223","Bacteria","Firmicutes","Clostridia","Oscillospirales","Ruminococcaceae","Ruminococcus","none","OTU","seq1223"
"seq1224","Bacteria","Firmicutes","Clostridia","Lachnospirales","Lachnospiraceae","[Ruminococcus] torques group","none","OTU","seq1224"
"seq1225","Bacteria","Spirochaetota","Spirochaetia","Spirochaetales","Spirochaetaceae","Treponema","none","OTU","seq1225"
"seq1226","Bacteria","Firmicutes","Clostridia","Lachnospirales","Lachnospiraceae","[Eubacterium] ruminantium group","none","OTU","seq1226"
"seq1227","Bacteria","Firmicutes","Clostridia","Oscillospirales","Ruminococcaceae","Faecalibacterium","none","OTU","seq1227"
"seq1228","Bacteria","Firmicutes","Clostridia","Peptostreptococcales-Tissierellales","Peptostreptococcaceae","Terrisporobacter","none","OTU","seq1228"
"seq1229","Bacteria","Firmicutes","Clostridia","Lachnospirales","Lachnospiraceae","[Ruminococcus] torques group","none","OTU","seq1229"
"seq123","Bacteria","Bacteroidota","Bacteroidia","Bacteroidales","Prevotellaceae","Prevotella_9","none","OTU","seq123"
"seq1230","Bacteria","Bacteroidota","Bacteroidia","Bacteroidales","Prevotellaceae","Prevotella_7","none","OTU","seq1230"
"seq1231","Bacteria","Actinobacteriota","Coriobacteriia","Coriobacteriales","Coriobacteriaceae","Collinsella","none","OTU","seq1231"
"seq1232","Bacteria","Firmicutes","Clostridia","Lachnospirales","Lachnospiraceae","[Ruminococcus] torques group","none","OTU","seq1232"
"seq1233","Bacteria","Bacteroidota","Bacteroidia","Bacteroidales","Prevotellaceae","Prevotella_9","none","OTU","seq1233"
"seq1234","Bacteria","Firmicutes","Clostridia","Peptostreptococcales-Tissierellales","Peptostreptococcaceae","Intestinibacter","none","OTU","seq1234"
"seq1235","Bacteria","Bacteroidota","Bacteroidia","Bacteroidales","Prevotellaceae","Alloprevotella","none","OTU","seq1235"
"seq1236","Bacteria","Firmicutes","Clostridia","Clostridiales","Clostridiaceae","Sarcina","none","OTU","seq1236"
"seq1237","Bacteria","Bacteroidota","Bacteroidia","Bacteroidales","Prevotellaceae","Prevotella_9","none","OTU","seq1237"
"seq1238","Bacteria","Firmicutes","Bacilli","Erysipelotrichales","Erysipelatoclostridiaceae","Erysipelotrichaceae UCG-003","none","OTU","seq1238"
"seq1239","Bacteria","Bacteroidota","Bacteroidia","Bacteroidales","Prevotellaceae","Prevotella_9","none","OTU","seq1239"
"seq124","Bacteria","Bacteroidota","Bacteroidia","Bacteroidales","Prevotellaceae","Prevotella_9","none","OTU","seq124"
"seq1240","Bacteria","Bacteroidota","Bacteroidia","Bacteroidales","Prevotellaceae","Prevotella_9","none","OTU","seq1240"
"seq1241","Bacteria","Bacteroidota","Bacteroidia","Bacteroidales","Prevotellaceae","Prevotella","none","OTU","seq1241"
"seq1242","Bacteria","Firmicutes","Clostridia","Oscillospirales","Ruminococcaceae","Faecalibacterium","none","OTU","seq1242"
"seq1243","Bacteria","Firmicutes","Clostridia","Oscillospirales","Ruminococcaceae","Subdoligranulum","none","OTU","seq1243"
"seq1244","Bacteria","Bacteroidota","Bacteroidia","Bacteroidales","Prevotellaceae","Alloprevotella","none","OTU","seq1244"
"seq1245","Bacteria","Firmicutes","Clostridia","Oscillospirales","Ruminococcaceae","Ruminococcus","none","OTU","seq1245"
"seq1246","Bacteria","Firmicutes","Bacilli","Erysipelotrichales","Erysipelotrichaceae","Holdemanella","none","OTU","seq1246"
"seq1247","Bacteria","Actinobacteriota","Coriobacteriia","Coriobacteriales","Coriobacteriaceae","Collinsella","none","OTU","seq1247"
"seq1248","Bacteria","Firmicutes","Clostridia","Oscillospirales","Ruminococcaceae","Subdoligranulum","none","OTU","seq1248"
"seq1249","Bacteria","Bacteroidota","Bacteroidia","Bacteroidales","Prevotellaceae","Alloprevotella","none","OTU","seq1249"
"seq125","Bacteria","Firmicutes","Negativicutes","Veillonellales-Selenomonadales","Veillonellaceae","Dialister","none","OTU","seq125"
"seq1250","Bacteria","Bacteroidota","Bacteroidia","Bacteroidales","Muribaculaceae","none","none","OTU","seq1250"
"seq1251","Bacteria","Proteobacteria","Gammaproteobacteria","Enterobacterales","Enterobacteriaceae","Escherichia-Shigella","none","OTU","seq1251"
"seq1252","Bacteria","Firmicutes","Clostridia","Oscillospirales","Ruminococcaceae","Subdoligranulum","none","OTU","seq1252"
"seq1253","Bacteria","Firmicutes","Clostridia","Oscillospirales","Butyricicoccaceae","none","none","OTU","seq1253"
"seq1254","Bacteria","Firmicutes","Clostridia","Oscillospirales","Oscillospiraceae","UCG-005","none","OTU","seq1254"
"seq1255","Bacteria","Firmicutes","Bacilli","Erysipelotrichales","Erysipelotrichaceae","Turicibacter","none","OTU","seq1255"
"seq1256","Bacteria","Firmicutes","Bacilli","Erysipelotrichales","Erysipelotrichaceae","Turicibacter","none","OTU","seq1256"
"seq1257","Bacteria","Firmicutes","Clostridia","Lachnospirales","Lachnospiraceae","Lachnospiraceae NK4A136 group","none","OTU","seq1257"
"seq1258","Bacteria","Cyanobacteria","Vampirivibrionia","Gastranaerophilales","none","none","none","OTU","seq1258"
"seq1259","Bacteria","Bacteroidota","Bacteroidia","Bacteroidales","Prevotellaceae","Alloprevotella","none","OTU","seq1259"
"seq126","Bacteria","Proteobacteria","Gammaproteobacteria","Enterobacterales","Succinivibrionaceae","Succinivibrio","none","OTU","seq126"
"seq1260","Bacteria","Bacteroidota","Bacteroidia","Bacteroidales","Prevotellaceae","Prevotella","none","OTU","seq1260"
"seq1261","Bacteria","Bacteroidota","Bacteroidia","Bacteroidales","Prevotellaceae","Alloprevotella","none","OTU","seq1261"
"seq1262","Bacteria","Firmicutes","Bacilli","Erysipelotrichales","Erysipelotrichaceae","Holdemanella","none","OTU","seq1262"
"seq1263","Bacteria","Firmicutes","Bacilli","Erysipelotrichales","Erysipelatoclostridiaceae","Erysipelotrichaceae UCG-003","none","OTU","seq1263"
"seq1264","Bacteria","Firmicutes","Clostridia","Oscillospirales","Ruminococcaceae","Subdoligranulum","none","OTU","seq1264"
"seq1265","Bacteria","Firmicutes","Clostridia","Lachnospirales","Lachnospiraceae","[Ruminococcus] torques group","none","OTU","seq1265"
"seq1266","Bacteria","Firmicutes","Clostridia","Oscillospirales","[Eubacterium] coprostanoligenes group","none","none","OTU","seq1266"
"seq1267","Bacteria","Actinobacteriota","Actinobacteria","Bifidobacteriales","Bifidobacteriaceae","Bifidobacterium","none","OTU","seq1267"
"seq1268","Bacteria","Firmicutes","Clostridia","Peptostreptococcales-Tissierellales","Peptostreptococcaceae","Terrisporobacter","none","OTU","seq1268"
"seq1269","Bacteria","Firmicutes","Clostridia","Oscillospirales","Oscillospiraceae","UCG-002","none","OTU","seq1269"
"seq127","Bacteria","Proteobacteria","Gammaproteobacteria","Enterobacterales","Succinivibrionaceae","Ruminobacter","none","OTU","seq127"
"seq1270","Bacteria","Bacteroidota","Bacteroidia","Bacteroidales","Prevotellaceae","Prevotella_9","none","OTU","seq1270"
"seq1271","Bacteria","Bacteroidota","Bacteroidia","Bacteroidales","Prevotellaceae","Alloprevotella","none","OTU","seq1271"
"seq1272","Bacteria","Firmicutes","Clostridia","Lachnospirales","Lachnospiraceae","[Eubacterium] hallii group","none","OTU","seq1272"
"seq1273","Bacteria","Actinobacteriota","Coriobacteriia","Coriobacteriales","Coriobacteriaceae","Collinsella","none","OTU","seq1273"
"seq1274","Bacteria","Firmicutes","Bacilli","Erysipelotrichales","Erysipelatoclostridiaceae","Erysipelotrichaceae UCG-003","none","OTU","seq1274"
"seq1275","Bacteria","Bacteroidota","Bacteroidia","Bacteroidales","Prevotellaceae","Alloprevotella","none","OTU","seq1275"
"seq1276","Bacteria","Bacteroidota","Bacteroidia","Bacteroidales","Prevotellaceae","Prevotella","none","OTU","seq1276"
"seq1277","Bacteria","Bacteroidota","Bacteroidia","Bacteroidales","Prevotellaceae","none","none","OTU","seq1277"
"seq1278","Bacteria","Firmicutes","Clostridia","Lachnospirales","Lachnospiraceae","Dorea","none","OTU","seq1278"
"seq1279","Bacteria","Bacteroidota","Bacteroidia","Bacteroidales","Prevotellaceae","Alloprevotella","none","OTU","seq1279"
"seq128","Bacteria","Proteobacteria","Gammaproteobacteria","Enterobacterales","Succinivibrionaceae","none","none","OTU","seq128"
"seq1280","Bacteria","Firmicutes","Bacilli","Erysipelotrichales","Erysipelatoclostridiaceae","Erysipelotrichaceae UCG-003","none","OTU","seq1280"
"seq1281","Bacteria","Proteobacteria","Gammaproteobacteria","Enterobacterales","Pasteurellaceae","Conservatibacter","none","OTU","seq1281"
"seq1282","Bacteria","Firmicutes","Clostridia","Oscillospirales","Oscillospiraceae","UCG-002","none","OTU","seq1282"
"seq1283","Bacteria","Actinobacteriota","Actinobacteria","Bifidobacteriales","Bifidobacteriaceae","Bifidobacterium","none","OTU","seq1283"
"seq1284","Bacteria","Firmicutes","Clostridia","Oscillospirales","Ruminococcaceae","Incertae Sedis","none","OTU","seq1284"
"seq1285","Bacteria","Firmicutes","Clostridia","Oscillospirales","Oscillospiraceae","UCG-005","none","OTU","seq1285"
"seq1286","Bacteria","Actinobacteriota","Coriobacteriia","Coriobacteriales","Eggerthellaceae","Enterorhabdus","none","OTU","seq1286"
"seq1287","Bacteria","Spirochaetota","Spirochaetia","Spirochaetales","Spirochaetaceae","Treponema","none","OTU","seq1287"
"seq1288","Bacteria","Firmicutes","Clostridia","Oscillospirales","Oscillospiraceae","UCG-002","none","OTU","seq1288"
"seq1289","Bacteria","Firmicutes","Clostridia","Lachnospirales","Lachnospiraceae","[Ruminococcus] gauvreauii group","none","OTU","seq1289"
"seq129","Bacteria","Bacteroidota","Bacteroidia","Bacteroidales","Prevotellaceae","Prevotella_9","none","OTU","seq129"
"seq1290","Bacteria","Firmicutes","Clostridia","Oscillospirales","Oscillospiraceae","UCG-005","none","OTU","seq1290"
"seq1291","Bacteria","Firmicutes","Clostridia","Oscillospirales","Ruminococcaceae","Subdoligranulum","none","OTU","seq1291"
"seq1292","Bacteria","Actinobacteriota","Actinobacteria","Bifidobacteriales","Bifidobacteriaceae","Bifidobacterium","none","OTU","seq1292"
"seq1293","Bacteria","Bacteroidota","Bacteroidia","Bacteroidales","Prevotellaceae","Alloprevotella","none","OTU","seq1293"
"seq1294","Bacteria","Firmicutes","Bacilli","Erysipelotrichales","Erysipelotrichaceae","Holdemanella","none","OTU","seq1294"
"seq1295","Bacteria","Firmicutes","Clostridia","Oscillospirales","Ruminococcaceae","Ruminococcus","none","OTU","seq1295"
"seq1296","Bacteria","Firmicutes","Clostridia","Clostridiales","Clostridiaceae","Clostridium sensu stricto 1","none","OTU","seq1296"
"seq1297","Bacteria","Actinobacteriota","Coriobacteriia","Coriobacteriales","Eggerthellaceae","none","none","OTU","seq1297"
"seq1298","Bacteria","Firmicutes","Clostridia","Oscillospirales","Oscillospiraceae","UCG-005","none","OTU","seq1298"
"seq1299","Bacteria","Firmicutes","Negativicutes","Acidaminococcales","Acidaminococcaceae","Phascolarctobacterium","none","OTU","seq1299"
"seq13","Bacteria","Bacteroidota","Bacteroidia","Bacteroidales","Prevotellaceae","Prevotella_9","none","OTU","seq13"
"seq130","Bacteria","Bacteroidota","Bacteroidia","Bacteroidales","Prevotellaceae","Prevotella_9","none","OTU","seq130"
"seq1300","Bacteria","Firmicutes","Clostridia","Oscillospirales","Ruminococcaceae","Ruminococcus","none","OTU","seq1300"
"seq1301","Bacteria","Actinobacteriota","Coriobacteriia","Coriobacteriales","Coriobacteriaceae","Collinsella","none","OTU","seq1301"
"seq1302","Bacteria","Firmicutes","Negativicutes","Acidaminococcales","Acidaminococcaceae","Phascolarctobacterium","none","OTU","seq1302"
"seq1303","Bacteria","Firmicutes","Clostridia","Christensenellales","Christensenellaceae","Christensenellaceae R-7 group","none","OTU","seq1303"
"seq1304","Bacteria","Firmicutes","Clostridia","Oscillospirales","Ruminococcaceae","Faecalibacterium","none","OTU","seq1304"
"seq1305","Bacteria","Firmicutes","Clostridia","Lachnospirales","Lachnospiraceae","Lachnospiraceae AC2044 group","none","OTU","seq1305"
"seq1306","Bacteria","Firmicutes","Clostridia","Peptostreptococcales-Tissierellales","Anaerovoracaceae","Family XIII UCG-001","none","OTU","seq1306"
"seq1307","Bacteria","Spirochaetota","Spirochaetia","Spirochaetales","Spirochaetaceae","Treponema","none","OTU","seq1307"
"seq1308","Bacteria","Firmicutes","Clostridia","Lachnospirales","Lachnospiraceae","Anaerostipes","none","OTU","seq1308"
"seq1309","Bacteria","Firmicutes","Clostridia","Lachnospirales","Lachnospiraceae","Blautia","none","OTU","seq1309"
"seq131","Bacteria","Bacteroidota","Bacteroidia","Bacteroidales","Prevotellaceae","Prevotella_9","none","OTU","seq131"
"seq1310","Bacteria","Firmicutes","Clostridia","Lachnospirales","Lachnospiraceae","[Eubacterium] ruminantium group","none","OTU","seq1310"
"seq1311","Bacteria","Bacteroidota","Bacteroidia","Bacteroidales","Prevotellaceae","Prevotella_9","none","OTU","seq1311"
"seq1312","Bacteria","Firmicutes","Clostridia","Oscillospirales","Oscillospiraceae","UCG-002","none","OTU","seq1312"
"seq1313","Bacteria","Firmicutes","Clostridia","Lachnospirales","Lachnospiraceae","Lachnospiraceae NK4A136 group","none","OTU","seq1313"
"seq1314","Bacteria","Actinobacteriota","Coriobacteriia","Coriobacteriales","Coriobacteriaceae","Collinsella","none","OTU","seq1314"
"seq1315","Bacteria","Firmicutes","Bacilli","Lactobacillales","Lactobacillaceae","Ligilactobacillus","none","OTU","seq1315"
"seq1316","Bacteria","Firmicutes","Bacilli","Erysipelotrichales","Erysipelatoclostridiaceae","Catenibacterium","none","OTU","seq1316"
"seq1317","Bacteria","Bacteroidota","Bacteroidia","Bacteroidales","Prevotellaceae","Prevotella","none","OTU","seq1317"
"seq1318","Bacteria","Firmicutes","Clostridia","Lachnospirales","Lachnospiraceae","none","none","OTU","seq1318"
"seq1319","Bacteria","Firmicutes","Clostridia","Peptostreptococcales-Tissierellales","Peptostreptococcaceae","Intestinibacter","none","OTU","seq1319"
"seq132","Bacteria","Proteobacteria","Gammaproteobacteria","Enterobacterales","Succinivibrionaceae","none","none","OTU","seq132"
"seq1320","Bacteria","Proteobacteria","Gammaproteobacteria","Enterobacterales","Enterobacteriaceae","Escherichia-Shigella","none","OTU","seq1320"
"seq1321","Bacteria","Bacteroidota","Bacteroidia","Bacteroidales","Prevotellaceae","Prevotella_7","none","OTU","seq1321"
"seq1322","Bacteria","Firmicutes","Clostridia","Oscillospirales","Oscillospiraceae","UCG-002","none","OTU","seq1322"
"seq1323","Bacteria","Firmicutes","Bacilli","Erysipelotrichales","Erysipelotrichaceae","Turicibacter","none","OTU","seq1323"
"seq1324","Bacteria","Firmicutes","Bacilli","Lactobacillales","Streptococcaceae","Streptococcus","none","OTU","seq1324"
"seq1325","Bacteria","Firmicutes","Clostridia","Lachnospirales","Lachnospiraceae","Lachnospiraceae UCG-007","none","OTU","seq1325"
"seq1326","Bacteria","Firmicutes","Bacilli","Erysipelotrichales","Erysipelotrichaceae","Holdemanella","none","OTU","seq1326"
"seq1327","Bacteria","Elusimicrobiota","Elusimicrobia","Elusimicrobiales","Elusimicrobiaceae","Elusimicrobium","none","OTU","seq1327"
"seq1328","Bacteria","Proteobacteria","Gammaproteobacteria","Enterobacterales","Pasteurellaceae","Conservatibacter","none","OTU","seq1328"
"seq1329","Bacteria","Cyanobacteria","Vampirivibrionia","Gastranaerophilales","none","none","none","OTU","seq1329"
"seq133","Bacteria","Proteobacteria","Gammaproteobacteria","Enterobacterales","Succinivibrionaceae","Succinivibrio","none","OTU","seq133"
"seq1330","Bacteria","Firmicutes","Clostridia","Lachnospirales","Lachnospiraceae","none","none","OTU","seq1330"
"seq1331","Archaea","Euryarchaeota","Methanobacteria","Methanobacteriales","Methanobacteriaceae","Methanobrevibacter","none","OTU","seq1331"
"seq1332","Bacteria","Bacteroidota","Bacteroidia","Bacteroidales","Prevotellaceae","Alloprevotella","none","OTU","seq1332"
"seq1333","Bacteria","Bacteroidota","Bacteroidia","Bacteroidales","Prevotellaceae","Prevotella_7","none","OTU","seq1333"
"seq1334","Bacteria","Actinobacteriota","Coriobacteriia","Coriobacteriales","Atopobiaceae","Olsenella","none","OTU","seq1334"
"seq1335","Bacteria","Firmicutes","Clostridia","Lachnospirales","Lachnospiraceae","Fusicatenibacter","none","OTU","seq1335"
"seq1337","Bacteria","Actinobacteriota","Coriobacteriia","Coriobacteriales","Coriobacteriaceae","Collinsella","none","OTU","seq1337"
"seq1338","Bacteria","Firmicutes","Clostridia","Lachnospirales","Lachnospiraceae","[Ruminococcus] torques group","none","OTU","seq1338"
"seq1339","Bacteria","Bacteroidota","Bacteroidia","Bacteroidales","Prevotellaceae","Prevotella_7","none","OTU","seq1339"
"seq134","Bacteria","Proteobacteria","Gammaproteobacteria","Enterobacterales","Succinivibrionaceae","Ruminobacter","none","OTU","seq134"
"seq1340","Bacteria","Bacteroidota","Bacteroidia","Bacteroidales","Prevotellaceae","Prevotella","none","OTU","seq1340"
"seq1341","Archaea","Euryarchaeota","Methanobacteria","Methanobacteriales","Methanobacteriaceae","Methanobrevibacter","none","OTU","seq1341"
"seq1342","Bacteria","Spirochaetota","Spirochaetia","Spirochaetales","Spirochaetaceae","Treponema","none","OTU","seq1342"
"seq1343","Bacteria","Firmicutes","Clostridia","Lachnospirales","Lachnospiraceae","Lachnospiraceae NK4A136 group","none","OTU","seq1343"
"seq1344","Bacteria","Firmicutes","Clostridia","Lachnospirales","Lachnospiraceae","Agathobacter","none","OTU","seq1344"
"seq1345","Bacteria","Actinobacteriota","Actinobacteria","Bifidobacteriales","Bifidobacteriaceae","Bifidobacterium","none","OTU","seq1345"
"seq1346","Bacteria","Firmicutes","Clostridia","Lachnospirales","Lachnospiraceae","[Eubacterium] hallii group","none","OTU","seq1346"
"seq1347","Bacteria","Bacteroidota","Bacteroidia","Bacteroidales","Prevotellaceae","none","none","OTU","seq1347"
"seq1348","Bacteria","Firmicutes","Clostridia","Peptostreptococcales-Tissierellales","Peptostreptococcaceae","Intestinibacter","none","OTU","seq1348"
"seq1349","Bacteria","Proteobacteria","Gammaproteobacteria","Burkholderiales","Sutterellaceae","Sutterella","none","OTU","seq1349"
"seq135","Bacteria","Proteobacteria","Gammaproteobacteria","Enterobacterales","Succinivibrionaceae","Succinivibrio","none","OTU","seq135"
"seq1350","Bacteria","Proteobacteria","Gammaproteobacteria","Enterobacterales","Pasteurellaceae","Conservatibacter","none","OTU","seq1350"
"seq1351","Bacteria","Firmicutes","Negativicutes","Acidaminococcales","Acidaminococcaceae","Phascolarctobacterium","none","OTU","seq1351"
"seq1352","Bacteria","Firmicutes","Clostridia","Lachnospirales","Lachnospiraceae","Blautia","none","OTU","seq1352"
"seq1353","Bacteria","Bacteroidota","Bacteroidia","Bacteroidales","Prevotellaceae","Alloprevotella","none","OTU","seq1353"
"seq1355","Archaea","Euryarchaeota","Methanobacteria","Methanobacteriales","Methanobacteriaceae","Methanobrevibacter","none","OTU","seq1355"
"seq1356","Bacteria","Firmicutes","Clostridia","Oscillospirales","Oscillospiraceae","Intestinimonas","none","OTU","seq1356"
"seq1357","Archaea","Euryarchaeota","Methanobacteria","Methanobacteriales","Methanobacteriaceae","Methanobrevibacter","none","OTU","seq1357"
"seq1358","Bacteria","Firmicutes","Clostridia","Oscillospirales","Ruminococcaceae","[Eubacterium] siraeum group","none","OTU","seq1358"
"seq1359","Bacteria","Firmicutes","Clostridia","Oscillospirales","Ruminococcaceae","none","none","OTU","seq1359"
"seq136","Bacteria","Proteobacteria","Gammaproteobacteria","Enterobacterales","Succinivibrionaceae","Succinivibrio","none","OTU","seq136"
"seq1360","Bacteria","Bacteroidota","Bacteroidia","Bacteroidales","Prevotellaceae","Prevotella","none","OTU","seq1360"
"seq1361","Bacteria","Bacteroidota","Bacteroidia","Bacteroidales","Prevotellaceae","Prevotella","none","OTU","seq1361"
"seq1362","Bacteria","Firmicutes","Clostridia","Oscillospirales","Ruminococcaceae","Ruminococcus","none","OTU","seq1362"
"seq1363","Bacteria","Firmicutes","Clostridia","Oscillospirales","Ruminococcaceae","Faecalibacterium","none","OTU","seq1363"
"seq1364","Bacteria","Firmicutes","Clostridia","Lachnospirales","Lachnospiraceae","Blautia","none","OTU","seq1364"
"seq1365","Bacteria","Firmicutes","Clostridia","Oscillospirales","Ruminococcaceae","Faecalibacterium","none","OTU","seq1365"
"seq1366","Bacteria","Elusimicrobiota","Elusimicrobia","Elusimicrobiales","Elusimicrobiaceae","Elusimicrobium","none","OTU","seq1366"
"seq1367","Bacteria","Firmicutes","Clostridia","Clostridiales","Clostridiaceae","Sarcina","none","OTU","seq1367"
"seq1368","Bacteria","Firmicutes","Clostridia","Oscillospirales","Ruminococcaceae","Ruminococcus","none","OTU","seq1368"
"seq1369","Bacteria","Firmicutes","Clostridia","Lachnospirales","Lachnospiraceae","Roseburia","none","OTU","seq1369"
"seq137","Bacteria","Firmicutes","Negativicutes","Veillonellales-Selenomonadales","Veillonellaceae","Dialister","none","OTU","seq137"
"seq1370","Bacteria","Actinobacteriota","Actinobacteria","Bifidobacteriales","Bifidobacteriaceae","Bifidobacterium","none","OTU","seq1370"
"seq1371","Bacteria","Bacteroidota","Bacteroidia","Bacteroidales","Prevotellaceae","Alloprevotella","none","OTU","seq1371"
"seq1372","Archaea","Euryarchaeota","Methanobacteria","Methanobacteriales","Methanobacteriaceae","Methanobrevibacter","none","OTU","seq1372"
"seq1374","Bacteria","Firmicutes","Clostridia","Lachnospirales","Lachnospiraceae","Blautia","none","OTU","seq1374"
"seq1375","Bacteria","Firmicutes","Clostridia","Christensenellales","Christensenellaceae","Christensenellaceae R-7 group","none","OTU","seq1375"
"seq1376","Bacteria","Firmicutes","Clostridia","Oscillospirales","Ruminococcaceae","Subdoligranulum","none","OTU","seq1376"
"seq1377","Bacteria","Firmicutes","Clostridia","Oscillospirales","Ruminococcaceae","Faecalibacterium","none","OTU","seq1377"
"seq1378","Bacteria","Bacteroidota","Bacteroidia","Bacteroidales","Prevotellaceae","Alloprevotella","none","OTU","seq1378"
"seq1379","Bacteria","Spirochaetota","Spirochaetia","Spirochaetales","Spirochaetaceae","Treponema","none","OTU","seq1379"
"seq138","Bacteria","Firmicutes","Negativicutes","Veillonellales-Selenomonadales","Veillonellaceae","Dialister","none","OTU","seq138"
"seq1380","Bacteria","Actinobacteriota","Actinobacteria","Bifidobacteriales","Bifidobacteriaceae","Bifidobacterium","none","OTU","seq1380"
"seq1381","Bacteria","Bacteroidota","Bacteroidia","Bacteroidales","Bacteroidaceae","Bacteroides","none","OTU","seq1381"
"seq1382","Bacteria","Firmicutes","Bacilli","Erysipelotrichales","Erysipelotrichaceae","Turicibacter","none","OTU","seq1382"
"seq1383","Bacteria","Proteobacteria","Gammaproteobacteria","Enterobacterales","Pasteurellaceae","Haemophilus","none","OTU","seq1383"
"seq1384","Bacteria","Firmicutes","Clostridia","Oscillospirales","Oscillospiraceae","UCG-002","none","OTU","seq1384"
"seq1385","Archaea","Euryarchaeota","Methanobacteria","Methanobacteriales","Methanobacteriaceae","Methanobrevibacter","none","OTU","seq1385"
"seq1386","Bacteria","Firmicutes","Clostridia","Lachnospirales","Lachnospiraceae","Lachnospiraceae FCS020 group","none","OTU","seq1386"
"seq1387","Bacteria","Firmicutes","Clostridia","Oscillospirales","[Eubacterium] coprostanoligenes group","none","none","OTU","seq1387"
"seq1388","Bacteria","Actinobacteriota","Actinobacteria","Bifidobacteriales","Bifidobacteriaceae","Bifidobacterium","none","OTU","seq1388"
"seq1389","Archaea","Euryarchaeota","Methanobacteria","Methanobacteriales","Methanobacteriaceae","Methanobrevibacter","none","OTU","seq1389"
"seq139","Bacteria","Proteobacteria","Gammaproteobacteria","Enterobacterales","Succinivibrionaceae","none","none","OTU","seq139"
"seq1390","Bacteria","Actinobacteriota","Actinobacteria","Bifidobacteriales","Bifidobacteriaceae","Bifidobacterium","none","OTU","seq1390"
"seq1391","Bacteria","Firmicutes","Clostridia","Oscillospirales","Oscillospiraceae","UCG-002","none","OTU","seq1391"
"seq1392","Bacteria","Firmicutes","Clostridia","Lachnospirales","Lachnospiraceae","[Eubacterium] eligens group","none","OTU","seq1392"
"seq1394","Archaea","Euryarchaeota","Methanobacteria","Methanobacteriales","Methanobacteriaceae","Methanobrevibacter","none","OTU","seq1394"
"seq1395","Bacteria","Bacteroidota","Bacteroidia","Bacteroidales","Prevotellaceae","Prevotella","none","OTU","seq1395"
"seq1396","Bacteria","Bacteroidota","Bacteroidia","Bacteroidales","Prevotellaceae","Prevotella_9","none","OTU","seq1396"
"seq1397","Bacteria","Firmicutes","Bacilli","Erysipelotrichales","Erysipelotrichaceae","Solobacterium","none","OTU","seq1397"
"seq1398","Bacteria","Firmicutes","Clostridia","Lachnospirales","Lachnospiraceae","[Eubacterium] hallii group","none","OTU","seq1398"
"seq1399","Bacteria","Bacteroidota","Bacteroidia","Bacteroidales","Prevotellaceae","none","none","OTU","seq1399"
"seq14","Bacteria","Bacteroidota","Bacteroidia","Bacteroidales","Prevotellaceae","Prevotella_9","none","OTU","seq14"
"seq140","Bacteria","Firmicutes","Negativicutes","Veillonellales-Selenomonadales","Veillonellaceae","Dialister","none","OTU","seq140"
"seq1400","Bacteria","Elusimicrobiota","Elusimicrobia","Elusimicrobiales","Elusimicrobiaceae","Elusimicrobium","none","OTU","seq1400"
"seq1401","Bacteria","Firmicutes","Clostridia","Lachnospirales","Lachnospiraceae","none","none","OTU","seq1401"
"seq1402","Bacteria","Firmicutes","Clostridia","Lachnospirales","Lachnospiraceae","Coprococcus","none","OTU","seq1402"
"seq1403","Bacteria","Firmicutes","Clostridia","Lachnospirales","Lachnospiraceae","Marvinbryantia","none","OTU","seq1403"
"seq1404","Bacteria","Firmicutes","Clostridia","Lachnospirales","Lachnospiraceae","Dorea","none","OTU","seq1404"
"seq1405","Bacteria","Bacteroidota","Bacteroidia","Bacteroidales","Prevotellaceae","Prevotella_9","none","OTU","seq1405"
"seq1406","Bacteria","Firmicutes","Clostridia","Oscillospirales","[Eubacterium] coprostanoligenes group","none","none","OTU","seq1406"
"seq1407","Bacteria","Firmicutes","Clostridia","Oscillospirales","Ruminococcaceae","Ruminococcus","none","OTU","seq1407"
"seq1408","Bacteria","Bacteroidota","Bacteroidia","Bacteroidales","Rikenellaceae","Rikenellaceae RC9 gut group","none","OTU","seq1408"
"seq1409","Bacteria","Firmicutes","Clostridia","Lachnospirales","Lachnospiraceae","[Ruminococcus] gauvreauii group","none","OTU","seq1409"
"seq141","Bacteria","Spirochaetota","Spirochaetia","Spirochaetales","Spirochaetaceae","Treponema","none","OTU","seq141"
"seq1410","Bacteria","Bacteroidota","Bacteroidia","Bacteroidales","Muribaculaceae","none","none","OTU","seq1410"
"seq1411","Bacteria","Firmicutes","Bacilli","Erysipelotrichales","Erysipelatoclostridiaceae","Erysipelotrichaceae UCG-003","none","OTU","seq1411"
"seq1412","Bacteria","Firmicutes","Clostridia","Lachnospirales","Lachnospiraceae","Dorea","none","OTU","seq1412"
"seq1413","Bacteria","Actinobacteriota","Actinobacteria","Bifidobacteriales","Bifidobacteriaceae","Bifidobacterium","none","OTU","seq1413"
"seq1414","Bacteria","Bacteroidota","Bacteroidia","Bacteroidales","Prevotellaceae","Prevotella_9","none","OTU","seq1414"
"seq1415","Bacteria","Firmicutes","Clostridia","Lachnospirales","Lachnospiraceae","Roseburia","none","OTU","seq1415"
"seq1417","Bacteria","Firmicutes","Clostridia","Oscillospirales","Ruminococcaceae","Ruminococcus","none","OTU","seq1417"
"seq1418","Bacteria","Bacteroidota","Bacteroidia","Bacteroidales","Prevotellaceae","Prevotella","none","OTU","seq1418"
"seq1419","Bacteria","Firmicutes","Clostridia","Oscillospirales","Ruminococcaceae","Subdoligranulum","none","OTU","seq1419"
"seq142","Bacteria","Proteobacteria","Gammaproteobacteria","Enterobacterales","Succinivibrionaceae","Ruminobacter","none","OTU","seq142"
"seq1420","Bacteria","Cyanobacteria","Vampirivibrionia","Gastranaerophilales","none","none","none","OTU","seq1420"
"seq1421","Bacteria","Firmicutes","Clostridia","Oscillospirales","Ruminococcaceae","Ruminococcus","none","OTU","seq1421"
"seq1422","Bacteria","Firmicutes","Clostridia","Lachnospirales","Lachnospiraceae","Blautia","none","OTU","seq1422"
"seq1423","Bacteria","Actinobacteriota","Actinobacteria","Bifidobacteriales","Bifidobacteriaceae","Bifidobacterium","none","OTU","seq1423"
"seq1424","Bacteria","Firmicutes","Clostridia","Lachnospirales","Lachnospiraceae","Blautia","none","OTU","seq1424"
"seq1425","Bacteria","Firmicutes","Clostridia","Oscillospirales","Butyricicoccaceae","Butyricicoccus","none","OTU","seq1425"
"seq1426","Bacteria","Bacteroidota","Bacteroidia","Bacteroidales","Prevotellaceae","Alloprevotella","none","OTU","seq1426"
"seq1427","Bacteria","Firmicutes","Clostridia","Oscillospirales","Oscillospiraceae","UCG-005","none","OTU","seq1427"
"seq1428","Bacteria","Firmicutes","Clostridia","Oscillospirales","Butyricicoccaceae","Butyricicoccus","none","OTU","seq1428"
"seq1429","Bacteria","Elusimicrobiota","Elusimicrobia","Elusimicrobiales","Elusimicrobiaceae","Elusimicrobium","none","OTU","seq1429"
"seq143","Bacteria","Proteobacteria","Gammaproteobacteria","Enterobacterales","Succinivibrionaceae","Ruminobacter","none","OTU","seq143"
"seq1430","Bacteria","Elusimicrobiota","Elusimicrobia","Elusimicrobiales","Elusimicrobiaceae","Elusimicrobium","none","OTU","seq1430"
"seq1432","Bacteria","Elusimicrobiota","Elusimicrobia","Elusimicrobiales","Elusimicrobiaceae","Elusimicrobium","none","OTU","seq1432"
"seq1433","Bacteria","Firmicutes","Clostridia","Lachnospirales","Lachnospiraceae","Anaerostipes","none","OTU","seq1433"
"seq1434","Bacteria","Proteobacteria","Gammaproteobacteria","Enterobacterales","Pasteurellaceae","none","none","OTU","seq1434"
"seq1435","Bacteria","Firmicutes","Clostridia","Oscillospirales","Oscillospiraceae","UCG-005","none","OTU","seq1435"
"seq1436","Bacteria","Firmicutes","Clostridia","Lachnospirales","Lachnospiraceae","[Ruminococcus] torques group","none","OTU","seq1436"
"seq1437","Bacteria","Spirochaetota","Spirochaetia","Spirochaetales","Spirochaetaceae","Treponema","none","OTU","seq1437"
"seq1438","Bacteria","Bacteroidota","Bacteroidia","Bacteroidales","Prevotellaceae","Alloprevotella","none","OTU","seq1438"
"seq1439","Bacteria","Firmicutes","Clostridia","Lachnospirales","Lachnospiraceae","Dorea","none","OTU","seq1439"
"seq144","Bacteria","Firmicutes","Negativicutes","Veillonellales-Selenomonadales","Veillonellaceae","Dialister","none","OTU","seq144"
"seq1440","Bacteria","Bacteroidota","Bacteroidia","Bacteroidales","Prevotellaceae","none","none","OTU","seq1440"
"seq1441","Bacteria","Firmicutes","Bacilli","Lactobacillales","Streptococcaceae","Streptococcus","none","OTU","seq1441"
"seq1442","Bacteria","Firmicutes","Bacilli","Erysipelotrichales","Erysipelotrichaceae","Turicibacter","none","OTU","seq1442"
"seq1443","Bacteria","Firmicutes","Bacilli","Erysipelotrichales","Erysipelotrichaceae","Turicibacter","none","OTU","seq1443"
"seq1444","Bacteria","Firmicutes","Clostridia","Lachnospirales","Lachnospiraceae","[Ruminococcus] torques group","none","OTU","seq1444"
"seq1445","Bacteria","Firmicutes","Clostridia","Lachnospirales","Lachnospiraceae","Fusicatenibacter","none","OTU","seq1445"
"seq1446","Bacteria","Firmicutes","Clostridia","Lachnospirales","Lachnospiraceae","Lachnospiraceae NK4A136 group","none","OTU","seq1446"
"seq1447","Bacteria","Firmicutes","Clostridia","Lachnospirales","Lachnospiraceae","Dorea","none","OTU","seq1447"
"seq1448","Bacteria","Firmicutes","Clostridia","Lachnospirales","Lachnospiraceae","Blautia","none","OTU","seq1448"
"seq1449","Bacteria","Firmicutes","Bacilli","Erysipelotrichales","Erysipelotrichaceae","Solobacterium","none","OTU","seq1449"
"seq145","Bacteria","Bacteroidota","Bacteroidia","Bacteroidales","Prevotellaceae","Prevotella_9","none","OTU","seq145"
"seq1450","Bacteria","Actinobacteriota","Actinobacteria","Bifidobacteriales","Bifidobacteriaceae","Bifidobacterium","none","OTU","seq1450"
"seq1451","Bacteria","Firmicutes","Bacilli","Lactobacillales","Streptococcaceae","Streptococcus","none","OTU","seq1451"
"seq1452","Archaea","Euryarchaeota","Methanobacteria","Methanobacteriales","Methanobacteriaceae","Methanobrevibacter","none","OTU","seq1452"
"seq1453","Bacteria","Firmicutes","Negativicutes","Veillonellales-Selenomonadales","Veillonellaceae","Dialister","none","OTU","seq1453"
"seq1454","Bacteria","Firmicutes","Clostridia","Oscillospirales","Butyricicoccaceae","Butyricicoccus","none","OTU","seq1454"
"seq1455","Archaea","Euryarchaeota","Methanobacteria","Methanobacteriales","Methanobacteriaceae","Methanobrevibacter","none","OTU","seq1455"
"seq1456","Bacteria","Firmicutes","Clostridia","Peptostreptococcales-Tissierellales","Peptostreptococcaceae","Intestinibacter","none","OTU","seq1456"
"seq1457","Bacteria","Firmicutes","Clostridia","Lachnospirales","Lachnospiraceae","Blautia","none","OTU","seq1457"
"seq1458","Bacteria","Firmicutes","Clostridia","Lachnospirales","Lachnospiraceae","Lachnospiraceae NK4B4 group","none","OTU","seq1458"
"seq1459","Bacteria","Firmicutes","Clostridia","Oscillospirales","Ruminococcaceae","Subdoligranulum","none","OTU","seq1459"
"seq146","Bacteria","Proteobacteria","Gammaproteobacteria","Enterobacterales","Succinivibrionaceae","Ruminobacter","none","OTU","seq146"
"seq1460","Bacteria","Firmicutes","Clostridia","Lachnospirales","Lachnospiraceae","Agathobacter","none","OTU","seq1460"
"seq1461","Bacteria","Bacteroidota","Bacteroidia","Bacteroidales","Prevotellaceae","Prevotella","none","OTU","seq1461"
"seq1462","Bacteria","Firmicutes","Clostridia","Lachnospirales","Lachnospiraceae","Agathobacter","none","OTU","seq1462"
"seq1463","Bacteria","Firmicutes","Clostridia","Lachnospirales","Lachnospiraceae","[Eubacterium] hallii group","none","OTU","seq1463"
"seq1464","Bacteria","Bacteroidota","Bacteroidia","Bacteroidales","Prevotellaceae","Alloprevotella","none","OTU","seq1464"
"seq1465","Bacteria","Actinobacteriota","Coriobacteriia","Coriobacteriales","Coriobacteriaceae","Collinsella","none","OTU","seq1465"
"seq1466","Bacteria","Proteobacteria","Gammaproteobacteria","Enterobacterales","Enterobacteriaceae","Escherichia-Shigella","none","OTU","seq1466"
"seq1467","Bacteria","Firmicutes","Clostridia","Lachnospirales","Lachnospiraceae","Blautia","none","OTU","seq1467"
"seq1468","Bacteria","Firmicutes","Clostridia","Lachnospirales","Lachnospiraceae","Dorea","none","OTU","seq1468"
"seq1469","Bacteria","Firmicutes","Clostridia","Oscillospirales","Ruminococcaceae","Faecalibacterium","none","OTU","seq1469"
"seq147","Bacteria","Firmicutes","Negativicutes","Veillonellales-Selenomonadales","Veillonellaceae","Dialister","none","OTU","seq147"
"seq1470","Bacteria","Firmicutes","Clostridia","Oscillospirales","Ruminococcaceae","Ruminococcus","none","OTU","seq1470"
"seq1471","Bacteria","Firmicutes","Clostridia","Christensenellales","Christensenellaceae","Christensenellaceae R-7 group","none","OTU","seq1471"
"seq1472","Bacteria","Firmicutes","Clostridia","Oscillospirales","Oscillospiraceae","Colidextribacter","none","OTU","seq1472"
"seq1473","Bacteria","Firmicutes","Clostridia","Lachnospirales","Lachnospiraceae","Blautia","none","OTU","seq1473"
"seq1474","Bacteria","Firmicutes","Clostridia","Lachnospirales","Lachnospiraceae","Blautia","none","OTU","seq1474"
"seq1475","Bacteria","Proteobacteria","Gammaproteobacteria","Enterobacterales","Pasteurellaceae","Conservatibacter","none","OTU","seq1475"
"seq1476","Bacteria","Firmicutes","Clostridia","Clostridiales","Clostridiaceae","Sarcina","none","OTU","seq1476"
"seq1477","Bacteria","Proteobacteria","Gammaproteobacteria","Enterobacterales","Enterobacteriaceae","Escherichia-Shigella","none","OTU","seq1477"
"seq1478","Bacteria","Firmicutes","Clostridia","Clostridiales","Clostridiaceae","Sarcina","none","OTU","seq1478"
"seq1479","Bacteria","Bacteroidota","Bacteroidia","Bacteroidales","Prevotellaceae","Prevotella_9","none","OTU","seq1479"
"seq148","Bacteria","Bacteroidota","Bacteroidia","Bacteroidales","Prevotellaceae","Prevotella_9","none","OTU","seq148"
"seq1480","Bacteria","Firmicutes","Clostridia","Oscillospirales","Ruminococcaceae","Faecalibacterium","none","OTU","seq1480"
"seq1481","Bacteria","Actinobacteriota","Actinobacteria","Bifidobacteriales","Bifidobacteriaceae","Bifidobacterium","none","OTU","seq1481"
"seq1482","Bacteria","Bacteroidota","Bacteroidia","Bacteroidales","Prevotellaceae","Prevotella_7","none","OTU","seq1482"
"seq1483","Bacteria","Firmicutes","Clostridia","Lachnospirales","Lachnospiraceae","Coprococcus","none","OTU","seq1483"
"seq1484","Bacteria","Firmicutes","Clostridia","Oscillospirales","Ruminococcaceae","Subdoligranulum","none","OTU","seq1484"
"seq1485","Bacteria","Bacteroidota","Bacteroidia","Bacteroidales","Bacteroidaceae","Bacteroides","none","OTU","seq1485"
"seq1486","Bacteria","Firmicutes","Bacilli","Erysipelotrichales","Erysipelotrichaceae","Turicibacter","none","OTU","seq1486"
"seq1487","Bacteria","Firmicutes","Clostridia","Oscillospirales","Oscillospiraceae","UCG-005","none","OTU","seq1487"
"seq1488","Bacteria","Elusimicrobiota","Elusimicrobia","Elusimicrobiales","Elusimicrobiaceae","Elusimicrobium","none","OTU","seq1488"
"seq1489","Bacteria","Firmicutes","Clostridia","Oscillospirales","Ruminococcaceae","Faecalibacterium","none","OTU","seq1489"
"seq149","Bacteria","Bacteroidota","Bacteroidia","Bacteroidales","Prevotellaceae","Prevotella_9","none","OTU","seq149"
"seq1490","Bacteria","Spirochaetota","Spirochaetia","Spirochaetales","Spirochaetaceae","Treponema","none","OTU","seq1490"
"seq1492","Bacteria","Firmicutes","Clostridia","Lachnospirales","Lachnospiraceae","Blautia","none","OTU","seq1492"
"seq1493","Bacteria","Firmicutes","Clostridia","Oscillospirales","Ruminococcaceae","Faecalibacterium","none","OTU","seq1493"
"seq1494","Bacteria","Spirochaetota","Spirochaetia","Spirochaetales","Spirochaetaceae","Treponema","none","OTU","seq1494"
"seq1495","Bacteria","Firmicutes","Clostridia","Oscillospirales","Oscillospiraceae","UCG-002","none","OTU","seq1495"
"seq1496","Bacteria","Bacteroidota","Bacteroidia","Bacteroidales","Prevotellaceae","Alloprevotella","none","OTU","seq1496"
"seq1497","Bacteria","Proteobacteria","Gammaproteobacteria","Enterobacterales","Enterobacteriaceae","Escherichia-Shigella","none","OTU","seq1497"
"seq1498","Bacteria","Firmicutes","Clostridia","Lachnospirales","Lachnospiraceae","Dorea","none","OTU","seq1498"
"seq1499","Bacteria","Bacteroidota","Bacteroidia","Bacteroidales","Prevotellaceae","none","none","OTU","seq1499"
"seq15","Bacteria","Bacteroidota","Bacteroidia","Bacteroidales","Prevotellaceae","Prevotella_9","none","OTU","seq15"
"seq150","Bacteria","Proteobacteria","Gammaproteobacteria","Enterobacterales","Succinivibrionaceae","Ruminobacter","none","OTU","seq150"
"seq1500","Bacteria","Bacteroidota","Bacteroidia","Bacteroidales","Prevotellaceae","Alloprevotella","none","OTU","seq1500"
"seq1501","Bacteria","Firmicutes","Clostridia","Oscillospirales","Oscillospiraceae","UCG-003","none","OTU","seq1501"
"seq1502","Bacteria","Firmicutes","Bacilli","Erysipelotrichales","Erysipelotrichaceae","Turicibacter","none","OTU","seq1502"
"seq1503","Bacteria","Firmicutes","Clostridia","Lachnospirales","Lachnospiraceae","Lachnospiraceae AC2044 group","none","OTU","seq1503"
"seq1504","Bacteria","Firmicutes","Clostridia","Christensenellales","Christensenellaceae","Christensenellaceae R-7 group","none","OTU","seq1504"
"seq1505","Bacteria","Firmicutes","Clostridia","Oscillospirales","Ruminococcaceae","Subdoligranulum","none","OTU","seq1505"
"seq1506","Bacteria","Firmicutes","Clostridia","Lachnospirales","Lachnospiraceae","Roseburia","none","OTU","seq1506"
"seq1507","Bacteria","Firmicutes","Clostridia","Oscillospirales","Ruminococcaceae","none","none","OTU","seq1507"
"seq1508","Bacteria","Firmicutes","Bacilli","Erysipelotrichales","Erysipelotrichaceae","Turicibacter","none","OTU","seq1508"
"seq1509","Bacteria","Bacteroidota","Bacteroidia","Bacteroidales","Prevotellaceae","Prevotella","none","OTU","seq1509"
"seq151","Bacteria","Proteobacteria","Gammaproteobacteria","Enterobacterales","Succinivibrionaceae","none","none","OTU","seq151"
"seq1510","Bacteria","Firmicutes","Clostridia","Peptostreptococcales-Tissierellales","Peptostreptococcaceae","Terrisporobacter","none","OTU","seq1510"
"seq1511","Bacteria","Firmicutes","Clostridia","Oscillospirales","Butyricicoccaceae","Butyricicoccus","none","OTU","seq1511"
"seq1512","Bacteria","Spirochaetota","Spirochaetia","Spirochaetales","Spirochaetaceae","Treponema","none","OTU","seq1512"
"seq1513","Bacteria","Firmicutes","Clostridia","Oscillospirales","Ruminococcaceae","Subdoligranulum","none","OTU","seq1513"
"seq1514","Bacteria","Actinobacteriota","Coriobacteriia","Coriobacteriales","Eggerthellaceae","Senegalimassilia","none","OTU","seq1514"
"seq1515","Bacteria","Firmicutes","Clostridia","Lachnospirales","Lachnospiraceae","Lachnospiraceae NK4A136 group","none","OTU","seq1515"
"seq1516","Bacteria","Firmicutes","Clostridia","Lachnospirales","Lachnospiraceae","Roseburia","none","OTU","seq1516"
"seq1517","Bacteria","Firmicutes","Clostridia","Oscillospirales","Ruminococcaceae","Ruminococcus","none","OTU","seq1517"
"seq1518","Bacteria","Firmicutes","Clostridia","Lachnospirales","Lachnospiraceae","Blautia","none","OTU","seq1518"
"seq1519","Bacteria","Firmicutes","Clostridia","Lachnospirales","Lachnospiraceae","Anaerostipes","none","OTU","seq1519"
"seq152","Bacteria","Proteobacteria","Gammaproteobacteria","Enterobacterales","Succinivibrionaceae","Ruminobacter","none","OTU","seq152"
"seq1521","Bacteria","Firmicutes","Clostridia","Oscillospirales","Oscillospiraceae","NK4A214 group","none","OTU","seq1521"
"seq1522","Archaea","Euryarchaeota","Methanobacteria","Methanobacteriales","Methanobacteriaceae","Methanobrevibacter","none","OTU","seq1522"
"seq1523","Bacteria","Firmicutes","Clostridia","Lachnospirales","Lachnospiraceae","Fusicatenibacter","none","OTU","seq1523"
"seq1524","Bacteria","Firmicutes","Negativicutes","Veillonellales-Selenomonadales","Selenomonadaceae","Mitsuokella","none","OTU","seq1524"
"seq1526","Bacteria","Bacteroidota","Bacteroidia","Bacteroidales","Prevotellaceae","Prevotellaceae UCG-003","none","OTU","seq1526"
"seq1527","Bacteria","Firmicutes","Bacilli","Lactobacillales","Streptococcaceae","Streptococcus","none","OTU","seq1527"
"seq1528","Bacteria","Bacteroidota","Bacteroidia","Bacteroidales","Bacteroidaceae","Bacteroides","none","OTU","seq1528"
"seq1529","Bacteria","Firmicutes","Clostridia","Lachnospirales","Lachnospiraceae","Dorea","none","OTU","seq1529"
"seq153","Bacteria","Firmicutes","Negativicutes","Veillonellales-Selenomonadales","Veillonellaceae","Dialister","none","OTU","seq153"
"seq1530","Bacteria","Bacteroidota","Bacteroidia","Bacteroidales","Prevotellaceae","Prevotella_9","none","OTU","seq1530"
"seq1531","Bacteria","Firmicutes","Bacilli","Erysipelotrichales","Erysipelotrichaceae","Holdemanella","none","OTU","seq1531"
"seq1532","Bacteria","Bacteroidota","Bacteroidia","Bacteroidales","Prevotellaceae","Alloprevotella","none","OTU","seq1532"
"seq1533","Bacteria","Firmicutes","Clostridia","Lachnospirales","Lachnospiraceae","Agathobacter","none","OTU","seq1533"
"seq1534","Bacteria","Bacteroidota","Bacteroidia","Bacteroidales","Bacteroidaceae","Bacteroides","none","OTU","seq1534"
"seq1536","Bacteria","Firmicutes","Clostridia","Lachnospirales","Lachnospiraceae","Roseburia","none","OTU","seq1536"
"seq1537","Bacteria","Bacteroidota","Bacteroidia","Bacteroidales","Rikenellaceae","Rikenellaceae RC9 gut group","none","OTU","seq1537"
"seq1538","Bacteria","Firmicutes","Clostridia","Oscillospirales","Ruminococcaceae","Subdoligranulum","none","OTU","seq1538"
"seq1539","Bacteria","Bacteroidota","Bacteroidia","Bacteroidales","Rikenellaceae","Rikenellaceae RC9 gut group","none","OTU","seq1539"
"seq154","Bacteria","Firmicutes","Negativicutes","Veillonellales-Selenomonadales","Veillonellaceae","Dialister","none","OTU","seq154"
"seq1541","Bacteria","Bacteroidota","Bacteroidia","Bacteroidales","Prevotellaceae","Alloprevotella","none","OTU","seq1541"
"seq1542","Bacteria","Firmicutes","Clostridia","Oscillospirales","Ruminococcaceae","Faecalibacterium","none","OTU","seq1542"
"seq1543","Bacteria","Elusimicrobiota","Elusimicrobia","Elusimicrobiales","Elusimicrobiaceae","Elusimicrobium","none","OTU","seq1543"
"seq1544","Bacteria","Spirochaetota","Spirochaetia","Spirochaetales","Spirochaetaceae","Treponema","none","OTU","seq1544"
"seq1545","Bacteria","Proteobacteria","Gammaproteobacteria","Enterobacterales","Pasteurellaceae","Haemophilus","none","OTU","seq1545"
"seq1546","Bacteria","Bacteroidota","Bacteroidia","Bacteroidales","Prevotellaceae","Prevotella","none","OTU","seq1546"
"seq1547","Bacteria","Firmicutes","Clostridia","Lachnospirales","Lachnospiraceae","Roseburia","none","OTU","seq1547"
"seq1548","Bacteria","Firmicutes","Clostridia","Oscillospirales","Ruminococcaceae","Faecalibacterium","none","OTU","seq1548"
"seq1549","Bacteria","Firmicutes","Bacilli","Erysipelotrichales","Erysipelotrichaceae","Turicibacter","none","OTU","seq1549"
"seq155","Bacteria","Proteobacteria","Gammaproteobacteria","Enterobacterales","Succinivibrionaceae","Ruminobacter","none","OTU","seq155"
"seq1550","Bacteria","Firmicutes","Clostridia","Oscillospirales","[Eubacterium] coprostanoligenes group","none","none","OTU","seq1550"
"seq1551","Bacteria","Bacteroidota","Bacteroidia","Bacteroidales","Prevotellaceae","none","none","OTU","seq1551"
"seq1553","Bacteria","Bacteroidota","Bacteroidia","Bacteroidales","Prevotellaceae","none","none","OTU","seq1553"
"seq1554","Bacteria","Firmicutes","Clostridia","Lachnospirales","Lachnospiraceae","Lachnospiraceae NK4A136 group","none","OTU","seq1554"
"seq1555","Bacteria","Firmicutes","Clostridia","Lachnospirales","Lachnospiraceae","Blautia","none","OTU","seq1555"
"seq1557","Bacteria","Spirochaetota","Spirochaetia","Spirochaetales","Spirochaetaceae","Treponema","none","OTU","seq1557"
"seq1558","Bacteria","Firmicutes","Clostridia","Oscillospirales","Oscillospiraceae","NK4A214 group","none","OTU","seq1558"
"seq1559","Bacteria","Firmicutes","Clostridia","Oscillospirales","Ruminococcaceae","Faecalibacterium","none","OTU","seq1559"
"seq156","Bacteria","Firmicutes","Clostridia","Oscillospirales","Ruminococcaceae","Faecalibacterium","none","OTU","seq156"
"seq1560","Bacteria","Firmicutes","Clostridia","Lachnospirales","Lachnospiraceae","none","none","OTU","seq1560"
"seq1561","Bacteria","Firmicutes","Clostridia","Lachnospirales","Lachnospiraceae","[Ruminococcus] torques group","none","OTU","seq1561"
"seq1562","Bacteria","Firmicutes","Clostridia","Oscillospirales","Butyricicoccaceae","Butyricicoccus","none","OTU","seq1562"
"seq1563","Bacteria","Firmicutes","Clostridia","Lachnospirales","Lachnospiraceae","none","none","OTU","seq1563"
"seq1564","Bacteria","Actinobacteriota","Actinobacteria","Bifidobacteriales","Bifidobacteriaceae","Bifidobacterium","none","OTU","seq1564"
"seq1565","Bacteria","Firmicutes","Bacilli","Erysipelotrichales","Erysipelotrichaceae","Turicibacter","none","OTU","seq1565"
"seq1566","Bacteria","Proteobacteria","Gammaproteobacteria","Enterobacterales","Enterobacteriaceae","Escherichia-Shigella","none","OTU","seq1566"
"seq1567","Bacteria","Actinobacteriota","Coriobacteriia","Coriobacteriales","Eggerthellaceae","Senegalimassilia","none","OTU","seq1567"
"seq1568","Bacteria","Actinobacteriota","Coriobacteriia","Coriobacteriales","Eggerthellaceae","Senegalimassilia","none","OTU","seq1568"
"seq1569","Bacteria","Firmicutes","Clostridia","Oscillospirales","Oscillospiraceae","UCG-005","none","OTU","seq1569"
"seq157","Bacteria","Proteobacteria","Gammaproteobacteria","Enterobacterales","Succinivibrionaceae","Ruminobacter","none","OTU","seq157"
"seq1570","Bacteria","Proteobacteria","Alphaproteobacteria","Rhodospirillales","none","none","none","OTU","seq1570"
"seq1571","Bacteria","Firmicutes","Clostridia","Oscillospirales","Oscillospiraceae","UCG-002","none","OTU","seq1571"
"seq1572","Bacteria","Firmicutes","Clostridia","Oscillospirales","Oscillospiraceae","UCG-002","none","OTU","seq1572"
"seq1573","Bacteria","Bacteroidota","Bacteroidia","Bacteroidales","Prevotellaceae","Prevotella","none","OTU","seq1573"
"seq1574","Bacteria","Bacteroidota","Bacteroidia","Bacteroidales","Rikenellaceae","Rikenellaceae RC9 gut group","none","OTU","seq1574"
"seq1575","Bacteria","Firmicutes","Clostridia","Oscillospirales","Oscillospiraceae","NK4A214 group","none","OTU","seq1575"
"seq1576","Bacteria","Bacteroidota","Bacteroidia","Bacteroidales","Prevotellaceae","Prevotellaceae UCG-003","none","OTU","seq1576"
"seq1577","Bacteria","Proteobacteria","Gammaproteobacteria","Enterobacterales","Pasteurellaceae","Conservatibacter","none","OTU","seq1577"
"seq1578","Bacteria","Firmicutes","Clostridia","Lachnospirales","Lachnospiraceae","Lachnospiraceae ND3007 group","none","OTU","seq1578"
"seq1579","Bacteria","Firmicutes","Clostridia","Lachnospirales","Lachnospiraceae","Agathobacter","none","OTU","seq1579"
"seq158","Bacteria","Proteobacteria","Gammaproteobacteria","Enterobacterales","Succinivibrionaceae","Ruminobacter","none","OTU","seq158"
"seq1580","Bacteria","Elusimicrobiota","Elusimicrobia","Elusimicrobiales","Elusimicrobiaceae","Elusimicrobium","none","OTU","seq1580"
"seq1582","Bacteria","Firmicutes","Bacilli","Lactobacillales","Lactobacillaceae","Ligilactobacillus","none","OTU","seq1582"
"seq1583","Bacteria","Bacteroidota","Bacteroidia","Bacteroidales","Prevotellaceae","Prevotellaceae UCG-003","none","OTU","seq1583"
"seq1584","Bacteria","Firmicutes","Clostridia","Oscillospirales","Ruminococcaceae","Ruminococcus","none","OTU","seq1584"
"seq1585","Bacteria","Firmicutes","Clostridia","Oscillospirales","Oscillospiraceae","UCG-002","none","OTU","seq1585"
"seq1586","Bacteria","Firmicutes","Clostridia","Lachnospirales","Lachnospiraceae","Fusicatenibacter","none","OTU","seq1586"
"seq1587","Bacteria","Firmicutes","Clostridia","Oscillospirales","Oscillospiraceae","UCG-002","none","OTU","seq1587"
"seq1588","Bacteria","Firmicutes","Clostridia","Lachnospirales","Lachnospiraceae","none","none","OTU","seq1588"
"seq1589","Bacteria","Proteobacteria","Gammaproteobacteria","Enterobacterales","Succinivibrionaceae","none","none","OTU","seq1589"
"seq159","Bacteria","Bacteroidota","Bacteroidia","Bacteroidales","Prevotellaceae","Prevotella_9","none","OTU","seq159"
"seq1590","Bacteria","Firmicutes","Clostridia","Lachnospirales","Lachnospiraceae","Blautia","none","OTU","seq1590"
"seq1591","Bacteria","Bacteroidota","Bacteroidia","Bacteroidales","Rikenellaceae","Rikenellaceae RC9 gut group","none","OTU","seq1591"
"seq1592","Bacteria","Actinobacteriota","Coriobacteriia","Coriobacteriales","Coriobacteriaceae","Collinsella","none","OTU","seq1592"
"seq1593","Bacteria","Firmicutes","Clostridia","Lachnospirales","Lachnospiraceae","Lachnospiraceae ND3007 group","none","OTU","seq1593"
"seq1594","Bacteria","Firmicutes","Clostridia","Oscillospirales","[Eubacterium] coprostanoligenes group","none","none","OTU","seq1594"
"seq1595","Bacteria","Bacteroidota","Bacteroidia","Bacteroidales","Prevotellaceae","none","none","OTU","seq1595"
"seq1596","Bacteria","Firmicutes","Clostridia","Oscillospirales","Oscillospiraceae","UCG-002","none","OTU","seq1596"
"seq1597","Bacteria","Bacteroidota","Bacteroidia","Bacteroidales","Prevotellaceae","Alloprevotella","none","OTU","seq1597"
"seq1599","Bacteria","Firmicutes","Clostridia","Oscillospirales","Oscillospiraceae","UCG-005","none","OTU","seq1599"
"seq16","Bacteria","Bacteroidota","Bacteroidia","Bacteroidales","Prevotellaceae","Prevotella_9","none","OTU","seq16"
"seq160","Bacteria","Firmicutes","Clostridia","Oscillospirales","Ruminococcaceae","Faecalibacterium","none","OTU","seq160"
"seq1600","Bacteria","Firmicutes","Clostridia","Lachnospirales","Lachnospiraceae","Roseburia","none","OTU","seq1600"
"seq1601","Bacteria","Firmicutes","Bacilli","Erysipelotrichales","Erysipelotrichaceae","Holdemanella","none","OTU","seq1601"
"seq1602","Bacteria","Bacteroidota","Bacteroidia","Bacteroidales","Prevotellaceae","Alloprevotella","none","OTU","seq1602"
"seq1603","Bacteria","Firmicutes","Clostridia","Lachnospirales","Lachnospiraceae","Fusicatenibacter","none","OTU","seq1603"
"seq1604","Bacteria","Firmicutes","Bacilli","Lactobacillales","Streptococcaceae","Streptococcus","none","OTU","seq1604"
"seq1605","Bacteria","Firmicutes","Clostridia","Peptostreptococcales-Tissierellales","Peptostreptococcaceae","Intestinibacter","none","OTU","seq1605"
"seq1606","Bacteria","Firmicutes","Clostridia","Oscillospirales","Ruminococcaceae","Fournierella","none","OTU","seq1606"
"seq1607","Bacteria","Firmicutes","Clostridia","Lachnospirales","Lachnospiraceae","Lachnospiraceae NK3A20 group","none","OTU","seq1607"
"seq1608","Bacteria","Firmicutes","Clostridia","Christensenellales","Christensenellaceae","Christensenellaceae R-7 group","none","OTU","seq1608"
"seq1609","Bacteria","Firmicutes","Clostridia","Oscillospirales","Oscillospiraceae","UCG-003","none","OTU","seq1609"
"seq161","Bacteria","Firmicutes","Clostridia","Lachnospirales","Lachnospiraceae","Agathobacter","none","OTU","seq161"
"seq1610","Bacteria","Bacteroidota","Bacteroidia","Bacteroidales","Prevotellaceae","Prevotella_9","none","OTU","seq1610"
"seq1611","Bacteria","Proteobacteria","Gammaproteobacteria","Enterobacterales","Pasteurellaceae","Haemophilus","none","OTU","seq1611"
"seq1612","Bacteria","Bacteroidota","Bacteroidia","Bacteroidales","Bacteroidaceae","Bacteroides","none","OTU","seq1612"
"seq1613","Bacteria","Firmicutes","Bacilli","Erysipelotrichales","Erysipelotrichaceae","Solobacterium","none","OTU","seq1613"
"seq1614","Bacteria","Firmicutes","Negativicutes","Acidaminococcales","Acidaminococcaceae","Phascolarctobacterium","none","OTU","seq1614"
"seq1615","Bacteria","Firmicutes","Clostridia","Lachnospirales","Lachnospiraceae","Dorea","none","OTU","seq1615"
"seq1616","Bacteria","Firmicutes","Clostridia","Lachnospirales","Lachnospiraceae","[Eubacterium] xylanophilum group","none","OTU","seq1616"
"seq1617","Bacteria","Proteobacteria","Gammaproteobacteria","Enterobacterales","Pasteurellaceae","Haemophilus","none","OTU","seq1617"
"seq1618","Bacteria","Firmicutes","Clostridia","Lachnospirales","Lachnospiraceae","[Ruminococcus] torques group","none","OTU","seq1618"
"seq1619","Bacteria","Proteobacteria","Gammaproteobacteria","Burkholderiales","Oxalobacteraceae","Oxalobacter","none","OTU","seq1619"
"seq162","Bacteria","Firmicutes","Clostridia","Oscillospirales","Ruminococcaceae","Faecalibacterium","none","OTU","seq162"
"seq1620","Bacteria","Proteobacteria","Alphaproteobacteria","Rhodospirillales","none","none","none","OTU","seq1620"
"seq1621","Bacteria","Verrucomicrobiota","Kiritimatiellae","WCHB1-41","none","none","none","OTU","seq1621"
"seq1622","Bacteria","Bacteroidota","Bacteroidia","Bacteroidales","Prevotellaceae","Alloprevotella","none","OTU","seq1622"
"seq1623","Bacteria","Firmicutes","Clostridia","Lachnospirales","Lachnospiraceae","Marvinbryantia","none","OTU","seq1623"
"seq1625","Bacteria","Bacteroidota","Bacteroidia","Bacteroidales","Prevotellaceae","Prevotella_9","none","OTU","seq1625"
"seq1626","Bacteria","Firmicutes","Clostridia","Lachnospirales","Lachnospiraceae","possible genus Sk018","none","OTU","seq1626"
"seq1627","Bacteria","Bacteroidota","Bacteroidia","Bacteroidales","Rikenellaceae","Rikenellaceae RC9 gut group","none","OTU","seq1627"
"seq1628","Bacteria","Spirochaetota","Spirochaetia","Spirochaetales","Spirochaetaceae","Treponema","none","OTU","seq1628"
"seq1629","Bacteria","Firmicutes","Clostridia","Lachnospirales","Lachnospiraceae","[Eubacterium] hallii group","none","OTU","seq1629"
"seq163","Bacteria","Firmicutes","Clostridia","Oscillospirales","Ruminococcaceae","Faecalibacterium","none","OTU","seq163"
"seq1630","Bacteria","Firmicutes","Clostridia","Oscillospirales","Oscillospiraceae","UCG-002","none","OTU","seq1630"
"seq1631","Bacteria","Bacteroidota","Bacteroidia","Bacteroidales","Prevotellaceae","Alloprevotella","none","OTU","seq1631"
"seq1632","Bacteria","Bacteroidota","Bacteroidia","Bacteroidales","Muribaculaceae","none","none","OTU","seq1632"
"seq1633","Bacteria","Firmicutes","Bacilli","Lactobacillales","Streptococcaceae","Streptococcus","none","OTU","seq1633"
"seq1634","Bacteria","Firmicutes","Bacilli","Erysipelotrichales","Erysipelotrichaceae","Holdemanella","none","OTU","seq1634"
"seq1635","Bacteria","Firmicutes","Clostridia","Oscillospirales","Oscillospiraceae","UCG-002","none","OTU","seq1635"
"seq1636","Bacteria","Bacteroidota","Bacteroidia","Bacteroidales","Prevotellaceae","none","none","OTU","seq1636"
"seq1637","Bacteria","Firmicutes","Clostridia","Oscillospirales","Ruminococcaceae","Ruminococcus","none","OTU","seq1637"
"seq1638","Bacteria","Firmicutes","Clostridia","Peptostreptococcales-Tissierellales","Peptostreptococcaceae","Intestinibacter","none","OTU","seq1638"
"seq1639","Bacteria","Firmicutes","Clostridia","Lachnospirales","Lachnospiraceae","Dorea","none","OTU","seq1639"
"seq164","Bacteria","Firmicutes","Clostridia","Oscillospirales","Ruminococcaceae","Faecalibacterium","none","OTU","seq164"
"seq1640","Archaea","Euryarchaeota","Methanobacteria","Methanobacteriales","Methanobacteriaceae","Methanobrevibacter","none","OTU","seq1640"
"seq1641","Bacteria","Firmicutes","Clostridia","Lachnospirales","Lachnospiraceae","[Eubacterium] hallii group","none","OTU","seq1641"
"seq1642","Bacteria","Firmicutes","Clostridia","Oscillospirales","Butyricicoccaceae","UCG-009","none","OTU","seq1642"
"seq1643","Bacteria","Firmicutes","Clostridia","Oscillospirales","Oscillospiraceae","UCG-002","none","OTU","seq1643"
"seq1644","Bacteria","Firmicutes","Clostridia","Lachnospirales","Lachnospiraceae","[Ruminococcus] torques group","none","OTU","seq1644"
"seq1645","Bacteria","Cyanobacteria","Vampirivibrionia","Gastranaerophilales","none","none","none","OTU","seq1645"
"seq1646","Bacteria","Firmicutes","Clostridia","Oscillospirales","Oscillospiraceae","UCG-005","none","OTU","seq1646"
"seq1647","Bacteria","Desulfobacterota","Desulfovibrionia","Desulfovibrionales","Desulfovibrionaceae","Desulfovibrio","none","OTU","seq1647"
"seq1649","Bacteria","Bacteroidota","Bacteroidia","Bacteroidales","Rikenellaceae","Rikenellaceae RC9 gut group","none","OTU","seq1649"
"seq165","Bacteria","Bacteroidota","Bacteroidia","Bacteroidales","Prevotellaceae","Prevotella_9","none","OTU","seq165"
"seq1650","Bacteria","Firmicutes","Clostridia","Oscillospirales","Oscillospiraceae","UCG-002","none","OTU","seq1650"
"seq1651","Bacteria","Firmicutes","Clostridia","Lachnospirales","Lachnospiraceae","[Eubacterium] hallii group","none","OTU","seq1651"
"seq1653","Bacteria","Actinobacteriota","Coriobacteriia","Coriobacteriales","Eggerthellaceae","Senegalimassilia","none","OTU","seq1653"
"seq1654","Bacteria","Firmicutes","Clostridia","Lachnospirales","Lachnospiraceae","Coprococcus","none","OTU","seq1654"
"seq1655","Bacteria","Actinobacteriota","Coriobacteriia","Coriobacteriales","Eggerthellaceae","Senegalimassilia","none","OTU","seq1655"
"seq1657","Bacteria","Cyanobacteria","Vampirivibrionia","Gastranaerophilales","none","none","none","OTU","seq1657"
"seq1658","Bacteria","Firmicutes","Clostridia","Lachnospirales","Lachnospiraceae","Blautia","none","OTU","seq1658"
"seq1659","Bacteria","Bacteroidota","Bacteroidia","Bacteroidales","Rikenellaceae","Rikenellaceae RC9 gut group","none","OTU","seq1659"
"seq166","Bacteria","Bacteroidota","Bacteroidia","Bacteroidales","Prevotellaceae","Prevotella_9","none","OTU","seq166"
"seq1660","Bacteria","Firmicutes","Bacilli","Erysipelotrichales","Erysipelotrichaceae","Turicibacter","none","OTU","seq1660"
"seq1661","Bacteria","Firmicutes","Clostridia","Oscillospirales","Oscillospiraceae","UCG-005","none","OTU","seq1661"
"seq1662","Bacteria","Firmicutes","Clostridia","Oscillospirales","Ruminococcaceae","Ruminococcus","none","OTU","seq1662"
"seq1663","Bacteria","Firmicutes","Clostridia","Oscillospirales","Oscillospiraceae","UCG-005","none","OTU","seq1663"
"seq1664","Bacteria","Firmicutes","Clostridia","Oscillospirales","Butyricicoccaceae","Butyricicoccus","none","OTU","seq1664"
"seq1665","Bacteria","Bacteroidota","Bacteroidia","Bacteroidales","Prevotellaceae","Prevotella","none","OTU","seq1665"
"seq1667","Bacteria","Verrucomicrobiota","Lentisphaeria","Victivallales","vadinBE97","none","none","OTU","seq1667"
"seq1668","Bacteria","Firmicutes","Clostridia","Oscillospirales","Oscillospiraceae","UCG-002","none","OTU","seq1668"
"seq1669","Bacteria","Desulfobacterota","Desulfovibrionia","Desulfovibrionales","Desulfovibrionaceae","Desulfovibrio","none","OTU","seq1669"
"seq167","Bacteria","Proteobacteria","Gammaproteobacteria","Enterobacterales","Succinivibrionaceae","Ruminobacter","none","OTU","seq167"
"seq1670","Bacteria","Elusimicrobiota","Elusimicrobia","Elusimicrobiales","Elusimicrobiaceae","Elusimicrobium","none","OTU","seq1670"
"seq1671","Bacteria","Firmicutes","Clostridia","Oscillospirales","Oscillospiraceae","UCG-005","none","OTU","seq1671"
"seq1672","Bacteria","Firmicutes","Bacilli","Erysipelotrichales","Erysipelotrichaceae","Solobacterium","none","OTU","seq1672"
"seq1673","Bacteria","Actinobacteriota","Coriobacteriia","Coriobacteriales","Eggerthellaceae","Senegalimassilia","none","OTU","seq1673"
"seq1674","Bacteria","Firmicutes","Clostridia","Christensenellales","Christensenellaceae","Christensenellaceae R-7 group","none","OTU","seq1674"
"seq1675","Bacteria","Firmicutes","Clostridia","Lachnospirales","Lachnospiraceae","Dorea","none","OTU","seq1675"
"seq1676","Bacteria","Actinobacteriota","Coriobacteriia","Coriobacteriales","Eggerthellaceae","Senegalimassilia","none","OTU","seq1676"
"seq1677","Bacteria","Firmicutes","Clostridia","Oscillospirales","Oscillospiraceae","UCG-005","none","OTU","seq1677"
"seq1678","Archaea","Euryarchaeota","Methanobacteria","Methanobacteriales","Methanobacteriaceae","Methanobrevibacter","none","OTU","seq1678"
"seq1679","Bacteria","Firmicutes","Clostridia","Lachnospirales","Lachnospiraceae","CAG-56","none","OTU","seq1679"
"seq168","Bacteria","Proteobacteria","Gammaproteobacteria","Enterobacterales","Succinivibrionaceae","Ruminobacter","none","OTU","seq168"
"seq1680","Bacteria","Firmicutes","Clostridia","Oscillospirales","Oscillospiraceae","UCG-005","none","OTU","seq1680"
"seq1681","Bacteria","Bacteroidota","Bacteroidia","Bacteroidales","Prevotellaceae","Prevotella_9","none","OTU","seq1681"
"seq1682","Bacteria","Bacteroidota","Bacteroidia","Bacteroidales","Prevotellaceae","Prevotella","none","OTU","seq1682"
"seq1683","Bacteria","Firmicutes","Clostridia","Lachnospirales","Lachnospiraceae","Blautia","none","OTU","seq1683"
"seq1684","Bacteria","Cyanobacteria","Vampirivibrionia","Gastranaerophilales","none","none","none","OTU","seq1684"
"seq1685","Bacteria","Bacteroidota","Bacteroidia","Bacteroidales","Prevotellaceae","Prevotella","none","OTU","seq1685"
"seq1686","Bacteria","Firmicutes","Clostridia","Oscillospirales","Ruminococcaceae","Subdoligranulum","none","OTU","seq1686"
"seq1687","Bacteria","Bacteroidota","Bacteroidia","Bacteroidales","Prevotellaceae","Prevotella","none","OTU","seq1687"
"seq1688","Bacteria","Firmicutes","Clostridia","Oscillospirales","Ruminococcaceae","Subdoligranulum","none","OTU","seq1688"
"seq169","Bacteria","Firmicutes","Clostridia","Lachnospirales","Lachnospiraceae","Agathobacter","none","OTU","seq169"
"seq1690","Bacteria","Firmicutes","Clostridia","Oscillospirales","Oscillospiraceae","UCG-002","none","OTU","seq1690"
"seq1691","Bacteria","Firmicutes","Clostridia","Lachnospirales","Lachnospiraceae","Blautia","none","OTU","seq1691"
"seq1692","Bacteria","Firmicutes","Clostridia","Oscillospirales","Butyricicoccaceae","Butyricicoccus","none","OTU","seq1692"
"seq1694","Bacteria","Firmicutes","Clostridia","Oscillospirales","Oscillospiraceae","UCG-005","none","OTU","seq1694"
"seq1695","Bacteria","Firmicutes","Clostridia","Lachnospirales","Lachnospiraceae","Roseburia","none","OTU","seq1695"
"seq1696","Bacteria","Firmicutes","Clostridia","Oscillospirales","Ruminococcaceae","Faecalibacterium","none","OTU","seq1696"
"seq1697","Bacteria","Firmicutes","Bacilli","Erysipelotrichales","Erysipelotrichaceae","Turicibacter","none","OTU","seq1697"
"seq1698","Bacteria","Firmicutes","Bacilli","Erysipelotrichales","Erysipelotrichaceae","Solobacterium","none","OTU","seq1698"
"seq1699","Bacteria","Firmicutes","Clostridia","Lachnospirales","Lachnospiraceae","[Eubacterium] hallii group","none","OTU","seq1699"
"seq17","Bacteria","Bacteroidota","Bacteroidia","Bacteroidales","Prevotellaceae","Prevotella_9","none","OTU","seq17"
"seq170","Bacteria","Proteobacteria","Gammaproteobacteria","Enterobacterales","Succinivibrionaceae","Ruminobacter","none","OTU","seq170"
"seq1700","Bacteria","Spirochaetota","Spirochaetia","Spirochaetales","Spirochaetaceae","Treponema","none","OTU","seq1700"
"seq1701","Bacteria","Firmicutes","Clostridia","Lachnospirales","Lachnospiraceae","Lachnospiraceae NK3A20 group","none","OTU","seq1701"
"seq1702","Bacteria","Firmicutes","Clostridia","Lachnospirales","Lachnospiraceae","Roseburia","none","OTU","seq1702"
"seq1704","Bacteria","Firmicutes","Clostridia","Lachnospirales","Lachnospiraceae","Lachnospiraceae NK4B4 group","none","OTU","seq1704"
"seq1705","Bacteria","Firmicutes","Bacilli","Erysipelotrichales","Erysipelotrichaceae","Turicibacter","none","OTU","seq1705"
"seq1706","Bacteria","Bacteroidota","Bacteroidia","Bacteroidales","Prevotellaceae","Prevotella","none","OTU","seq1706"
"seq1707","Bacteria","Firmicutes","Clostridia","Oscillospirales","Oscillospiraceae","UCG-005","none","OTU","seq1707"
"seq1708","Bacteria","Firmicutes","Clostridia","Oscillospirales","Ruminococcaceae","Faecalibacterium","none","OTU","seq1708"
"seq1709","Bacteria","Firmicutes","Clostridia","Lachnospirales","Lachnospiraceae","Coprococcus","none","OTU","seq1709"
"seq171","Bacteria","Firmicutes","Clostridia","Lachnospirales","Lachnospiraceae","Agathobacter","none","OTU","seq171"
"seq1710","Bacteria","Firmicutes","Clostridia","Peptostreptococcales-Tissierellales","Peptostreptococcaceae","Terrisporobacter","none","OTU","seq1710"
"seq1711","Bacteria","Elusimicrobiota","Elusimicrobia","Elusimicrobiales","Elusimicrobiaceae","Elusimicrobium","none","OTU","seq1711"
"seq1712","Bacteria","Firmicutes","Clostridia","Lachnospirales","Lachnospiraceae","Lachnospiraceae AC2044 group","none","OTU","seq1712"
"seq1714","Bacteria","Firmicutes","Clostridia","Lachnospirales","Lachnospiraceae","Oribacterium","none","OTU","seq1714"
"seq1716","Bacteria","Bacteroidota","Bacteroidia","Bacteroidales","Prevotellaceae","Prevotella","none","OTU","seq1716"
"seq1718","Bacteria","Firmicutes","Clostridia","Lachnospirales","Lachnospiraceae","Coprococcus","none","OTU","seq1718"
"seq1719","Bacteria","Firmicutes","Clostridia","Lachnospirales","Lachnospiraceae","Lachnospiraceae NK4A136 group","none","OTU","seq1719"
"seq172","Bacteria","Proteobacteria","Gammaproteobacteria","Enterobacterales","Succinivibrionaceae","none","none","OTU","seq172"
"seq1720","Bacteria","Firmicutes","Bacilli","Erysipelotrichales","Erysipelotrichaceae","Holdemanella","none","OTU","seq1720"
"seq1721","Bacteria","Bacteroidota","Bacteroidia","Bacteroidales","Prevotellaceae","none","none","OTU","seq1721"
"seq1722","Archaea","Euryarchaeota","Methanobacteria","Methanobacteriales","Methanobacteriaceae","Methanobrevibacter","none","OTU","seq1722"
"seq1723","Bacteria","Firmicutes","Clostridia","Lachnospirales","Lachnospiraceae","none","none","OTU","seq1723"
"seq1724","Bacteria","Firmicutes","Clostridia","Peptostreptococcales-Tissierellales","Peptostreptococcaceae","Terrisporobacter","none","OTU","seq1724"
"seq1725","Bacteria","Actinobacteriota","Coriobacteriia","Coriobacteriales","Atopobiaceae","Olsenella","none","OTU","seq1725"
"seq1726","Bacteria","Firmicutes","Bacilli","Erysipelotrichales","Erysipelotrichaceae","Solobacterium","none","OTU","seq1726"
"seq1728","Bacteria","Bacteroidota","Bacteroidia","Bacteroidales","Rikenellaceae","Rikenellaceae RC9 gut group","none","OTU","seq1728"
"seq173","Bacteria","Firmicutes","Clostridia","Oscillospirales","Ruminococcaceae","Ruminococcus","none","OTU","seq173"
"seq1730","Bacteria","Bacteroidota","Bacteroidia","Bacteroidales","Prevotellaceae","Prevotellaceae UCG-003","none","OTU","seq1730"
"seq1731","Bacteria","Actinobacteriota","Coriobacteriia","Coriobacteriales","Eggerthellaceae","Senegalimassilia","none","OTU","seq1731"
"seq1732","Bacteria","Proteobacteria","Gammaproteobacteria","Enterobacterales","Enterobacteriaceae","Escherichia-Shigella","none","OTU","seq1732"
"seq1733","Bacteria","Firmicutes","Clostridia","Lachnospirales","Lachnospiraceae","[Eubacterium] hallii group","none","OTU","seq1733"
"seq1734","Bacteria","Bacteroidota","Bacteroidia","Bacteroidales","Prevotellaceae","none","none","OTU","seq1734"
"seq1735","Bacteria","Firmicutes","Bacilli","Lactobacillales","Streptococcaceae","Streptococcus","none","OTU","seq1735"
"seq1737","Bacteria","Firmicutes","Clostridia","Lachnospirales","Lachnospiraceae","[Eubacterium] hallii group","none","OTU","seq1737"
"seq1738","Bacteria","Firmicutes","Bacilli","Lactobacillales","Streptococcaceae","Streptococcus","none","OTU","seq1738"
"seq174","Bacteria","Bacteroidota","Bacteroidia","Bacteroidales","Muribaculaceae","none","none","OTU","seq174"
"seq1740","Bacteria","Firmicutes","Clostridia","Oscillospirales","Oscillospiraceae","UCG-002","none","OTU","seq1740"
"seq1741","Bacteria","Elusimicrobiota","Elusimicrobia","Elusimicrobiales","Elusimicrobiaceae","Elusimicrobium","none","OTU","seq1741"
"seq1742","Bacteria","Firmicutes","Clostridia","Lachnospirales","Lachnospiraceae","Agathobacter","none","OTU","seq1742"
"seq1743","Bacteria","Firmicutes","Clostridia","Christensenellales","Christensenellaceae","Christensenellaceae R-7 group","none","OTU","seq1743"
"seq1744","Bacteria","Elusimicrobiota","Elusimicrobia","Elusimicrobiales","Elusimicrobiaceae","Elusimicrobium","none","OTU","seq1744"
"seq1745","Bacteria","Firmicutes","Clostridia","Oscillospirales","Oscillospiraceae","UCG-002","none","OTU","seq1745"
"seq1746","Bacteria","Firmicutes","Clostridia","Oscillospirales","Butyricicoccaceae","none","none","OTU","seq1746"
"seq1747","Bacteria","Bacteroidota","Bacteroidia","Bacteroidales","Prevotellaceae","Alloprevotella","none","OTU","seq1747"
"seq1748","Bacteria","Bacteroidota","Bacteroidia","Bacteroidales","Rikenellaceae","Rikenellaceae RC9 gut group","none","OTU","seq1748"
"seq1749","Bacteria","Bacteroidota","Bacteroidia","Bacteroidales","Prevotellaceae","none","none","OTU","seq1749"
"seq175","Bacteria","Firmicutes","Clostridia","Oscillospirales","Ruminococcaceae","Faecalibacterium","none","OTU","seq175"
"seq1750","Bacteria","Firmicutes","Clostridia","Christensenellales","Christensenellaceae","none","none","OTU","seq1750"
"seq1751","Bacteria","Firmicutes","Clostridia","Lachnospirales","Lachnospiraceae","[Eubacterium] hallii group","none","OTU","seq1751"
"seq1752","Bacteria","Proteobacteria","Gammaproteobacteria","Enterobacterales","Enterobacteriaceae","Escherichia-Shigella","none","OTU","seq1752"
"seq1754","Bacteria","Firmicutes","Bacilli","Lactobacillales","Streptococcaceae","Streptococcus","none","OTU","seq1754"
"seq1756","Bacteria","Firmicutes","Clostridia","Lachnospirales","Lachnospiraceae","[Eubacterium] hallii group","none","OTU","seq1756"
"seq1757","Bacteria","Bacteroidota","Bacteroidia","Bacteroidales","Prevotellaceae","Alloprevotella","none","OTU","seq1757"
"seq176","Bacteria","Firmicutes","Clostridia","Oscillospirales","Ruminococcaceae","Faecalibacterium","none","OTU","seq176"
"seq1760","Bacteria","Firmicutes","Clostridia","Lachnospirales","Lachnospiraceae","Roseburia","none","OTU","seq1760"
"seq1761","Bacteria","Bacteroidota","Bacteroidia","Bacteroidales","Prevotellaceae","none","none","OTU","seq1761"
"seq1762","Bacteria","Firmicutes","Clostridia","Lachnospirales","Lachnospiraceae","Blautia","none","OTU","seq1762"
"seq1764","Bacteria","Bacteroidota","Bacteroidia","Bacteroidales","Prevotellaceae","Prevotella","none","OTU","seq1764"
"seq1765","Bacteria","Firmicutes","Clostridia","Oscillospirales","Ruminococcaceae","Subdoligranulum","none","OTU","seq1765"
"seq1766","Bacteria","Firmicutes","Negativicutes","Veillonellales-Selenomonadales","Veillonellaceae","Megasphaera","none","OTU","seq1766"
"seq1767","Bacteria","Bacteroidota","Bacteroidia","Bacteroidales","Bacteroidaceae","Bacteroides","none","OTU","seq1767"
"seq1768","Bacteria","Firmicutes","Clostridia","Oscillospirales","Ruminococcaceae","Ruminococcus","none","OTU","seq1768"
"seq1769","Bacteria","Firmicutes","Clostridia","Lachnospirales","Lachnospiraceae","[Eubacterium] ruminantium group","none","OTU","seq1769"
"seq177","Bacteria","Bacteroidota","Bacteroidia","Bacteroidales","Prevotellaceae","Prevotella_9","none","OTU","seq177"
"seq1770","Bacteria","Firmicutes","Negativicutes","Acidaminococcales","Acidaminococcaceae","Phascolarctobacterium","none","OTU","seq1770"
"seq1771","Bacteria","Bacteroidota","Bacteroidia","Bacteroidales","Rikenellaceae","Rikenellaceae RC9 gut group","none","OTU","seq1771"
"seq1773","Bacteria","Firmicutes","Clostridia","Christensenellales","Christensenellaceae","Christensenellaceae R-7 group","none","OTU","seq1773"
"seq1774","Bacteria","Firmicutes","Negativicutes","Veillonellales-Selenomonadales","Veillonellaceae","Dialister","none","OTU","seq1774"
"seq1775","Bacteria","Firmicutes","Clostridia","Lachnospirales","Lachnospiraceae","Anaerostipes","none","OTU","seq1775"
"seq1777","Bacteria","Bacteroidota","Bacteroidia","Bacteroidales","Rikenellaceae","Rikenellaceae RC9 gut group","none","OTU","seq1777"
"seq1779","Bacteria","Firmicutes","Clostridia","Oscillospirales","Oscillospiraceae","UCG-005","none","OTU","seq1779"
"seq178","Bacteria","Proteobacteria","Gammaproteobacteria","Enterobacterales","Succinivibrionaceae","Ruminobacter","none","OTU","seq178"
"seq1780","Bacteria","Firmicutes","Clostridia","Oscillospirales","Oscillospiraceae","UCG-002","none","OTU","seq1780"
"seq1782","Bacteria","Firmicutes","Clostridia","Oscillospirales","Ruminococcaceae","Subdoligranulum","none","OTU","seq1782"
"seq1783","Bacteria","Firmicutes","Clostridia","Oscillospirales","Ruminococcaceae","Ruminococcus","none","OTU","seq1783"
"seq1787","Bacteria","Bacteroidota","Bacteroidia","Bacteroidales","Prevotellaceae","Prevotella","none","OTU","seq1787"
"seq1788","Bacteria","Firmicutes","Clostridia","Lachnospirales","Lachnospiraceae","Roseburia","none","OTU","seq1788"
"seq179","Bacteria","Firmicutes","Clostridia","Oscillospirales","Ruminococcaceae","Faecalibacterium","none","OTU","seq179"
"seq1790","Bacteria","Firmicutes","Clostridia","Lachnospirales","Lachnospiraceae","Marvinbryantia","none","OTU","seq1790"
"seq1791","Bacteria","Verrucomicrobiota","Kiritimatiellae","WCHB1-41","none","none","none","OTU","seq1791"
"seq1792","Bacteria","Firmicutes","Clostridia","Lachnospirales","Lachnospiraceae","[Eubacterium] eligens group","none","OTU","seq1792"
"seq1793","Bacteria","Bacteroidota","Bacteroidia","Bacteroidales","Prevotellaceae","Prevotella","none","OTU","seq1793"
"seq1794","Bacteria","Firmicutes","Clostridia","Clostridiales","Clostridiaceae","Sarcina","none","OTU","seq1794"
"seq1796","Bacteria","Firmicutes","Clostridia","Christensenellales","Christensenellaceae","Christensenellaceae R-7 group","none","OTU","seq1796"
"seq1797","Bacteria","Firmicutes","Clostridia","Oscillospirales","Oscillospiraceae","UCG-002","none","OTU","seq1797"
"seq1798","Bacteria","Firmicutes","Clostridia","Lachnospirales","Lachnospiraceae","Anaerostipes","none","OTU","seq1798"
"seq1799","Bacteria","Actinobacteriota","Coriobacteriia","Coriobacteriales","Eggerthellaceae","Senegalimassilia","none","OTU","seq1799"
"seq18","Bacteria","Bacteroidota","Bacteroidia","Bacteroidales","Prevotellaceae","Prevotella_9","none","OTU","seq18"
"seq180","Bacteria","Bacteroidota","Bacteroidia","Bacteroidales","Prevotellaceae","Prevotella_9","none","OTU","seq180"
"seq1801","Bacteria","Firmicutes","Clostridia","Lachnospirales","Lachnospiraceae","Fusicatenibacter","none","OTU","seq1801"
"seq1803","Bacteria","Firmicutes","Bacilli","Erysipelotrichales","Erysipelotrichaceae","Turicibacter","none","OTU","seq1803"
"seq1805","Bacteria","Firmicutes","Clostridia","Peptostreptococcales-Tissierellales","Peptostreptococcaceae","Intestinibacter","none","OTU","seq1805"
"seq1806","Bacteria","Firmicutes","Clostridia","Lachnospirales","Lachnospiraceae","Lachnospiraceae UCG-001","none","OTU","seq1806"
"seq1807","Bacteria","Firmicutes","Clostridia","Oscillospirales","Ruminococcaceae","Subdoligranulum","none","OTU","seq1807"
"seq1808","Bacteria","Firmicutes","Clostridia","Lachnospirales","Lachnospiraceae","Lachnospiraceae NK3A20 group","none","OTU","seq1808"
"seq181","Bacteria","Firmicutes","Clostridia","Lachnospirales","Lachnospiraceae","Agathobacter","none","OTU","seq181"
"seq1811","Bacteria","Firmicutes","Bacilli","Erysipelotrichales","Erysipelotrichaceae","Holdemanella","none","OTU","seq1811"
"seq1812","Bacteria","Proteobacteria","Gammaproteobacteria","Enterobacterales","Enterobacteriaceae","Escherichia-Shigella","none","OTU","seq1812"
"seq1814","Bacteria","Firmicutes","Clostridia","Lachnospirales","Lachnospiraceae","Coprococcus","none","OTU","seq1814"
"seq1819","Bacteria","Bacteroidota","Bacteroidia","Bacteroidales","Prevotellaceae","Prevotella","none","OTU","seq1819"
"seq182","Bacteria","Proteobacteria","Gammaproteobacteria","Enterobacterales","Succinivibrionaceae","Succinivibrio","none","OTU","seq182"
"seq1820","Bacteria","Bacteroidota","Bacteroidia","Bacteroidales","Rikenellaceae","Rikenellaceae RC9 gut group","none","OTU","seq1820"
"seq1821","Bacteria","Firmicutes","Bacilli","Lactobacillales","Streptococcaceae","Streptococcus","none","OTU","seq1821"
"seq1825","Bacteria","Bacteroidota","Bacteroidia","Bacteroidales","Prevotellaceae","Prevotella_9","none","OTU","seq1825"
"seq1826","Bacteria","Firmicutes","Clostridia","Peptostreptococcales-Tissierellales","Peptostreptococcaceae","Intestinibacter","none","OTU","seq1826"
"seq1829","Bacteria","Bacteroidota","Bacteroidia","Bacteroidales","Prevotellaceae","Prevotella_9","none","OTU","seq1829"
"seq183","Bacteria","Proteobacteria","Gammaproteobacteria","Enterobacterales","Succinivibrionaceae","Ruminobacter","none","OTU","seq183"
"seq1831","Bacteria","Firmicutes","Bacilli","Erysipelotrichales","Erysipelotrichaceae","Turicibacter","none","OTU","seq1831"
"seq1834","Bacteria","Firmicutes","Clostridia","Lachnospirales","Lachnospiraceae","CAG-56","none","OTU","seq1834"
"seq1838","Bacteria","Firmicutes","Clostridia","Lachnospirales","Lachnospiraceae","Lachnospiraceae ND3007 group","none","OTU","seq1838"
"seq184","Bacteria","Spirochaetota","Spirochaetia","Spirochaetales","Spirochaetaceae","Treponema","none","OTU","seq184"
"seq1840","Bacteria","Bacteroidota","Bacteroidia","Bacteroidales","Bacteroidaceae","Bacteroides","none","OTU","seq1840"
"seq1841","Bacteria","Firmicutes","Clostridia","Oscillospirales","Ruminococcaceae","Subdoligranulum","none","OTU","seq1841"
"seq1844","Bacteria","Bacteroidota","Bacteroidia","Bacteroidales","Prevotellaceae","Alloprevotella","none","OTU","seq1844"
"seq1849","Bacteria","Firmicutes","Clostridia","Lachnospirales","Lachnospiraceae","none","none","OTU","seq1849"
"seq185","Bacteria","Firmicutes","Clostridia","Oscillospirales","Ruminococcaceae","Faecalibacterium","none","OTU","seq185"
"seq1850","Bacteria","Firmicutes","Clostridia","Oscillospirales","Ruminococcaceae","Faecalibacterium","none","OTU","seq1850"
"seq1851","Bacteria","Firmicutes","Clostridia","Oscillospirales","Ruminococcaceae","Faecalibacterium","none","OTU","seq1851"
"seq1854","Bacteria","Firmicutes","Clostridia","Oscillospirales","Ruminococcaceae","Faecalibacterium","none","OTU","seq1854"
"seq1855","Bacteria","Actinobacteriota","Coriobacteriia","Coriobacteriales","Atopobiaceae","none","none","OTU","seq1855"
"seq1856","Bacteria","Firmicutes","Clostridia","Christensenellales","Christensenellaceae","Christensenellaceae R-7 group","none","OTU","seq1856"
"seq186","Bacteria","Firmicutes","Clostridia","Lachnospirales","Lachnospiraceae","Agathobacter","none","OTU","seq186"
"seq1861","Bacteria","Firmicutes","Clostridia","Lachnospirales","Lachnospiraceae","[Ruminococcus] torques group","none","OTU","seq1861"
"seq1864","Bacteria","Bacteroidota","Bacteroidia","Bacteroidales","Prevotellaceae","none","none","OTU","seq1864"
"seq1867","Bacteria","Firmicutes","Clostridia","Oscillospirales","Oscillospiraceae","UCG-003","none","OTU","seq1867"
"seq187","Bacteria","Proteobacteria","Gammaproteobacteria","Enterobacterales","Succinivibrionaceae","Ruminobacter","none","OTU","seq187"
"seq1872","Bacteria","Firmicutes","Clostridia","Lachnospirales","Lachnospiraceae","Lachnospiraceae NK4A136 group","none","OTU","seq1872"
"seq1874","Bacteria","Firmicutes","Clostridia","Oscillospirales","Ruminococcaceae","Faecalibacterium","none","OTU","seq1874"
"seq1877","Bacteria","Firmicutes","Clostridia","Lachnospirales","Lachnospiraceae","Blautia","none","OTU","seq1877"
"seq188","Bacteria","Bacteroidota","Bacteroidia","Bacteroidales","Prevotellaceae","Prevotella_9","none","OTU","seq188"
"seq1880","Bacteria","Firmicutes","Negativicutes","Veillonellales-Selenomonadales","Veillonellaceae","Dialister","none","OTU","seq1880"
"seq1882","Bacteria","Bacteroidota","Bacteroidia","Bacteroidales","Bacteroidaceae","Bacteroides","none","OTU","seq1882"
"seq1884","Bacteria","Firmicutes","Clostridia","Oscillospirales","Butyricicoccaceae","Butyricicoccus","none","OTU","seq1884"
"seq1887","Bacteria","Bacteroidota","Bacteroidia","Bacteroidales","Prevotellaceae","Prevotella_7","none","OTU","seq1887"
"seq1889","Bacteria","Proteobacteria","Gammaproteobacteria","Enterobacterales","Enterobacteriaceae","Escherichia-Shigella","none","OTU","seq1889"
"seq189","Bacteria","Spirochaetota","Spirochaetia","Spirochaetales","Spirochaetaceae","Treponema","none","OTU","seq189"
"seq1892","Bacteria","Firmicutes","Clostridia","Lachnospirales","Lachnospiraceae","Coprococcus","none","OTU","seq1892"
"seq1893","Bacteria","Firmicutes","Clostridia","Christensenellales","Christensenellaceae","Christensenellaceae R-7 group","none","OTU","seq1893"
"seq1899","Bacteria","Bacteroidota","Bacteroidia","Bacteroidales","Prevotellaceae","Alloprevotella","none","OTU","seq1899"
"seq19","Bacteria","Bacteroidota","Bacteroidia","Bacteroidales","Prevotellaceae","Prevotella_9","none","OTU","seq19"
"seq190","Bacteria","Firmicutes","Clostridia","Oscillospirales","Ruminococcaceae","Faecalibacterium","none","OTU","seq190"
"seq191","Bacteria","Spirochaetota","Spirochaetia","Spirochaetales","Spirochaetaceae","Treponema","none","OTU","seq191"
"seq192","Bacteria","Bacteroidota","Bacteroidia","Bacteroidales","Prevotellaceae","Prevotella_9","none","OTU","seq192"
"seq193","Bacteria","Proteobacteria","Gammaproteobacteria","Enterobacterales","Succinivibrionaceae","Ruminobacter","none","OTU","seq193"
"seq194","Bacteria","Bacteroidota","Bacteroidia","Bacteroidales","Prevotellaceae","Prevotella_9","none","OTU","seq194"
"seq195","Bacteria","Firmicutes","Negativicutes","Veillonellales-Selenomonadales","Veillonellaceae","Dialister","none","OTU","seq195"
"seq196","Bacteria","Firmicutes","Clostridia","Lachnospirales","Lachnospiraceae","Agathobacter","none","OTU","seq196"
"seq197","Bacteria","Proteobacteria","Gammaproteobacteria","Enterobacterales","Succinivibrionaceae","Ruminobacter","none","OTU","seq197"
"seq198","Bacteria","Firmicutes","Clostridia","Oscillospirales","Ruminococcaceae","Faecalibacterium","none","OTU","seq198"
"seq199","Bacteria","Proteobacteria","Gammaproteobacteria","Enterobacterales","Succinivibrionaceae","Ruminobacter","none","OTU","seq199"
"seq2","Bacteria","Bacteroidota","Bacteroidia","Bacteroidales","Prevotellaceae","Prevotella_9","none","OTU","seq2"
"seq20","Bacteria","Proteobacteria","Gammaproteobacteria","Enterobacterales","Succinivibrionaceae","Succinivibrio","none","OTU","seq20"
"seq200","Bacteria","Proteobacteria","Gammaproteobacteria","Enterobacterales","Succinivibrionaceae","Ruminobacter","none","OTU","seq200"
"seq201","Bacteria","Proteobacteria","Gammaproteobacteria","Enterobacterales","Succinivibrionaceae","Ruminobacter","none","OTU","seq201"
"seq202","Bacteria","Firmicutes","Clostridia","Oscillospirales","Ruminococcaceae","Faecalibacterium","none","OTU","seq202"
"seq203","Bacteria","Firmicutes","Clostridia","Clostridiales","Clostridiaceae","Clostridium sensu stricto 1","none","OTU","seq203"
"seq204","Bacteria","Firmicutes","Clostridia","Lachnospirales","Lachnospiraceae","Agathobacter","none","OTU","seq204"
"seq205","Bacteria","Firmicutes","Negativicutes","Veillonellales-Selenomonadales","Veillonellaceae","Dialister","none","OTU","seq205"
"seq206","Bacteria","Bacteroidota","Bacteroidia","Bacteroidales","Prevotellaceae","Prevotella_9","none","OTU","seq206"
"seq207","Bacteria","Firmicutes","Clostridia","Peptostreptococcales-Tissierellales","Peptostreptococcaceae","Romboutsia","none","OTU","seq207"
"seq208","Bacteria","Firmicutes","Clostridia","Oscillospirales","Ruminococcaceae","Ruminococcus","none","OTU","seq208"
"seq209","Bacteria","Proteobacteria","Gammaproteobacteria","Enterobacterales","Succinivibrionaceae","Succinivibrio","none","OTU","seq209"
"seq21","Bacteria","Bacteroidota","Bacteroidia","Bacteroidales","Prevotellaceae","Prevotella_9","none","OTU","seq21"
"seq210","Bacteria","Firmicutes","Clostridia","Lachnospirales","Lachnospiraceae","Agathobacter","none","OTU","seq210"
"seq211","Bacteria","Firmicutes","Clostridia","Lachnospirales","Lachnospiraceae","Blautia","none","OTU","seq211"
"seq212","Bacteria","Spirochaetota","Spirochaetia","Spirochaetales","Spirochaetaceae","Treponema","none","OTU","seq212"
"seq213","Bacteria","Bacteroidota","Bacteroidia","Bacteroidales","Muribaculaceae","none","none","OTU","seq213"
"seq214","Bacteria","Firmicutes","Negativicutes","Veillonellales-Selenomonadales","Veillonellaceae","Dialister","none","OTU","seq214"
"seq215","Bacteria","Bacteroidota","Bacteroidia","Bacteroidales","Prevotellaceae","Prevotella_9","none","OTU","seq215"
"seq216","Bacteria","Firmicutes","Clostridia","Oscillospirales","Ruminococcaceae","Faecalibacterium","none","OTU","seq216"
"seq217","Bacteria","Firmicutes","Clostridia","Lachnospirales","Lachnospiraceae","Agathobacter","none","OTU","seq217"
"seq218","Bacteria","Spirochaetota","Spirochaetia","Spirochaetales","Spirochaetaceae","Treponema","none","OTU","seq218"
"seq219","Bacteria","Proteobacteria","Gammaproteobacteria","Enterobacterales","Succinivibrionaceae","Ruminobacter","none","OTU","seq219"
"seq22","Bacteria","Bacteroidota","Bacteroidia","Bacteroidales","Prevotellaceae","Prevotella_9","none","OTU","seq22"
"seq220","Bacteria","Spirochaetota","Spirochaetia","Spirochaetales","Spirochaetaceae","Treponema","none","OTU","seq220"
"seq221","Bacteria","Spirochaetota","Spirochaetia","Spirochaetales","Spirochaetaceae","Treponema","none","OTU","seq221"
"seq222","Bacteria","Firmicutes","Clostridia","Peptostreptococcales-Tissierellales","Peptostreptococcaceae","Romboutsia","none","OTU","seq222"
"seq223","Bacteria","Spirochaetota","Spirochaetia","Spirochaetales","Spirochaetaceae","Treponema","none","OTU","seq223"
"seq224","Bacteria","Firmicutes","Clostridia","Lachnospirales","Lachnospiraceae","Blautia","none","OTU","seq224"
"seq225","Bacteria","Bacteroidota","Bacteroidia","Bacteroidales","Prevotellaceae","Prevotella_9","none","OTU","seq225"
"seq226","Bacteria","Spirochaetota","Spirochaetia","Spirochaetales","Spirochaetaceae","Treponema","none","OTU","seq226"
"seq227","Bacteria","Firmicutes","Clostridia","Clostridiales","Clostridiaceae","Clostridium sensu stricto 1","none","OTU","seq227"
"seq228","Bacteria","Firmicutes","Negativicutes","Veillonellales-Selenomonadales","Veillonellaceae","Dialister","none","OTU","seq228"
"seq229","Bacteria","Firmicutes","Negativicutes","Veillonellales-Selenomonadales","Veillonellaceae","Dialister","none","OTU","seq229"
"seq23","Bacteria","Bacteroidota","Bacteroidia","Bacteroidales","Prevotellaceae","Prevotella_9","none","OTU","seq23"
"seq230","Bacteria","Spirochaetota","Spirochaetia","Spirochaetales","Spirochaetaceae","Treponema","none","OTU","seq230"
"seq231","Bacteria","Spirochaetota","Spirochaetia","Spirochaetales","Spirochaetaceae","Treponema","none","OTU","seq231"
"seq232","Bacteria","Firmicutes","Bacilli","Erysipelotrichales","Erysipelatoclostridiaceae","Catenibacterium","none","OTU","seq232"
"seq233","Bacteria","Spirochaetota","Spirochaetia","Spirochaetales","Spirochaetaceae","Treponema","none","OTU","seq233"
"seq234","Bacteria","Spirochaetota","Spirochaetia","Spirochaetales","Spirochaetaceae","Treponema","none","OTU","seq234"
"seq235","Bacteria","Spirochaetota","Spirochaetia","Spirochaetales","Spirochaetaceae","Treponema","none","OTU","seq235"
"seq236","Bacteria","Spirochaetota","Spirochaetia","Spirochaetales","Spirochaetaceae","Treponema","none","OTU","seq236"
"seq237","Bacteria","Proteobacteria","Gammaproteobacteria","Enterobacterales","Succinivibrionaceae","Ruminobacter","none","OTU","seq237"
"seq238","Bacteria","Firmicutes","Bacilli","Erysipelotrichales","Erysipelatoclostridiaceae","Asteroleplasma","none","OTU","seq238"
"seq239","Bacteria","Bacteroidota","Bacteroidia","Bacteroidales","Prevotellaceae","Prevotella_9","none","OTU","seq239"
"seq24","Bacteria","Bacteroidota","Bacteroidia","Bacteroidales","Prevotellaceae","Prevotella_9","none","OTU","seq24"
"seq240","Bacteria","Bacteroidota","Bacteroidia","Bacteroidales","Muribaculaceae","none","none","OTU","seq240"
"seq241","Bacteria","Bacteroidota","Bacteroidia","Bacteroidales","Muribaculaceae","none","none","OTU","seq241"
"seq242","Bacteria","Firmicutes","Clostridia","Oscillospirales","Ruminococcaceae","Subdoligranulum","none","OTU","seq242"
"seq243","Bacteria","Spirochaetota","Spirochaetia","Spirochaetales","Spirochaetaceae","Treponema","none","OTU","seq243"
"seq244","Bacteria","Firmicutes","Bacilli","Erysipelotrichales","Erysipelatoclostridiaceae","Catenibacterium","none","OTU","seq244"
"seq245","Bacteria","Spirochaetota","Spirochaetia","Spirochaetales","Spirochaetaceae","Treponema","none","OTU","seq245"
"seq246","Bacteria","Spirochaetota","Spirochaetia","Spirochaetales","Spirochaetaceae","Treponema","none","OTU","seq246"
"seq247","Bacteria","Bacteroidota","Bacteroidia","Bacteroidales","Prevotellaceae","Prevotella_9","none","OTU","seq247"
"seq248","Bacteria","Bacteroidota","Bacteroidia","Bacteroidales","Prevotellaceae","Prevotella_9","none","OTU","seq248"
"seq249","Bacteria","Firmicutes","Clostridia","Oscillospirales","Ruminococcaceae","Ruminococcus","none","OTU","seq249"
"seq25","Bacteria","Bacteroidota","Bacteroidia","Bacteroidales","Prevotellaceae","Prevotella_9","none","OTU","seq25"
"seq250","Bacteria","Spirochaetota","Spirochaetia","Spirochaetales","Spirochaetaceae","Treponema","none","OTU","seq250"
"seq251","Bacteria","Firmicutes","Clostridia","Oscillospirales","Ruminococcaceae","Faecalibacterium","none","OTU","seq251"
"seq252","Bacteria","Bacteroidota","Bacteroidia","Bacteroidales","Prevotellaceae","Alloprevotella","none","OTU","seq252"
"seq253","Bacteria","Bacteroidota","Bacteroidia","Bacteroidales","Muribaculaceae","none","none","OTU","seq253"
"seq254","Bacteria","Bacteroidota","Bacteroidia","Bacteroidales","Prevotellaceae","Prevotella_9","none","OTU","seq254"
"seq255","Bacteria","Firmicutes","Clostridia","Oscillospirales","Ruminococcaceae","Faecalibacterium","none","OTU","seq255"
"seq256","Bacteria","Firmicutes","Clostridia","Oscillospirales","Ruminococcaceae","Faecalibacterium","none","OTU","seq256"
"seq257","Bacteria","Firmicutes","Clostridia","Oscillospirales","Ruminococcaceae","Ruminococcus","none","OTU","seq257"
"seq258","Bacteria","Spirochaetota","Spirochaetia","Spirochaetales","Spirochaetaceae","Treponema","none","OTU","seq258"
"seq259","Bacteria","Firmicutes","Clostridia","Lachnospirales","Lachnospiraceae","Agathobacter","none","OTU","seq259"
"seq26","Bacteria","Proteobacteria","Gammaproteobacteria","Enterobacterales","Succinivibrionaceae","none","none","OTU","seq26"
"seq260","Bacteria","Spirochaetota","Spirochaetia","Spirochaetales","Spirochaetaceae","Treponema","none","OTU","seq260"
"seq261","Bacteria","Firmicutes","Clostridia","Oscillospirales","Ruminococcaceae","Ruminococcus","none","OTU","seq261"
"seq262","Bacteria","Firmicutes","Clostridia","Oscillospirales","Ruminococcaceae","CAG-352","none","OTU","seq262"
"seq263","Bacteria","Proteobacteria","Gammaproteobacteria","Enterobacterales","Succinivibrionaceae","Ruminobacter","none","OTU","seq263"
"seq264","Bacteria","Firmicutes","Clostridia","Oscillospirales","Ruminococcaceae","Faecalibacterium","none","OTU","seq264"
"seq265","Bacteria","Spirochaetota","Spirochaetia","Spirochaetales","Spirochaetaceae","Treponema","none","OTU","seq265"
"seq266","Bacteria","Firmicutes","Clostridia","Lachnospirales","Lachnospiraceae","Agathobacter","none","OTU","seq266"
"seq267","Bacteria","Proteobacteria","Gammaproteobacteria","Enterobacterales","Succinivibrionaceae","Ruminobacter","none","OTU","seq267"
"seq268","Bacteria","Bacteroidota","Bacteroidia","Bacteroidales","Prevotellaceae","Alloprevotella","none","OTU","seq268"
"seq269","Bacteria","Bacteroidota","Bacteroidia","Bacteroidales","Prevotellaceae","Prevotella_9","none","OTU","seq269"
"seq27","Bacteria","Bacteroidota","Bacteroidia","Bacteroidales","Prevotellaceae","Prevotella_9","none","OTU","seq27"
"seq270","Bacteria","Proteobacteria","Gammaproteobacteria","Enterobacterales","Succinivibrionaceae","Ruminobacter","none","OTU","seq270"
"seq271","Bacteria","Bacteroidota","Bacteroidia","Bacteroidales","Prevotellaceae","Prevotella_9","none","OTU","seq271"
"seq272","Bacteria","Bacteroidota","Bacteroidia","Bacteroidales","Prevotellaceae","Prevotella","none","OTU","seq272"
"seq273","Bacteria","Firmicutes","Clostridia","Lachnospirales","Lachnospiraceae","Blautia","none","OTU","seq273"
"seq274","Bacteria","Bacteroidota","Bacteroidia","Bacteroidales","Prevotellaceae","Prevotella","none","OTU","seq274"
"seq275","Bacteria","Bacteroidota","Bacteroidia","Bacteroidales","Prevotellaceae","Prevotella_9","none","OTU","seq275"
"seq276","Bacteria","Spirochaetota","Spirochaetia","Spirochaetales","Spirochaetaceae","Treponema","none","OTU","seq276"
"seq277","Bacteria","Firmicutes","Clostridia","Oscillospirales","Ruminococcaceae","Subdoligranulum","none","OTU","seq277"
"seq278","Bacteria","Spirochaetota","Spirochaetia","Spirochaetales","Spirochaetaceae","Treponema","none","OTU","seq278"
"seq279","Bacteria","Firmicutes","Clostridia","Lachnospirales","Lachnospiraceae","Lachnospiraceae NK4A136 group","none","OTU","seq279"
"seq28","Bacteria","Bacteroidota","Bacteroidia","Bacteroidales","Prevotellaceae","Prevotella_9","none","OTU","seq28"
"seq280","Bacteria","Bacteroidota","Bacteroidia","Bacteroidales","Prevotellaceae","Prevotella_9","none","OTU","seq280"
"seq281","Bacteria","Bacteroidota","Bacteroidia","Bacteroidales","Muribaculaceae","none","none","OTU","seq281"
"seq282","Bacteria","Bacteroidota","Bacteroidia","Bacteroidales","Muribaculaceae","none","none","OTU","seq282"
"seq283","Bacteria","Bacteroidota","Bacteroidia","Bacteroidales","Muribaculaceae","none","none","OTU","seq283"
"seq284","Bacteria","Spirochaetota","Spirochaetia","Spirochaetales","Spirochaetaceae","Treponema","none","OTU","seq284"
"seq285","Bacteria","Firmicutes","Clostridia","Lachnospirales","Lachnospiraceae","Blautia","none","OTU","seq285"
"seq286","Bacteria","Bacteroidota","Bacteroidia","Bacteroidales","Prevotellaceae","Prevotella_9","none","OTU","seq286"
"seq287","Bacteria","Firmicutes","Clostridia","Oscillospirales","Ruminococcaceae","Ruminococcus","none","OTU","seq287"
"seq288","Bacteria","Firmicutes","Clostridia","Clostridiales","Clostridiaceae","Clostridium sensu stricto 1","none","OTU","seq288"
"seq289","Bacteria","Bacteroidota","Bacteroidia","Bacteroidales","Muribaculaceae","none","none","OTU","seq289"
"seq29","Bacteria","Bacteroidota","Bacteroidia","Bacteroidales","Prevotellaceae","Prevotella_9","none","OTU","seq29"
"seq290","Bacteria","Firmicutes","Bacilli","Erysipelotrichales","Erysipelatoclostridiaceae","Asteroleplasma","none","OTU","seq290"
"seq291","Bacteria","Firmicutes","Clostridia","Clostridiales","Clostridiaceae","Clostridium sensu stricto 1","none","OTU","seq291"
"seq292","Bacteria","Firmicutes","Clostridia","Clostridiales","Clostridiaceae","Clostridium sensu stricto 1","none","OTU","seq292"
"seq293","Bacteria","Spirochaetota","Spirochaetia","Spirochaetales","Spirochaetaceae","Treponema","none","OTU","seq293"
"seq294","Bacteria","Spirochaetota","Spirochaetia","Spirochaetales","Spirochaetaceae","Treponema","none","OTU","seq294"
"seq295","Bacteria","Firmicutes","Clostridia","Peptostreptococcales-Tissierellales","Peptostreptococcaceae","Romboutsia","none","OTU","seq295"
"seq296","Bacteria","Firmicutes","Clostridia","Oscillospirales","Ruminococcaceae","Faecalibacterium","none","OTU","seq296"
"seq297","Bacteria","Bacteroidota","Bacteroidia","Bacteroidales","Muribaculaceae","none","none","OTU","seq297"
"seq298","Bacteria","Firmicutes","Bacilli","Erysipelotrichales","Erysipelotrichaceae","Holdemanella","none","OTU","seq298"
"seq299","Bacteria","Firmicutes","Clostridia","Clostridiales","Clostridiaceae","Clostridium sensu stricto 1","none","OTU","seq299"
"seq3","Bacteria","Bacteroidota","Bacteroidia","Bacteroidales","Prevotellaceae","Prevotella_9","none","OTU","seq3"
"seq30","Bacteria","Bacteroidota","Bacteroidia","Bacteroidales","Prevotellaceae","Prevotella_9","none","OTU","seq30"
"seq300","Bacteria","Firmicutes","Clostridia","Peptostreptococcales-Tissierellales","Peptostreptococcaceae","Romboutsia","none","OTU","seq300"
"seq301","Bacteria","Firmicutes","Clostridia","Clostridiales","Clostridiaceae","Clostridium sensu stricto 1","none","OTU","seq301"
"seq302","Bacteria","Firmicutes","Clostridia","Lachnospirales","Lachnospiraceae","Blautia","none","OTU","seq302"
"seq303","Bacteria","Firmicutes","Clostridia","Lachnospirales","Lachnospiraceae","Blautia","none","OTU","seq303"
"seq304","Bacteria","Firmicutes","Clostridia","Lachnospirales","Lachnospiraceae","Blautia","none","OTU","seq304"
"seq305","Bacteria","Bacteroidota","Bacteroidia","Bacteroidales","Muribaculaceae","none","none","OTU","seq305"
"seq306","Bacteria","Spirochaetota","Spirochaetia","Spirochaetales","Spirochaetaceae","Treponema","none","OTU","seq306"
"seq307","Bacteria","Firmicutes","Clostridia","Peptostreptococcales-Tissierellales","Peptostreptococcaceae","Romboutsia","none","OTU","seq307"
"seq308","Bacteria","Firmicutes","Clostridia","Clostridiales","Clostridiaceae","Clostridium sensu stricto 1","none","OTU","seq308"
"seq309","Bacteria","Firmicutes","Bacilli","Erysipelotrichales","Erysipelotrichaceae","Holdemanella","none","OTU","seq309"
"seq31","Bacteria","Bacteroidota","Bacteroidia","Bacteroidales","Prevotellaceae","Prevotella_9","none","OTU","seq31"
"seq310","Bacteria","Firmicutes","Clostridia","Peptostreptococcales-Tissierellales","Peptostreptococcaceae","Romboutsia","none","OTU","seq310"
"seq311","Bacteria","Firmicutes","Clostridia","Oscillospirales","Ruminococcaceae","Ruminococcus","none","OTU","seq311"
"seq312","Bacteria","Firmicutes","Bacilli","Erysipelotrichales","Erysipelatoclostridiaceae","Erysipelotrichaceae UCG-003","none","OTU","seq312"
"seq313","Bacteria","Firmicutes","Clostridia","Oscillospirales","Ruminococcaceae","Ruminococcus","none","OTU","seq313"
"seq314","Bacteria","Firmicutes","Clostridia","Peptostreptococcales-Tissierellales","Peptostreptococcaceae","Romboutsia","none","OTU","seq314"
"seq315","Bacteria","Firmicutes","Clostridia","Peptostreptococcales-Tissierellales","Peptostreptococcaceae","Romboutsia","none","OTU","seq315"
"seq316","Bacteria","Firmicutes","Clostridia","Clostridiales","Clostridiaceae","Clostridium sensu stricto 1","none","OTU","seq316"
"seq317","Bacteria","Firmicutes","Clostridia","Peptostreptococcales-Tissierellales","Peptostreptococcaceae","Romboutsia","none","OTU","seq317"
"seq318","Bacteria","Actinobacteriota","Actinobacteria","Bifidobacteriales","Bifidobacteriaceae","Bifidobacterium","none","OTU","seq318"
"seq319","Bacteria","Firmicutes","Clostridia","Oscillospirales","Ruminococcaceae","CAG-352","none","OTU","seq319"
"seq32","Bacteria","Bacteroidota","Bacteroidia","Bacteroidales","Prevotellaceae","Prevotella_9","none","OTU","seq32"
"seq320","Bacteria","Firmicutes","Clostridia","Oscillospirales","Ruminococcaceae","Ruminococcus","none","OTU","seq320"
"seq321","Bacteria","Bacteroidota","Bacteroidia","Bacteroidales","Prevotellaceae","Prevotella_7","none","OTU","seq321"
"seq322","Bacteria","Firmicutes","Clostridia","Oscillospirales","Ruminococcaceae","Ruminococcus","none","OTU","seq322"
"seq323","Bacteria","Firmicutes","Clostridia","Oscillospirales","Ruminococcaceae","Ruminococcus","none","OTU","seq323"
"seq324","Bacteria","Bacteroidota","Bacteroidia","Bacteroidales","Muribaculaceae","none","none","OTU","seq324"
"seq325","Bacteria","Spirochaetota","Spirochaetia","Spirochaetales","Spirochaetaceae","Treponema","none","OTU","seq325"
"seq326","Bacteria","Bacteroidota","Bacteroidia","Bacteroidales","Muribaculaceae","none","none","OTU","seq326"
"seq327","Bacteria","Bacteroidota","Bacteroidia","Bacteroidales","Prevotellaceae","Prevotella_9","none","OTU","seq327"
"seq328","Bacteria","Firmicutes","Negativicutes","Acidaminococcales","Acidaminococcaceae","Phascolarctobacterium","none","OTU","seq328"
"seq329","Bacteria","Firmicutes","Clostridia","Oscillospirales","Ruminococcaceae","Ruminococcus","none","OTU","seq329"
"seq33","Bacteria","Firmicutes","Clostridia","Oscillospirales","Ruminococcaceae","Faecalibacterium","none","OTU","seq33"
"seq330","Bacteria","Firmicutes","Clostridia","Oscillospirales","Ruminococcaceae","Faecalibacterium","none","OTU","seq330"
"seq331","Bacteria","Firmicutes","Clostridia","Lachnospirales","Lachnospiraceae","Blautia","none","OTU","seq331"
"seq332","Bacteria","Bacteroidota","Bacteroidia","Bacteroidales","Muribaculaceae","none","none","OTU","seq332"
"seq333","Bacteria","Firmicutes","Clostridia","Lachnospirales","Lachnospiraceae","Blautia","none","OTU","seq333"
"seq334","Bacteria","Firmicutes","Clostridia","Clostridiales","Clostridiaceae","Sarcina","none","OTU","seq334"
"seq335","Bacteria","Firmicutes","Bacilli","Lactobacillales","Streptococcaceae","Streptococcus","none","OTU","seq335"
"seq336","Bacteria","Firmicutes","Clostridia","Oscillospirales","Ruminococcaceae","Faecalibacterium","none","OTU","seq336"
"seq337","Bacteria","Actinobacteriota","Coriobacteriia","Coriobacteriales","Coriobacteriaceae","Collinsella","none","OTU","seq337"
"seq338","Bacteria","Firmicutes","Clostridia","Clostridiales","Clostridiaceae","Clostridium sensu stricto 1","none","OTU","seq338"
"seq339","Bacteria","Firmicutes","Clostridia","Lachnospirales","Lachnospiraceae","Blautia","none","OTU","seq339"
"seq34","Bacteria","Bacteroidota","Bacteroidia","Bacteroidales","Prevotellaceae","Prevotella_9","none","OTU","seq34"
"seq340","Bacteria","Bacteroidota","Bacteroidia","Bacteroidales","Muribaculaceae","none","none","OTU","seq340"
"seq341","Bacteria","Firmicutes","Clostridia","Clostridiales","Clostridiaceae","Clostridium sensu stricto 1","none","OTU","seq341"
"seq342","Bacteria","Firmicutes","Clostridia","Clostridiales","Clostridiaceae","Clostridium sensu stricto 1","none","OTU","seq342"
"seq343","Bacteria","Spirochaetota","Spirochaetia","Spirochaetales","Spirochaetaceae","Treponema","none","OTU","seq343"
"seq344","Bacteria","Firmicutes","Clostridia","Lachnospirales","Lachnospiraceae","Blautia","none","OTU","seq344"
"seq345","Bacteria","Bacteroidota","Bacteroidia","Bacteroidales","Muribaculaceae","none","none","OTU","seq345"
"seq346","Bacteria","Firmicutes","Clostridia","Clostridiales","Clostridiaceae","Clostridium sensu stricto 1","none","OTU","seq346"
"seq347","Bacteria","Firmicutes","Clostridia","Peptostreptococcales-Tissierellales","Peptostreptococcaceae","Romboutsia","none","OTU","seq347"
"seq348","Bacteria","Firmicutes","Bacilli","Erysipelotrichales","Erysipelatoclostridiaceae","Catenibacterium","none","OTU","seq348"
"seq349","Bacteria","Firmicutes","Clostridia","Lachnospirales","Lachnospiraceae","Roseburia","none","OTU","seq349"
"seq35","Bacteria","Bacteroidota","Bacteroidia","Bacteroidales","Prevotellaceae","Prevotella_9","none","OTU","seq35"
"seq350","Bacteria","Bacteroidota","Bacteroidia","Bacteroidales","Prevotellaceae","Prevotella","none","OTU","seq350"
"seq351","Bacteria","Bacteroidota","Bacteroidia","Bacteroidales","Prevotellaceae","Prevotella_9","none","OTU","seq351"
"seq352","Bacteria","Firmicutes","Clostridia","Lachnospirales","Lachnospiraceae","Lachnospiraceae NK4A136 group","none","OTU","seq352"
"seq353","Bacteria","Bacteroidota","Bacteroidia","Bacteroidales","Prevotellaceae","Prevotella_9","none","OTU","seq353"
"seq354","Bacteria","Firmicutes","Clostridia","Oscillospirales","Ruminococcaceae","Ruminococcus","none","OTU","seq354"
"seq355","Bacteria","Actinobacteriota","Actinobacteria","Bifidobacteriales","Bifidobacteriaceae","Bifidobacterium","none","OTU","seq355"
"seq356","Bacteria","Bacteroidota","Bacteroidia","Bacteroidales","Prevotellaceae","Alloprevotella","none","OTU","seq356"
"seq357","Bacteria","Bacteroidota","Bacteroidia","Bacteroidales","Prevotellaceae","Prevotella_9","none","OTU","seq357"
"seq358","Bacteria","Firmicutes","Clostridia","Peptostreptococcales-Tissierellales","Peptostreptococcaceae","Romboutsia","none","OTU","seq358"
"seq359","Bacteria","Spirochaetota","Spirochaetia","Spirochaetales","Spirochaetaceae","Treponema","none","OTU","seq359"
"seq36","Bacteria","Bacteroidota","Bacteroidia","Bacteroidales","Prevotellaceae","Prevotella_9","none","OTU","seq36"
"seq360","Bacteria","Bacteroidota","Bacteroidia","Bacteroidales","Prevotellaceae","Prevotella_9","none","OTU","seq360"
"seq361","Bacteria","Spirochaetota","Spirochaetia","Spirochaetales","Spirochaetaceae","Treponema","none","OTU","seq361"
"seq362","Bacteria","Firmicutes","Clostridia","Oscillospirales","Ruminococcaceae","Ruminococcus","none","OTU","seq362"
"seq363","Bacteria","Firmicutes","Clostridia","Clostridiales","Clostridiaceae","Clostridium sensu stricto 1","none","OTU","seq363"
"seq364","Bacteria","Firmicutes","Clostridia","Clostridiales","Clostridiaceae","Clostridium sensu stricto 1","none","OTU","seq364"
"seq365","Bacteria","Firmicutes","Clostridia","Peptostreptococcales-Tissierellales","Peptostreptococcaceae","Romboutsia","none","OTU","seq365"
"seq366","Bacteria","Firmicutes","Bacilli","Erysipelotrichales","Erysipelatoclostridiaceae","Catenibacterium","none","OTU","seq366"
"seq367","Bacteria","Firmicutes","Bacilli","Erysipelotrichales","Erysipelatoclostridiaceae","Catenibacterium","none","OTU","seq367"
"seq368","Bacteria","Firmicutes","Bacilli","Erysipelotrichales","Erysipelatoclostridiaceae","Erysipelotrichaceae UCG-003","none","OTU","seq368"
"seq369","Bacteria","Firmicutes","Bacilli","Lactobacillales","Streptococcaceae","Streptococcus","none","OTU","seq369"
"seq37","Bacteria","Bacteroidota","Bacteroidia","Bacteroidales","Prevotellaceae","Prevotella_9","none","OTU","seq37"
"seq370","Bacteria","Firmicutes","Clostridia","Oscillospirales","Ruminococcaceae","Ruminococcus","none","OTU","seq370"
"seq371","Bacteria","Firmicutes","Clostridia","Oscillospirales","Ruminococcaceae","Subdoligranulum","none","OTU","seq371"
"seq372","Bacteria","Bacteroidota","Bacteroidia","Bacteroidales","Prevotellaceae","Alloprevotella","none","OTU","seq372"
"seq373","Bacteria","Bacteroidota","Bacteroidia","Bacteroidales","Prevotellaceae","Prevotella","none","OTU","seq373"
"seq374","Bacteria","Firmicutes","Negativicutes","Acidaminococcales","Acidaminococcaceae","Phascolarctobacterium","none","OTU","seq374"
"seq375","Bacteria","Spirochaetota","Spirochaetia","Spirochaetales","Spirochaetaceae","Treponema","none","OTU","seq375"
"seq376","Bacteria","Actinobacteriota","Coriobacteriia","Coriobacteriales","Coriobacteriaceae","Collinsella","none","OTU","seq376"
"seq377","Bacteria","Bacteroidota","Bacteroidia","Bacteroidales","Muribaculaceae","none","none","OTU","seq377"
"seq378","Bacteria","Bacteroidota","Bacteroidia","Bacteroidales","Muribaculaceae","none","none","OTU","seq378"
"seq379","Bacteria","Bacteroidota","Bacteroidia","Bacteroidales","Prevotellaceae","Prevotella_7","none","OTU","seq379"
"seq38","Bacteria","Firmicutes","Clostridia","Oscillospirales","Ruminococcaceae","Faecalibacterium","none","OTU","seq38"
"seq380","Bacteria","Bacteroidota","Bacteroidia","Bacteroidales","Prevotellaceae","Alloprevotella","none","OTU","seq380"
"seq381","Bacteria","Bacteroidota","Bacteroidia","Bacteroidales","Muribaculaceae","none","none","OTU","seq381"
"seq382","Bacteria","Firmicutes","Bacilli","Erysipelotrichales","Erysipelatoclostridiaceae","Catenibacterium","none","OTU","seq382"
"seq383","Bacteria","Firmicutes","Clostridia","Lachnospirales","Lachnospiraceae","Agathobacter","none","OTU","seq383"
"seq384","Bacteria","Bacteroidota","Bacteroidia","Bacteroidales","Prevotellaceae","Prevotella_9","none","OTU","seq384"
"seq385","Bacteria","Firmicutes","Bacilli","Erysipelotrichales","Erysipelatoclostridiaceae","Catenibacterium","none","OTU","seq385"
"seq386","Bacteria","Firmicutes","Clostridia","Lachnospirales","Lachnospiraceae","Blautia","none","OTU","seq386"
"seq387","Bacteria","Firmicutes","Bacilli","Lactobacillales","Streptococcaceae","Streptococcus","none","OTU","seq387"
"seq388","Bacteria","Firmicutes","Bacilli","Erysipelotrichales","Erysipelatoclostridiaceae","Catenibacterium","none","OTU","seq388"
"seq389","Bacteria","Firmicutes","Clostridia","Oscillospirales","Ruminococcaceae","Ruminococcus","none","OTU","seq389"
"seq39","Bacteria","Bacteroidota","Bacteroidia","Bacteroidales","Prevotellaceae","Prevotella_9","none","OTU","seq39"
"seq390","Bacteria","Bacteroidota","Bacteroidia","Bacteroidales","Prevotellaceae","Prevotella_9","none","OTU","seq390"
"seq391","Bacteria","Firmicutes","Clostridia","Oscillospirales","Ruminococcaceae","Ruminococcus","none","OTU","seq391"
"seq392","Bacteria","Spirochaetota","Spirochaetia","Spirochaetales","Spirochaetaceae","Treponema","none","OTU","seq392"
"seq393","Bacteria","Bacteroidota","Bacteroidia","Bacteroidales","Prevotellaceae","Alloprevotella","none","OTU","seq393"
"seq394","Bacteria","Firmicutes","Clostridia","Oscillospirales","Ruminococcaceae","Subdoligranulum","none","OTU","seq394"
"seq395","Bacteria","Firmicutes","Clostridia","Lachnospirales","Lachnospiraceae","Dorea","none","OTU","seq395"
"seq396","Bacteria","Firmicutes","Bacilli","Erysipelotrichales","Erysipelatoclostridiaceae","Catenibacterium","none","OTU","seq396"
"seq397","Bacteria","Bacteroidota","Bacteroidia","Bacteroidales","Prevotellaceae","Prevotella_9","none","OTU","seq397"
"seq398","Bacteria","Bacteroidota","Bacteroidia","Bacteroidales","Prevotellaceae","Alloprevotella","none","OTU","seq398"
"seq399","Bacteria","Firmicutes","Clostridia","Clostridiales","Clostridiaceae","Sarcina","none","OTU","seq399"
"seq4","Bacteria","Bacteroidota","Bacteroidia","Bacteroidales","Prevotellaceae","Prevotella_9","none","OTU","seq4"
"seq40","Bacteria","Proteobacteria","Gammaproteobacteria","Enterobacterales","Succinivibrionaceae","Ruminobacter","none","OTU","seq40"
"seq400","Bacteria","Firmicutes","Bacilli","Erysipelotrichales","Erysipelatoclostridiaceae","Asteroleplasma","none","OTU","seq400"
"seq401","Bacteria","Bacteroidota","Bacteroidia","Bacteroidales","Prevotellaceae","Alloprevotella","none","OTU","seq401"
"seq402","Bacteria","Firmicutes","Clostridia","Oscillospirales","Ruminococcaceae","Subdoligranulum","none","OTU","seq402"
"seq403","Bacteria","Spirochaetota","Spirochaetia","Spirochaetales","Spirochaetaceae","Treponema","none","OTU","seq403"
"seq404","Bacteria","Firmicutes","Clostridia","Peptostreptococcales-Tissierellales","Peptostreptococcaceae","Intestinibacter","none","OTU","seq404"
"seq405","Bacteria","Firmicutes","Clostridia","Oscillospirales","Ruminococcaceae","Ruminococcus","none","OTU","seq405"
"seq406","Bacteria","Firmicutes","Clostridia","Oscillospirales","Ruminococcaceae","Ruminococcus","none","OTU","seq406"
"seq407","Bacteria","Firmicutes","Clostridia","Oscillospirales","Oscillospiraceae","UCG-002","none","OTU","seq407"
"seq408","Bacteria","Spirochaetota","Spirochaetia","Spirochaetales","Spirochaetaceae","Treponema","none","OTU","seq408"
"seq409","Bacteria","Firmicutes","Bacilli","Erysipelotrichales","Erysipelatoclostridiaceae","Asteroleplasma","none","OTU","seq409"
"seq41","Bacteria","Bacteroidota","Bacteroidia","Bacteroidales","Prevotellaceae","Prevotella_9","none","OTU","seq41"
"seq410","Bacteria","Bacteroidota","Bacteroidia","Bacteroidales","Prevotellaceae","Prevotella_9","none","OTU","seq410"
"seq411","Bacteria","Firmicutes","Clostridia","Lachnospirales","Lachnospiraceae","Blautia","none","OTU","seq411"
"seq412","Bacteria","Bacteroidota","Bacteroidia","Bacteroidales","Prevotellaceae","Prevotella_9","none","OTU","seq412"
"seq413","Bacteria","Bacteroidota","Bacteroidia","Bacteroidales","Prevotellaceae","Alloprevotella","none","OTU","seq413"
"seq414","Bacteria","Bacteroidota","Bacteroidia","Bacteroidales","Muribaculaceae","none","none","OTU","seq414"
"seq415","Bacteria","Bacteroidota","Bacteroidia","Bacteroidales","Prevotellaceae","Alloprevotella","none","OTU","seq415"
"seq416","Bacteria","Bacteroidota","Bacteroidia","Bacteroidales","Prevotellaceae","Prevotella","none","OTU","seq416"
"seq417","Bacteria","Firmicutes","Clostridia","Oscillospirales","Ruminococcaceae","Ruminococcus","none","OTU","seq417"
"seq418","Bacteria","Firmicutes","Bacilli","Erysipelotrichales","Erysipelotrichaceae","Holdemanella","none","OTU","seq418"
"seq419","Bacteria","Bacteroidota","Bacteroidia","Bacteroidales","Muribaculaceae","none","none","OTU","seq419"
"seq42","Bacteria","Bacteroidota","Bacteroidia","Bacteroidales","Prevotellaceae","Prevotella_9","none","OTU","seq42"
"seq420","Bacteria","Bacteroidota","Bacteroidia","Bacteroidales","Prevotellaceae","Prevotella","none","OTU","seq420"
"seq421","Bacteria","Firmicutes","Clostridia","Lachnospirales","Lachnospiraceae","Roseburia","none","OTU","seq421"
"seq422","Bacteria","Actinobacteriota","Coriobacteriia","Coriobacteriales","Eggerthellaceae","Senegalimassilia","none","OTU","seq422"
"seq423","Bacteria","Firmicutes","Bacilli","Erysipelotrichales","Erysipelatoclostridiaceae","Catenibacterium","none","OTU","seq423"
"seq424","Bacteria","Actinobacteriota","Actinobacteria","Bifidobacteriales","Bifidobacteriaceae","Bifidobacterium","none","OTU","seq424"
"seq425","Bacteria","Bacteroidota","Bacteroidia","Bacteroidales","Prevotellaceae","Prevotella","none","OTU","seq425"
"seq426","Bacteria","Bacteroidota","Bacteroidia","Bacteroidales","Prevotellaceae","Prevotella_9","none","OTU","seq426"
"seq427","Bacteria","Firmicutes","Clostridia","Lachnospirales","Lachnospiraceae","Blautia","none","OTU","seq427"
"seq428","Bacteria","Firmicutes","Clostridia","Oscillospirales","Ruminococcaceae","Subdoligranulum","none","OTU","seq428"
"seq429","Bacteria","Firmicutes","Clostridia","Oscillospirales","Ruminococcaceae","Subdoligranulum","none","OTU","seq429"
"seq43","Bacteria","Bacteroidota","Bacteroidia","Bacteroidales","Prevotellaceae","Prevotella_9","none","OTU","seq43"
"seq430","Bacteria","Spirochaetota","Spirochaetia","Spirochaetales","Spirochaetaceae","Treponema","none","OTU","seq430"
"seq431","Bacteria","Firmicutes","Bacilli","Erysipelotrichales","Erysipelotrichaceae","Turicibacter","none","OTU","seq431"
"seq432","Bacteria","Firmicutes","Clostridia","Peptostreptococcales-Tissierellales","Peptostreptococcaceae","Romboutsia","none","OTU","seq432"
"seq433","Bacteria","Bacteroidota","Bacteroidia","Bacteroidales","Muribaculaceae","none","none","OTU","seq433"
"seq434","Bacteria","Bacteroidota","Bacteroidia","Bacteroidales","Prevotellaceae","Alloprevotella","none","OTU","seq434"
"seq435","Bacteria","Spirochaetota","Spirochaetia","Spirochaetales","Spirochaetaceae","Treponema","none","OTU","seq435"
"seq436","Bacteria","Firmicutes","Bacilli","Erysipelotrichales","Erysipelatoclostridiaceae","Asteroleplasma","none","OTU","seq436"
"seq437","Bacteria","Firmicutes","Clostridia","Oscillospirales","Ruminococcaceae","Ruminococcus","none","OTU","seq437"
"seq438","Bacteria","Firmicutes","Bacilli","Erysipelotrichales","Erysipelatoclostridiaceae","Catenibacterium","none","OTU","seq438"
"seq439","Bacteria","Firmicutes","Bacilli","Erysipelotrichales","Erysipelatoclostridiaceae","Asteroleplasma","none","OTU","seq439"
"seq44","Bacteria","Bacteroidota","Bacteroidia","Bacteroidales","Prevotellaceae","Prevotella_9","none","OTU","seq44"
"seq440","Bacteria","Firmicutes","Bacilli","Erysipelotrichales","Erysipelatoclostridiaceae","Catenibacterium","none","OTU","seq440"
"seq441","Bacteria","Firmicutes","Bacilli","Erysipelotrichales","Erysipelatoclostridiaceae","Asteroleplasma","none","OTU","seq441"
"seq442","Bacteria","Firmicutes","Clostridia","Oscillospirales","Ruminococcaceae","Ruminococcus","none","OTU","seq442"
"seq443","Bacteria","Elusimicrobiota","Elusimicrobia","Elusimicrobiales","Elusimicrobiaceae","Elusimicrobium","none","OTU","seq443"
"seq444","Bacteria","Proteobacteria","Gammaproteobacteria","Enterobacterales","Enterobacteriaceae","Escherichia-Shigella","none","OTU","seq444"
"seq445","Bacteria","Bacteroidota","Bacteroidia","Bacteroidales","Muribaculaceae","none","none","OTU","seq445"
"seq446","Bacteria","Bacteroidota","Bacteroidia","Bacteroidales","Prevotellaceae","Prevotella","none","OTU","seq446"
"seq447","Bacteria","Firmicutes","Clostridia","Clostridiales","Clostridiaceae","Clostridium sensu stricto 1","none","OTU","seq447"
"seq448","Bacteria","Firmicutes","Clostridia","Oscillospirales","Ruminococcaceae","Subdoligranulum","none","OTU","seq448"
"seq449","Bacteria","Bacteroidota","Bacteroidia","Bacteroidales","Prevotellaceae","Prevotella_9","none","OTU","seq449"
"seq45","Bacteria","Proteobacteria","Gammaproteobacteria","Enterobacterales","Succinivibrionaceae","Succinivibrio","none","OTU","seq45"
"seq450","Bacteria","Bacteroidota","Bacteroidia","Bacteroidales","Muribaculaceae","none","none","OTU","seq450"
"seq451","Bacteria","Firmicutes","Clostridia","Oscillospirales","Ruminococcaceae","Subdoligranulum","none","OTU","seq451"
"seq452","Bacteria","Firmicutes","Clostridia","Peptostreptococcales-Tissierellales","Peptostreptococcaceae","Terrisporobacter","none","OTU","seq452"
"seq453","Bacteria","Bacteroidota","Bacteroidia","Bacteroidales","Prevotellaceae","Prevotella_9","none","OTU","seq453"
"seq454","Bacteria","Firmicutes","Clostridia","Oscillospirales","Oscillospiraceae","UCG-002","none","OTU","seq454"
"seq455","Bacteria","Firmicutes","Clostridia","Oscillospirales","Ruminococcaceae","Subdoligranulum","none","OTU","seq455"
"seq456","Bacteria","Firmicutes","Clostridia","Lachnospirales","Lachnospiraceae","Agathobacter","none","OTU","seq456"
"seq457","Bacteria","Proteobacteria","Gammaproteobacteria","Enterobacterales","Enterobacteriaceae","Escherichia-Shigella","none","OTU","seq457"
"seq458","Bacteria","Bacteroidota","Bacteroidia","Bacteroidales","Prevotellaceae","Prevotella_9","none","OTU","seq458"
"seq459","Bacteria","Firmicutes","Clostridia","Oscillospirales","Ruminococcaceae","CAG-352","none","OTU","seq459"
"seq46","Bacteria","Proteobacteria","Gammaproteobacteria","Enterobacterales","Succinivibrionaceae","none","none","OTU","seq46"
"seq460","Bacteria","Bacteroidota","Bacteroidia","Bacteroidales","Prevotellaceae","Prevotella","none","OTU","seq460"
"seq461","Bacteria","Firmicutes","Clostridia","Clostridiales","Clostridiaceae","Clostridium sensu stricto 1","none","OTU","seq461"
"seq462","Bacteria","Bacteroidota","Bacteroidia","Bacteroidales","Prevotellaceae","Alloprevotella","none","OTU","seq462"
"seq463","Bacteria","Bacteroidota","Bacteroidia","Bacteroidales","Prevotellaceae","Prevotella","none","OTU","seq463"
"seq464","Bacteria","Spirochaetota","Spirochaetia","Spirochaetales","Spirochaetaceae","Treponema","none","OTU","seq464"
"seq465","Bacteria","Bacteroidota","Bacteroidia","Bacteroidales","Prevotellaceae","Alloprevotella","none","OTU","seq465"
"seq466","Bacteria","Spirochaetota","Spirochaetia","Spirochaetales","Spirochaetaceae","Treponema","none","OTU","seq466"
"seq467","Bacteria","Firmicutes","Clostridia","Lachnospirales","Lachnospiraceae","[Ruminococcus] torques group","none","OTU","seq467"
"seq468","Bacteria","Bacteroidota","Bacteroidia","Bacteroidales","Prevotellaceae","Alloprevotella","none","OTU","seq468"
"seq469","Bacteria","Elusimicrobiota","Elusimicrobia","Elusimicrobiales","Elusimicrobiaceae","Elusimicrobium","none","OTU","seq469"
"seq47","Bacteria","Proteobacteria","Gammaproteobacteria","Enterobacterales","Succinivibrionaceae","none","none","OTU","seq47"
"seq470","Bacteria","Bacteroidota","Bacteroidia","Bacteroidales","Prevotellaceae","none","none","OTU","seq470"
"seq471","Bacteria","Firmicutes","Bacilli","Erysipelotrichales","Erysipelatoclostridiaceae","Asteroleplasma","none","OTU","seq471"
"seq472","Bacteria","Firmicutes","Clostridia","Clostridiales","Clostridiaceae","Clostridium sensu stricto 1","none","OTU","seq472"
"seq473","Bacteria","Firmicutes","Clostridia","Oscillospirales","Ruminococcaceae","Ruminococcus","none","OTU","seq473"
"seq474","Bacteria","Firmicutes","Clostridia","Oscillospirales","Ruminococcaceae","Subdoligranulum","none","OTU","seq474"
"seq475","Bacteria","Bacteroidota","Bacteroidia","Bacteroidales","Prevotellaceae","Prevotella_9","none","OTU","seq475"
"seq476","Bacteria","Bacteroidota","Bacteroidia","Bacteroidales","Prevotellaceae","Alloprevotella","none","OTU","seq476"
"seq477","Bacteria","Bacteroidota","Bacteroidia","Bacteroidales","Prevotellaceae","Prevotella","none","OTU","seq477"
"seq478","Bacteria","Firmicutes","Clostridia","Clostridiales","Clostridiaceae","Clostridium sensu stricto 1","none","OTU","seq478"
"seq479","Bacteria","Firmicutes","Clostridia","Oscillospirales","Ruminococcaceae","CAG-352","none","OTU","seq479"
"seq48","Bacteria","Firmicutes","Negativicutes","Veillonellales-Selenomonadales","Veillonellaceae","Dialister","none","OTU","seq48"
"seq480","Bacteria","Firmicutes","Clostridia","Oscillospirales","Ruminococcaceae","CAG-352","none","OTU","seq480"
"seq481","Bacteria","Firmicutes","Clostridia","Lachnospirales","Lachnospiraceae","Blautia","none","OTU","seq481"
"seq482","Bacteria","Firmicutes","Clostridia","Clostridiales","Clostridiaceae","Clostridium sensu stricto 1","none","OTU","seq482"
"seq483","Bacteria","Bacteroidota","Bacteroidia","Bacteroidales","Prevotellaceae","Prevotella_9","none","OTU","seq483"
"seq484","Bacteria","Bacteroidota","Bacteroidia","Bacteroidales","Prevotellaceae","Alloprevotella","none","OTU","seq484"
"seq485","Bacteria","Bacteroidota","Bacteroidia","Bacteroidales","Prevotellaceae","Prevotella_9","none","OTU","seq485"
"seq486","Bacteria","Firmicutes","Clostridia","Oscillospirales","Ruminococcaceae","Subdoligranulum","none","OTU","seq486"
"seq487","Bacteria","Bacteroidota","Bacteroidia","Bacteroidales","Prevotellaceae","Alloprevotella","none","OTU","seq487"
"seq488","Bacteria","Firmicutes","Clostridia","Oscillospirales","Oscillospiraceae","UCG-002","none","OTU","seq488"
"seq489","Bacteria","Firmicutes","Clostridia","Lachnospirales","Lachnospiraceae","Lachnospiraceae NK4A136 group","none","OTU","seq489"
"seq49","Bacteria","Proteobacteria","Gammaproteobacteria","Enterobacterales","Succinivibrionaceae","Ruminobacter","none","OTU","seq49"
"seq490","Bacteria","Firmicutes","Clostridia","Oscillospirales","Ruminococcaceae","Subdoligranulum","none","OTU","seq490"
"seq491","Bacteria","Firmicutes","Bacilli","Erysipelotrichales","Erysipelotrichaceae","Holdemanella","none","OTU","seq491"
"seq492","Bacteria","Actinobacteriota","Actinobacteria","Bifidobacteriales","Bifidobacteriaceae","Bifidobacterium","none","OTU","seq492"
"seq493","Bacteria","Firmicutes","Clostridia","Peptostreptococcales-Tissierellales","Peptostreptococcaceae","Romboutsia","none","OTU","seq493"
"seq494","Bacteria","Firmicutes","Clostridia","Lachnospirales","Lachnospiraceae","Blautia","none","OTU","seq494"
"seq495","Bacteria","Firmicutes","Bacilli","Erysipelotrichales","Erysipelatoclostridiaceae","Asteroleplasma","none","OTU","seq495"
"seq496","Bacteria","Bacteroidota","Bacteroidia","Bacteroidales","Prevotellaceae","Prevotella","none","OTU","seq496"
"seq497","Bacteria","Firmicutes","Clostridia","Oscillospirales","Ruminococcaceae","Ruminococcus","none","OTU","seq497"
"seq498","Bacteria","Actinobacteriota","Actinobacteria","Bifidobacteriales","Bifidobacteriaceae","Bifidobacterium","none","OTU","seq498"
"seq499","Bacteria","Bacteroidota","Bacteroidia","Bacteroidales","Prevotellaceae","Prevotella_7","none","OTU","seq499"
"seq5","Bacteria","Bacteroidota","Bacteroidia","Bacteroidales","Prevotellaceae","Prevotella_9","none","OTU","seq5"
"seq50","Bacteria","Bacteroidota","Bacteroidia","Bacteroidales","Prevotellaceae","Prevotella_9","none","OTU","seq50"
"seq500","Bacteria","Bacteroidota","Bacteroidia","Bacteroidales","Prevotellaceae","Prevotella_9","none","OTU","seq500"
"seq501","Bacteria","Firmicutes","Bacilli","Erysipelotrichales","Erysipelatoclostridiaceae","Asteroleplasma","none","OTU","seq501"
"seq502","Bacteria","Bacteroidota","Bacteroidia","Bacteroidales","Muribaculaceae","none","none","OTU","seq502"
"seq503","Bacteria","Firmicutes","Clostridia","Clostridiales","Clostridiaceae","Clostridium sensu stricto 1","none","OTU","seq503"
"seq504","Archaea","Euryarchaeota","Methanobacteria","Methanobacteriales","Methanobacteriaceae","Methanobrevibacter","none","OTU","seq504"
"seq505","Bacteria","Firmicutes","Clostridia","Lachnospirales","Lachnospiraceae","none","none","OTU","seq505"
"seq506","Bacteria","Firmicutes","Clostridia","Oscillospirales","Oscillospiraceae","UCG-002","none","OTU","seq506"
"seq507","Bacteria","Firmicutes","Clostridia","Peptostreptococcales-Tissierellales","Peptostreptococcaceae","Romboutsia","none","OTU","seq507"
"seq508","Bacteria","Bacteroidota","Bacteroidia","Bacteroidales","Muribaculaceae","none","none","OTU","seq508"
"seq509","Bacteria","Firmicutes","Bacilli","Erysipelotrichales","Erysipelotrichaceae","Holdemanella","none","OTU","seq509"
"seq51","Bacteria","Proteobacteria","Gammaproteobacteria","Enterobacterales","Succinivibrionaceae","Succinivibrio","none","OTU","seq51"
"seq510","Bacteria","Bacteroidota","Bacteroidia","Bacteroidales","Prevotellaceae","Prevotella","none","OTU","seq510"
"seq511","Bacteria","Firmicutes","Clostridia","Clostridiales","Clostridiaceae","Clostridium sensu stricto 1","none","OTU","seq511"
"seq512","Bacteria","Firmicutes","Bacilli","Erysipelotrichales","Erysipelotrichaceae","Holdemanella","none","OTU","seq512"
"seq513","Bacteria","Firmicutes","Clostridia","Oscillospirales","Ruminococcaceae","Subdoligranulum","none","OTU","seq513"
"seq514","Bacteria","Spirochaetota","Spirochaetia","Spirochaetales","Spirochaetaceae","Treponema","none","OTU","seq514"
"seq515","Bacteria","Actinobacteriota","Actinobacteria","Bifidobacteriales","Bifidobacteriaceae","Bifidobacterium","none","OTU","seq515"
"seq516","Bacteria","Bacteroidota","Bacteroidia","Bacteroidales","Prevotellaceae","Alloprevotella","none","OTU","seq516"
"seq517","Bacteria","Firmicutes","Clostridia","Clostridiales","Clostridiaceae","Clostridium sensu stricto 1","none","OTU","seq517"
"seq518","Bacteria","Firmicutes","Clostridia","Lachnospirales","Lachnospiraceae","Blautia","none","OTU","seq518"
"seq519","Bacteria","Firmicutes","Clostridia","Lachnospirales","Lachnospiraceae","Dorea","none","OTU","seq519"
"seq52","Bacteria","Bacteroidota","Bacteroidia","Bacteroidales","Prevotellaceae","Prevotella_9","none","OTU","seq52"
"seq520","Bacteria","Firmicutes","Clostridia","Oscillospirales","Ruminococcaceae","Faecalibacterium","none","OTU","seq520"
"seq521","Bacteria","Firmicutes","Clostridia","Oscillospirales","Oscillospiraceae","UCG-005","none","OTU","seq521"
"seq522","Bacteria","Bacteroidota","Bacteroidia","Bacteroidales","Prevotellaceae","Alloprevotella","none","OTU","seq522"
"seq523","Bacteria","Firmicutes","Clostridia","Lachnospirales","Lachnospiraceae","Lachnospiraceae NK4A136 group","none","OTU","seq523"
"seq524","Bacteria","Firmicutes","Clostridia","Peptostreptococcales-Tissierellales","Peptostreptococcaceae","Romboutsia","none","OTU","seq524"
"seq525","Bacteria","Firmicutes","Clostridia","Clostridiales","Clostridiaceae","Clostridium sensu stricto 1","none","OTU","seq525"
"seq526","Bacteria","Firmicutes","Clostridia","Peptostreptococcales-Tissierellales","Peptostreptococcaceae","Romboutsia","none","OTU","seq526"
"seq527","Bacteria","Firmicutes","Bacilli","Erysipelotrichales","Erysipelotrichaceae","Holdemanella","none","OTU","seq527"
"seq528","Bacteria","Bacteroidota","Bacteroidia","Bacteroidales","Prevotellaceae","Prevotella","none","OTU","seq528"
"seq529","Bacteria","Proteobacteria","Gammaproteobacteria","Enterobacterales","Pasteurellaceae","Haemophilus","none","OTU","seq529"
"seq53","Bacteria","Proteobacteria","Gammaproteobacteria","Enterobacterales","Succinivibrionaceae","Succinivibrio","none","OTU","seq53"
"seq530","Bacteria","Bacteroidota","Bacteroidia","Bacteroidales","Prevotellaceae","Prevotella_7","none","OTU","seq530"
"seq531","Bacteria","Firmicutes","Clostridia","Oscillospirales","Ruminococcaceae","Faecalibacterium","none","OTU","seq531"
"seq532","Bacteria","Proteobacteria","Gammaproteobacteria","Enterobacterales","Pasteurellaceae","Conservatibacter","none","OTU","seq532"
"seq533","Bacteria","Firmicutes","Clostridia","Lachnospirales","Lachnospiraceae","Lachnospiraceae NK4A136 group","none","OTU","seq533"
"seq534","Bacteria","Firmicutes","Clostridia","Lachnospirales","Lachnospiraceae","Blautia","none","OTU","seq534"
"seq535","Bacteria","Firmicutes","Bacilli","Erysipelotrichales","Erysipelatoclostridiaceae","Asteroleplasma","none","OTU","seq535"
"seq536","Bacteria","Bacteroidota","Bacteroidia","Bacteroidales","Prevotellaceae","Prevotella","none","OTU","seq536"
"seq537","Bacteria","Bacteroidota","Bacteroidia","Bacteroidales","Muribaculaceae","none","none","OTU","seq537"
"seq538","Bacteria","Bacteroidota","Bacteroidia","Bacteroidales","Prevotellaceae","Prevotella","none","OTU","seq538"
"seq539","Bacteria","Bacteroidota","Bacteroidia","Bacteroidales","Prevotellaceae","Prevotella_9","none","OTU","seq539"
"seq54","Bacteria","Bacteroidota","Bacteroidia","Bacteroidales","Prevotellaceae","Prevotella_9","none","OTU","seq54"
"seq540","Bacteria","Bacteroidota","Bacteroidia","Bacteroidales","Prevotellaceae","Prevotella","none","OTU","seq540"
"seq541","Bacteria","Actinobacteriota","Coriobacteriia","Coriobacteriales","Coriobacteriaceae","Collinsella","none","OTU","seq541"
"seq542","Bacteria","Firmicutes","Clostridia","Oscillospirales","Ruminococcaceae","Ruminococcus","none","OTU","seq542"
"seq543","Bacteria","Firmicutes","Clostridia","Lachnospirales","Lachnospiraceae","Coprococcus","none","OTU","seq543"
"seq544","Bacteria","Bacteroidota","Bacteroidia","Bacteroidales","Prevotellaceae","Alloprevotella","none","OTU","seq544"
"seq545","Bacteria","Firmicutes","Clostridia","Oscillospirales","Ruminococcaceae","CAG-352","none","OTU","seq545"
"seq546","Bacteria","Actinobacteriota","Actinobacteria","Bifidobacteriales","Bifidobacteriaceae","Bifidobacterium","none","OTU","seq546"
"seq547","Bacteria","Firmicutes","Clostridia","Oscillospirales","Ruminococcaceae","Ruminococcus","none","OTU","seq547"
"seq548","Bacteria","Firmicutes","Negativicutes","Acidaminococcales","Acidaminococcaceae","Phascolarctobacterium","none","OTU","seq548"
"seq549","Bacteria","Actinobacteriota","Actinobacteria","Bifidobacteriales","Bifidobacteriaceae","Bifidobacterium","none","OTU","seq549"
"seq55","Bacteria","Proteobacteria","Gammaproteobacteria","Enterobacterales","Succinivibrionaceae","none","none","OTU","seq55"
"seq550","Bacteria","Firmicutes","Clostridia","Lachnospirales","Lachnospiraceae","[Eubacterium] hallii group","none","OTU","seq550"
"seq551","Bacteria","Bacteroidota","Bacteroidia","Bacteroidales","Prevotellaceae","Prevotella_7","none","OTU","seq551"
"seq552","Bacteria","Firmicutes","Clostridia","Lachnospirales","Lachnospiraceae","[Ruminococcus] torques group","none","OTU","seq552"
"seq553","Bacteria","Firmicutes","Clostridia","Lachnospirales","Lachnospiraceae","Coprococcus","none","OTU","seq553"
"seq554","Bacteria","Firmicutes","Clostridia","Oscillospirales","Ruminococcaceae","Subdoligranulum","none","OTU","seq554"
"seq555","Bacteria","Actinobacteriota","Actinobacteria","Bifidobacteriales","Bifidobacteriaceae","Bifidobacterium","none","OTU","seq555"
"seq556","Bacteria","Firmicutes","Clostridia","Clostridiales","Clostridiaceae","Clostridium sensu stricto 1","none","OTU","seq556"
"seq557","Bacteria","Firmicutes","Clostridia","Oscillospirales","Ruminococcaceae","Ruminococcus","none","OTU","seq557"
"seq558","Bacteria","Firmicutes","Bacilli","Erysipelotrichales","Erysipelotrichaceae","Holdemanella","none","OTU","seq558"
"seq559","Bacteria","Firmicutes","Bacilli","Erysipelotrichales","Erysipelotrichaceae","Turicibacter","none","OTU","seq559"
"seq56","Bacteria","Bacteroidota","Bacteroidia","Bacteroidales","Prevotellaceae","Prevotella_9","none","OTU","seq56"
"seq560","Bacteria","Firmicutes","Bacilli","Lactobacillales","Streptococcaceae","Streptococcus","none","OTU","seq560"
"seq561","Bacteria","Firmicutes","Clostridia","Lachnospirales","Lachnospiraceae","Blautia","none","OTU","seq561"
"seq562","Bacteria","Firmicutes","Clostridia","Lachnospirales","Lachnospiraceae","[Eubacterium] hallii group","none","OTU","seq562"
"seq563","Bacteria","Firmicutes","Clostridia","Peptostreptococcales-Tissierellales","Peptostreptococcaceae","Romboutsia","none","OTU","seq563"
"seq564","Bacteria","Bacteroidota","Bacteroidia","Bacteroidales","Prevotellaceae","Prevotella_9","none","OTU","seq564"
"seq565","Bacteria","Bacteroidota","Bacteroidia","Bacteroidales","Prevotellaceae","Prevotella","none","OTU","seq565"
"seq566","Bacteria","Bacteroidota","Bacteroidia","Bacteroidales","Prevotellaceae","Prevotella_9","none","OTU","seq566"
"seq567","Bacteria","Actinobacteriota","Coriobacteriia","Coriobacteriales","Coriobacteriaceae","Collinsella","none","OTU","seq567"
"seq568","Bacteria","Firmicutes","Clostridia","Lachnospirales","Lachnospiraceae","Lachnospiraceae NK4A136 group","none","OTU","seq568"
"seq57","Bacteria","Bacteroidota","Bacteroidia","Bacteroidales","Prevotellaceae","Prevotella_9","none","OTU","seq57"
"seq570","Bacteria","Firmicutes","Clostridia","Peptostreptococcales-Tissierellales","Peptostreptococcaceae","Terrisporobacter","none","OTU","seq570"
"seq571","Bacteria","Bacteroidota","Bacteroidia","Bacteroidales","Prevotellaceae","Alloprevotella","none","OTU","seq571"
"seq572","Bacteria","Firmicutes","Clostridia","Clostridiales","Clostridiaceae","Clostridium sensu stricto 1","none","OTU","seq572"
"seq573","Bacteria","Firmicutes","Bacilli","Erysipelotrichales","Erysipelatoclostridiaceae","Erysipelotrichaceae UCG-003","none","OTU","seq573"
"seq574","Bacteria","Firmicutes","Bacilli","Lactobacillales","Streptococcaceae","Streptococcus","none","OTU","seq574"
"seq575","Bacteria","Firmicutes","Bacilli","Erysipelotrichales","Erysipelotrichaceae","Holdemanella","none","OTU","seq575"
"seq576","Bacteria","Firmicutes","Bacilli","Erysipelotrichales","Erysipelotrichaceae","Holdemanella","none","OTU","seq576"
"seq577","Bacteria","Bacteroidota","Bacteroidia","Bacteroidales","Prevotellaceae","Prevotella_9","none","OTU","seq577"
"seq578","Bacteria","Bacteroidota","Bacteroidia","Bacteroidales","Prevotellaceae","Prevotella_9","none","OTU","seq578"
"seq579","Bacteria","Firmicutes","Bacilli","Lactobacillales","Streptococcaceae","Streptococcus","none","OTU","seq579"
"seq58","Bacteria","Proteobacteria","Gammaproteobacteria","Enterobacterales","Succinivibrionaceae","none","none","OTU","seq58"
"seq580","Bacteria","Firmicutes","Clostridia","Oscillospirales","Ruminococcaceae","CAG-352","none","OTU","seq580"
"seq581","Bacteria","Firmicutes","Clostridia","Oscillospirales","Butyricicoccaceae","Butyricicoccus","none","OTU","seq581"
"seq582","Bacteria","Firmicutes","Clostridia","Oscillospirales","Ruminococcaceae","Faecalibacterium","none","OTU","seq582"
"seq583","Bacteria","Firmicutes","Clostridia","Clostridiales","Clostridiaceae","Clostridium sensu stricto 1","none","OTU","seq583"
"seq584","Bacteria","Firmicutes","Clostridia","Oscillospirales","Oscillospiraceae","UCG-005","none","OTU","seq584"
"seq585","Bacteria","Firmicutes","Clostridia","Lachnospirales","Lachnospiraceae","Dorea","none","OTU","seq585"
"seq586","Bacteria","Firmicutes","Clostridia","Oscillospirales","Ruminococcaceae","Ruminococcus","none","OTU","seq586"
"seq587","Bacteria","Firmicutes","Clostridia","Christensenellales","Christensenellaceae","Christensenellaceae R-7 group","none","OTU","seq587"
"seq588","Bacteria","Bacteroidota","Bacteroidia","Bacteroidales","Prevotellaceae","Prevotella","none","OTU","seq588"
"seq589","Bacteria","Bacteroidota","Bacteroidia","Bacteroidales","Prevotellaceae","Prevotella_9","none","OTU","seq589"
"seq59","Bacteria","Firmicutes","Clostridia","Oscillospirales","Ruminococcaceae","Faecalibacterium","none","OTU","seq59"
"seq590","Bacteria","Bacteroidota","Bacteroidia","Bacteroidales","Prevotellaceae","Prevotella_9","none","OTU","seq590"
"seq591","Bacteria","Actinobacteriota","Actinobacteria","Bifidobacteriales","Bifidobacteriaceae","Bifidobacterium","none","OTU","seq591"
"seq592","Bacteria","Firmicutes","Clostridia","Lachnospirales","Lachnospiraceae","[Eubacterium] hallii group","none","OTU","seq592"
"seq593","Bacteria","Bacteroidota","Bacteroidia","Bacteroidales","Prevotellaceae","Prevotella_9","none","OTU","seq593"
"seq594","Bacteria","Bacteroidota","Bacteroidia","Bacteroidales","Prevotellaceae","Prevotella_9","none","OTU","seq594"
"seq595","Bacteria","Firmicutes","Clostridia","Oscillospirales","Ruminococcaceae","CAG-352","none","OTU","seq595"
"seq596","Bacteria","Firmicutes","Clostridia","Lachnospirales","Lachnospiraceae","Fusicatenibacter","none","OTU","seq596"
"seq597","Bacteria","Firmicutes","Negativicutes","Acidaminococcales","Acidaminococcaceae","Phascolarctobacterium","none","OTU","seq597"
"seq598","Bacteria","Bacteroidota","Bacteroidia","Bacteroidales","Prevotellaceae","Prevotella_9","none","OTU","seq598"
"seq599","Bacteria","Firmicutes","Clostridia","Oscillospirales","Ruminococcaceae","CAG-352","none","OTU","seq599"
"seq6","Bacteria","Bacteroidota","Bacteroidia","Bacteroidales","Prevotellaceae","Prevotella_9","none","OTU","seq6"
"seq60","Bacteria","Bacteroidota","Bacteroidia","Bacteroidales","Prevotellaceae","Prevotella_9","none","OTU","seq60"
"seq600","Bacteria","Firmicutes","Bacilli","Erysipelotrichales","Erysipelatoclostridiaceae","Asteroleplasma","none","OTU","seq600"
"seq601","Bacteria","Bacteroidota","Bacteroidia","Bacteroidales","Prevotellaceae","Prevotella_9","none","OTU","seq601"
"seq602","Bacteria","Bacteroidota","Bacteroidia","Bacteroidales","Prevotellaceae","none","none","OTU","seq602"
"seq603","Bacteria","Firmicutes","Clostridia","Oscillospirales","Ruminococcaceae","Faecalibacterium","none","OTU","seq603"
"seq604","Bacteria","Firmicutes","Clostridia","Lachnospirales","Lachnospiraceae","Blautia","none","OTU","seq604"
"seq605","Bacteria","Firmicutes","Negativicutes","Acidaminococcales","Acidaminococcaceae","Phascolarctobacterium","none","OTU","seq605"
"seq606","Bacteria","Firmicutes","Clostridia","Clostridiales","Clostridiaceae","Sarcina","none","OTU","seq606"
"seq607","Bacteria","Actinobacteriota","Coriobacteriia","Coriobacteriales","Coriobacteriaceae","Collinsella","none","OTU","seq607"
"seq608","Bacteria","Actinobacteriota","Actinobacteria","Bifidobacteriales","Bifidobacteriaceae","Bifidobacterium","none","OTU","seq608"
"seq609","Bacteria","Firmicutes","Negativicutes","Acidaminococcales","Acidaminococcaceae","Phascolarctobacterium","none","OTU","seq609"
"seq61","Bacteria","Firmicutes","Negativicutes","Veillonellales-Selenomonadales","Veillonellaceae","Dialister","none","OTU","seq61"
"seq610","Bacteria","Firmicutes","Clostridia","Peptostreptococcales-Tissierellales","Peptostreptococcaceae","Intestinibacter","none","OTU","seq610"
"seq611","Bacteria","Spirochaetota","Spirochaetia","Spirochaetales","Spirochaetaceae","Treponema","none","OTU","seq611"
"seq612","Bacteria","Bacteroidota","Bacteroidia","Bacteroidales","Prevotellaceae","Alloprevotella","none","OTU","seq612"
"seq613","Bacteria","Firmicutes","Clostridia","Lachnospirales","Lachnospiraceae","Blautia","none","OTU","seq613"
"seq614","Bacteria","Firmicutes","Clostridia","Oscillospirales","Ruminococcaceae","Faecalibacterium","none","OTU","seq614"
"seq615","Bacteria","Firmicutes","Clostridia","Lachnospirales","Lachnospiraceae","Marvinbryantia","none","OTU","seq615"
"seq616","Bacteria","Actinobacteriota","Coriobacteriia","Coriobacteriales","Coriobacteriaceae","Collinsella","none","OTU","seq616"
"seq617","Bacteria","Firmicutes","Clostridia","Lachnospirales","Lachnospiraceae","Blautia","none","OTU","seq617"
"seq618","Bacteria","Bacteroidota","Bacteroidia","Bacteroidales","Prevotellaceae","Alloprevotella","none","OTU","seq618"
"seq619","Bacteria","Firmicutes","Bacilli","Erysipelotrichales","Erysipelatoclostridiaceae","Erysipelotrichaceae UCG-003","none","OTU","seq619"
"seq62","Bacteria","Bacteroidota","Bacteroidia","Bacteroidales","Prevotellaceae","Prevotella_9","none","OTU","seq62"
"seq620","Bacteria","Firmicutes","Negativicutes","Acidaminococcales","Acidaminococcaceae","Phascolarctobacterium","none","OTU","seq620"
"seq621","Bacteria","Bacteroidota","Bacteroidia","Bacteroidales","Prevotellaceae","Prevotella","none","OTU","seq621"
"seq622","Bacteria","Firmicutes","Clostridia","Oscillospirales","Oscillospiraceae","UCG-005","none","OTU","seq622"
"seq623","Bacteria","Bacteroidota","Bacteroidia","Bacteroidales","Prevotellaceae","Prevotella_7","none","OTU","seq623"
"seq624","Bacteria","Firmicutes","Bacilli","Lactobacillales","Streptococcaceae","Streptococcus","none","OTU","seq624"
"seq625","Bacteria","Firmicutes","Bacilli","Erysipelotrichales","Erysipelotrichaceae","Holdemanella","none","OTU","seq625"
"seq626","Bacteria","Firmicutes","Clostridia","Lachnospirales","Lachnospiraceae","Lachnospiraceae NK3A20 group","none","OTU","seq626"
"seq627","Bacteria","Bacteroidota","Bacteroidia","Bacteroidales","Prevotellaceae","Prevotella_9","none","OTU","seq627"
"seq628","Bacteria","Actinobacteriota","Coriobacteriia","Coriobacteriales","Coriobacteriaceae","Collinsella","none","OTU","seq628"
"seq629","Archaea","Euryarchaeota","Methanobacteria","Methanobacteriales","Methanobacteriaceae","Methanobrevibacter","none","OTU","seq629"
"seq63","Bacteria","Proteobacteria","Gammaproteobacteria","Enterobacterales","Succinivibrionaceae","Succinivibrio","none","OTU","seq63"
"seq630","Bacteria","Bacteroidota","Bacteroidia","Bacteroidales","Prevotellaceae","Prevotella","none","OTU","seq630"
"seq631","Bacteria","Firmicutes","Clostridia","Lachnospirales","Lachnospiraceae","Fusicatenibacter","none","OTU","seq631"
"seq632","Bacteria","Firmicutes","Clostridia","Clostridiales","Clostridiaceae","Clostridium sensu stricto 1","none","OTU","seq632"
"seq633","Bacteria","Firmicutes","Clostridia","Clostridiales","Clostridiaceae","Sarcina","none","OTU","seq633"
"seq634","Bacteria","Firmicutes","Bacilli","Erysipelotrichales","Erysipelotrichaceae","Holdemanella","none","OTU","seq634"
"seq635","Bacteria","Firmicutes","Clostridia","Oscillospirales","Oscillospiraceae","UCG-005","none","OTU","seq635"
"seq636","Bacteria","Bacteroidota","Bacteroidia","Bacteroidales","Prevotellaceae","Prevotella","none","OTU","seq636"
"seq637","Bacteria","Firmicutes","Negativicutes","Acidaminococcales","Acidaminococcaceae","Phascolarctobacterium","none","OTU","seq637"
"seq638","Bacteria","Actinobacteriota","Actinobacteria","Bifidobacteriales","Bifidobacteriaceae","Bifidobacterium","none","OTU","seq638"
"seq639","Bacteria","Firmicutes","Clostridia","Oscillospirales","Ruminococcaceae","Ruminococcus","none","OTU","seq639"
"seq64","Bacteria","Firmicutes","Clostridia","Oscillospirales","Ruminococcaceae","Faecalibacterium","none","OTU","seq64"
"seq640","Bacteria","Firmicutes","Clostridia","Clostridiales","Clostridiaceae","Clostridium sensu stricto 1","none","OTU","seq640"
"seq641","Bacteria","Bacteroidota","Bacteroidia","Bacteroidales","Prevotellaceae","Prevotella_9","none","OTU","seq641"
"seq642","Bacteria","Firmicutes","Clostridia","Oscillospirales","Ruminococcaceae","Ruminococcus","none","OTU","seq642"
"seq643","Bacteria","Bacteroidota","Bacteroidia","Bacteroidales","Prevotellaceae","Prevotella","none","OTU","seq643"
"seq644","Bacteria","Firmicutes","Bacilli","Erysipelotrichales","Erysipelatoclostridiaceae","Erysipelotrichaceae UCG-003","none","OTU","seq644"
"seq645","Bacteria","Firmicutes","Bacilli","Lactobacillales","Streptococcaceae","Streptococcus","none","OTU","seq645"
"seq646","Bacteria","Firmicutes","Clostridia","Oscillospirales","Oscillospiraceae","UCG-002","none","OTU","seq646"
"seq647","Bacteria","Firmicutes","Clostridia","Oscillospirales","Ruminococcaceae","Faecalibacterium","none","OTU","seq647"
"seq648","Bacteria","Bacteroidota","Bacteroidia","Bacteroidales","Prevotellaceae","Alloprevotella","none","OTU","seq648"
"seq649","Bacteria","Firmicutes","Clostridia","Lachnospirales","Lachnospiraceae","Lachnospiraceae NK4A136 group","none","OTU","seq649"
"seq65","Bacteria","Firmicutes","Clostridia","Oscillospirales","Ruminococcaceae","Faecalibacterium","none","OTU","seq65"
"seq650","Bacteria","Firmicutes","Clostridia","Oscillospirales","Ruminococcaceae","Ruminococcus","none","OTU","seq650"
"seq651","Bacteria","Firmicutes","Clostridia","Oscillospirales","Ruminococcaceae","CAG-352","none","OTU","seq651"
"seq652","Bacteria","Firmicutes","Bacilli","Erysipelotrichales","Erysipelatoclostridiaceae","Erysipelotrichaceae UCG-003","none","OTU","seq652"
"seq653","Bacteria","Actinobacteriota","Coriobacteriia","Coriobacteriales","Coriobacteriaceae","Collinsella","none","OTU","seq653"
"seq654","Bacteria","Bacteroidota","Bacteroidia","Bacteroidales","Prevotellaceae","Prevotella_9","none","OTU","seq654"
"seq655","Bacteria","Bacteroidota","Bacteroidia","Bacteroidales","Prevotellaceae","Prevotella_7","none","OTU","seq655"
"seq656","Bacteria","Firmicutes","Clostridia","Lachnospirales","Lachnospiraceae","Lachnospiraceae NK4A136 group","none","OTU","seq656"
"seq657","Bacteria","Bacteroidota","Bacteroidia","Bacteroidales","Muribaculaceae","none","none","OTU","seq657"
"seq658","Bacteria","Bacteroidota","Bacteroidia","Bacteroidales","Prevotellaceae","Prevotella_7","none","OTU","seq658"
"seq659","Bacteria","Firmicutes","Clostridia","Lachnospirales","Lachnospiraceae","[Ruminococcus] gauvreauii group","none","OTU","seq659"
"seq66","Bacteria","Proteobacteria","Gammaproteobacteria","Enterobacterales","Succinivibrionaceae","Succinivibrio","none","OTU","seq66"
"seq660","Bacteria","Bacteroidota","Bacteroidia","Bacteroidales","Prevotellaceae","Alloprevotella","none","OTU","seq660"
"seq661","Bacteria","Firmicutes","Clostridia","Clostridiales","Clostridiaceae","Sarcina","none","OTU","seq661"
"seq662","Bacteria","Actinobacteriota","Actinobacteria","Bifidobacteriales","Bifidobacteriaceae","Bifidobacterium","none","OTU","seq662"
"seq663","Bacteria","Firmicutes","Bacilli","Lactobacillales","Streptococcaceae","Streptococcus","none","OTU","seq663"
"seq664","Bacteria","Bacteroidota","Bacteroidia","Bacteroidales","Prevotellaceae","Prevotella","none","OTU","seq664"
"seq665","Bacteria","Firmicutes","Clostridia","Clostridiales","Clostridiaceae","Clostridium sensu stricto 1","none","OTU","seq665"
"seq666","Bacteria","Bacteroidota","Bacteroidia","Bacteroidales","Prevotellaceae","Prevotella_7","none","OTU","seq666"
"seq667","Bacteria","Firmicutes","Bacilli","Lactobacillales","Streptococcaceae","Streptococcus","none","OTU","seq667"
"seq668","Bacteria","Actinobacteriota","Actinobacteria","Bifidobacteriales","Bifidobacteriaceae","Bifidobacterium","none","OTU","seq668"
"seq669","Bacteria","Firmicutes","Clostridia","Peptostreptococcales-Tissierellales","Peptostreptococcaceae","Romboutsia","none","OTU","seq669"
"seq67","Bacteria","Bacteroidota","Bacteroidia","Bacteroidales","Prevotellaceae","Prevotella_9","none","OTU","seq67"
"seq670","Bacteria","Bacteroidota","Bacteroidia","Bacteroidales","Prevotellaceae","Alloprevotella","none","OTU","seq670"
"seq671","Bacteria","Firmicutes","Bacilli","Erysipelotrichales","Erysipelatoclostridiaceae","Catenibacterium","none","OTU","seq671"
"seq672","Bacteria","Firmicutes","Clostridia","Clostridiales","Clostridiaceae","Clostridium sensu stricto 1","none","OTU","seq672"
"seq673","Bacteria","Firmicutes","Clostridia","Lachnospirales","Lachnospiraceae","Blautia","none","OTU","seq673"
"seq674","Bacteria","Firmicutes","Clostridia","Lachnospirales","Lachnospiraceae","Blautia","none","OTU","seq674"
"seq675","Bacteria","Firmicutes","Clostridia","Clostridiales","Clostridiaceae","Sarcina","none","OTU","seq675"
"seq676","Bacteria","Bacteroidota","Bacteroidia","Bacteroidales","Prevotellaceae","Alloprevotella","none","OTU","seq676"
"seq677","Bacteria","Firmicutes","Clostridia","Oscillospirales","Ruminococcaceae","Ruminococcus","none","OTU","seq677"
"seq678","Bacteria","Firmicutes","Clostridia","Oscillospirales","Oscillospiraceae","UCG-002","none","OTU","seq678"
"seq679","Bacteria","Firmicutes","Clostridia","Clostridiales","Clostridiaceae","Sarcina","none","OTU","seq679"
"seq68","Bacteria","Bacteroidota","Bacteroidia","Bacteroidales","Prevotellaceae","Prevotella_9","none","OTU","seq68"
"seq680","Bacteria","Firmicutes","Clostridia","Oscillospirales","Ruminococcaceae","Faecalibacterium","none","OTU","seq680"
"seq681","Bacteria","Firmicutes","Clostridia","Lachnospirales","Lachnospiraceae","Lachnospiraceae NK4A136 group","none","OTU","seq681"
"seq682","Bacteria","Firmicutes","Negativicutes","Acidaminococcales","Acidaminococcaceae","Phascolarctobacterium","none","OTU","seq682"
"seq683","Bacteria","Bacteroidota","Bacteroidia","Bacteroidales","Prevotellaceae","Alloprevotella","none","OTU","seq683"
"seq684","Bacteria","Actinobacteriota","Actinobacteria","Bifidobacteriales","Bifidobacteriaceae","Bifidobacterium","none","OTU","seq684"
"seq685","Bacteria","Bacteroidota","Bacteroidia","Bacteroidales","Prevotellaceae","Prevotella","none","OTU","seq685"
"seq686","Bacteria","Firmicutes","Clostridia","Peptostreptococcales-Tissierellales","Peptostreptococcaceae","Romboutsia","none","OTU","seq686"
"seq687","Bacteria","Actinobacteriota","Coriobacteriia","Coriobacteriales","Coriobacteriaceae","Collinsella","none","OTU","seq687"
"seq688","Bacteria","Firmicutes","Clostridia","Clostridiales","Clostridiaceae","Sarcina","none","OTU","seq688"
"seq689","Bacteria","Bacteroidota","Bacteroidia","Bacteroidales","Prevotellaceae","Prevotella_7","none","OTU","seq689"
"seq69","Bacteria","Bacteroidota","Bacteroidia","Bacteroidales","Prevotellaceae","Prevotella_9","none","OTU","seq69"
"seq690","Bacteria","Firmicutes","Clostridia","Christensenellales","Christensenellaceae","Christensenellaceae R-7 group","none","OTU","seq690"
"seq691","Bacteria","Firmicutes","Clostridia","Lachnospirales","Lachnospiraceae","Lachnospiraceae NK4A136 group","none","OTU","seq691"
"seq692","Bacteria","Firmicutes","Bacilli","Erysipelotrichales","Erysipelotrichaceae","Holdemanella","none","OTU","seq692"
"seq693","Bacteria","Bacteroidota","Bacteroidia","Bacteroidales","Prevotellaceae","Prevotella_9","none","OTU","seq693"
"seq694","Bacteria","Firmicutes","Bacilli","Erysipelotrichales","Erysipelatoclostridiaceae","Catenibacterium","none","OTU","seq694"
"seq695","Bacteria","Bacteroidota","Bacteroidia","Bacteroidales","Prevotellaceae","Prevotella","none","OTU","seq695"
"seq696","Bacteria","Firmicutes","Clostridia","Clostridiales","Clostridiaceae","Clostridium sensu stricto 1","none","OTU","seq696"
"seq697","Bacteria","Bacteroidota","Bacteroidia","Bacteroidales","Prevotellaceae","Prevotella_7","none","OTU","seq697"
"seq698","Bacteria","Firmicutes","Negativicutes","Acidaminococcales","Acidaminococcaceae","Phascolarctobacterium","none","OTU","seq698"
"seq699","Bacteria","Firmicutes","Clostridia","Oscillospirales","Ruminococcaceae","Faecalibacterium","none","OTU","seq699"
"seq7","Bacteria","Bacteroidota","Bacteroidia","Bacteroidales","Prevotellaceae","Prevotella_9","none","OTU","seq7"
"seq70","Bacteria","Proteobacteria","Gammaproteobacteria","Enterobacterales","Succinivibrionaceae","Succinivibrio","none","OTU","seq70"
"seq700","Bacteria","Firmicutes","Clostridia","Lachnospirales","Lachnospiraceae","[Eubacterium] hallii group","none","OTU","seq700"
"seq701","Bacteria","Firmicutes","Bacilli","Erysipelotrichales","Erysipelatoclostridiaceae","Erysipelotrichaceae UCG-003","none","OTU","seq701"
"seq702","Bacteria","Bacteroidota","Bacteroidia","Bacteroidales","Prevotellaceae","Alloprevotella","none","OTU","seq702"
"seq703","Bacteria","Firmicutes","Bacilli","Erysipelotrichales","Erysipelatoclostridiaceae","Catenibacterium","none","OTU","seq703"
"seq704","Bacteria","Bacteroidota","Bacteroidia","Bacteroidales","Prevotellaceae","Alloprevotella","none","OTU","seq704"
"seq705","Bacteria","Elusimicrobiota","Elusimicrobia","Elusimicrobiales","Elusimicrobiaceae","Elusimicrobium","none","OTU","seq705"
"seq706","Bacteria","Firmicutes","Clostridia","Oscillospirales","Oscillospiraceae","UCG-005","none","OTU","seq706"
"seq707","Bacteria","Firmicutes","Bacilli","Lactobacillales","Streptococcaceae","Streptococcus","none","OTU","seq707"
"seq708","Bacteria","Bacteroidota","Bacteroidia","Bacteroidales","Prevotellaceae","Prevotella","none","OTU","seq708"
"seq709","Bacteria","Bacteroidota","Bacteroidia","Bacteroidales","Prevotellaceae","Prevotella_9","none","OTU","seq709"
"seq71","Bacteria","Bacteroidota","Bacteroidia","Bacteroidales","Prevotellaceae","Prevotella_9","none","OTU","seq71"
"seq710","Bacteria","Firmicutes","Clostridia","Lachnospirales","Lachnospiraceae","none","none","OTU","seq710"
"seq711","Bacteria","Actinobacteriota","Coriobacteriia","Coriobacteriales","Coriobacteriaceae","Collinsella","none","OTU","seq711"
"seq712","Bacteria","Firmicutes","Clostridia","Oscillospirales","Ruminococcaceae","Faecalibacterium","none","OTU","seq712"
"seq713","Bacteria","Actinobacteriota","Actinobacteria","Bifidobacteriales","Bifidobacteriaceae","Bifidobacterium","none","OTU","seq713"
"seq714","Bacteria","Firmicutes","Clostridia","Clostridiales","Clostridiaceae","Sarcina","none","OTU","seq714"
"seq715","Bacteria","Firmicutes","Clostridia","Lachnospirales","Lachnospiraceae","Dorea","none","OTU","seq715"
"seq716","Bacteria","Bacteroidota","Bacteroidia","Bacteroidales","Prevotellaceae","Prevotella_7","none","OTU","seq716"
"seq717","Bacteria","Firmicutes","Clostridia","Oscillospirales","Ruminococcaceae","Fournierella","none","OTU","seq717"
"seq718","Bacteria","Firmicutes","Clostridia","Lachnospirales","Lachnospiraceae","Lachnospiraceae NK4A136 group","none","OTU","seq718"
"seq719","Bacteria","Bacteroidota","Bacteroidia","Bacteroidales","Prevotellaceae","Prevotella_9","none","OTU","seq719"
"seq72","Bacteria","Proteobacteria","Gammaproteobacteria","Enterobacterales","Succinivibrionaceae","none","none","OTU","seq72"
"seq720","Bacteria","Bacteroidota","Bacteroidia","Bacteroidales","Prevotellaceae","Alloprevotella","none","OTU","seq720"
"seq721","Bacteria","Firmicutes","Clostridia","Lachnospirales","Lachnospiraceae","Dorea","none","OTU","seq721"
"seq722","Bacteria","Firmicutes","Clostridia","Peptostreptococcales-Tissierellales","Peptostreptococcaceae","Romboutsia","none","OTU","seq722"
"seq723","Bacteria","Firmicutes","Bacilli","Erysipelotrichales","Erysipelatoclostridiaceae","Erysipelotrichaceae UCG-003","none","OTU","seq723"
"seq724","Bacteria","Firmicutes","Bacilli","Lactobacillales","Streptococcaceae","Streptococcus","none","OTU","seq724"
"seq725","Bacteria","Firmicutes","Clostridia","Oscillospirales","Ruminococcaceae","Faecalibacterium","none","OTU","seq725"
"seq726","Bacteria","Actinobacteriota","Coriobacteriia","Coriobacteriales","Coriobacteriaceae","Collinsella","none","OTU","seq726"
"seq727","Bacteria","Firmicutes","Bacilli","Erysipelotrichales","Erysipelatoclostridiaceae","Catenibacterium","none","OTU","seq727"
"seq728","Bacteria","Bacteroidota","Bacteroidia","Bacteroidales","Prevotellaceae","Prevotella_9","none","OTU","seq728"
"seq729","Bacteria","Elusimicrobiota","Elusimicrobia","Elusimicrobiales","Elusimicrobiaceae","Elusimicrobium","none","OTU","seq729"
"seq73","Bacteria","Bacteroidota","Bacteroidia","Bacteroidales","Prevotellaceae","Prevotella_9","none","OTU","seq73"
"seq730","Bacteria","Firmicutes","Bacilli","Erysipelotrichales","Erysipelatoclostridiaceae","Erysipelotrichaceae UCG-003","none","OTU","seq730"
"seq731","Bacteria","Firmicutes","Clostridia","Lachnospirales","Lachnospiraceae","Roseburia","none","OTU","seq731"
"seq732","Bacteria","Bacteroidota","Bacteroidia","Bacteroidales","Prevotellaceae","none","none","OTU","seq732"
"seq733","Bacteria","Actinobacteriota","Coriobacteriia","Coriobacteriales","Coriobacteriaceae","Collinsella","none","OTU","seq733"
"seq734","Bacteria","Firmicutes","Clostridia","Oscillospirales","Ruminococcaceae","Subdoligranulum","none","OTU","seq734"
"seq735","Bacteria","Bacteroidota","Bacteroidia","Bacteroidales","Prevotellaceae","Alloprevotella","none","OTU","seq735"
"seq736","Bacteria","Firmicutes","Negativicutes","Acidaminococcales","Acidaminococcaceae","Phascolarctobacterium","none","OTU","seq736"
"seq737","Bacteria","Firmicutes","Clostridia","Lachnospirales","Lachnospiraceae","Lachnospiraceae NK4A136 group","none","OTU","seq737"
"seq738","Bacteria","Firmicutes","Clostridia","Oscillospirales","Ruminococcaceae","Fournierella","none","OTU","seq738"
"seq739","Bacteria","Firmicutes","Bacilli","Erysipelotrichales","Erysipelatoclostridiaceae","Asteroleplasma","none","OTU","seq739"
"seq74","Bacteria","Bacteroidota","Bacteroidia","Bacteroidales","Prevotellaceae","Prevotella_9","none","OTU","seq74"
"seq740","Bacteria","Bacteroidota","Bacteroidia","Bacteroidales","Prevotellaceae","Alloprevotella","none","OTU","seq740"
"seq741","Bacteria","Firmicutes","Clostridia","Oscillospirales","Ruminococcaceae","Faecalibacterium","none","OTU","seq741"
"seq742","Bacteria","Firmicutes","Clostridia","Clostridiales","Clostridiaceae","Sarcina","none","OTU","seq742"
"seq743","Bacteria","Firmicutes","Clostridia","Oscillospirales","Ruminococcaceae","Faecalibacterium","none","OTU","seq743"
"seq744","Bacteria","Actinobacteriota","Actinobacteria","Bifidobacteriales","Bifidobacteriaceae","Bifidobacterium","none","OTU","seq744"
"seq745","Bacteria","Firmicutes","Clostridia","Lachnospirales","Lachnospiraceae","Roseburia","none","OTU","seq745"
"seq746","Bacteria","Firmicutes","Clostridia","Oscillospirales","Ruminococcaceae","Subdoligranulum","none","OTU","seq746"
"seq747","Bacteria","Firmicutes","Clostridia","Oscillospirales","Ruminococcaceae","Faecalibacterium","none","OTU","seq747"
"seq748","Bacteria","Bacteroidota","Bacteroidia","Bacteroidales","Prevotellaceae","Alloprevotella","none","OTU","seq748"
"seq749","Bacteria","Firmicutes","Bacilli","Lactobacillales","Streptococcaceae","Streptococcus","none","OTU","seq749"
"seq75","Bacteria","Proteobacteria","Gammaproteobacteria","Enterobacterales","Succinivibrionaceae","none","none","OTU","seq75"
"seq750","Bacteria","Firmicutes","Bacilli","Erysipelotrichales","Erysipelatoclostridiaceae","Erysipelotrichaceae UCG-003","none","OTU","seq750"
"seq751","Bacteria","Firmicutes","Clostridia","Lachnospirales","Lachnospiraceae","Blautia","none","OTU","seq751"
"seq752","Bacteria","Firmicutes","Clostridia","Lachnospirales","Lachnospiraceae","Anaerostipes","none","OTU","seq752"
"seq753","Bacteria","Firmicutes","Clostridia","Oscillospirales","Ruminococcaceae","Ruminococcus","none","OTU","seq753"
"seq754","Bacteria","Firmicutes","Clostridia","Oscillospirales","Ruminococcaceae","Ruminococcus","none","OTU","seq754"
"seq755","Bacteria","Firmicutes","Clostridia","Oscillospirales","Butyricicoccaceae","Butyricicoccus","none","OTU","seq755"
"seq756","Bacteria","Actinobacteriota","Actinobacteria","Bifidobacteriales","Bifidobacteriaceae","Bifidobacterium","none","OTU","seq756"
"seq757","Bacteria","Firmicutes","Clostridia","Lachnospirales","Lachnospiraceae","Agathobacter","none","OTU","seq757"
"seq758","Bacteria","Bacteroidota","Bacteroidia","Bacteroidales","Prevotellaceae","Prevotella","none","OTU","seq758"
"seq759","Bacteria","Firmicutes","Bacilli","Lactobacillales","Streptococcaceae","Streptococcus","none","OTU","seq759"
"seq76","Bacteria","Bacteroidota","Bacteroidia","Bacteroidales","Prevotellaceae","Prevotella_9","none","OTU","seq76"
"seq760","Bacteria","Elusimicrobiota","Elusimicrobia","Elusimicrobiales","Elusimicrobiaceae","Elusimicrobium","none","OTU","seq760"
"seq761","Bacteria","Firmicutes","Bacilli","Erysipelotrichales","Erysipelatoclostridiaceae","Catenibacterium","none","OTU","seq761"
"seq762","Bacteria","Firmicutes","Bacilli","Erysipelotrichales","Erysipelatoclostridiaceae","Erysipelotrichaceae UCG-003","none","OTU","seq762"
"seq763","Bacteria","Bacteroidota","Bacteroidia","Bacteroidales","Prevotellaceae","Prevotella_9","none","OTU","seq763"
"seq764","Bacteria","Firmicutes","Clostridia","Oscillospirales","Oscillospiraceae","UCG-002","none","OTU","seq764"
"seq765","Bacteria","Firmicutes","Clostridia","Lachnospirales","Lachnospiraceae","Blautia","none","OTU","seq765"
"seq766","Bacteria","Firmicutes","Bacilli","Lactobacillales","Streptococcaceae","Streptococcus","none","OTU","seq766"
"seq767","Bacteria","Actinobacteriota","Coriobacteriia","Coriobacteriales","Coriobacteriaceae","Collinsella","none","OTU","seq767"
"seq768","Bacteria","Firmicutes","Clostridia","Oscillospirales","Ruminococcaceae","CAG-352","none","OTU","seq768"
"seq769","Bacteria","Firmicutes","Bacilli","Erysipelotrichales","Erysipelatoclostridiaceae","Catenibacterium","none","OTU","seq769"
"seq77","Bacteria","Bacteroidota","Bacteroidia","Bacteroidales","Prevotellaceae","Prevotella_9","none","OTU","seq77"
"seq770","Bacteria","Bacteroidota","Bacteroidia","Bacteroidales","Prevotellaceae","Alloprevotella","none","OTU","seq770"
"seq771","Bacteria","Bacteroidota","Bacteroidia","Bacteroidales","Prevotellaceae","Prevotella","none","OTU","seq771"
"seq772","Bacteria","Firmicutes","Clostridia","Oscillospirales","Ruminococcaceae","Ruminococcus","none","OTU","seq772"
"seq774","Bacteria","Bacteroidota","Bacteroidia","Bacteroidales","Prevotellaceae","Prevotella","none","OTU","seq774"
"seq775","Bacteria","Bacteroidota","Bacteroidia","Bacteroidales","Prevotellaceae","none","none","OTU","seq775"
"seq776","Bacteria","Bacteroidota","Bacteroidia","Bacteroidales","Prevotellaceae","Prevotella","none","OTU","seq776"
"seq777","Bacteria","Bacteroidota","Bacteroidia","Bacteroidales","Muribaculaceae","none","none","OTU","seq777"
"seq778","Bacteria","Bacteroidota","Bacteroidia","Bacteroidales","Prevotellaceae","Alloprevotella","none","OTU","seq778"
"seq779","Bacteria","Firmicutes","Negativicutes","Acidaminococcales","Acidaminococcaceae","Phascolarctobacterium","none","OTU","seq779"
"seq78","Bacteria","Firmicutes","Clostridia","Oscillospirales","Ruminococcaceae","Faecalibacterium","none","OTU","seq78"
"seq780","Bacteria","Bacteroidota","Bacteroidia","Bacteroidales","Prevotellaceae","Prevotella_9","none","OTU","seq780"
"seq781","Bacteria","Firmicutes","Bacilli","Erysipelotrichales","Erysipelatoclostridiaceae","Asteroleplasma","none","OTU","seq781"
"seq782","Bacteria","Firmicutes","Clostridia","Clostridiales","Clostridiaceae","Sarcina","none","OTU","seq782"
"seq783","Bacteria","Bacteroidota","Bacteroidia","Bacteroidales","Prevotellaceae","Prevotella","none","OTU","seq783"
"seq784","Bacteria","Bacteroidota","Bacteroidia","Bacteroidales","Prevotellaceae","none","none","OTU","seq784"
"seq785","Bacteria","Bacteroidota","Bacteroidia","Bacteroidales","Prevotellaceae","Alloprevotella","none","OTU","seq785"
"seq786","Bacteria","Elusimicrobiota","Elusimicrobia","Elusimicrobiales","Elusimicrobiaceae","Elusimicrobium","none","OTU","seq786"
"seq787","Bacteria","Bacteroidota","Bacteroidia","Bacteroidales","Prevotellaceae","Prevotella","none","OTU","seq787"
"seq788","Bacteria","Firmicutes","Clostridia","Oscillospirales","Oscillospiraceae","UCG-002","none","OTU","seq788"
"seq789","Bacteria","Firmicutes","Clostridia","Oscillospirales","Ruminococcaceae","Subdoligranulum","none","OTU","seq789"
"seq79","Bacteria","Bacteroidota","Bacteroidia","Bacteroidales","Prevotellaceae","Prevotella_9","none","OTU","seq79"
"seq790","Bacteria","Firmicutes","Bacilli","Erysipelotrichales","Erysipelotrichaceae","Turicibacter","none","OTU","seq790"
"seq791","Bacteria","Firmicutes","Bacilli","Lactobacillales","Streptococcaceae","Streptococcus","none","OTU","seq791"
"seq792","Bacteria","Actinobacteriota","Coriobacteriia","Coriobacteriales","Coriobacteriaceae","Collinsella","none","OTU","seq792"
"seq793","Bacteria","Firmicutes","Clostridia","Lachnospirales","Lachnospiraceae","Agathobacter","none","OTU","seq793"
"seq794","Bacteria","Firmicutes","Clostridia","Lachnospirales","Lachnospiraceae","Dorea","none","OTU","seq794"
"seq795","Bacteria","Firmicutes","Clostridia","Lachnospirales","Lachnospiraceae","Dorea","none","OTU","seq795"
"seq796","Bacteria","Bacteroidota","Bacteroidia","Bacteroidales","Prevotellaceae","Prevotella_9","none","OTU","seq796"
"seq797","Bacteria","Bacteroidota","Bacteroidia","Bacteroidales","Prevotellaceae","Prevotella_9","none","OTU","seq797"
"seq798","Bacteria","Firmicutes","Clostridia","Peptostreptococcales-Tissierellales","Peptostreptococcaceae","Intestinibacter","none","OTU","seq798"
"seq799","Bacteria","Firmicutes","Clostridia","Lachnospirales","Lachnospiraceae","Blautia","none","OTU","seq799"
"seq8","Bacteria","Bacteroidota","Bacteroidia","Bacteroidales","Prevotellaceae","Prevotella_9","none","OTU","seq8"
"seq80","Bacteria","Bacteroidota","Bacteroidia","Bacteroidales","Prevotellaceae","Prevotella_9","none","OTU","seq80"
"seq800","Bacteria","Bacteroidota","Bacteroidia","Bacteroidales","Prevotellaceae","Alloprevotella","none","OTU","seq800"
"seq801","Bacteria","Firmicutes","Clostridia","Lachnospirales","Lachnospiraceae","Roseburia","none","OTU","seq801"
"seq802","Bacteria","Actinobacteriota","Coriobacteriia","Coriobacteriales","Eggerthellaceae","Senegalimassilia","none","OTU","seq802"
"seq803","Bacteria","Firmicutes","Clostridia","Lachnospirales","Lachnospiraceae","Lachnospiraceae NK4A136 group","none","OTU","seq803"
"seq804","Bacteria","Actinobacteriota","Actinobacteria","Bifidobacteriales","Bifidobacteriaceae","Bifidobacterium","none","OTU","seq804"
"seq805","Bacteria","Firmicutes","Clostridia","Oscillospirales","Butyricicoccaceae","Butyricicoccus","none","OTU","seq805"
"seq806","Bacteria","Bacteroidota","Bacteroidia","Bacteroidales","Prevotellaceae","Prevotella","none","OTU","seq806"
"seq807","Bacteria","Firmicutes","Clostridia","Lachnospirales","Lachnospiraceae","Blautia","none","OTU","seq807"
"seq808","Bacteria","Firmicutes","Bacilli","Erysipelotrichales","Erysipelotrichaceae","Turicibacter","none","OTU","seq808"
"seq809","Bacteria","Firmicutes","Clostridia","Peptostreptococcales-Tissierellales","Peptostreptococcaceae","Terrisporobacter","none","OTU","seq809"
"seq81","Bacteria","Bacteroidota","Bacteroidia","Bacteroidales","Prevotellaceae","Prevotella_9","none","OTU","seq81"
"seq810","Bacteria","Bacteroidota","Bacteroidia","Bacteroidales","Prevotellaceae","Prevotella_9","none","OTU","seq810"
"seq811","Bacteria","Bacteroidota","Bacteroidia","Bacteroidales","Prevotellaceae","Alloprevotella","none","OTU","seq811"
"seq812","Bacteria","Firmicutes","Bacilli","Erysipelotrichales","Erysipelotrichaceae","Solobacterium","none","OTU","seq812"
"seq814","Bacteria","Actinobacteriota","Actinobacteria","Bifidobacteriales","Bifidobacteriaceae","Bifidobacterium","none","OTU","seq814"
"seq815","Bacteria","Firmicutes","Clostridia","Lachnospirales","Lachnospiraceae","Blautia","none","OTU","seq815"
"seq816","Bacteria","Firmicutes","Bacilli","Erysipelotrichales","Erysipelatoclostridiaceae","Erysipelotrichaceae UCG-003","none","OTU","seq816"
"seq817","Bacteria","Bacteroidota","Bacteroidia","Bacteroidales","Prevotellaceae","Alloprevotella","none","OTU","seq817"
"seq818","Bacteria","Spirochaetota","Spirochaetia","Spirochaetales","Spirochaetaceae","Treponema","none","OTU","seq818"
"seq819","Bacteria","Bacteroidota","Bacteroidia","Bacteroidales","Prevotellaceae","Alloprevotella","none","OTU","seq819"
"seq82","Bacteria","Firmicutes","Clostridia","Oscillospirales","Ruminococcaceae","Faecalibacterium","none","OTU","seq82"
"seq820","Bacteria","Firmicutes","Clostridia","Christensenellales","Christensenellaceae","Christensenellaceae R-7 group","none","OTU","seq820"
"seq821","Bacteria","Firmicutes","Clostridia","Lachnospirales","Lachnospiraceae","Blautia","none","OTU","seq821"
"seq822","Bacteria","Firmicutes","Clostridia","Oscillospirales","Ruminococcaceae","Ruminococcus","none","OTU","seq822"
"seq823","Bacteria","Firmicutes","Clostridia","Clostridiales","Clostridiaceae","Sarcina","none","OTU","seq823"
"seq824","Bacteria","Bacteroidota","Bacteroidia","Bacteroidales","Prevotellaceae","Prevotella_9","none","OTU","seq824"
"seq825","Bacteria","Firmicutes","Clostridia","Lachnospirales","Lachnospiraceae","Marvinbryantia","none","OTU","seq825"
"seq826","Bacteria","Elusimicrobiota","Elusimicrobia","Elusimicrobiales","Elusimicrobiaceae","Elusimicrobium","none","OTU","seq826"
"seq827","Bacteria","Firmicutes","Clostridia","Lachnospirales","Lachnospiraceae","Blautia","none","OTU","seq827"
"seq828","Bacteria","Firmicutes","Clostridia","Clostridiales","Clostridiaceae","Clostridium sensu stricto 1","none","OTU","seq828"
"seq829","Bacteria","Actinobacteriota","Actinobacteria","Bifidobacteriales","Bifidobacteriaceae","Bifidobacterium","none","OTU","seq829"
"seq83","Bacteria","Firmicutes","Clostridia","Oscillospirales","Ruminococcaceae","Faecalibacterium","none","OTU","seq83"
"seq830","Bacteria","Elusimicrobiota","Elusimicrobia","Elusimicrobiales","Elusimicrobiaceae","Elusimicrobium","none","OTU","seq830"
"seq831","Bacteria","Firmicutes","Clostridia","Lachnospirales","Lachnospiraceae","possible genus Sk018","none","OTU","seq831"
"seq832","Bacteria","Bacteroidota","Bacteroidia","Bacteroidales","Prevotellaceae","Alloprevotella","none","OTU","seq832"
"seq833","Bacteria","Bacteroidota","Bacteroidia","Bacteroidales","Prevotellaceae","none","none","OTU","seq833"
"seq834","Bacteria","Firmicutes","Clostridia","Lachnospirales","Lachnospiraceae","Dorea","none","OTU","seq834"
"seq835","Bacteria","Bacteroidota","Bacteroidia","Bacteroidales","Prevotellaceae","Prevotella_9","none","OTU","seq835"
"seq836","Bacteria","Firmicutes","Clostridia","Lachnospirales","Lachnospiraceae","Agathobacter","none","OTU","seq836"
"seq837","Bacteria","Spirochaetota","Spirochaetia","Spirochaetales","Spirochaetaceae","Treponema","none","OTU","seq837"
"seq838","Bacteria","Bacteroidota","Bacteroidia","Bacteroidales","Prevotellaceae","none","none","OTU","seq838"
"seq839","Bacteria","Firmicutes","Bacilli","Erysipelotrichales","Erysipelatoclostridiaceae","Asteroleplasma","none","OTU","seq839"
"seq84","Bacteria","Proteobacteria","Gammaproteobacteria","Enterobacterales","Succinivibrionaceae","none","none","OTU","seq84"
"seq840","Bacteria","Firmicutes","Bacilli","Erysipelotrichales","Erysipelatoclostridiaceae","Catenibacterium","none","OTU","seq840"
"seq841","Bacteria","Firmicutes","Clostridia","Oscillospirales","Ruminococcaceae","Subdoligranulum","none","OTU","seq841"
"seq842","Bacteria","Actinobacteriota","Actinobacteria","Bifidobacteriales","Bifidobacteriaceae","Bifidobacterium","none","OTU","seq842"
"seq843","Bacteria","Firmicutes","Clostridia","Clostridiales","Clostridiaceae","Sarcina","none","OTU","seq843"
"seq844","Bacteria","Bacteroidota","Bacteroidia","Bacteroidales","Prevotellaceae","Alloprevotella","none","OTU","seq844"
"seq845","Bacteria","Bacteroidota","Bacteroidia","Bacteroidales","Rikenellaceae","Rikenellaceae RC9 gut group","none","OTU","seq845"
"seq846","Bacteria","Elusimicrobiota","Elusimicrobia","Elusimicrobiales","Elusimicrobiaceae","Elusimicrobium","none","OTU","seq846"
"seq847","Bacteria","Firmicutes","Clostridia","Lachnospirales","Lachnospiraceae","Dorea","none","OTU","seq847"
"seq848","Bacteria","Bacteroidota","Bacteroidia","Bacteroidales","Prevotellaceae","Alloprevotella","none","OTU","seq848"
"seq849","Bacteria","Firmicutes","Clostridia","Oscillospirales","Ruminococcaceae","Subdoligranulum","none","OTU","seq849"
"seq85","Bacteria","Firmicutes","Clostridia","Oscillospirales","Ruminococcaceae","Faecalibacterium","none","OTU","seq85"
"seq850","Bacteria","Proteobacteria","Gammaproteobacteria","Enterobacterales","Enterobacteriaceae","Escherichia-Shigella","none","OTU","seq850"
"seq851","Bacteria","Firmicutes","Clostridia","Lachnospirales","Lachnospiraceae","Roseburia","none","OTU","seq851"
"seq852","Bacteria","Firmicutes","Bacilli","Erysipelotrichales","Erysipelotrichaceae","Holdemanella","none","OTU","seq852"
"seq853","Bacteria","Firmicutes","Bacilli","Lactobacillales","Streptococcaceae","Streptococcus","none","OTU","seq853"
"seq854","Bacteria","Firmicutes","Bacilli","Erysipelotrichales","Erysipelatoclostridiaceae","Asteroleplasma","none","OTU","seq854"
"seq855","Bacteria","Firmicutes","Bacilli","Erysipelotrichales","Erysipelotrichaceae","Turicibacter","none","OTU","seq855"
"seq856","Bacteria","Spirochaetota","Spirochaetia","Spirochaetales","Spirochaetaceae","Treponema","none","OTU","seq856"
"seq857","Bacteria","Firmicutes","Clostridia","Oscillospirales","Oscillospiraceae","UCG-005","none","OTU","seq857"
"seq858","Bacteria","Firmicutes","Clostridia","Christensenellales","Christensenellaceae","Christensenellaceae R-7 group","none","OTU","seq858"
"seq859","Bacteria","Firmicutes","Clostridia","Oscillospirales","Ruminococcaceae","Ruminococcus","none","OTU","seq859"
"seq86","Bacteria","Proteobacteria","Gammaproteobacteria","Enterobacterales","Succinivibrionaceae","Succinivibrio","none","OTU","seq86"
"seq860","Bacteria","Bacteroidota","Bacteroidia","Bacteroidales","Prevotellaceae","Alloprevotella","none","OTU","seq860"
"seq861","Bacteria","Firmicutes","Clostridia","Lachnospirales","Lachnospiraceae","Blautia","none","OTU","seq861"
"seq862","Bacteria","Actinobacteriota","Actinobacteria","Bifidobacteriales","Bifidobacteriaceae","Bifidobacterium","none","OTU","seq862"
"seq863","Bacteria","Firmicutes","Clostridia","Lachnospirales","Lachnospiraceae","Dorea","none","OTU","seq863"
"seq864","Bacteria","Bacteroidota","Bacteroidia","Bacteroidales","Prevotellaceae","Prevotella_9","none","OTU","seq864"
"seq865","Bacteria","Firmicutes","Bacilli","Lactobacillales","Streptococcaceae","Streptococcus","none","OTU","seq865"
"seq867","Bacteria","Bacteroidota","Bacteroidia","Bacteroidales","Prevotellaceae","Prevotella","none","OTU","seq867"
"seq868","Bacteria","Firmicutes","Clostridia","Oscillospirales","Ruminococcaceae","Subdoligranulum","none","OTU","seq868"
"seq869","Bacteria","Bacteroidota","Bacteroidia","Bacteroidales","Prevotellaceae","Prevotella_9","none","OTU","seq869"
"seq87","Bacteria","Firmicutes","Clostridia","Oscillospirales","Ruminococcaceae","Faecalibacterium","none","OTU","seq87"
"seq870","Bacteria","Elusimicrobiota","Elusimicrobia","Elusimicrobiales","Elusimicrobiaceae","Elusimicrobium","none","OTU","seq870"
"seq871","Bacteria","Firmicutes","Negativicutes","Acidaminococcales","Acidaminococcaceae","Phascolarctobacterium","none","OTU","seq871"
"seq872","Bacteria","Firmicutes","Clostridia","Lachnospirales","Lachnospiraceae","Blautia","none","OTU","seq872"
"seq873","Bacteria","Firmicutes","Clostridia","Clostridiales","Clostridiaceae","Clostridium sensu stricto 1","none","OTU","seq873"
"seq874","Bacteria","Bacteroidota","Bacteroidia","Bacteroidales","Prevotellaceae","Prevotella","none","OTU","seq874"
"seq875","Bacteria","Proteobacteria","Gammaproteobacteria","Enterobacterales","Enterobacteriaceae","Escherichia-Shigella","none","OTU","seq875"
"seq876","Bacteria","Actinobacteriota","Coriobacteriia","Coriobacteriales","Eggerthellaceae","Senegalimassilia","none","OTU","seq876"
"seq877","Bacteria","Proteobacteria","Gammaproteobacteria","Enterobacterales","Enterobacteriaceae","Escherichia-Shigella","none","OTU","seq877"
"seq878","Bacteria","Firmicutes","Clostridia","Oscillospirales","Ruminococcaceae","none","none","OTU","seq878"
"seq879","Bacteria","Firmicutes","Bacilli","Erysipelotrichales","Erysipelotrichaceae","Holdemanella","none","OTU","seq879"
"seq88","Bacteria","Bacteroidota","Bacteroidia","Bacteroidales","Prevotellaceae","Prevotella_9","none","OTU","seq88"
"seq880","Bacteria","Spirochaetota","Spirochaetia","Spirochaetales","Spirochaetaceae","Treponema","none","OTU","seq880"
"seq881","Bacteria","Firmicutes","Clostridia","Oscillospirales","Oscillospiraceae","UCG-005","none","OTU","seq881"
"seq882","Bacteria","Firmicutes","Clostridia","Oscillospirales","Oscillospiraceae","UCG-002","none","OTU","seq882"
"seq883","Bacteria","Firmicutes","Clostridia","Lachnospirales","Lachnospiraceae","Lachnospiraceae NK4B4 group","none","OTU","seq883"
"seq884","Bacteria","Proteobacteria","Gammaproteobacteria","Enterobacterales","Enterobacteriaceae","Escherichia-Shigella","none","OTU","seq884"
"seq885","Bacteria","Firmicutes","Clostridia","Lachnospirales","Lachnospiraceae","Coprococcus","none","OTU","seq885"
"seq886","Bacteria","Firmicutes","Clostridia","Lachnospirales","Lachnospiraceae","Lachnospiraceae NK4A136 group","none","OTU","seq886"
"seq887","Bacteria","Firmicutes","Bacilli","Erysipelotrichales","Erysipelotrichaceae","Turicibacter","none","OTU","seq887"
"seq888","Bacteria","Firmicutes","Clostridia","Lachnospirales","Lachnospiraceae","Dorea","none","OTU","seq888"
"seq889","Bacteria","Actinobacteriota","Actinobacteria","Bifidobacteriales","Bifidobacteriaceae","Bifidobacterium","none","OTU","seq889"
"seq89","Bacteria","Proteobacteria","Gammaproteobacteria","Enterobacterales","Succinivibrionaceae","none","none","OTU","seq89"
"seq890","Bacteria","Bacteroidota","Bacteroidia","Bacteroidales","Bacteroidaceae","Bacteroides","none","OTU","seq890"
"seq892","Bacteria","Bacteroidota","Bacteroidia","Bacteroidales","Prevotellaceae","Alloprevotella","none","OTU","seq892"
"seq893","Bacteria","Bacteroidota","Bacteroidia","Bacteroidales","Prevotellaceae","none","none","OTU","seq893"
"seq894","Bacteria","Firmicutes","Clostridia","Oscillospirales","Oscillospiraceae","UCG-003","none","OTU","seq894"
"seq895","Bacteria","Bacteroidota","Bacteroidia","Bacteroidales","Prevotellaceae","none","none","OTU","seq895"
"seq896","Bacteria","Firmicutes","Clostridia","Lachnospirales","Lachnospiraceae","Lachnospiraceae NK4A136 group","none","OTU","seq896"
"seq897","Bacteria","Firmicutes","Clostridia","Oscillospirales","Oscillospiraceae","UCG-002","none","OTU","seq897"
"seq898","Bacteria","Firmicutes","Clostridia","Lachnospirales","Lachnospiraceae","none","none","OTU","seq898"
"seq899","Bacteria","Bacteroidota","Bacteroidia","Bacteroidales","Prevotellaceae","Alloprevotella","none","OTU","seq899"
"seq9","Bacteria","Bacteroidota","Bacteroidia","Bacteroidales","Prevotellaceae","Prevotella_9","none","OTU","seq9"
"seq90","Bacteria","Firmicutes","Clostridia","Oscillospirales","Ruminococcaceae","Faecalibacterium","none","OTU","seq90"
"seq900","Bacteria","Firmicutes","Bacilli","Erysipelotrichales","Erysipelotrichaceae","Holdemanella","none","OTU","seq900"
"seq901","Bacteria","Elusimicrobiota","Elusimicrobia","Elusimicrobiales","Elusimicrobiaceae","Elusimicrobium","none","OTU","seq901"
"seq902","Bacteria","Firmicutes","Clostridia","Oscillospirales","Oscillospiraceae","UCG-002","none","OTU","seq902"
"seq903","Bacteria","Firmicutes","Clostridia","Lachnospirales","Lachnospiraceae","Roseburia","none","OTU","seq903"
"seq904","Bacteria","Spirochaetota","Spirochaetia","Spirochaetales","Spirochaetaceae","Treponema","none","OTU","seq904"
"seq905","Bacteria","Firmicutes","Clostridia","Lachnospirales","Lachnospiraceae","[Ruminococcus] torques group","none","OTU","seq905"
"seq907","Bacteria","Firmicutes","Clostridia","Oscillospirales","Ruminococcaceae","Subdoligranulum","none","OTU","seq907"
"seq908","Bacteria","Firmicutes","Clostridia","Oscillospirales","Ruminococcaceae","Ruminococcus","none","OTU","seq908"
"seq909","Bacteria","Firmicutes","Clostridia","Lachnospirales","Lachnospiraceae","Anaerostipes","none","OTU","seq909"
"seq91","Bacteria","Bacteroidota","Bacteroidia","Bacteroidales","Prevotellaceae","Prevotella_9","none","OTU","seq91"
"seq910","Bacteria","Spirochaetota","Spirochaetia","Spirochaetales","Spirochaetaceae","Treponema","none","OTU","seq910"
"seq911","Bacteria","Firmicutes","Clostridia","Oscillospirales","Ruminococcaceae","CAG-352","none","OTU","seq911"
"seq912","Bacteria","Bacteroidota","Bacteroidia","Bacteroidales","Prevotellaceae","Prevotella","none","OTU","seq912"
"seq913","Bacteria","Firmicutes","Clostridia","Clostridiales","Clostridiaceae","Clostridium sensu stricto 1","none","OTU","seq913"
"seq914","Bacteria","Bacteroidota","Bacteroidia","Bacteroidales","Prevotellaceae","none","none","OTU","seq914"
"seq915","Bacteria","Firmicutes","Clostridia","Lachnospirales","Lachnospiraceae","Roseburia","none","OTU","seq915"
"seq916","Bacteria","Bacteroidota","Bacteroidia","Bacteroidales","Prevotellaceae","Prevotella_9","none","OTU","seq916"
"seq917","Bacteria","Firmicutes","Clostridia","Oscillospirales","Oscillospiraceae","UCG-002","none","OTU","seq917"
"seq918","Bacteria","Firmicutes","Bacilli","Erysipelotrichales","Erysipelatoclostridiaceae","Catenibacterium","none","OTU","seq918"
"seq919","Bacteria","Actinobacteriota","Actinobacteria","Bifidobacteriales","Bifidobacteriaceae","Bifidobacterium","none","OTU","seq919"
"seq92","Bacteria","Proteobacteria","Gammaproteobacteria","Enterobacterales","Succinivibrionaceae","Ruminobacter","none","OTU","seq92"
"seq920","Bacteria","Firmicutes","Clostridia","Oscillospirales","Oscillospiraceae","UCG-005","none","OTU","seq920"
"seq921","Bacteria","Firmicutes","Bacilli","Lactobacillales","Streptococcaceae","Streptococcus","none","OTU","seq921"
"seq922","Bacteria","Bacteroidota","Bacteroidia","Bacteroidales","Prevotellaceae","Prevotella_9","none","OTU","seq922"
"seq923","Bacteria","Firmicutes","Clostridia","Lachnospirales","Lachnospiraceae","Blautia","none","OTU","seq923"
"seq924","Bacteria","Firmicutes","Clostridia","Oscillospirales","Ruminococcaceae","Ruminococcus","none","OTU","seq924"
"seq925","Bacteria","Actinobacteriota","Coriobacteriia","Coriobacteriales","Coriobacteriaceae","Collinsella","none","OTU","seq925"
"seq926","Bacteria","Firmicutes","Clostridia","Lachnospirales","Lachnospiraceae","Roseburia","none","OTU","seq926"
"seq927","Bacteria","Bacteroidota","Bacteroidia","Bacteroidales","Prevotellaceae","Alloprevotella","none","OTU","seq927"
"seq928","Bacteria","Firmicutes","Bacilli","Erysipelotrichales","Erysipelotrichaceae","Turicibacter","none","OTU","seq928"
"seq929","Bacteria","Elusimicrobiota","Elusimicrobia","Elusimicrobiales","Elusimicrobiaceae","Elusimicrobium","none","OTU","seq929"
"seq93","Bacteria","Bacteroidota","Bacteroidia","Bacteroidales","Prevotellaceae","Prevotella_9","none","OTU","seq93"
"seq930","Bacteria","Firmicutes","Clostridia","Lachnospirales","Lachnospiraceae","Lachnospiraceae ND3007 group","none","OTU","seq930"
"seq931","Bacteria","Bacteroidota","Bacteroidia","Bacteroidales","Prevotellaceae","Prevotella","none","OTU","seq931"
"seq932","Bacteria","Bacteroidota","Bacteroidia","Bacteroidales","Prevotellaceae","Prevotella","none","OTU","seq932"
"seq933","Bacteria","Firmicutes","Bacilli","Erysipelotrichales","Erysipelotrichaceae","Holdemanella","none","OTU","seq933"
"seq934","Bacteria","Firmicutes","Bacilli","Erysipelotrichales","Erysipelatoclostridiaceae","Asteroleplasma","none","OTU","seq934"
"seq935","Bacteria","Firmicutes","Clostridia","Oscillospirales","Oscillospiraceae","UCG-002","none","OTU","seq935"
"seq936","Bacteria","Bacteroidota","Bacteroidia","Bacteroidales","Prevotellaceae","Prevotella","none","OTU","seq936"
"seq937","Bacteria","Firmicutes","Clostridia","Lachnospirales","Lachnospiraceae","Coprococcus","none","OTU","seq937"
"seq938","Bacteria","Firmicutes","Clostridia","Clostridiales","Clostridiaceae","Sarcina","none","OTU","seq938"
"seq939","Bacteria","Firmicutes","Clostridia","Oscillospirales","Oscillospiraceae","UCG-002","none","OTU","seq939"
"seq94","Bacteria","Firmicutes","Clostridia","Oscillospirales","Ruminococcaceae","Faecalibacterium","none","OTU","seq94"
"seq940","Bacteria","Firmicutes","Clostridia","Oscillospirales","Oscillospiraceae","UCG-002","none","OTU","seq940"
"seq941","Bacteria","Bacteroidota","Bacteroidia","Bacteroidales","Prevotellaceae","Alloprevotella","none","OTU","seq941"
"seq942","Bacteria","Bacteroidota","Bacteroidia","Bacteroidales","Prevotellaceae","Prevotella","none","OTU","seq942"
"seq943","Bacteria","Firmicutes","Clostridia","Clostridiales","Clostridiaceae","Clostridium sensu stricto 1","none","OTU","seq943"
"seq944","Bacteria","Elusimicrobiota","Elusimicrobia","Elusimicrobiales","Elusimicrobiaceae","Elusimicrobium","none","OTU","seq944"
"seq945","Bacteria","Firmicutes","Clostridia","Oscillospirales","Oscillospiraceae","UCG-002","none","OTU","seq945"
"seq946","Bacteria","Firmicutes","Clostridia","Oscillospirales","Ruminococcaceae","Faecalibacterium","none","OTU","seq946"
"seq947","Bacteria","Firmicutes","Clostridia","Oscillospirales","Ruminococcaceae","CAG-352","none","OTU","seq947"
"seq948","Bacteria","Bacteroidota","Bacteroidia","Bacteroidales","Prevotellaceae","Alloprevotella","none","OTU","seq948"
"seq949","Bacteria","Proteobacteria","Gammaproteobacteria","Enterobacterales","Enterobacteriaceae","Escherichia-Shigella","none","OTU","seq949"
"seq95","Bacteria","Proteobacteria","Gammaproteobacteria","Enterobacterales","Succinivibrionaceae","Ruminobacter","none","OTU","seq95"
"seq950","Bacteria","Spirochaetota","Spirochaetia","Spirochaetales","Spirochaetaceae","Treponema","none","OTU","seq950"
"seq951","Bacteria","Firmicutes","Clostridia","Oscillospirales","Oscillospiraceae","UCG-002","none","OTU","seq951"
"seq952","Bacteria","Firmicutes","Clostridia","Oscillospirales","Ruminococcaceae","Subdoligranulum","none","OTU","seq952"
"seq953","Bacteria","Firmicutes","Clostridia","Oscillospirales","Ruminococcaceae","Subdoligranulum","none","OTU","seq953"
"seq954","Bacteria","Firmicutes","Bacilli","Erysipelotrichales","Erysipelotrichaceae","Solobacterium","none","OTU","seq954"
"seq955","Bacteria","Firmicutes","Bacilli","Erysipelotrichales","Erysipelatoclostridiaceae","Asteroleplasma","none","OTU","seq955"
"seq956","Bacteria","Firmicutes","Clostridia","Lachnospirales","Lachnospiraceae","Dorea","none","OTU","seq956"
"seq957","Bacteria","Bacteroidota","Bacteroidia","Bacteroidales","Prevotellaceae","none","none","OTU","seq957"
"seq958","Bacteria","Firmicutes","Clostridia","Lachnospirales","Lachnospiraceae","[Eubacterium] hallii group","none","OTU","seq958"
"seq959","Bacteria","Firmicutes","Bacilli","Erysipelotrichales","Erysipelatoclostridiaceae","Erysipelotrichaceae UCG-003","none","OTU","seq959"
"seq96","Bacteria","Proteobacteria","Gammaproteobacteria","Enterobacterales","Succinivibrionaceae","none","none","OTU","seq96"
"seq960","Bacteria","Firmicutes","Clostridia","Oscillospirales","Ruminococcaceae","Faecalibacterium","none","OTU","seq960"
"seq961","Bacteria","Actinobacteriota","Actinobacteria","Bifidobacteriales","Bifidobacteriaceae","Bifidobacterium","none","OTU","seq961"
"seq962","Bacteria","Firmicutes","Bacilli","Erysipelotrichales","Erysipelotrichaceae","Holdemanella","none","OTU","seq962"
"seq963","Bacteria","Spirochaetota","Spirochaetia","Spirochaetales","Spirochaetaceae","Treponema","none","OTU","seq963"
"seq964","Bacteria","Spirochaetota","Spirochaetia","Spirochaetales","Spirochaetaceae","Treponema","none","OTU","seq964"
"seq965","Bacteria","Firmicutes","Clostridia","Lachnospirales","Lachnospiraceae","Lachnospiraceae NK3A20 group","none","OTU","seq965"
"seq966","Bacteria","Firmicutes","Clostridia","Lachnospirales","Lachnospiraceae","Blautia","none","OTU","seq966"
"seq967","Bacteria","Bacteroidota","Bacteroidia","Bacteroidales","Prevotellaceae","Alloprevotella","none","OTU","seq967"
"seq968","Bacteria","Firmicutes","Bacilli","Lactobacillales","Streptococcaceae","Streptococcus","none","OTU","seq968"
"seq969","Bacteria","Firmicutes","Clostridia","Oscillospirales","Ruminococcaceae","Faecalibacterium","none","OTU","seq969"
"seq97","Bacteria","Bacteroidota","Bacteroidia","Bacteroidales","Prevotellaceae","Prevotella_9","none","OTU","seq97"
"seq970","Bacteria","Firmicutes","Clostridia","Lachnospirales","Lachnospiraceae","Dorea","none","OTU","seq970"
"seq971","Bacteria","Firmicutes","Clostridia","Oscillospirales","Oscillospiraceae","UCG-002","none","OTU","seq971"
"seq972","Bacteria","Firmicutes","Clostridia","Oscillospirales","Ruminococcaceae","CAG-352","none","OTU","seq972"
"seq973","Bacteria","Actinobacteriota","Actinobacteria","Bifidobacteriales","Bifidobacteriaceae","Bifidobacterium","none","OTU","seq973"
"seq974","Bacteria","Firmicutes","Bacilli","Lactobacillales","Streptococcaceae","Streptococcus","none","OTU","seq974"
"seq975","Bacteria","Bacteroidota","Bacteroidia","Bacteroidales","Prevotellaceae","none","none","OTU","seq975"
"seq976","Bacteria","Firmicutes","Clostridia","Lachnospirales","Lachnospiraceae","Blautia","none","OTU","seq976"
"seq977","Bacteria","Firmicutes","Clostridia","Oscillospirales","Oscillospiraceae","UCG-003","none","OTU","seq977"
"seq978","Archaea","Euryarchaeota","Methanobacteria","Methanobacteriales","Methanobacteriaceae","Methanobrevibacter","none","OTU","seq978"
"seq979","Bacteria","Firmicutes","Clostridia","Lachnospirales","Lachnospiraceae","Lachnospiraceae NK4B4 group","none","OTU","seq979"
"seq98","Bacteria","Firmicutes","Clostridia","Lachnospirales","Lachnospiraceae","Agathobacter","none","OTU","seq98"
"seq980","Bacteria","Actinobacteriota","Actinobacteria","Bifidobacteriales","Bifidobacteriaceae","Bifidobacterium","none","OTU","seq980"
"seq981","Bacteria","Bacteroidota","Bacteroidia","Bacteroidales","Prevotellaceae","Alloprevotella","none","OTU","seq981"
"seq982","Bacteria","Proteobacteria","Gammaproteobacteria","Enterobacterales","Enterobacteriaceae","Escherichia-Shigella","none","OTU","seq982"
"seq983","Bacteria","Bacteroidota","Bacteroidia","Bacteroidales","Prevotellaceae","Prevotella_7","none","OTU","seq983"
"seq984","Bacteria","Bacteroidota","Bacteroidia","Bacteroidales","Prevotellaceae","Prevotella","none","OTU","seq984"
"seq985","Bacteria","Firmicutes","Clostridia","Oscillospirales","Oscillospiraceae","UCG-005","none","OTU","seq985"
"seq986","Bacteria","Actinobacteriota","Coriobacteriia","Coriobacteriales","Coriobacteriaceae","Collinsella","none","OTU","seq986"
"seq987","Bacteria","Elusimicrobiota","Elusimicrobia","Elusimicrobiales","Elusimicrobiaceae","Elusimicrobium","none","OTU","seq987"
"seq988","Bacteria","Firmicutes","Clostridia","Lachnospirales","Lachnospiraceae","Coprococcus","none","OTU","seq988"
"seq99","Bacteria","Proteobacteria","Gammaproteobacteria","Enterobacterales","Succinivibrionaceae","none","none","OTU","seq99"
"seq990","Bacteria","Firmicutes","Clostridia","Oscillospirales","Ruminococcaceae","Faecalibacterium","none","OTU","seq990"
"seq991","Bacteria","Bacteroidota","Bacteroidia","Bacteroidales","Prevotellaceae","Prevotella_7","none","OTU","seq991"
"seq992","Bacteria","Firmicutes","Negativicutes","Acidaminococcales","Acidaminococcaceae","Phascolarctobacterium","none","OTU","seq992"
"seq993","Bacteria","Firmicutes","Clostridia","Lachnospirales","Lachnospiraceae","Fusicatenibacter","none","OTU","seq993"
"seq995","Bacteria","Bacteroidota","Bacteroidia","Bacteroidales","Prevotellaceae","Prevotella","none","OTU","seq995"
"seq996","Bacteria","Firmicutes","Bacilli","Erysipelotrichales","Erysipelotrichaceae","Holdemanella","none","OTU","seq996"
"seq997","Bacteria","Bacteroidota","Bacteroidia","Bacteroidales","Prevotellaceae","Prevotella_7","none","OTU","seq997"
"seq998","Bacteria","Firmicutes","Bacilli","Erysipelotrichales","Erysipelotrichaceae","Turicibacter","none","OTU","seq998"
"seq999","Bacteria","Firmicutes","Clostridia","Oscillospirales","Ruminococcaceae","Faecalibacterium","none","OTU","seq999"
"Ser.Leu",NA,NA,NA,NA,NA,NA,NA,"metabolites","Ser.Leu"
"Ser.Phe",NA,NA,NA,NA,NA,NA,NA,"metabolites","Ser.Phe"
"Ser.Tyr",NA,NA,NA,NA,NA,NA,NA,"metabolites","Ser.Tyr"
"Ser.Val",NA,NA,NA,NA,NA,NA,NA,"metabolites","Ser.Val"
"Silodosin",NA,NA,NA,NA,NA,NA,NA,"metabolites","Silodosin"
"SN.GLYCERO.3.PHOSPHOCHOLINE",NA,NA,NA,NA,NA,NA,NA,"metabolites","SN.GLYCERO.3.PHOSPHOCHOLINE"
"Stearamide",NA,NA,NA,NA,NA,NA,NA,"metabolites","Stearamide"
"Stearoyl.L.carnitine",NA,NA,NA,NA,NA,NA,NA,"metabolites","Stearoyl.L.carnitine"
"Suberic.acid",NA,NA,NA,NA,NA,NA,NA,"metabolites","Suberic.acid"
"Succinic.acid",NA,NA,NA,NA,NA,NA,NA,"metabolites","Succinic.acid"
"Tetradecanedioic.acid",NA,NA,NA,NA,NA,NA,NA,"metabolites","Tetradecanedioic.acid"
"Tetradecylamine",NA,NA,NA,NA,NA,NA,NA,"metabolites","Tetradecylamine"
"Tetradonium.cation",NA,NA,NA,NA,NA,NA,NA,"metabolites","Tetradonium.cation"
"Tetraethylene.glycol",NA,NA,NA,NA,NA,NA,NA,"metabolites","Tetraethylene.glycol"
"theophylline",NA,NA,NA,NA,NA,NA,NA,"metabolites","theophylline"
"Thr.Glu",NA,NA,NA,NA,NA,NA,NA,"metabolites","Thr.Glu"
"Thr.Leu",NA,NA,NA,NA,NA,NA,NA,"metabolites","Thr.Leu"
"Thr.Pro",NA,NA,NA,NA,NA,NA,NA,"metabolites","Thr.Pro"
"THYMINE",NA,NA,NA,NA,NA,NA,NA,"metabolites","THYMINE"
"Tomatidine",NA,NA,NA,NA,NA,NA,NA,"metabolites","Tomatidine"
"trans.Aconitic.acid",NA,NA,NA,NA,NA,NA,NA,"metabolites","trans.Aconitic.acid"
"Traumatic.Acid",NA,NA,NA,NA,NA,NA,NA,"metabolites","Traumatic.Acid"
"TRICARBALLYLIC.ACID",NA,NA,NA,NA,NA,NA,NA,"metabolites","TRICARBALLYLIC.ACID"
"Trigonelline",NA,NA,NA,NA,NA,NA,NA,"metabolites","Trigonelline"
"Tropic.acid",NA,NA,NA,NA,NA,NA,NA,"metabolites","Tropic.acid"
"Tryptamine",NA,NA,NA,NA,NA,NA,NA,"metabolites","Tryptamine"
"TRYPTOPHAN",NA,NA,NA,NA,NA,NA,NA,"metabolites","TRYPTOPHAN"
"Tschimganidin",NA,NA,NA,NA,NA,NA,NA,"metabolites","Tschimganidin"
"Tyr.Pro",NA,NA,NA,NA,NA,NA,NA,"metabolites","Tyr.Pro"
"Tyr.Thr",NA,NA,NA,NA,NA,NA,NA,"metabolites","Tyr.Thr"
"Tyramine",NA,NA,NA,NA,NA,NA,NA,"metabolites","Tyramine"
"Undecanedioic.acid",NA,NA,NA,NA,NA,NA,NA,"metabolites","Undecanedioic.acid"
"URACIL",NA,NA,NA,NA,NA,NA,NA,"metabolites","URACIL"
"URATE",NA,NA,NA,NA,NA,NA,NA,"metabolites","URATE"
"UROCANATE",NA,NA,NA,NA,NA,NA,NA,"metabolites","UROCANATE"
"Urocanic.acid",NA,NA,NA,NA,NA,NA,NA,"metabolites","Urocanic.acid"
"Val.Ala",NA,NA,NA,NA,NA,NA,NA,"metabolites","Val.Ala"
"Val.Asp",NA,NA,NA,NA,NA,NA,NA,"metabolites","Val.Asp"
"Val.Glu",NA,NA,NA,NA,NA,NA,NA,"metabolites","Val.Glu"
"Val.Gly",NA,NA,NA,NA,NA,NA,NA,"metabolites","Val.Gly"
"Val.Phe",NA,NA,NA,NA,NA,NA,NA,"metabolites","Val.Phe"
"Val.Pro",NA,NA,NA,NA,NA,NA,NA,"metabolites","Val.Pro"
"Val.Thr",NA,NA,NA,NA,NA,NA,NA,"metabolites","Val.Thr"
"Val.Val",NA,NA,NA,NA,NA,NA,NA,"metabolites","Val.Val"
"X....Dihydrocervone",NA,NA,NA,NA,NA,NA,NA,"metabolites","X....Dihydrocervone"
"X....Riboflavin",NA,NA,NA,NA,NA,NA,NA,"metabolites","X....Riboflavin"
"X.1S.3R..1.Aminocyclopentane.1.3.dicarboxylic.acid",NA,NA,NA,NA,NA,NA,NA,"metabolites","X.1S.3R..1.Aminocyclopentane.1.3.dicarboxylic.acid"
"X.2.5.Dioxotetrahydrofuran.3.yl.acetic.acid",NA,NA,NA,NA,NA,NA,NA,"metabolites","X.2.5.Dioxotetrahydrofuran.3.yl.acetic.acid"
"X.2.Oxo.1.pyrrolidinyl.acetic.acid",NA,NA,NA,NA,NA,NA,NA,"metabolites","X.2.Oxo.1.pyrrolidinyl.acetic.acid"
"X.2E.4E..5..3.8.Dihydroxy.1.5.dimethyl.7.oxo.6.oxabicyclo.3.2.1.octan.8.yl..3.methylpenta.2.4.dienoic.acid",NA,NA,NA,NA,NA,NA,NA,"metabolites","X.2E.4E..5..3.8.Dihydroxy.1.5.dimethyl.7.oxo.6.oxabicyclo.3.2.1.octan.8.yl..3.methylpenta.2.4.dienoic.acid"
"X.2R..6.Oxo.2.piperidinecarboxylic.acid",NA,NA,NA,NA,NA,NA,NA,"metabolites","X.2R..6.Oxo.2.piperidinecarboxylic.acid"
"X.2R..Amino.4.hydroxyphenyl.ethanoic.acid",NA,NA,NA,NA,NA,NA,NA,"metabolites","X.2R..Amino.4.hydroxyphenyl.ethanoic.acid"
"X.2S..2.Amino.3.methyl.1..pyrrolidin.1.yl.butan.1.one",NA,NA,NA,NA,NA,NA,NA,"metabolites","X.2S..2.Amino.3.methyl.1..pyrrolidin.1.yl.butan.1.one"
"X.2Z..2...beta..D.Glucopyranosyloxy..3.phenyl.2.propenoic.acid",NA,NA,NA,NA,NA,NA,NA,"metabolites","X.2Z..2...beta..D.Glucopyranosyloxy..3.phenyl.2.propenoic.acid"
"X.3.Oxo.2.3.dihydro.4H.1.4.benzoxazin.4.yl.acetic.acid",NA,NA,NA,NA,NA,NA,NA,"metabolites","X.3.Oxo.2.3.dihydro.4H.1.4.benzoxazin.4.yl.acetic.acid"
"X.4.Bromo.1H.pyrazol.1.yl..3.methylphenyl.methanone",NA,NA,NA,NA,NA,NA,NA,"metabolites","X.4.Bromo.1H.pyrazol.1.yl..3.methylphenyl.methanone"
"X.E..3.4..Methylenedioxy.cinnamaldehyde",NA,NA,NA,NA,NA,NA,NA,"metabolites","X.E..3.4..Methylenedioxy.cinnamaldehyde"
"X.E..Ferulic.acid",NA,NA,NA,NA,NA,NA,NA,"metabolites","X.E..Ferulic.acid"
"X.R......beta.Hydroxybutyric.acid",NA,NA,NA,NA,NA,NA,NA,"metabolites","X.R......beta.Hydroxybutyric.acid"
"X.S...alpha..2.Hydroxyisocaproic.acid",NA,NA,NA,NA,NA,NA,NA,"metabolites","X.S...alpha..2.Hydroxyisocaproic.acid"
"X1..1Z.Hexadecenyl..sn.glycero.3.phosphocholine",NA,NA,NA,NA,NA,NA,NA,"metabolites","X1..1Z.Hexadecenyl..sn.glycero.3.phosphocholine"
"X1..2.8.Dihydroxyquinolin.5.yl.ethan.1.one",NA,NA,NA,NA,NA,NA,NA,"metabolites","X1..2.8.Dihydroxyquinolin.5.yl.ethan.1.one"
"X1..2.Hydroxyphenyl..3.phenyl.1.3.propanedione",NA,NA,NA,NA,NA,NA,NA,"metabolites","X1..2.Hydroxyphenyl..3.phenyl.1.3.propanedione"
"X1..3.5.Dihydroxyphenyl..2...1.1.dimethylethyl.amino.ethanone",NA,NA,NA,NA,NA,NA,NA,"metabolites","X1..3.5.Dihydroxyphenyl..2...1.1.dimethylethyl.amino.ethanone"
"X1..3.Bromopropyl.pyrrolidine",NA,NA,NA,NA,NA,NA,NA,"metabolites","X1..3.Bromopropyl.pyrrolidine"
"X1..4.Bromophenyl..2..9H.purin.6.ylsulfanyl.ethanol",NA,NA,NA,NA,NA,NA,NA,"metabolites","X1..4.Bromophenyl..2..9H.purin.6.ylsulfanyl.ethanol"
"X1..4.Hydroxy.3..3.methylbut.2.enyl.phenyl.ethanone",NA,NA,NA,NA,NA,NA,NA,"metabolites","X1..4.Hydroxy.3..3.methylbut.2.enyl.phenyl.ethanone"
"X1..9Z.Octadecenoyl..sn.glycero.3.phosphocholine",NA,NA,NA,NA,NA,NA,NA,"metabolites","X1..9Z.Octadecenoyl..sn.glycero.3.phosphocholine"
"X1..Piperidin.4.yl.ethan.1.ol",NA,NA,NA,NA,NA,NA,NA,"metabolites","X1..Piperidin.4.yl.ethan.1.ol"
"X1.2.Di..9Z.12Z.15Z.octadecatrienoyl..sn.glycero.3.phosphocholine",NA,NA,NA,NA,NA,NA,NA,"metabolites","X1.2.Di..9Z.12Z.15Z.octadecatrienoyl..sn.glycero.3.phosphocholine"
"X1.2.Diamino.2.methylpropane",NA,NA,NA,NA,NA,NA,NA,"metabolites","X1.2.Diamino.2.methylpropane"
"X1.2.Dipalmitoleoyl.sn.glycero.3.phosphocholine",NA,NA,NA,NA,NA,NA,NA,"metabolites","X1.2.Dipalmitoleoyl.sn.glycero.3.phosphocholine"
"X1.2.Dipentadecanoyl.sn.glycero.3.phosphocholine",NA,NA,NA,NA,NA,NA,NA,"metabolites","X1.2.Dipentadecanoyl.sn.glycero.3.phosphocholine"
"X1.3.7.TRIMETHYLURIC.ACID",NA,NA,NA,NA,NA,NA,NA,"metabolites","X1.3.7.TRIMETHYLURIC.ACID"
"X1.3.Dihydro..2H..indol.2.one",NA,NA,NA,NA,NA,NA,NA,"metabolites","X1.3.Dihydro..2H..indol.2.one"
"X1.3.Dimethylurate",NA,NA,NA,NA,NA,NA,NA,"metabolites","X1.3.Dimethylurate"
"X1.4.Cyclohexanedicarboxylic.acid",NA,NA,NA,NA,NA,NA,NA,"metabolites","X1.4.Cyclohexanedicarboxylic.acid"
"X1.4.Cyclohexanedione",NA,NA,NA,NA,NA,NA,NA,"metabolites","X1.4.Cyclohexanedione"
"X1.4.D.Xylobiose",NA,NA,NA,NA,NA,NA,NA,"metabolites","X1.4.D.Xylobiose"
"X1.5.Isoquinolinediol",NA,NA,NA,NA,NA,NA,NA,"metabolites","X1.5.Isoquinolinediol"
"X1.5.Pentanediamine",NA,NA,NA,NA,NA,NA,NA,"metabolites","X1.5.Pentanediamine"
"X1.7.Dimethyluric.acid",NA,NA,NA,NA,NA,NA,NA,"metabolites","X1.7.Dimethyluric.acid"
"X1.Acetyl.4.piperidinecarboxylic.acid",NA,NA,NA,NA,NA,NA,NA,"metabolites","X1.Acetyl.4.piperidinecarboxylic.acid"
"X1.Amino.3.3.dimethyl.2.butanone",NA,NA,NA,NA,NA,NA,NA,"metabolites","X1.Amino.3.3.dimethyl.2.butanone"
"X1.Butyl.2.methylindole",NA,NA,NA,NA,NA,NA,NA,"metabolites","X1.Butyl.2.methylindole"
"X1.Heptadecanoyl.sn.glycero.3.phosphocholine",NA,NA,NA,NA,NA,NA,NA,"metabolites","X1.Heptadecanoyl.sn.glycero.3.phosphocholine"
"X1.Hexadecyl.2..8Z.11Z.14Z.eicosatrienoyl..sn.glycero.3.phosphocholine",NA,NA,NA,NA,NA,NA,NA,"metabolites","X1.Hexadecyl.2..8Z.11Z.14Z.eicosatrienoyl..sn.glycero.3.phosphocholine"
"X1.Hexadecyl.sn.glycero.3.phosphocholine",NA,NA,NA,NA,NA,NA,NA,"metabolites","X1.Hexadecyl.sn.glycero.3.phosphocholine"
"X1.Hexadecylamine",NA,NA,NA,NA,NA,NA,NA,"metabolites","X1.Hexadecylamine"
"X1.Linoleoyl.sn.glycero.3.phosphorylcholine",NA,NA,NA,NA,NA,NA,NA,"metabolites","X1.Linoleoyl.sn.glycero.3.phosphorylcholine"
"X1.Methylxanthine",NA,NA,NA,NA,NA,NA,NA,"metabolites","X1.Methylxanthine"
"X1.Myristoyl.sn.glycero.3.phosphocholine",NA,NA,NA,NA,NA,NA,NA,"metabolites","X1.Myristoyl.sn.glycero.3.phosphocholine"
"X1.O.Hexadecyl.2.O.acetyl.sn.glyceryl.3.phosphorylcholine",NA,NA,NA,NA,NA,NA,NA,"metabolites","X1.O.Hexadecyl.2.O.acetyl.sn.glyceryl.3.phosphorylcholine"
"X1.Oleoyl.2.myristoyl.sn.glycero.3.phosphocholine",NA,NA,NA,NA,NA,NA,NA,"metabolites","X1.Oleoyl.2.myristoyl.sn.glycero.3.phosphocholine"
"X1.Oleoyl.2.palmitoyl.sn.glycero.3.phosphocholine",NA,NA,NA,NA,NA,NA,NA,"metabolites","X1.Oleoyl.2.palmitoyl.sn.glycero.3.phosphocholine"
"X1.Palmitoyl.2.hydroxy.sn.glycero.3.phosphoethanolamine",NA,NA,NA,NA,NA,NA,NA,"metabolites","X1.Palmitoyl.2.hydroxy.sn.glycero.3.phosphoethanolamine"
"X1.Palmitoyl.sn.glycero.3.phosphocholine",NA,NA,NA,NA,NA,NA,NA,"metabolites","X1.Palmitoyl.sn.glycero.3.phosphocholine"
"X1.pentadecanoyl.2.hydroxy.sn.glycero.3.phosphocholine",NA,NA,NA,NA,NA,NA,NA,"metabolites","X1.pentadecanoyl.2.hydroxy.sn.glycero.3.phosphocholine"
"X1.Pentanol",NA,NA,NA,NA,NA,NA,NA,"metabolites","X1.Pentanol"
"X1.Phenylethanol",NA,NA,NA,NA,NA,NA,NA,"metabolites","X1.Phenylethanol"
"X1.Stearoyl.2.arachidonoyl.sn.glycero.3.phospho..1..myo.inositol.",NA,NA,NA,NA,NA,NA,NA,"metabolites","X1.Stearoyl.2.arachidonoyl.sn.glycero.3.phospho..1..myo.inositol."
"X1.Stearoyl.2.hydroxy.sn.glycero.3.phosphocholine",NA,NA,NA,NA,NA,NA,NA,"metabolites","X1.Stearoyl.2.hydroxy.sn.glycero.3.phosphocholine"
"X1.Stearoyl.2.hydroxy.sn.glycero.3.phosphocholine.1",NA,NA,NA,NA,NA,NA,NA,"metabolites","X1.Stearoyl.2.hydroxy.sn.glycero.3.phosphocholine.1"
"X1.Tetrahydro.3.furanyl.4.piperidinamine",NA,NA,NA,NA,NA,NA,NA,"metabolites","X1.Tetrahydro.3.furanyl.4.piperidinamine"
"X11..3.Methoxybenzyl..4.piperidinylamine",NA,NA,NA,NA,NA,NA,NA,"metabolites","X11..3.Methoxybenzyl..4.piperidinylamine"
"X12.13.Dihydroxy.9Z.octadecenoic.acid",NA,NA,NA,NA,NA,NA,NA,"metabolites","X12.13.Dihydroxy.9Z.octadecenoic.acid"
"X12.Ketodeoxycholic.acid",NA,NA,NA,NA,NA,NA,NA,"metabolites","X12.Ketodeoxycholic.acid"
"X15.Deoxy..DELTA.12.14.prostaglandin.D2",NA,NA,NA,NA,NA,NA,NA,"metabolites","X15.Deoxy..DELTA.12.14.prostaglandin.D2"
"X15.Ketoprostaglandin.F2.alpha.",NA,NA,NA,NA,NA,NA,NA,"metabolites","X15.Ketoprostaglandin.F2.alpha."
"X17.beta..Methyl.epi.testosterone",NA,NA,NA,NA,NA,NA,NA,"metabolites","X17.beta..Methyl.epi.testosterone"
"X2...2.Methoxy.2.oxoethyl.amino.benzoic.acid",NA,NA,NA,NA,NA,NA,NA,"metabolites","X2...2.Methoxy.2.oxoethyl.amino.benzoic.acid"
"X2..1H.Pyrrol.1.yl.benzoic.acid",NA,NA,NA,NA,NA,NA,NA,"metabolites","X2..1H.Pyrrol.1.yl.benzoic.acid"
"X2..2.Butoxyethoxy.acetic.acid",NA,NA,NA,NA,NA,NA,NA,"metabolites","X2..2.Butoxyethoxy.acetic.acid"
"X2..3.Hydroxyphenyl.propanoic.acid",NA,NA,NA,NA,NA,NA,NA,"metabolites","X2..3.Hydroxyphenyl.propanoic.acid"
"X2..4..Acetylamino.phenyl..4.quinolinecarboxylic.acid",NA,NA,NA,NA,NA,NA,NA,"metabolites","X2..4..Acetylamino.phenyl..4.quinolinecarboxylic.acid"
"X2..4.Bromobenzoyl.benzoic.acid",NA,NA,NA,NA,NA,NA,NA,"metabolites","X2..4.Bromobenzoyl.benzoic.acid"
"X2..4.Chlorophenyl..1H.benzimidazole.5.carboxylic.acid",NA,NA,NA,NA,NA,NA,NA,"metabolites","X2..4.Chlorophenyl..1H.benzimidazole.5.carboxylic.acid"
"X2..4.Morpholinyl.benzaldehyde",NA,NA,NA,NA,NA,NA,NA,"metabolites","X2..4.Morpholinyl.benzaldehyde"
"X2..Deoxyinosine",NA,NA,NA,NA,NA,NA,NA,"metabolites","X2..Deoxyinosine"
"X2..Hydroxymethyl..6.methylpyridin.3.ol",NA,NA,NA,NA,NA,NA,NA,"metabolites","X2..Hydroxymethyl..6.methylpyridin.3.ol"
"X2.2...2.Hydroxyethylazanediyl.diacetic.acid",NA,NA,NA,NA,NA,NA,NA,"metabolites","X2.2...2.Hydroxyethylazanediyl.diacetic.acid"
"X2.3.Dihydroxy.2.methylbutanoic.acid",NA,NA,NA,NA,NA,NA,NA,"metabolites","X2.3.Dihydroxy.2.methylbutanoic.acid"
"X2.6.Dihydroxy.4.methylbenzoic.acid",NA,NA,NA,NA,NA,NA,NA,"metabolites","X2.6.Dihydroxy.4.methylbenzoic.acid"
"X2.alpha..Mannobiose",NA,NA,NA,NA,NA,NA,NA,"metabolites","X2.alpha..Mannobiose"
"X2.Amino.1.phenylethanol",NA,NA,NA,NA,NA,NA,NA,"metabolites","X2.Amino.1.phenylethanol"
"X2.Amino.3.hydroxy.3..4.methoxyphenyl.propanoic.acid",NA,NA,NA,NA,NA,NA,NA,"metabolites","X2.Amino.3.hydroxy.3..4.methoxyphenyl.propanoic.acid"
"X2.Amino.4.methylpentanoic.acid.ethylamide",NA,NA,NA,NA,NA,NA,NA,"metabolites","X2.Amino.4.methylpentanoic.acid.ethylamide"
"X2.Aminoisobutyric.acid",NA,NA,NA,NA,NA,NA,NA,"metabolites","X2.Aminoisobutyric.acid"
"X2.Aminonicotinic.acid",NA,NA,NA,NA,NA,NA,NA,"metabolites","X2.Aminonicotinic.acid"
"X2.Cyanoamino.4.6.dihydroxypyrimidine",NA,NA,NA,NA,NA,NA,NA,"metabolites","X2.Cyanoamino.4.6.dihydroxypyrimidine"
"X2.Despiperidyl.2..5.carboxypentylamine.repaglinide",NA,NA,NA,NA,NA,NA,NA,"metabolites","X2.Despiperidyl.2..5.carboxypentylamine.repaglinide"
"X2.Hydroxy.3..1H.indol.3.yl.butanoic.acid",NA,NA,NA,NA,NA,NA,NA,"metabolites","X2.Hydroxy.3..1H.indol.3.yl.butanoic.acid"
"X2.Hydroxy.3.isopropyl.6.methylbenzoic.acid",NA,NA,NA,NA,NA,NA,NA,"metabolites","X2.Hydroxy.3.isopropyl.6.methylbenzoic.acid"
"X2.HYDROXY.4..METHYLTHIO.BUTYRIC.ACID",NA,NA,NA,NA,NA,NA,NA,"metabolites","X2.HYDROXY.4..METHYLTHIO.BUTYRIC.ACID"
"X2.Hydroxybenzenemethanol",NA,NA,NA,NA,NA,NA,NA,"metabolites","X2.Hydroxybenzenemethanol"
"X2.HYDROXYBUTYRIC.ACID",NA,NA,NA,NA,NA,NA,NA,"metabolites","X2.HYDROXYBUTYRIC.ACID"
"X2.Hydroxyimino.4.methylnitrosamino.1..3.pyridyl..1.butanone",NA,NA,NA,NA,NA,NA,NA,"metabolites","X2.Hydroxyimino.4.methylnitrosamino.1..3.pyridyl..1.butanone"
"X2.Hydroxystearate",NA,NA,NA,NA,NA,NA,NA,"metabolites","X2.Hydroxystearate"
"X2.ISOPROPYLMALIC.ACID",NA,NA,NA,NA,NA,NA,NA,"metabolites","X2.ISOPROPYLMALIC.ACID"
"X2.Keto.3.deoxyoctonic.acid",NA,NA,NA,NA,NA,NA,NA,"metabolites","X2.Keto.3.deoxyoctonic.acid"
"X2.Mercaptobenzothiazole",NA,NA,NA,NA,NA,NA,NA,"metabolites","X2.Mercaptobenzothiazole"
"X2.Methyl.N..4.Methylphenyl.alanine",NA,NA,NA,NA,NA,NA,NA,"metabolites","X2.Methyl.N..4.Methylphenyl.alanine"
"X2.Oleoyl.1.palmitoyl.sn.glycero.3.phosphocholine",NA,NA,NA,NA,NA,NA,NA,"metabolites","X2.Oleoyl.1.palmitoyl.sn.glycero.3.phosphocholine"
"X2.Oxohexanedioic.acid",NA,NA,NA,NA,NA,NA,NA,"metabolites","X2.Oxohexanedioic.acid"
"X2.Pentenedioic.acid..2.octyl.",NA,NA,NA,NA,NA,NA,NA,"metabolites","X2.Pentenedioic.acid..2.octyl."
"X2.Phenylbutyramide",NA,NA,NA,NA,NA,NA,NA,"metabolites","X2.Phenylbutyramide"
"X3..1.Isobutyl.1H.tetraazol.5.yl.aniline",NA,NA,NA,NA,NA,NA,NA,"metabolites","X3..1.Isobutyl.1H.tetraazol.5.yl.aniline"
"X3..2.Nitro.1.propenyl.indole",NA,NA,NA,NA,NA,NA,NA,"metabolites","X3..2.Nitro.1.propenyl.indole"
"X3..3.HYDROXYPHENYL.PROPIONIC.ACID",NA,NA,NA,NA,NA,NA,NA,"metabolites","X3..3.HYDROXYPHENYL.PROPIONIC.ACID"
"X3..4.Hydroxyphenyl.propionic.acid",NA,NA,NA,NA,NA,NA,NA,"metabolites","X3..4.Hydroxyphenyl.propionic.acid"
"X3..Carboxymethyl..1..beta..D.glucopyranosyl.1H.indole",NA,NA,NA,NA,NA,NA,NA,"metabolites","X3..Carboxymethyl..1..beta..D.glucopyranosyl.1H.indole"
"X3..Deoxyguanosine",NA,NA,NA,NA,NA,NA,NA,"metabolites","X3..Deoxyguanosine"
"X3..Dimethylamino.propiophenone",NA,NA,NA,NA,NA,NA,NA,"metabolites","X3..Dimethylamino.propiophenone"
"X3..Galactosyllactose",NA,NA,NA,NA,NA,NA,NA,"metabolites","X3..Galactosyllactose"
"X3.3..7.8.Tetramethoxyflavone",NA,NA,NA,NA,NA,NA,NA,"metabolites","X3.3..7.8.Tetramethoxyflavone"
"X3.3.Dimethylglutaric.acid",NA,NA,NA,NA,NA,NA,NA,"metabolites","X3.3.Dimethylglutaric.acid"
"X3.4.Dihydro.3.oxo.2H..1.4..benzoxazin.2.ylacetic.acid",NA,NA,NA,NA,NA,NA,NA,"metabolites","X3.4.Dihydro.3.oxo.2H..1.4..benzoxazin.2.ylacetic.acid"
"X3.4.Dihydroxybenzoic.acid",NA,NA,NA,NA,NA,NA,NA,"metabolites","X3.4.Dihydroxybenzoic.acid"
"X3.4.Dihydroxyphenylacetic.acid",NA,NA,NA,NA,NA,NA,NA,"metabolites","X3.4.Dihydroxyphenylacetic.acid"
"X3.5.Difluoro.4.formylbenzoic.acid",NA,NA,NA,NA,NA,NA,NA,"metabolites","X3.5.Difluoro.4.formylbenzoic.acid"
"X3.5.Dimethoxy.4.hydroxycinnamic.acid",NA,NA,NA,NA,NA,NA,NA,"metabolites","X3.5.Dimethoxy.4.hydroxycinnamic.acid"
"X3.Acetamidophenol",NA,NA,NA,NA,NA,NA,NA,"metabolites","X3.Acetamidophenol"
"X3.Allyl.4.hydroxy.5.methoxybenzaldehyde",NA,NA,NA,NA,NA,NA,NA,"metabolites","X3.Allyl.4.hydroxy.5.methoxybenzaldehyde"
"X3.Aminoadipic.acid",NA,NA,NA,NA,NA,NA,NA,"metabolites","X3.Aminoadipic.acid"
"X3.Aminopyridine",NA,NA,NA,NA,NA,NA,NA,"metabolites","X3.Aminopyridine"
"X3.Hydroxy.2...9Z.12Z..octadeca.9.12.dienoyloxy.propyl.2..trimethylazaniumyl.ethyl.phosphate",NA,NA,NA,NA,NA,NA,NA,"metabolites","X3.Hydroxy.2...9Z.12Z..octadeca.9.12.dienoyloxy.propyl.2..trimethylazaniumyl.ethyl.phosphate"
"X3.Hydroxy.3.methylglutaric.acid",NA,NA,NA,NA,NA,NA,NA,"metabolites","X3.Hydroxy.3.methylglutaric.acid"
"X3.Hydroxy.5.methyl.3..2.oxo.2..2.pyridinyl.ethyl..1.3.dihydro.2H.indol.2.one",NA,NA,NA,NA,NA,NA,NA,"metabolites","X3.Hydroxy.5.methyl.3..2.oxo.2..2.pyridinyl.ethyl..1.3.dihydro.2H.indol.2.one"
"X3.HYDROXYCINNAMIC.ACID",NA,NA,NA,NA,NA,NA,NA,"metabolites","X3.HYDROXYCINNAMIC.ACID"
"X3.Hydroxyphenylacetic.acid",NA,NA,NA,NA,NA,NA,NA,"metabolites","X3.Hydroxyphenylacetic.acid"
"X3.Hydroxypicolinic.acid",NA,NA,NA,NA,NA,NA,NA,"metabolites","X3.Hydroxypicolinic.acid"
"X3.Hydroxypyridine",NA,NA,NA,NA,NA,NA,NA,"metabolites","X3.Hydroxypyridine"
"X3.Isopropylmalic.acid",NA,NA,NA,NA,NA,NA,NA,"metabolites","X3.Isopropylmalic.acid"
"X3.METHYL.2.OXINDOLE",NA,NA,NA,NA,NA,NA,NA,"metabolites","X3.METHYL.2.OXINDOLE"
"X3.METHYLADIPIC.ACID",NA,NA,NA,NA,NA,NA,NA,"metabolites","X3.METHYLADIPIC.ACID"
"X3.Methylpyrrole.2.4.dicarboxylic.Acid",NA,NA,NA,NA,NA,NA,NA,"metabolites","X3.Methylpyrrole.2.4.dicarboxylic.Acid"
"X3.Sulfopropanoic.acid",NA,NA,NA,NA,NA,NA,NA,"metabolites","X3.Sulfopropanoic.acid"
"X4.6.Dihydroxypyrimidine",NA,NA,NA,NA,NA,NA,NA,"metabolites","X4.6.Dihydroxypyrimidine"
"X4.ACETAMIDOBUTANOIC.ACID",NA,NA,NA,NA,NA,NA,NA,"metabolites","X4.ACETAMIDOBUTANOIC.ACID"
"X4.alpha..Mannobiose",NA,NA,NA,NA,NA,NA,NA,"metabolites","X4.alpha..Mannobiose"
"X4.Chlorobenzoic.acid",NA,NA,NA,NA,NA,NA,NA,"metabolites","X4.Chlorobenzoic.acid"
"X4.Cholestenone",NA,NA,NA,NA,NA,NA,NA,"metabolites","X4.Cholestenone"
"X4.Ethylbenzoic.acid",NA,NA,NA,NA,NA,NA,NA,"metabolites","X4.Ethylbenzoic.acid"
"X4.Formyl.2.hydroxybenzoic.acid",NA,NA,NA,NA,NA,NA,NA,"metabolites","X4.Formyl.2.hydroxybenzoic.acid"
"X4.Hydroxy.4.methyl.2.pentanone",NA,NA,NA,NA,NA,NA,NA,"metabolites","X4.Hydroxy.4.methyl.2.pentanone"
"X4.Hydroxy.6.methylnicotinic.acid",NA,NA,NA,NA,NA,NA,NA,"metabolites","X4.Hydroxy.6.methylnicotinic.acid"
"X4.HYDROXYBENZALDEHYDE",NA,NA,NA,NA,NA,NA,NA,"metabolites","X4.HYDROXYBENZALDEHYDE"
"X4.HYDROXYBENZOIC.ACID",NA,NA,NA,NA,NA,NA,NA,"metabolites","X4.HYDROXYBENZOIC.ACID"
"X4.Hydroxybutanoic.acid.lactone",NA,NA,NA,NA,NA,NA,NA,"metabolites","X4.Hydroxybutanoic.acid.lactone"
"X4.Hydroxyphenethyl.alcohol",NA,NA,NA,NA,NA,NA,NA,"metabolites","X4.Hydroxyphenethyl.alcohol"
"X4.Hydroxyquinoline",NA,NA,NA,NA,NA,NA,NA,"metabolites","X4.Hydroxyquinoline"
"X4.Methyl.5.thiazoleethanol",NA,NA,NA,NA,NA,NA,NA,"metabolites","X4.Methyl.5.thiazoleethanol"
"X4.Methylpiperidine.1.carboximidamide",NA,NA,NA,NA,NA,NA,NA,"metabolites","X4.Methylpiperidine.1.carboximidamide"
"X4.Nitroanisole",NA,NA,NA,NA,NA,NA,NA,"metabolites","X4.Nitroanisole"
"X4.Oxododecanedioic.acid",NA,NA,NA,NA,NA,NA,NA,"metabolites","X4.Oxododecanedioic.acid"
"X4.Penten.1.ol",NA,NA,NA,NA,NA,NA,NA,"metabolites","X4.Penten.1.ol"
"X4.Pyridoxic.acid",NA,NA,NA,NA,NA,NA,NA,"metabolites","X4.Pyridoxic.acid"
"X5..2.Chlorobenzyl..1.3.thiazol.2.amine",NA,NA,NA,NA,NA,NA,NA,"metabolites","X5..2.Chlorobenzyl..1.3.thiazol.2.amine"
"X5.Aminopentanamide",NA,NA,NA,NA,NA,NA,NA,"metabolites","X5.Aminopentanamide"
"X5.Aminovaleric.acid",NA,NA,NA,NA,NA,NA,NA,"metabolites","X5.Aminovaleric.acid"
"X5.Fluoroindole.2.carboxylic.acid",NA,NA,NA,NA,NA,NA,NA,"metabolites","X5.Fluoroindole.2.carboxylic.acid"
"X5.Hydroxy.3.4.dihydro.2.1H..quinolinone",NA,NA,NA,NA,NA,NA,NA,"metabolites","X5.Hydroxy.3.4.dihydro.2.1H..quinolinone"
"X5.Hydroxyindole",NA,NA,NA,NA,NA,NA,NA,"metabolites","X5.Hydroxyindole"
"X5.Hydroxyindole.3.acetic.acid",NA,NA,NA,NA,NA,NA,NA,"metabolites","X5.Hydroxyindole.3.acetic.acid"
"X5.Keto.D.gluconic.acid",NA,NA,NA,NA,NA,NA,NA,"metabolites","X5.Keto.D.gluconic.acid"
"X5.Phenylisoxazol.3.ol",NA,NA,NA,NA,NA,NA,NA,"metabolites","X5.Phenylisoxazol.3.ol"
"X5.VALEROLACTONE",NA,NA,NA,NA,NA,NA,NA,"metabolites","X5.VALEROLACTONE"
"X6.Heptynoic.acid",NA,NA,NA,NA,NA,NA,NA,"metabolites","X6.Heptynoic.acid"
"X6.Methoxy.2.2.dimethyl.4.chromanol",NA,NA,NA,NA,NA,NA,NA,"metabolites","X6.Methoxy.2.2.dimethyl.4.chromanol"
"X6.O...2Z..3..4.Hydroxy.3.methoxyphenyl.prop.2.enoyl...beta..D.fructofuranosyl.6.O.acetyl..alpha..D.glucopyranoside",NA,NA,NA,NA,NA,NA,NA,"metabolites","X6.O...2Z..3..4.Hydroxy.3.methoxyphenyl.prop.2.enoyl...beta..D.fructofuranosyl.6.O.acetyl..alpha..D.glucopyranoside"
"X6.Oxooctadecanoic.acid",NA,NA,NA,NA,NA,NA,NA,"metabolites","X6.Oxooctadecanoic.acid"
"X6.Phenyl.1..4.pyridinylmethyl..1H.pyrazolo.3.4.b.pyridine.4.carboxylic.acid",NA,NA,NA,NA,NA,NA,NA,"metabolites","X6.Phenyl.1..4.pyridinylmethyl..1H.pyrazolo.3.4.b.pyridine.4.carboxylic.acid"
"X7..3.5.Dihydroxy.4..4.hydroxyphenyl..2.methoxyphenyl..3.methoxy.3.4.dihydrooxepine.2.5.dione",NA,NA,NA,NA,NA,NA,NA,"metabolites","X7..3.5.Dihydroxy.4..4.hydroxyphenyl..2.methoxyphenyl..3.methoxy.3.4.dihydrooxepine.2.5.dione"
"X7.Geranyloxy.1.3.dihydroxyxanthone",NA,NA,NA,NA,NA,NA,NA,"metabolites","X7.Geranyloxy.1.3.dihydroxyxanthone"
"X8.Hydroxyquinoline.5.carboxylic.acid",NA,NA,NA,NA,NA,NA,NA,"metabolites","X8.Hydroxyquinoline.5.carboxylic.acid"
"X9..2..4.Morpholinyl.ethyl..9H.purin.6.ylamine",NA,NA,NA,NA,NA,NA,NA,"metabolites","X9..2..4.Morpholinyl.ethyl..9H.purin.6.ylamine"
"X9.11.Methane.epoxyprostaglandin.F1.alpha.",NA,NA,NA,NA,NA,NA,NA,"metabolites","X9.11.Methane.epoxyprostaglandin.F1.alpha."
"X997.55.7",NA,NA,NA,NA,NA,NA,NA,"metabolites","X997.55.7"
"XANTHINE",NA,NA,NA,NA,NA,NA,NA,"metabolites","XANTHINE"
"Xanthosine",NA,NA,NA,NA,NA,NA,NA,"metabolites","Xanthosine"
"XANTHURENIC.ACID",NA,NA,NA,NA,NA,NA,NA,"metabolites","XANTHURENIC.ACID"
